rid,toc_code,date,month,day,cancelled,canc_reason,init_station,init_ptd,init_atd,start_station,start_pta,start_ata,start_arrival_delay,start_ptd,start_atd,start_dept_delay,distance_from_init,end_station,end_pta,end_ata,end_delay,delayed
202509206723746,XC,2025-09-20,SEP,SAT,False,,NCL,640,640.0,DAR,709.0,712.0,3.0,711,714.0,3.0,50.0,BHM,1007.0,1015.0,8.0,True
202509206723751,XC,2025-09-20,SEP,SAT,False,904.0,NCL,740,740.0,DAR,809.0,809.0,0.0,811,811.0,0.0,50.0,BHM,1106.0,1115.0,9.0,True
202509206723819,XC,2025-09-20,SEP,SAT,False,,NCL,835,835.0,DAR,904.0,905.0,1.0,906,907.0,1.0,50.0,BHM,1127.0,1129.0,2.0,True
202509206723762,XC,2025-09-20,SEP,SAT,False,,NCL,941,941.0,DAR,1010.0,1012.0,2.0,1011,1014.0,3.0,50.0,BHM,1306.0,1307.0,1.0,True
202509206723766,XC,2025-09-20,SEP,SAT,False,,NCL,1041,1041.0,DAR,1110.0,1109.0,-1.0,1112,1112.0,0.0,50.0,BHM,1404.0,1403.0,-1.0,False
202509206723774,XC,2025-09-20,SEP,SAT,False,,NCL,1140,1140.0,DAR,1209.0,1209.0,0.0,1211,1211.0,0.0,50.0,BHM,1505.0,1506.0,1.0,True
202509206723778,XC,2025-09-20,SEP,SAT,False,,NCL,1242,1242.0,DAR,1311.0,1312.0,1.0,1312,1314.0,2.0,50.0,BHM,1604.0,1605.0,1.0,True
202509206723786,XC,2025-09-20,SEP,SAT,False,,NCL,1340,1340.0,DAR,1409.0,1408.0,-1.0,1411,1411.0,0.0,50.0,BHM,1706.0,1705.0,-1.0,False
202509206723793,XC,2025-09-20,SEP,SAT,False,,NCL,1441,1441.0,DAR,1511.0,1510.0,-1.0,1512,1512.0,0.0,50.0,BHM,1804.0,1802.0,-2.0,False
202509206723799,XC,2025-09-20,SEP,SAT,False,,NCL,1540,1540.0,DAR,1609.0,1610.0,1.0,1611,1611.0,0.0,50.0,BHM,1905.0,1910.0,5.0,True
202509206723802,XC,2025-09-20,SEP,SAT,False,,NCL,1641,1641.0,DAR,1710.0,1710.0,0.0,1711,1712.0,1.0,50.0,BHM,2005.0,2005.0,0.0,False
202509206723805,XC,2025-09-20,SEP,SAT,False,,NCL,1740,1740.0,DAR,1809.0,1816.0,7.0,1811,1817.0,6.0,50.0,BHM,2106.0,2108.0,2.0,True
202509206723447,XC,2025-09-20,SEP,SAT,False,,NCL,1840,1840.0,DAR,1910.0,1908.0,-2.0,1911,1910.0,-1.0,50.0,BHM,2232.0,2232.0,0.0,False
202509206723365,XC,2025-09-20,SEP,SAT,False,,NCL,1941,1941.0,DAR,2010.0,2010.0,0.0,2011,2012.0,1.0,50.0,BHM,2308.0,2313.0,5.0,True
202509216723754,XC,2025-09-21,SEP,SUN,False,,NCL,834,834.0,DAR,904.0,904.0,0.0,906,906.0,0.0,50.0,BHM,1204.0,1203.0,-1.0,False
202509216723759,XC,2025-09-21,SEP,SUN,False,,NCL,935,935.0,DAR,1004.0,1004.0,0.0,1006,1006.0,0.0,50.0,BHM,1305.0,1305.0,0.0,False
202509216723767,XC,2025-09-21,SEP,SUN,False,,NCL,1040,1040.0,DAR,1109.0,1112.0,3.0,1111,1115.0,4.0,50.0,BHM,1404.0,1408.0,4.0,True
202509216723772,XC,2025-09-21,SEP,SUN,False,,NCL,1140,1140.0,DAR,1209.0,1208.0,-1.0,1211,1211.0,0.0,50.0,BHM,1506.0,1508.0,2.0,True
202509216723779,XC,2025-09-21,SEP,SUN,False,,NCL,1240,1244.0,DAR,1309.0,1313.0,4.0,1310,1315.0,5.0,50.0,BHM,1604.0,1607.0,3.0,True
202509216723784,XC,2025-09-21,SEP,SUN,False,,NCL,1340,1340.0,DAR,1409.0,1408.0,-1.0,1411,1411.0,0.0,50.0,BHM,1706.0,1705.0,-1.0,False
202509216723791,XC,2025-09-21,SEP,SUN,False,,NCL,1441,1441.0,DAR,1510.0,1511.0,1.0,1512,1512.0,0.0,50.0,BHM,1804.0,1805.0,1.0,True
202509216723798,XC,2025-09-21,SEP,SUN,False,,NCL,1540,1540.0,DAR,1609.0,1613.0,4.0,1611,1615.0,4.0,50.0,BHM,1903.0,1907.0,4.0,True
202509216723801,XC,2025-09-21,SEP,SUN,False,,NCL,1640,1640.0,DAR,1709.0,1712.0,3.0,1711,1714.0,3.0,50.0,BHM,2004.0,2013.0,9.0,True
202509216723806,XC,2025-09-21,SEP,SUN,False,887.0,NCL,1839,1839.0,DAR,1908.0,1907.0,-1.0,1909,1909.0,0.0,50.0,BHM,2208.0,2206.0,-2.0,False
202509216723361,XC,2025-09-21,SEP,SUN,False,,NCL,1939,1939.0,DAR,2008.0,2007.0,-1.0,2010,2010.0,0.0,50.0,BHM,2309.0,2306.0,-3.0,False
202509226723813,XC,2025-09-22,SEP,MON,False,,NCL,624,623.0,DAR,653.0,652.0,-1.0,655,655.0,0.0,50.0,BHM,928.0,926.0,-2.0,False
202509226723745,XC,2025-09-22,SEP,MON,False,,NCL,640,640.0,DAR,710.0,708.0,-2.0,711,711.0,0.0,50.0,BHM,1004.0,1006.0,2.0,True
202509226723749,XC,2025-09-22,SEP,MON,False,,EDB,606,606.0,DAR,809.0,810.0,1.0,811,812.0,1.0,190.0,BHM,1106.0,1113.0,7.0,True
202509226723818,XC,2025-09-22,SEP,MON,False,,NCL,835,837.0,DAR,904.0,908.0,4.0,906,910.0,4.0,50.0,BHM,1126.0,1132.0,6.0,True
202509226723760,XC,2025-09-22,SEP,MON,False,,GLC,648,648.0,DAR,1009.0,1010.0,1.0,1010,1013.0,3.0,228.0,BHM,1306.0,1304.0,-2.0,False
202509226723821,XC,2025-09-22,SEP,MON,False,,NCL,1035,1034.0,DAR,1105.0,1105.0,0.0,1106,1107.0,1.0,50.0,BHM,1328.0,1326.0,-2.0,False
202509226723773,XC,2025-09-22,SEP,MON,False,547.0,EDB,1007,1008.0,DAR,1209.0,1225.0,16.0,1211,1228.0,17.0,190.0,BHM,1506.0,1527.0,21.0,True
202509226723824,XC,2025-09-22,SEP,MON,False,,NCL,1236,1236.0,DAR,1305.0,1306.0,1.0,1307,1308.0,1.0,50.0,BHM,1528.0,1530.0,2.0,True
202509226723785,XC,2025-09-22,SEP,MON,False,574.0,EDB,1207,1206.0,DAR,1409.0,1507.0,58.0,1411,1509.0,58.0,190.0,BHM,1706.0,1825.0,79.0,True
202509226723829,XC,2025-09-22,SEP,MON,False,911.0,NCL,1435,1520.0,DAR,1505.0,1549.0,44.0,1506,1550.0,44.0,50.0,BHM,1727.0,1828.0,61.0,True
202509226723797,XC,2025-09-22,SEP,MON,False,,EDB,1404,1404.0,DAR,1609.0,1611.0,2.0,1611,1613.0,2.0,190.0,BHM,1907.0,1907.0,0.0,False
202509226723482,XC,2025-09-22,SEP,MON,False,871.0,NCL,1633,1634.0,DAR,1704.0,1706.0,2.0,1705,1708.0,3.0,50.0,BHM,1930.0,1951.0,21.0,True
202509226723804,XC,2025-09-22,SEP,MON,False,,EDB,1607,1607.0,DAR,1809.0,1808.0,-1.0,1811,1811.0,0.0,190.0,BHM,2107.0,2109.0,2.0,True
202509226723807,XC,2025-09-22,SEP,MON,False,,EDB,1707,1707.0,DAR,1909.0,1909.0,0.0,1911,1911.0,0.0,190.0,BHM,2208.0,2210.0,2.0,True
202509226723362,XC,2025-09-22,SEP,MON,False,696.0,EDB,1807,1806.0,DAR,2010.0,2009.0,-1.0,2011,2011.0,0.0,190.0,BHM,2328.0,2326.0,-2.0,False
202509236723813,XC,2025-09-23,SEP,TUE,False,,NCL,624,624.0,DAR,653.0,652.0,-1.0,655,655.0,0.0,50.0,BHM,928.0,929.0,1.0,True
202509236723745,XC,2025-09-23,SEP,TUE,False,,NCL,640,640.0,DAR,710.0,709.0,-1.0,711,711.0,0.0,50.0,BHM,1004.0,1004.0,0.0,False
202509236723749,XC,2025-09-23,SEP,TUE,False,,EDB,606,606.0,DAR,809.0,808.0,-1.0,811,811.0,0.0,190.0,BHM,1106.0,1106.0,0.0,False
202509236723818,XC,2025-09-23,SEP,TUE,False,832.0,NCL,835,836.0,DAR,904.0,908.0,4.0,906,910.0,4.0,50.0,BHM,1126.0,1142.0,16.0,True
202509236723760,XC,2025-09-23,SEP,TUE,False,,GLC,648,648.0,DAR,1009.0,1009.0,0.0,1010,1011.0,1.0,228.0,BHM,1306.0,1304.0,-2.0,False
202509236723821,XC,2025-09-23,SEP,TUE,False,,NCL,1035,1034.0,DAR,1105.0,1104.0,-1.0,1106,1107.0,1.0,50.0,BHM,1328.0,1324.0,-4.0,False
202509236723773,XC,2025-09-23,SEP,TUE,False,,EDB,1007,1007.0,DAR,1209.0,1209.0,0.0,1211,1211.0,0.0,190.0,BHM,1506.0,1508.0,2.0,True
202509236723824,XC,2025-09-23,SEP,TUE,False,,NCL,1236,1236.0,DAR,1305.0,1305.0,0.0,1307,1307.0,0.0,50.0,BHM,1528.0,1529.0,1.0,True
202509236723785,XC,2025-09-23,SEP,TUE,False,,EDB,1207,1207.0,DAR,1409.0,1412.0,3.0,1411,1415.0,4.0,190.0,BHM,1706.0,1707.0,1.0,True
202509236723829,XC,2025-09-23,SEP,TUE,False,,NCL,1435,1436.0,DAR,1505.0,1505.0,0.0,1506,1507.0,1.0,50.0,BHM,1727.0,1730.0,3.0,True
202509236723797,XC,2025-09-23,SEP,TUE,False,832.0,EDB,1404,1403.0,DAR,1609.0,1631.0,22.0,1611,1633.0,22.0,190.0,BHM,1907.0,1928.0,21.0,True
202509236723482,XC,2025-09-23,SEP,TUE,False,,NCL,1633,1632.0,DAR,1704.0,1704.0,0.0,1705,1706.0,1.0,50.0,BHM,1930.0,1932.0,2.0,True
202509236723804,XC,2025-09-23,SEP,TUE,False,,EDB,1607,1606.0,DAR,1809.0,1807.0,-2.0,1811,1810.0,-1.0,190.0,BHM,2107.0,2105.0,-2.0,False
202509236723807,XC,2025-09-23,SEP,TUE,False,,EDB,1707,1709.0,DAR,1909.0,1913.0,4.0,1911,1915.0,4.0,190.0,BHM,2208.0,2212.0,4.0,True
202509236723362,XC,2025-09-23,SEP,TUE,False,,EDB,1807,1806.0,DAR,2010.0,2014.0,4.0,2011,2015.0,4.0,190.0,BHM,2328.0,2330.0,2.0,True
202509246723813,XC,2025-09-24,SEP,WED,False,,NCL,624,624.0,DAR,653.0,654.0,1.0,655,655.0,0.0,50.0,BHM,928.0,926.0,-2.0,False
202509246723745,XC,2025-09-24,SEP,WED,False,,NCL,640,640.0,DAR,710.0,709.0,-1.0,711,711.0,0.0,50.0,BHM,1004.0,1004.0,0.0,False
202509246723749,XC,2025-09-24,SEP,WED,False,574.0,EDB,606,617.0,DAR,809.0,820.0,11.0,811,823.0,12.0,190.0,BHM,1106.0,1109.0,3.0,True
202509246723818,XC,2025-09-24,SEP,WED,False,,NCL,835,835.0,DAR,904.0,905.0,1.0,906,907.0,1.0,50.0,BHM,1126.0,1127.0,1.0,True
202509246723760,XC,2025-09-24,SEP,WED,False,573.0,GLC,648,648.0,DAR,1009.0,1027.0,18.0,1010,1030.0,20.0,228.0,BHM,1306.0,1327.0,21.0,True
202509246723821,XC,2025-09-24,SEP,WED,False,,NCL,1035,1034.0,DAR,1105.0,1103.0,-2.0,1106,1106.0,0.0,50.0,BHM,1328.0,1332.0,4.0,True
202509246723773,XC,2025-09-24,SEP,WED,False,,EDB,1007,1007.0,DAR,1209.0,1210.0,1.0,1211,1211.0,0.0,190.0,BHM,1506.0,1507.0,1.0,True
202509246723824,XC,2025-09-24,SEP,WED,False,,NCL,1236,1236.0,DAR,1305.0,1306.0,1.0,1307,1308.0,1.0,50.0,BHM,1528.0,1528.0,0.0,False
202509246723785,XC,2025-09-24,SEP,WED,False,,EDB,1207,1206.0,DAR,1409.0,1409.0,0.0,1411,1411.0,0.0,190.0,BHM,1706.0,1707.0,1.0,True
202509246723829,XC,2025-09-24,SEP,WED,False,,NCL,1435,1434.0,DAR,1505.0,1503.0,-2.0,1506,1505.0,-1.0,50.0,BHM,1727.0,1726.0,-1.0,False
202509246723797,XC,2025-09-24,SEP,WED,False,,EDB,1404,1404.0,DAR,1609.0,1613.0,4.0,1611,1614.0,3.0,190.0,BHM,1907.0,1911.0,4.0,True
202509246723482,XC,2025-09-24,SEP,WED,False,,NCL,1633,1633.0,DAR,1704.0,1703.0,-1.0,1705,1704.0,-1.0,50.0,BHM,1930.0,1931.0,1.0,True
202509246723804,XC,2025-09-24,SEP,WED,False,,EDB,1607,1606.0,DAR,1809.0,1808.0,-1.0,1811,1810.0,-1.0,190.0,BHM,2107.0,2112.0,5.0,True
202509246723807,XC,2025-09-24,SEP,WED,False,,EDB,1707,1707.0,DAR,1909.0,1908.0,-1.0,1911,1910.0,-1.0,190.0,BHM,2208.0,2209.0,1.0,True
202509246723362,XC,2025-09-24,SEP,WED,False,,EDB,1807,1806.0,DAR,2010.0,2011.0,1.0,2011,2013.0,2.0,190.0,BHM,2328.0,2328.0,0.0,False
202509256723813,XC,2025-09-25,SEP,THU,False,,NCL,624,624.0,DAR,653.0,652.0,-1.0,655,655.0,0.0,50.0,BHM,928.0,928.0,0.0,False
202509256723745,XC,2025-09-25,SEP,THU,False,,NCL,640,639.0,DAR,710.0,709.0,-1.0,711,710.0,-1.0,50.0,BHM,1004.0,1003.0,-1.0,False
202509256723749,XC,2025-09-25,SEP,THU,False,,EDB,606,608.0,DAR,809.0,811.0,2.0,811,813.0,2.0,190.0,BHM,1106.0,1113.0,7.0,True
202509256723818,XC,2025-09-25,SEP,THU,False,,NCL,835,835.0,DAR,904.0,905.0,1.0,906,907.0,1.0,50.0,BHM,1126.0,1128.0,2.0,True
202509256723760,XC,2025-09-25,SEP,THU,False,,GLC,648,647.0,DAR,1009.0,1009.0,0.0,1010,1010.0,0.0,228.0,BHM,1306.0,1305.0,-1.0,False
202509256723821,XC,2025-09-25,SEP,THU,False,652.0,NCL,1035,1034.0,DAR,1105.0,1104.0,-1.0,1106,1106.0,0.0,50.0,BHM,1328.0,1341.0,13.0,True
202509256723773,XC,2025-09-25,SEP,THU,False,,EDB,1007,1007.0,DAR,1209.0,1214.0,5.0,1211,1215.0,4.0,190.0,BHM,1506.0,1514.0,8.0,True
202509256723824,XC,2025-09-25,SEP,THU,False,,NCL,1236,1236.0,DAR,1305.0,1305.0,0.0,1307,1308.0,1.0,50.0,BHM,1528.0,1531.0,3.0,True
202509256723785,XC,2025-09-25,SEP,THU,False,,EDB,1207,1206.0,DAR,1409.0,1408.0,-1.0,1411,1410.0,-1.0,190.0,BHM,1706.0,1705.0,-1.0,False
202509256723829,XC,2025-09-25,SEP,THU,False,,NCL,1435,1435.0,DAR,1505.0,1505.0,0.0,1506,1507.0,1.0,50.0,BHM,1727.0,1728.0,1.0,True
202509256723797,XC,2025-09-25,SEP,THU,False,,EDB,1404,1405.0,DAR,1609.0,1610.0,1.0,1611,1611.0,0.0,190.0,BHM,1907.0,1909.0,2.0,True
202509256723482,XC,2025-09-25,SEP,THU,False,,NCL,1633,1633.0,DAR,1704.0,1704.0,0.0,1705,1705.0,0.0,50.0,BHM,1930.0,1932.0,2.0,True
202509256723804,XC,2025-09-25,SEP,THU,False,904.0,EDB,1607,1606.0,DAR,1809.0,1814.0,5.0,1811,1815.0,4.0,190.0,BHM,2107.0,2127.0,20.0,True
202509256723807,XC,2025-09-25,SEP,THU,False,,EDB,1707,1707.0,DAR,1909.0,1911.0,2.0,1911,1912.0,1.0,190.0,BHM,2208.0,2210.0,2.0,True
202509256723362,XC,2025-09-25,SEP,THU,False,904.0,EDB,1807,1806.0,DAR,2010.0,2022.0,12.0,2011,2024.0,13.0,190.0,BHM,2328.0,2327.0,-1.0,False
202509266723813,XC,2025-09-26,SEP,FRI,False,,NCL,624,624.0,DAR,653.0,654.0,1.0,655,655.0,0.0,50.0,BHM,928.0,927.0,-1.0,False
202509266723745,XC,2025-09-26,SEP,FRI,False,,NCL,640,640.0,DAR,710.0,708.0,-2.0,711,711.0,0.0,50.0,BHM,1004.0,1003.0,-1.0,False
202509266723749,XC,2025-09-26,SEP,FRI,False,,EDB,606,606.0,DAR,809.0,808.0,-1.0,811,811.0,0.0,190.0,BHM,1106.0,1110.0,4.0,True
202509266723818,XC,2025-09-26,SEP,FRI,False,,NCL,835,835.0,DAR,904.0,906.0,2.0,906,908.0,2.0,50.0,BHM,1126.0,1128.0,2.0,True
202509266723761,XC,2025-09-26,SEP,FRI,False,,GLC,648,647.0,DAR,1009.0,1010.0,1.0,1010,1012.0,2.0,228.0,BHM,1306.0,1308.0,2.0,True
202509266723821,XC,2025-09-26,SEP,FRI,False,,NCL,1035,1035.0,DAR,1105.0,1105.0,0.0,1106,1107.0,1.0,50.0,BHM,1328.0,1326.0,-2.0,False
202509266723773,XC,2025-09-26,SEP,FRI,False,,EDB,1007,1007.0,DAR,1209.0,1209.0,0.0,1211,1216.0,5.0,190.0,BHM,1506.0,1506.0,0.0,False
202509266723824,XC,2025-09-26,SEP,FRI,False,,NCL,1236,1237.0,DAR,1305.0,1306.0,1.0,1307,1308.0,1.0,50.0,BHM,1528.0,1530.0,2.0,True
202509266723785,XC,2025-09-26,SEP,FRI,False,,EDB,1207,1206.0,DAR,1409.0,1408.0,-1.0,1411,1410.0,-1.0,190.0,BHM,1706.0,1705.0,-1.0,False
202509266723829,XC,2025-09-26,SEP,FRI,False,,NCL,1435,1434.0,DAR,1505.0,1503.0,-2.0,1506,1505.0,-1.0,50.0,BHM,1727.0,1735.0,8.0,True
202509266723797,XC,2025-09-26,SEP,FRI,False,,EDB,1404,1403.0,DAR,1609.0,1609.0,0.0,1611,1611.0,0.0,190.0,BHM,1907.0,1905.0,-2.0,False
202509266723482,XC,2025-09-26,SEP,FRI,False,895.0,NCL,1633,1633.0,DAR,1704.0,1705.0,1.0,1705,1707.0,2.0,50.0,BHM,1930.0,1945.0,15.0,True
202509266723804,XC,2025-09-26,SEP,FRI,False,,EDB,1607,1606.0,DAR,1809.0,1808.0,-1.0,1811,1811.0,0.0,190.0,BHM,2107.0,2106.0,-1.0,False
202509266723807,XC,2025-09-26,SEP,FRI,False,,EDB,1707,1707.0,DAR,1909.0,1908.0,-1.0,1911,1910.0,-1.0,190.0,BHM,2208.0,2215.0,7.0,True
202509266723362,XC,2025-09-26,SEP,FRI,False,,EDB,1807,1806.0,DAR,2010.0,2009.0,-1.0,2011,2011.0,0.0,190.0,BHM,2328.0,2328.0,0.0,False
202509276723814,XC,2025-09-27,SEP,SAT,False,,NCL,624,624.0,DAR,653.0,652.0,-1.0,655,655.0,0.0,50.0,BHM,927.0,925.0,-2.0,False
202509276723746,XC,2025-09-27,SEP,SAT,False,896.0,NCL,640,640.0,DAR,709.0,708.0,-1.0,711,711.0,0.0,50.0,BHM,1007.0,1112.0,65.0,True
202509276723751,XC,2025-09-27,SEP,SAT,False,895.0,EDB,606,606.0,DAR,809.0,808.0,-1.0,811,811.0,0.0,190.0,BHM,1106.0,1128.0,22.0,True
202509276723819,XC,2025-09-27,SEP,SAT,False,896.0,NCL,835,835.0,DAR,904.0,903.0,-1.0,906,906.0,0.0,50.0,BHM,1127.0,1159.0,32.0,True
202509276723762,XC,2025-09-27,SEP,SAT,False,,GLC,648,648.0,DAR,1010.0,1010.0,0.0,1011,1012.0,1.0,228.0,BHM,1306.0,1336.0,30.0,True
202509276723766,XC,2025-09-27,SEP,SAT,False,,GLC,748,747.0,DAR,1110.0,1110.0,0.0,1112,1112.0,0.0,228.0,BHM,1404.0,1408.0,4.0,True
202509276723793,XC,2025-09-27,SEP,SAT,False,,EDB,1308,1307.0,DAR,1511.0,1512.0,1.0,1512,1514.0,2.0,190.0,BHM,1804.0,1804.0,0.0,False
202509276723799,XC,2025-09-27,SEP,SAT,False,,EDB,1404,1403.0,DAR,1609.0,1617.0,8.0,1611,1620.0,9.0,190.0,BHM,1905.0,1911.0,6.0,True
202509276723805,XC,2025-09-27,SEP,SAT,False,,EDB,1607,1613.0,DAR,1809.0,1818.0,9.0,1811,1822.0,11.0,190.0,BHM,2106.0,2116.0,10.0,True
202509276723447,XC,2025-09-27,SEP,SAT,False,,EDB,1709,1708.0,DAR,1910.0,1919.0,9.0,1911,1922.0,11.0,190.0,BHM,2232.0,2235.0,3.0,True
202509276723365,XC,2025-09-27,SEP,SAT,False,,EDB,1807,1812.0,DAR,2010.0,2021.0,11.0,2011,2025.0,14.0,190.0,BHM,2307.0,2312.0,5.0,True
202509286723754,XC,2025-09-28,SEP,SUN,False,574.0,NCL,834,834.0,DAR,904.0,902.0,-2.0,906,907.0,1.0,50.0,BHM,1204.0,1203.0,-1.0,False
202509286723767,XC,2025-09-28,SEP,SUN,False,,EDB,908,908.0,DAR,1109.0,1109.0,0.0,1111,1111.0,0.0,190.0,BHM,1404.0,1417.0,13.0,True
202509286723772,XC,2025-09-28,SEP,SUN,False,,EDB,1008,1008.0,DAR,1209.0,1209.0,0.0,1211,1211.0,0.0,190.0,BHM,1506.0,1509.0,3.0,True
202509286723779,XC,2025-09-28,SEP,SUN,False,895.0,EDB,1105,1104.0,DAR,1309.0,1309.0,0.0,1310,1311.0,1.0,190.0,BHM,1604.0,1625.0,21.0,True
202509286723791,XC,2025-09-28,SEP,SUN,False,772.0,EDB,1308,1307.0,DAR,1510.0,1526.0,16.0,1512,1528.0,16.0,190.0,BHM,1804.0,1827.0,23.0,True
202509286723798,XC,2025-09-28,SEP,SUN,False,895.0,DEE,1222,,DAR,1609.0,1637.0,28.0,1611,1639.0,28.0,,BHM,1903.0,1933.0,30.0,True
202509286723803,XC,2025-09-28,SEP,SUN,False,,EDB,1608,1607.0,DAR,1809.0,1809.0,0.0,1811,1811.0,0.0,190.0,BHM,2106.0,2112.0,6.0,True
202509286723806,XC,2025-09-28,SEP,SUN,False,,EDB,1708,1707.0,DAR,1908.0,1911.0,3.0,1909,1913.0,4.0,190.0,BHM,2208.0,2207.0,-1.0,False
202509286723361,XC,2025-09-28,SEP,SUN,False,,EDB,1805,1804.0,DAR,2008.0,2016.0,8.0,2010,2018.0,8.0,190.0,BHM,2309.0,2306.0,-3.0,False
202509296723813,XC,2025-09-29,SEP,MON,False,,NCL,624,624.0,DAR,653.0,653.0,0.0,655,655.0,0.0,50.0,BHM,928.0,928.0,0.0,False
202509296723745,XC,2025-09-29,SEP,MON,False,,NCL,640,640.0,DAR,710.0,709.0,-1.0,711,712.0,1.0,50.0,BHM,1004.0,1008.0,4.0,True
202509296723749,XC,2025-09-29,SEP,MON,False,,EDB,606,607.0,DAR,809.0,808.0,-1.0,811,810.0,-1.0,190.0,BHM,1106.0,1108.0,2.0,True
202509296723818,XC,2025-09-29,SEP,MON,False,,NCL,835,835.0,DAR,904.0,904.0,0.0,906,906.0,0.0,50.0,BHM,1126.0,1127.0,1.0,True
202509296723760,XC,2025-09-29,SEP,MON,False,,GLC,648,647.0,DAR,1009.0,1009.0,0.0,1010,1011.0,1.0,228.0,BHM,1306.0,1305.0,-1.0,False
202509296723821,XC,2025-09-29,SEP,MON,False,,NCL,1035,1035.0,DAR,1105.0,1104.0,-1.0,1106,1106.0,0.0,50.0,BHM,1328.0,1330.0,2.0,True
202509296723773,XC,2025-09-29,SEP,MON,False,,EDB,1007,1007.0,DAR,1209.0,1209.0,0.0,1211,1211.0,0.0,190.0,BHM,1506.0,1506.0,0.0,False
202509296723824,XC,2025-09-29,SEP,MON,False,,NCL,1236,1237.0,DAR,1305.0,1305.0,0.0,1307,1307.0,0.0,50.0,BHM,1528.0,1527.0,-1.0,False
202509296723785,XC,2025-09-29,SEP,MON,False,,EDB,1207,1206.0,DAR,1409.0,1409.0,0.0,1411,1410.0,-1.0,190.0,BHM,1706.0,1706.0,0.0,False
202509296723829,XC,2025-09-29,SEP,MON,False,,NCL,1435,1436.0,DAR,1505.0,1505.0,0.0,1506,1507.0,1.0,50.0,BHM,1727.0,1728.0,1.0,True
202509296723797,XC,2025-09-29,SEP,MON,False,,EDB,1404,1403.0,DAR,1609.0,1608.0,-1.0,1611,1610.0,-1.0,190.0,BHM,1907.0,1911.0,4.0,True
202509296723482,XC,2025-09-29,SEP,MON,False,,NCL,1633,1633.0,DAR,1704.0,1703.0,-1.0,1705,1705.0,0.0,50.0,BHM,1930.0,1934.0,4.0,True
202509296723804,XC,2025-09-29,SEP,MON,False,,EDB,1607,1606.0,DAR,1809.0,1808.0,-1.0,1811,1810.0,-1.0,190.0,BHM,2107.0,2108.0,1.0,True
202509296723807,XC,2025-09-29,SEP,MON,False,576.0,EDB,1707,1707.0,DAR,1909.0,1908.0,-1.0,1911,1910.0,-1.0,190.0,BHM,2208.0,2225.0,17.0,True
202509296723362,XC,2025-09-29,SEP,MON,False,,EDB,1807,1806.0,DAR,2010.0,2009.0,-1.0,2011,2011.0,0.0,190.0,BHM,2328.0,2326.0,-2.0,False
202509306723813,XC,2025-09-30,SEP,TUE,False,,NCL,624,624.0,DAR,653.0,653.0,0.0,655,655.0,0.0,50.0,BHM,928.0,927.0,-1.0,False
202509306723745,XC,2025-09-30,SEP,TUE,False,,NCL,640,640.0,DAR,710.0,708.0,-2.0,711,710.0,-1.0,50.0,BHM,1004.0,1003.0,-1.0,False
202509306723749,XC,2025-09-30,SEP,TUE,False,,EDB,606,606.0,DAR,809.0,808.0,-1.0,811,810.0,-1.0,190.0,BHM,1106.0,1106.0,0.0,False
202509306723818,XC,2025-09-30,SEP,TUE,False,,NCL,835,835.0,DAR,904.0,906.0,2.0,906,908.0,2.0,50.0,BHM,1126.0,1130.0,4.0,True
202509306723760,XC,2025-09-30,SEP,TUE,False,,GLC,648,647.0,DAR,1009.0,1009.0,0.0,1010,1011.0,1.0,228.0,BHM,1306.0,1309.0,3.0,True
202509306723821,XC,2025-09-30,SEP,TUE,False,,NCL,1035,1035.0,DAR,1105.0,1104.0,-1.0,1106,1106.0,0.0,50.0,BHM,1328.0,1329.0,1.0,True
202509306723773,XC,2025-09-30,SEP,TUE,False,,EDB,1007,1007.0,DAR,1209.0,1210.0,1.0,1211,1212.0,1.0,190.0,BHM,1506.0,1513.0,7.0,True
202509306723824,XC,2025-09-30,SEP,TUE,False,,NCL,1236,1236.0,DAR,1305.0,1308.0,3.0,1307,1310.0,3.0,50.0,BHM,1528.0,1529.0,1.0,True
202509306723785,XC,2025-09-30,SEP,TUE,False,,EDB,1207,1207.0,DAR,1409.0,1408.0,-1.0,1411,1410.0,-1.0,190.0,BHM,1706.0,1706.0,0.0,False
202509306723829,XC,2025-09-30,SEP,TUE,False,,NCL,1435,1434.0,DAR,1505.0,1504.0,-1.0,1506,1506.0,0.0,50.0,BHM,1727.0,1727.0,0.0,False
202509306723797,XC,2025-09-30,SEP,TUE,False,,EDB,1404,1403.0,DAR,1609.0,1610.0,1.0,1611,1611.0,0.0,190.0,BHM,1907.0,1905.0,-2.0,False
202509306723482,XC,2025-09-30,SEP,TUE,False,683.0,NCL,1633,1651.0,DAR,1704.0,1718.0,14.0,1705,1720.0,15.0,50.0,BHM,1930.0,1950.0,20.0,True
202509306723804,XC,2025-09-30,SEP,TUE,False,,EDB,1607,1607.0,DAR,1809.0,1807.0,-2.0,1811,1810.0,-1.0,190.0,BHM,2107.0,2107.0,0.0,False
202509306723807,XC,2025-09-30,SEP,TUE,False,,EDB,1707,1707.0,DAR,1909.0,1909.0,0.0,1911,1911.0,0.0,190.0,BHM,2208.0,2213.0,5.0,True
202509306723362,XC,2025-09-30,SEP,TUE,False,,EDB,1807,1806.0,DAR,2010.0,2009.0,-1.0,2011,2010.0,-1.0,190.0,BHM,2328.0,2331.0,3.0,True
202510016723813,XC,2025-10-01,OCT,WED,False,,NCL,624,624.0,DAR,653.0,654.0,1.0,655,655.0,0.0,50.0,BHM,928.0,929.0,1.0,True
202510016723745,XC,2025-10-01,OCT,WED,False,,NCL,640,640.0,DAR,710.0,710.0,0.0,711,712.0,1.0,50.0,BHM,1004.0,1005.0,1.0,True
202510016723749,XC,2025-10-01,OCT,WED,False,,EDB,606,606.0,DAR,809.0,807.0,-2.0,811,810.0,-1.0,190.0,BHM,1106.0,1106.0,0.0,False
202510016723818,XC,2025-10-01,OCT,WED,False,,NCL,835,835.0,DAR,904.0,904.0,0.0,906,906.0,0.0,50.0,BHM,1126.0,1128.0,2.0,True
202510016723760,XC,2025-10-01,OCT,WED,False,,GLC,648,647.0,DAR,1009.0,1008.0,-1.0,1010,1010.0,0.0,228.0,BHM,1306.0,1307.0,1.0,True
202510016723821,XC,2025-10-01,OCT,WED,False,,NCL,1035,1035.0,DAR,1105.0,1104.0,-1.0,1106,1106.0,0.0,50.0,BHM,1328.0,1327.0,-1.0,False
202510016723773,XC,2025-10-01,OCT,WED,False,,EDB,1007,1007.0,DAR,1209.0,1213.0,4.0,1211,1214.0,3.0,190.0,BHM,1506.0,1505.0,-1.0,False
202510016723824,XC,2025-10-01,OCT,WED,False,904.0,NCL,1236,1238.0,DAR,1305.0,1310.0,5.0,1307,1312.0,5.0,50.0,BHM,1528.0,1535.0,7.0,True
202510016723785,XC,2025-10-01,OCT,WED,False,501.0,EDB,1207,1207.0,DAR,1409.0,1433.0,24.0,1411,1435.0,24.0,190.0,BHM,1706.0,1737.0,31.0,True
202510016723829,XC,2025-10-01,OCT,WED,False,904.0,NCL,1435,1435.0,DAR,1505.0,1508.0,3.0,1506,1512.0,6.0,50.0,BHM,1727.0,1740.0,13.0,True
202510016723797,XC,2025-10-01,OCT,WED,False,501.0,EDB,1404,1403.0,DAR,1609.0,1624.0,15.0,1611,1626.0,15.0,190.0,BHM,1907.0,1909.0,2.0,True
202510016723482,XC,2025-10-01,OCT,WED,False,,NCL,1633,1637.0,DAR,1704.0,1708.0,4.0,1705,1710.0,5.0,50.0,BHM,1930.0,1933.0,3.0,True
202510016723804,XC,2025-10-01,OCT,WED,False,,EDB,1607,1606.0,DAR,1809.0,1807.0,-2.0,1811,1811.0,0.0,190.0,BHM,2107.0,2104.0,-3.0,False
202510016723807,XC,2025-10-01,OCT,WED,False,,EDB,1707,1707.0,DAR,1909.0,1909.0,0.0,1911,1911.0,0.0,190.0,BHM,2208.0,2207.0,-1.0,False
202510016723362,XC,2025-10-01,OCT,WED,False,,EDB,1807,1807.0,DAR,2010.0,2013.0,3.0,2011,2015.0,4.0,190.0,BHM,2328.0,2326.0,-2.0,False
202510026723813,XC,2025-10-02,OCT,THU,False,,NCL,624,624.0,DAR,653.0,652.0,-1.0,655,655.0,0.0,50.0,BHM,928.0,932.0,4.0,True
202510026723745,XC,2025-10-02,OCT,THU,False,,NCL,640,640.0,DAR,710.0,710.0,0.0,711,712.0,1.0,50.0,BHM,1004.0,1008.0,4.0,True
202510026723749,XC,2025-10-02,OCT,THU,False,895.0,EDB,606,606.0,DAR,809.0,808.0,-1.0,811,810.0,-1.0,190.0,BHM,1106.0,1116.0,10.0,True
202510026723818,XC,2025-10-02,OCT,THU,False,,NCL,835,836.0,DAR,904.0,906.0,2.0,906,907.0,1.0,50.0,BHM,1126.0,1127.0,1.0,True
202510026723760,XC,2025-10-02,OCT,THU,False,,GLC,648,647.0,DAR,1009.0,1010.0,1.0,1010,1012.0,2.0,228.0,BHM,1306.0,1310.0,4.0,True
202510026723821,XC,2025-10-02,OCT,THU,False,,NCL,1035,1035.0,DAR,1105.0,1105.0,0.0,1106,1106.0,0.0,50.0,BHM,1328.0,1330.0,2.0,True
202510026723773,XC,2025-10-02,OCT,THU,False,,EDB,1007,1007.0,DAR,1209.0,1214.0,5.0,1211,1218.0,7.0,190.0,BHM,1506.0,1507.0,1.0,True
202510026723824,XC,2025-10-02,OCT,THU,False,,NCL,1236,1236.0,DAR,1305.0,1305.0,0.0,1307,1308.0,1.0,50.0,BHM,1528.0,1527.0,-1.0,False
202510026723785,XC,2025-10-02,OCT,THU,False,,EDB,1207,1206.0,DAR,1409.0,1408.0,-1.0,1411,1410.0,-1.0,190.0,BHM,1706.0,1705.0,-1.0,False
202510026723829,XC,2025-10-02,OCT,THU,False,,NCL,1435,1434.0,DAR,1505.0,1504.0,-1.0,1506,1507.0,1.0,50.0,BHM,1727.0,1732.0,5.0,True
202510026723797,XC,2025-10-02,OCT,THU,False,,EDB,1404,1405.0,DAR,1609.0,1609.0,0.0,1611,1611.0,0.0,190.0,BHM,1907.0,1913.0,6.0,True
202510026723482,XC,2025-10-02,OCT,THU,False,,NCL,1633,1633.0,DAR,1704.0,1705.0,1.0,1705,1707.0,2.0,50.0,BHM,1930.0,1932.0,2.0,True
202510026723804,XC,2025-10-02,OCT,THU,False,,EDB,1607,1606.0,DAR,1809.0,1808.0,-1.0,1811,1811.0,0.0,190.0,BHM,2107.0,2105.0,-2.0,False
202510026723807,XC,2025-10-02,OCT,THU,False,,EDB,1707,1707.0,DAR,1909.0,1909.0,0.0,1911,1911.0,0.0,190.0,BHM,2208.0,2218.0,10.0,True
202510026723362,XC,2025-10-02,OCT,THU,False,,EDB,1807,1806.0,DAR,2010.0,2012.0,2.0,2011,2013.0,2.0,190.0,BHM,2328.0,2329.0,1.0,True
202510026723813,XC,2025-10-02,OCT,THU,False,,NCL,624,624.0,DAR,653.0,652.0,-1.0,655,655.0,0.0,50.0,BHM,928.0,932.0,4.0,True
202510026723745,XC,2025-10-02,OCT,THU,False,,NCL,640,640.0,DAR,710.0,710.0,0.0,711,712.0,1.0,50.0,BHM,1004.0,1008.0,4.0,True
202510026723749,XC,2025-10-02,OCT,THU,False,,EDB,606,606.0,DAR,809.0,808.0,-1.0,811,810.0,-1.0,190.0,BHM,1106.0,1116.0,10.0,True
202510026723818,XC,2025-10-02,OCT,THU,False,,NCL,835,836.0,DAR,904.0,906.0,2.0,906,907.0,1.0,50.0,BHM,1126.0,1127.0,1.0,True
202510026723760,XC,2025-10-02,OCT,THU,False,,GLC,648,647.0,DAR,1009.0,1010.0,1.0,1010,1012.0,2.0,228.0,BHM,1306.0,1310.0,4.0,True
202510026723821,XC,2025-10-02,OCT,THU,False,,NCL,1035,1035.0,DAR,1105.0,1105.0,0.0,1106,1106.0,0.0,50.0,BHM,1328.0,1330.0,2.0,True
202510026723773,XC,2025-10-02,OCT,THU,False,,EDB,1007,1007.0,DAR,1209.0,1214.0,5.0,1211,1218.0,7.0,190.0,BHM,1506.0,1507.0,1.0,True
202510026723824,XC,2025-10-02,OCT,THU,False,,NCL,1236,1236.0,DAR,1305.0,1305.0,0.0,1307,1308.0,1.0,50.0,BHM,1528.0,1527.0,-1.0,False
202510026723785,XC,2025-10-02,OCT,THU,False,,EDB,1207,1206.0,DAR,1409.0,1408.0,-1.0,1411,1410.0,-1.0,190.0,BHM,1706.0,1705.0,-1.0,False
202510026723829,XC,2025-10-02,OCT,THU,False,,NCL,1435,1434.0,DAR,1505.0,1504.0,-1.0,1506,1507.0,1.0,50.0,BHM,1727.0,1732.0,5.0,True
202510026723797,XC,2025-10-02,OCT,THU,False,,EDB,1404,1405.0,DAR,1609.0,1609.0,0.0,1611,1611.0,0.0,190.0,BHM,1907.0,1913.0,6.0,True
202510026723482,XC,2025-10-02,OCT,THU,False,,NCL,1633,1633.0,DAR,1704.0,1705.0,1.0,1705,1707.0,2.0,50.0,BHM,1930.0,1932.0,2.0,True
202510026723804,XC,2025-10-02,OCT,THU,False,,EDB,1607,1606.0,DAR,1809.0,1808.0,-1.0,1811,1811.0,0.0,190.0,BHM,2107.0,2105.0,-2.0,False
202510026723807,XC,2025-10-02,OCT,THU,False,,EDB,1707,1707.0,DAR,1909.0,1909.0,0.0,1911,1911.0,0.0,190.0,BHM,2208.0,2218.0,10.0,True
202510026723362,XC,2025-10-02,OCT,THU,False,,EDB,1807,1806.0,DAR,2010.0,2012.0,2.0,2011,2013.0,2.0,190.0,BHM,2328.0,2329.0,1.0,True
202510036723813,XC,2025-10-03,OCT,FRI,False,,NCL,624,624.0,DAR,653.0,653.0,0.0,655,655.0,0.0,50.0,BHM,928.0,930.0,2.0,True
202510036723745,XC,2025-10-03,OCT,FRI,False,,NCL,640,640.0,DAR,710.0,709.0,-1.0,711,711.0,0.0,50.0,BHM,1004.0,1006.0,2.0,True
202510036723749,XC,2025-10-03,OCT,FRI,False,,EDB,606,607.0,DAR,809.0,808.0,-1.0,811,810.0,-1.0,190.0,BHM,1106.0,1109.0,3.0,True
202510036723818,XC,2025-10-03,OCT,FRI,False,,NCL,835,836.0,DAR,904.0,905.0,1.0,906,907.0,1.0,50.0,BHM,1126.0,1128.0,2.0,True
202510036723761,XC,2025-10-03,OCT,FRI,False,,GLC,648,647.0,DAR,1009.0,1009.0,0.0,1010,1011.0,1.0,228.0,BHM,1306.0,1306.0,0.0,False
202510036723821,XC,2025-10-03,OCT,FRI,False,911.0,NCL,1035,1034.0,DAR,1105.0,1104.0,-1.0,1106,1109.0,3.0,50.0,BHM,1328.0,1357.0,29.0,True
202510036723773,XC,2025-10-03,OCT,FRI,False,,EDB,1007,1007.0,DAR,1209.0,1212.0,3.0,1211,1214.0,3.0,190.0,BHM,1506.0,1509.0,3.0,True
202510036723785,XC,2025-10-03,OCT,FRI,False,,EDB,1207,1206.0,DAR,1409.0,1417.0,8.0,1411,1419.0,8.0,190.0,BHM,1706.0,1706.0,0.0,False
202510036723829,XC,2025-10-03,OCT,FRI,False,904.0,NCL,1435,1434.0,DAR,1505.0,1506.0,1.0,1506,1508.0,2.0,50.0,BHM,1727.0,1800.0,33.0,True
202510036723797,XC,2025-10-03,OCT,FRI,False,904.0,EDB,1404,1405.0,DAR,1609.0,1614.0,5.0,1611,1615.0,4.0,190.0,BHM,1907.0,1913.0,6.0,True
202510036723482,XC,2025-10-03,OCT,FRI,False,,NCL,1633,1633.0,DAR,1704.0,1704.0,0.0,1705,1706.0,1.0,50.0,BHM,1930.0,1935.0,5.0,True
202510036723804,XC,2025-10-03,OCT,FRI,False,,EDB,1607,1607.0,DAR,1809.0,1809.0,0.0,1811,1811.0,0.0,190.0,BHM,2107.0,2107.0,0.0,False
202510036723807,XC,2025-10-03,OCT,FRI,False,,EDB,1707,1707.0,DAR,1909.0,1909.0,0.0,1911,1911.0,0.0,190.0,BHM,2208.0,2223.0,15.0,True
202510036723362,XC,2025-10-03,OCT,FRI,False,799.0,EDB,1807,1807.0,DAR,2010.0,2053.0,43.0,2011,2056.0,45.0,190.0,BHM,2328.0,2353.0,25.0,True
202510046723746,XC,2025-10-04,OCT,SAT,False,,NCL,640,640.0,DAR,709.0,710.0,1.0,711,711.0,0.0,50.0,BHM,1007.0,1005.0,-2.0,False
202510046723751,XC,2025-10-04,OCT,SAT,False,851.0,EDB,606,605.0,DAR,809.0,837.0,28.0,811,838.0,27.0,190.0,BHM,1106.0,1108.0,2.0,True
202510046723756,XC,2025-10-04,OCT,SAT,False,851.0,EDB,704,704.0,DAR,910.0,937.0,27.0,912,939.0,27.0,190.0,BHM,1206.0,1219.0,13.0,True
202510046723762,XC,2025-10-04,OCT,SAT,False,,GLC,648,,DAR,1010.0,1008.0,-2.0,1011,1010.0,-1.0,228.0,BHM,1306.0,1314.0,8.0,True
202510046723766,XC,2025-10-04,OCT,SAT,False,,GLC,748,,DAR,1110.0,1116.0,6.0,1112,1117.0,5.0,228.0,BHM,1407.0,1409.0,2.0,True
202510046723774,XC,2025-10-04,OCT,SAT,False,,EDB,1005,1005.0,DAR,1209.0,1210.0,1.0,1211,1211.0,0.0,190.0,BHM,1505.0,1510.0,5.0,True
202510046723778,XC,2025-10-04,OCT,SAT,False,,DEE,933,,DAR,1311.0,1310.0,-1.0,1312,1312.0,0.0,,BHM,1604.0,1603.0,-1.0,False
202510046723786,XC,2025-10-04,OCT,SAT,False,,EDB,1207,1207.0,DAR,1409.0,1408.0,-1.0,1411,1411.0,0.0,190.0,BHM,1706.0,1705.0,-1.0,False
202510046723793,XC,2025-10-04,OCT,SAT,False,,EDB,1308,1307.0,DAR,1511.0,1510.0,-1.0,1512,1512.0,0.0,190.0,BHM,1804.0,1807.0,3.0,True
202510046723799,XC,2025-10-04,OCT,SAT,False,,EDB,1404,1403.0,DAR,1609.0,1609.0,0.0,1611,1611.0,0.0,190.0,BHM,1905.0,1913.0,8.0,True
202510046723802,XC,2025-10-04,OCT,SAT,False,,EDB,1505,1505.0,DAR,1710.0,1708.0,-2.0,1711,1711.0,0.0,190.0,BHM,2005.0,2009.0,4.0,True
202510046723805,XC,2025-10-04,OCT,SAT,False,,EDB,1607,1606.0,DAR,1809.0,1811.0,2.0,1811,1813.0,2.0,190.0,BHM,2106.0,2110.0,4.0,True
202510046723447,XC,2025-10-04,OCT,SAT,False,,EDB,1709,1709.0,DAR,1910.0,1910.0,0.0,1911,1911.0,0.0,190.0,BHM,2232.0,2233.0,1.0,True
202510046723365,XC,2025-10-04,OCT,SAT,False,,EDB,1807,1806.0,DAR,2010.0,2010.0,0.0,2011,2011.0,0.0,190.0,BHM,2307.0,2312.0,5.0,True
202510056723754,XC,2025-10-05,OCT,SUN,False,,NCL,834,834.0,DAR,904.0,903.0,-1.0,906,906.0,0.0,50.0,BHM,1204.0,1204.0,0.0,False
202510056723759,XC,2025-10-05,OCT,SUN,False,,NCL,935,935.0,DAR,1004.0,1003.0,-1.0,1006,1005.0,-1.0,50.0,BHM,1305.0,1308.0,3.0,True
202510056723767,XC,2025-10-05,OCT,SUN,False,,EDB,908,908.0,DAR,1109.0,1109.0,0.0,1111,1110.0,-1.0,190.0,BHM,1404.0,1405.0,1.0,True
202510056723772,XC,2025-10-05,OCT,SUN,False,,EDB,1008,1008.0,DAR,1209.0,1208.0,-1.0,1211,1210.0,-1.0,190.0,BHM,1506.0,1507.0,1.0,True
202510056723779,XC,2025-10-05,OCT,SUN,False,,EDB,1105,1105.0,DAR,1309.0,1310.0,1.0,1310,1312.0,2.0,190.0,BHM,1604.0,1604.0,0.0,False
202510056723784,XC,2025-10-05,OCT,SUN,False,,GLC,1055,1056.0,DAR,1409.0,1411.0,2.0,1411,1413.0,2.0,228.0,BHM,1706.0,1709.0,3.0,True
202510056723791,XC,2025-10-05,OCT,SUN,False,,EDB,1308,1307.0,DAR,1510.0,1511.0,1.0,1512,1513.0,1.0,190.0,BHM,1804.0,1804.0,0.0,False
202510056723798,XC,2025-10-05,OCT,SUN,False,,DEE,1222,1221.0,DAR,1609.0,1609.0,0.0,1611,1621.0,10.0,,BHM,1903.0,1904.0,1.0,True
202510056723801,XC,2025-10-05,OCT,SUN,False,,EDB,1508,1507.0,DAR,1709.0,1709.0,0.0,1711,1711.0,0.0,190.0,BHM,2004.0,2003.0,-1.0,False
202510056723803,XC,2025-10-05,OCT,SUN,False,,EDB,1608,1607.0,DAR,1809.0,1808.0,-1.0,1811,1810.0,-1.0,190.0,BHM,2106.0,2106.0,0.0,False
202510056723806,XC,2025-10-05,OCT,SUN,False,,EDB,1708,1707.0,DAR,1908.0,1908.0,0.0,1909,1911.0,2.0,190.0,BHM,2208.0,2207.0,-1.0,False
202510056723361,XC,2025-10-05,OCT,SUN,False,,EDB,1805,1804.0,DAR,2008.0,2007.0,-1.0,2010,2009.0,-1.0,190.0,BHM,2309.0,2307.0,-2.0,False
202510066723813,XC,2025-10-06,OCT,MON,False,,NCL,624,624.0,DAR,653.0,653.0,0.0,655,655.0,0.0,50.0,BHM,928.0,932.0,4.0,True
202510066723745,XC,2025-10-06,OCT,MON,False,,NCL,640,640.0,DAR,710.0,709.0,-1.0,711,711.0,0.0,50.0,BHM,1004.0,1004.0,0.0,False
202510066723749,XC,2025-10-06,OCT,MON,False,,EDB,606,606.0,DAR,809.0,808.0,-1.0,811,810.0,-1.0,190.0,BHM,1106.0,1106.0,0.0,False
202510066723818,XC,2025-10-06,OCT,MON,False,,NCL,835,835.0,DAR,904.0,905.0,1.0,906,907.0,1.0,50.0,BHM,1126.0,1126.0,0.0,False
202510066723760,XC,2025-10-06,OCT,MON,False,,GLC,648,647.0,DAR,1009.0,1009.0,0.0,1010,1011.0,1.0,228.0,BHM,1306.0,1315.0,9.0,True
202510066723821,XC,2025-10-06,OCT,MON,False,,NCL,1035,1035.0,DAR,1105.0,1103.0,-2.0,1106,1106.0,0.0,50.0,BHM,1328.0,1329.0,1.0,True
202510066723773,XC,2025-10-06,OCT,MON,False,,EDB,1007,1007.0,DAR,1209.0,1216.0,7.0,1211,1219.0,8.0,190.0,BHM,1506.0,1518.0,12.0,True
202510066723824,XC,2025-10-06,OCT,MON,False,,NCL,1236,1236.0,DAR,1305.0,1305.0,0.0,1307,1307.0,0.0,50.0,BHM,1528.0,1528.0,0.0,False
202510066723785,XC,2025-10-06,OCT,MON,False,,EDB,1207,1206.0,DAR,1409.0,1409.0,0.0,1411,1410.0,-1.0,190.0,BHM,1706.0,1705.0,-1.0,False
202510066723829,XC,2025-10-06,OCT,MON,False,,NCL,1435,1435.0,DAR,1505.0,1504.0,-1.0,1506,1506.0,0.0,50.0,BHM,1727.0,1731.0,4.0,True
202510066723797,XC,2025-10-06,OCT,MON,False,,EDB,1404,1404.0,DAR,1609.0,1609.0,0.0,1611,1611.0,0.0,190.0,BHM,1907.0,1905.0,-2.0,False
202510066723482,XC,2025-10-06,OCT,MON,False,,NCL,1633,1633.0,DAR,1704.0,1704.0,0.0,1705,1706.0,1.0,50.0,BHM,1930.0,1926.0,-4.0,False
202510066723804,XC,2025-10-06,OCT,MON,False,,EDB,1607,1606.0,DAR,1809.0,1808.0,-1.0,1811,1810.0,-1.0,190.0,BHM,2107.0,2114.0,7.0,True
202510066723807,XC,2025-10-06,OCT,MON,False,,EDB,1707,1707.0,DAR,1909.0,1908.0,-1.0,1911,1911.0,0.0,190.0,BHM,2208.0,2218.0,10.0,True
202510066723362,XC,2025-10-06,OCT,MON,False,,EDB,1807,1806.0,DAR,2010.0,2011.0,1.0,2011,2012.0,1.0,190.0,BHM,2328.0,2335.0,7.0,True
202510076723813,XC,2025-10-07,OCT,TUE,False,,NCL,624,624.0,DAR,653.0,652.0,-1.0,655,655.0,0.0,50.0,BHM,928.0,929.0,1.0,True
202510076723745,XC,2025-10-07,OCT,TUE,False,,NCL,640,640.0,DAR,710.0,709.0,-1.0,711,711.0,0.0,50.0,BHM,1004.0,1007.0,3.0,True
202510076723749,XC,2025-10-07,OCT,TUE,False,,EDB,606,606.0,DAR,809.0,808.0,-1.0,811,810.0,-1.0,190.0,BHM,1106.0,1105.0,-1.0,False
202510076723818,XC,2025-10-07,OCT,TUE,False,895.0,NCL,835,835.0,DAR,904.0,905.0,1.0,906,907.0,1.0,50.0,BHM,1126.0,1138.0,12.0,True
202510076723760,XC,2025-10-07,OCT,TUE,False,812.0,GLC,648,647.0,DAR,1009.0,1010.0,1.0,1010,1011.0,1.0,228.0,BHM,1306.0,1307.0,1.0,True
202510076723821,XC,2025-10-07,OCT,TUE,False,,NCL,1035,1034.0,DAR,1105.0,1103.0,-2.0,1106,1106.0,0.0,50.0,BHM,1328.0,1330.0,2.0,True
202510076723773,XC,2025-10-07,OCT,TUE,False,,EDB,1007,1007.0,DAR,1209.0,1209.0,0.0,1211,1211.0,0.0,190.0,BHM,1506.0,1504.0,-2.0,False
202510076723824,XC,2025-10-07,OCT,TUE,False,,NCL,1236,1236.0,DAR,1305.0,1305.0,0.0,1307,1307.0,0.0,50.0,BHM,1528.0,1524.0,-4.0,False
202510076723785,XC,2025-10-07,OCT,TUE,False,,EDB,1207,1206.0,DAR,1409.0,1409.0,0.0,1411,1410.0,-1.0,190.0,BHM,1706.0,1707.0,1.0,True
202510076723829,XC,2025-10-07,OCT,TUE,False,,NCL,1435,1434.0,DAR,1505.0,1504.0,-1.0,1506,1506.0,0.0,50.0,BHM,1727.0,1729.0,2.0,True
202510076723797,XC,2025-10-07,OCT,TUE,False,,EDB,1404,1403.0,DAR,1609.0,1610.0,1.0,1611,1612.0,1.0,190.0,BHM,1907.0,1912.0,5.0,True
202510076723482,XC,2025-10-07,OCT,TUE,False,,NCL,1633,1633.0,DAR,1704.0,1704.0,0.0,1705,1705.0,0.0,50.0,BHM,1930.0,1934.0,4.0,True
202510076723804,XC,2025-10-07,OCT,TUE,False,,EDB,1607,1606.0,DAR,1809.0,1808.0,-1.0,1811,1811.0,0.0,190.0,BHM,2107.0,2106.0,-1.0,False
202510076723807,XC,2025-10-07,OCT,TUE,False,,EDB,1707,1706.0,DAR,1909.0,1914.0,5.0,1911,1916.0,5.0,190.0,BHM,2208.0,2242.0,34.0,True
202510076723362,XC,2025-10-07,OCT,TUE,False,,EDB,1807,1807.0,DAR,2010.0,2009.0,-1.0,2011,2011.0,0.0,190.0,BHM,2328.0,2337.0,9.0,True
202510086723813,XC,2025-10-08,OCT,WED,False,,NCL,624,624.0,DAR,653.0,652.0,-1.0,655,655.0,0.0,50.0,BHM,928.0,928.0,0.0,False
202510086723745,XC,2025-10-08,OCT,WED,False,,NCL,640,640.0,DAR,710.0,708.0,-2.0,711,712.0,1.0,50.0,BHM,1004.0,1007.0,3.0,True
202510086723749,XC,2025-10-08,OCT,WED,False,,EDB,606,606.0,DAR,809.0,808.0,-1.0,811,810.0,-1.0,190.0,BHM,1106.0,1105.0,-1.0,False
202510086723818,XC,2025-10-08,OCT,WED,False,,NCL,835,835.0,DAR,904.0,906.0,2.0,906,907.0,1.0,50.0,BHM,1126.0,1130.0,4.0,True
202510086723760,XC,2025-10-08,OCT,WED,False,,GLC,648,648.0,DAR,1009.0,1010.0,1.0,1010,1012.0,2.0,228.0,BHM,1306.0,1309.0,3.0,True
202510086723821,XC,2025-10-08,OCT,WED,False,,NCL,1035,1036.0,DAR,1105.0,1104.0,-1.0,1106,1105.0,-1.0,50.0,BHM,1328.0,1326.0,-2.0,False
202510086723773,XC,2025-10-08,OCT,WED,False,871.0,EDB,1007,1007.0,DAR,1209.0,1222.0,13.0,1211,1224.0,13.0,190.0,BHM,1506.0,1516.0,10.0,True
202510086723824,XC,2025-10-08,OCT,WED,False,,NCL,1236,1236.0,DAR,1305.0,1308.0,3.0,1307,1309.0,2.0,50.0,BHM,1528.0,1531.0,3.0,True
202510086723785,XC,2025-10-08,OCT,WED,False,,EDB,1207,1206.0,DAR,1409.0,1409.0,0.0,1411,1411.0,0.0,190.0,BHM,1706.0,1704.0,-2.0,False
202510086723829,XC,2025-10-08,OCT,WED,False,,NCL,1435,1436.0,DAR,1505.0,1506.0,1.0,1506,1507.0,1.0,50.0,BHM,1727.0,1726.0,-1.0,False
202510086723797,XC,2025-10-08,OCT,WED,False,,EDB,1404,1403.0,DAR,1609.0,1608.0,-1.0,1611,1611.0,0.0,190.0,BHM,1907.0,1910.0,3.0,True
202510086723482,XC,2025-10-08,OCT,WED,False,,NCL,1633,1633.0,DAR,1704.0,1703.0,-1.0,1705,1706.0,1.0,50.0,BHM,1930.0,1931.0,1.0,True
202510086723804,XC,2025-10-08,OCT,WED,False,,EDB,1607,1606.0,DAR,1809.0,1808.0,-1.0,1811,1811.0,0.0,190.0,BHM,2107.0,2106.0,-1.0,False
202510086723807,XC,2025-10-08,OCT,WED,False,705.0,EDB,1707,1707.0,DAR,1909.0,1909.0,0.0,1911,1910.0,-1.0,190.0,BHM,2208.0,2246.0,38.0,True
202510086723362,XC,2025-10-08,OCT,WED,False,,EDB,1807,1806.0,DAR,2010.0,2012.0,2.0,2011,2013.0,2.0,190.0,BHM,2328.0,2326.0,-2.0,False
202510096723745,XC,2025-10-09,OCT,THU,False,777.0,NCL,640,640.0,DAR,710.0,711.0,1.0,711,713.0,2.0,50.0,BHM,1004.0,1058.0,54.0,True
202510096723749,XC,2025-10-09,OCT,THU,False,895.0,EDB,606,606.0,DAR,809.0,810.0,1.0,811,811.0,0.0,190.0,BHM,1106.0,1120.0,14.0,True
202510096723818,XC,2025-10-09,OCT,THU,False,,NCL,835,835.0,DAR,904.0,904.0,0.0,906,906.0,0.0,50.0,BHM,1126.0,1130.0,4.0,True
202510096723760,XC,2025-10-09,OCT,THU,False,887.0,GLC,648,648.0,DAR,1009.0,1008.0,-1.0,1010,1010.0,0.0,228.0,BHM,1306.0,1323.0,17.0,True
202510096723821,XC,2025-10-09,OCT,THU,False,,NCL,1035,1034.0,DAR,1105.0,1110.0,5.0,1106,1111.0,5.0,50.0,BHM,1328.0,1332.0,4.0,True
202510096723773,XC,2025-10-09,OCT,THU,False,,EDB,1007,1007.0,DAR,1209.0,1213.0,4.0,1211,1216.0,5.0,190.0,BHM,1506.0,1506.0,0.0,False
202510096723824,XC,2025-10-09,OCT,THU,False,,NCL,1236,1236.0,DAR,1305.0,1306.0,1.0,1307,1309.0,2.0,50.0,BHM,1528.0,1529.0,1.0,True
202510096723785,XC,2025-10-09,OCT,THU,False,,EDB,1207,1206.0,DAR,1409.0,1412.0,3.0,1411,1413.0,2.0,190.0,BHM,1706.0,1705.0,-1.0,False
202510096723829,XC,2025-10-09,OCT,THU,False,,NCL,1435,1435.0,DAR,1505.0,1506.0,1.0,1506,1508.0,2.0,50.0,BHM,1727.0,1725.0,-2.0,False
202510096723797,XC,2025-10-09,OCT,THU,False,,EDB,1404,,DAR,1609.0,1609.0,0.0,1611,1611.0,0.0,190.0,BHM,1907.0,1908.0,1.0,True
202510096723482,XC,2025-10-09,OCT,THU,False,,NCL,1633,1633.0,DAR,1704.0,1703.0,-1.0,1705,1705.0,0.0,50.0,BHM,1930.0,1930.0,0.0,False
202510096723804,XC,2025-10-09,OCT,THU,False,,EDB,1607,1606.0,DAR,1809.0,1807.0,-2.0,1811,1810.0,-1.0,190.0,BHM,2107.0,2106.0,-1.0,False
202510096723807,XC,2025-10-09,OCT,THU,False,,EDB,1707,1707.0,DAR,1909.0,1908.0,-1.0,1911,1911.0,0.0,190.0,BHM,2208.0,2218.0,10.0,True
202510096723362,XC,2025-10-09,OCT,THU,False,,EDB,1807,1806.0,DAR,2010.0,2008.0,-2.0,2011,2010.0,-1.0,190.0,BHM,2328.0,2327.0,-1.0,False
202510106723813,XC,2025-10-10,OCT,FRI,False,,NCL,624,624.0,DAR,653.0,652.0,-1.0,655,655.0,0.0,50.0,BHM,928.0,938.0,10.0,True
202510106723745,XC,2025-10-10,OCT,FRI,False,,NCL,640,640.0,DAR,710.0,709.0,-1.0,711,712.0,1.0,50.0,BHM,1004.0,1004.0,0.0,False
202510106723749,XC,2025-10-10,OCT,FRI,False,,EDB,606,606.0,DAR,809.0,808.0,-1.0,811,810.0,-1.0,190.0,BHM,1106.0,1107.0,1.0,True
202510106723818,XC,2025-10-10,OCT,FRI,False,,NCL,835,834.0,DAR,904.0,904.0,0.0,906,906.0,0.0,50.0,BHM,1126.0,1132.0,6.0,True
202510106723761,XC,2025-10-10,OCT,FRI,False,,GLC,648,647.0,DAR,1009.0,1009.0,0.0,1010,1012.0,2.0,228.0,BHM,1306.0,1307.0,1.0,True
202510106723821,XC,2025-10-10,OCT,FRI,False,656.0,NCL,1035,1035.0,DAR,1105.0,1104.0,-1.0,1106,1106.0,0.0,50.0,BHM,1328.0,1346.0,18.0,True
202510106723773,XC,2025-10-10,OCT,FRI,False,895.0,EDB,1007,1007.0,DAR,1209.0,1228.0,19.0,1211,1229.0,18.0,190.0,BHM,1506.0,1532.0,26.0,True
202510106723824,XC,2025-10-10,OCT,FRI,False,,NCL,1236,1236.0,DAR,1305.0,1306.0,1.0,1307,1308.0,1.0,50.0,BHM,1528.0,1536.0,8.0,True
202510106723785,XC,2025-10-10,OCT,FRI,False,824.0,EDB,1207,1228.0,DAR,1409.0,1432.0,23.0,1411,1435.0,24.0,190.0,BHM,1706.0,1744.0,38.0,True
202510106723829,XC,2025-10-10,OCT,FRI,False,650.0,NCL,1435,1436.0,DAR,1505.0,1506.0,1.0,1506,1508.0,2.0,50.0,BHM,1727.0,1750.0,23.0,True
202510106723797,XC,2025-10-10,OCT,FRI,False,,EDB,1404,1404.0,DAR,1609.0,1610.0,1.0,1611,1612.0,1.0,190.0,BHM,1907.0,1908.0,1.0,True
202510106723482,XC,2025-10-10,OCT,FRI,False,,NCL,1633,1633.0,DAR,1704.0,1705.0,1.0,1705,1707.0,2.0,50.0,BHM,1930.0,1926.0,-4.0,False
202510106723804,XC,2025-10-10,OCT,FRI,False,871.0,EDB,1607,1608.0,DAR,1809.0,1808.0,-1.0,1811,1811.0,0.0,190.0,BHM,2107.0,2116.0,9.0,True
202510106723807,XC,2025-10-10,OCT,FRI,False,,EDB,1707,1707.0,DAR,1909.0,1908.0,-1.0,1911,1910.0,-1.0,190.0,BHM,2208.0,2211.0,3.0,True
202510106723362,XC,2025-10-10,OCT,FRI,False,576.0,EDB,1807,1807.0,DAR,2010.0,2014.0,4.0,2011,2017.0,6.0,190.0,BHM,2328.0,2330.0,2.0,True
202510136723813,XC,2025-10-13,OCT,MON,False,,NCL,624,624.0,DAR,653.0,655.0,2.0,655,657.0,2.0,50.0,BHM,928.0,930.0,2.0,True
202510136723745,XC,2025-10-13,OCT,MON,False,,NCL,640,640.0,DAR,710.0,710.0,0.0,711,714.0,3.0,50.0,BHM,1004.0,1005.0,1.0,True
202510136723749,XC,2025-10-13,OCT,MON,False,,EDB,606,606.0,DAR,809.0,808.0,-1.0,811,811.0,0.0,190.0,BHM,1106.0,1109.0,3.0,True
202510136723818,XC,2025-10-13,OCT,MON,False,,NCL,835,835.0,DAR,904.0,904.0,0.0,906,906.0,0.0,50.0,BHM,1126.0,1128.0,2.0,True
202510136723760,XC,2025-10-13,OCT,MON,False,,GLC,648,647.0,DAR,1009.0,1010.0,1.0,1010,1012.0,2.0,228.0,BHM,1306.0,1308.0,2.0,True
202510136723821,XC,2025-10-13,OCT,MON,False,705.0,NCL,1035,1034.0,DAR,1105.0,1103.0,-2.0,1106,1106.0,0.0,50.0,BHM,1328.0,1325.0,-3.0,False
202510136723773,XC,2025-10-13,OCT,MON,False,,EDB,1007,1007.0,DAR,1209.0,1209.0,0.0,1211,1211.0,0.0,190.0,BHM,1506.0,1507.0,1.0,True
202510136723824,XC,2025-10-13,OCT,MON,False,,NCL,1236,1236.0,DAR,1305.0,1306.0,1.0,1307,1307.0,0.0,50.0,BHM,1528.0,1529.0,1.0,True
202510136723785,XC,2025-10-13,OCT,MON,False,,EDB,1207,1207.0,DAR,1409.0,1410.0,1.0,1411,1412.0,1.0,190.0,BHM,1706.0,1706.0,0.0,False
202510136723829,XC,2025-10-13,OCT,MON,False,,NCL,1435,1435.0,DAR,1505.0,1505.0,0.0,1506,1507.0,1.0,50.0,BHM,1727.0,1726.0,-1.0,False
202510136723797,XC,2025-10-13,OCT,MON,False,895.0,EDB,1404,1403.0,DAR,1609.0,1626.0,17.0,1611,1628.0,17.0,190.0,BHM,1907.0,1909.0,2.0,True
202510136723482,XC,2025-10-13,OCT,MON,False,,NCL,1633,1633.0,DAR,1704.0,1701.0,-3.0,1705,1704.0,-1.0,50.0,BHM,1930.0,1926.0,-4.0,False
202510136723804,XC,2025-10-13,OCT,MON,False,,EDB,1607,1606.0,DAR,1809.0,1809.0,0.0,1811,1811.0,0.0,190.0,BHM,2107.0,2105.0,-2.0,False
202510136723807,XC,2025-10-13,OCT,MON,False,895.0,EDB,1707,1707.0,DAR,1909.0,1914.0,5.0,1911,1916.0,5.0,190.0,BHM,2208.0,2227.0,19.0,True
202510136723362,XC,2025-10-13,OCT,MON,False,894.0,EDB,1807,1807.0,DAR,2010.0,2021.0,11.0,2011,2022.0,11.0,190.0,BHM,2328.0,2329.0,1.0,True
202510146723813,XC,2025-10-14,OCT,TUE,False,,NCL,624,624.0,DAR,653.0,653.0,0.0,655,655.0,0.0,50.0,BHM,928.0,926.0,-2.0,False
202510146723745,XC,2025-10-14,OCT,TUE,False,,NCL,640,640.0,DAR,710.0,709.0,-1.0,711,711.0,0.0,50.0,BHM,1004.0,1005.0,1.0,True
202510146723749,XC,2025-10-14,OCT,TUE,False,,EDB,606,606.0,DAR,809.0,808.0,-1.0,811,810.0,-1.0,190.0,BHM,1106.0,1109.0,3.0,True
202510146723818,XC,2025-10-14,OCT,TUE,False,,NCL,835,835.0,DAR,904.0,905.0,1.0,906,908.0,2.0,50.0,BHM,1126.0,1130.0,4.0,True
202510146723760,XC,2025-10-14,OCT,TUE,False,,GLC,648,,DAR,1009.0,1010.0,1.0,1010,1013.0,3.0,228.0,BHM,1306.0,1310.0,4.0,True
202510146723821,XC,2025-10-14,OCT,TUE,False,,NCL,1035,1034.0,DAR,1105.0,1103.0,-2.0,1106,1106.0,0.0,50.0,BHM,1328.0,1328.0,0.0,False
202510146723773,XC,2025-10-14,OCT,TUE,False,,EDB,1007,1007.0,DAR,1209.0,1210.0,1.0,1211,1212.0,1.0,190.0,BHM,1506.0,1508.0,2.0,True
202510146723824,XC,2025-10-14,OCT,TUE,False,,NCL,1236,1236.0,DAR,1305.0,1304.0,-1.0,1307,1307.0,0.0,50.0,BHM,1528.0,1527.0,-1.0,False
202510146723785,XC,2025-10-14,OCT,TUE,False,,EDB,1207,1207.0,DAR,1409.0,1410.0,1.0,1411,1412.0,1.0,190.0,BHM,1706.0,1704.0,-2.0,False
202510146723829,XC,2025-10-14,OCT,TUE,False,,NCL,1435,1436.0,DAR,1505.0,1505.0,0.0,1506,1506.0,0.0,50.0,BHM,1727.0,1729.0,2.0,True
202510146723797,XC,2025-10-14,OCT,TUE,False,777.0,EDB,1404,1403.0,DAR,1609.0,1608.0,-1.0,1611,1611.0,0.0,190.0,BHM,1907.0,1910.0,3.0,True
202510146723482,XC,2025-10-14,OCT,TUE,False,,NCL,1633,1632.0,DAR,1704.0,1703.0,-1.0,1705,1705.0,0.0,50.0,BHM,1930.0,1929.0,-1.0,False
202510146723804,XC,2025-10-14,OCT,TUE,False,,EDB,1607,1607.0,DAR,1809.0,1808.0,-1.0,1811,1811.0,0.0,190.0,BHM,2107.0,2105.0,-2.0,False
202510146723807,XC,2025-10-14,OCT,TUE,False,,EDB,1707,1707.0,DAR,1909.0,1908.0,-1.0,1911,1910.0,-1.0,190.0,BHM,2208.0,2208.0,0.0,False
202510156723813,XC,2025-10-15,OCT,WED,False,871.0,NCL,624,624.0,DAR,653.0,654.0,1.0,655,656.0,1.0,50.0,BHM,928.0,942.0,14.0,True
202510156723745,XC,2025-10-15,OCT,WED,False,,NCL,640,640.0,DAR,710.0,711.0,1.0,711,713.0,2.0,50.0,BHM,1004.0,1014.0,10.0,True
202510156723749,XC,2025-10-15,OCT,WED,False,,EDB,606,606.0,DAR,809.0,808.0,-1.0,811,811.0,0.0,190.0,BHM,1106.0,1112.0,6.0,True
202510156723818,XC,2025-10-15,OCT,WED,False,,NCL,835,836.0,DAR,904.0,906.0,2.0,906,907.0,1.0,50.0,BHM,1126.0,1127.0,1.0,True
202510156723760,XC,2025-10-15,OCT,WED,False,,GLC,648,648.0,DAR,1009.0,1009.0,0.0,1010,1011.0,1.0,228.0,BHM,1306.0,1307.0,1.0,True
202510156723821,XC,2025-10-15,OCT,WED,False,,NCL,1035,1034.0,DAR,1105.0,1104.0,-1.0,1106,1105.0,-1.0,50.0,BHM,1328.0,1324.0,-4.0,False
202510156723773,XC,2025-10-15,OCT,WED,False,521.0,EDB,1007,1007.0,DAR,1209.0,1207.0,-2.0,1211,1211.0,0.0,190.0,BHM,1506.0,1651.0,105.0,True
202510156723785,XC,2025-10-15,OCT,WED,False,521.0,EDB,1207,1206.0,DAR,1409.0,1408.0,-1.0,1411,1410.0,-1.0,190.0,BHM,1706.0,1709.0,3.0,True
202510156723829,XC,2025-10-15,OCT,WED,False,521.0,NCL,1435,1435.0,DAR,1505.0,1504.0,-1.0,1506,1506.0,0.0,50.0,BHM,1727.0,1829.0,62.0,True
202510156723797,XC,2025-10-15,OCT,WED,False,,EDB,1404,1404.0,DAR,1609.0,1609.0,0.0,1611,1611.0,0.0,190.0,BHM,1907.0,1905.0,-2.0,False
202510156723482,XC,2025-10-15,OCT,WED,False,,NCL,1633,1632.0,DAR,1704.0,1703.0,-1.0,1705,1706.0,1.0,50.0,BHM,1930.0,1931.0,1.0,True
202510156723804,XC,2025-10-15,OCT,WED,False,521.0,EDB,1607,1606.0,DAR,1809.0,1808.0,-1.0,1811,1810.0,-1.0,190.0,BHM,2107.0,2127.0,20.0,True
202510156723807,XC,2025-10-15,OCT,WED,False,895.0,EDB,1707,1706.0,DAR,1909.0,1910.0,1.0,1911,1911.0,0.0,190.0,BHM,2208.0,2221.0,13.0,True
202510156723362,XC,2025-10-15,OCT,WED,False,,EDB,1807,1806.0,DAR,2010.0,2010.0,0.0,2011,2011.0,0.0,190.0,BHM,2328.0,2326.0,-2.0,False
202510166723813,XC,2025-10-16,OCT,THU,False,574.0,NCL,624,624.0,DAR,653.0,655.0,2.0,655,700.0,5.0,50.0,BHM,928.0,940.0,12.0,True
202510166723745,XC,2025-10-16,OCT,THU,False,,NCL,640,640.0,DAR,710.0,709.0,-1.0,711,711.0,0.0,50.0,BHM,1004.0,1009.0,5.0,True
202510166723749,XC,2025-10-16,OCT,THU,False,,EDB,606,606.0,DAR,809.0,808.0,-1.0,811,811.0,0.0,190.0,BHM,1106.0,1109.0,3.0,True
202510166723818,XC,2025-10-16,OCT,THU,False,896.0,NCL,835,834.0,DAR,904.0,905.0,1.0,906,906.0,0.0,50.0,BHM,1126.0,1204.0,38.0,True
202510166723760,XC,2025-10-16,OCT,THU,False,,GLC,648,648.0,DAR,1009.0,1009.0,0.0,1010,1011.0,1.0,228.0,BHM,1306.0,1309.0,3.0,True
202510166723821,XC,2025-10-16,OCT,THU,False,,NCL,1035,1035.0,DAR,1105.0,1104.0,-1.0,1106,1106.0,0.0,50.0,BHM,1328.0,1324.0,-4.0,False
202510166723773,XC,2025-10-16,OCT,THU,False,,EDB,1007,1007.0,DAR,1209.0,1210.0,1.0,1211,1212.0,1.0,190.0,BHM,1506.0,1508.0,2.0,True
202510166723824,XC,2025-10-16,OCT,THU,False,,NCL,1236,1235.0,DAR,1305.0,1305.0,0.0,1307,1307.0,0.0,50.0,BHM,1528.0,1531.0,3.0,True
202510166723785,XC,2025-10-16,OCT,THU,False,871.0,EDB,1207,1206.0,DAR,1409.0,1414.0,5.0,1411,1415.0,4.0,190.0,BHM,1706.0,1705.0,-1.0,False
202510166723829,XC,2025-10-16,OCT,THU,False,,NCL,1435,1435.0,DAR,1505.0,1504.0,-1.0,1506,1506.0,0.0,50.0,BHM,1727.0,1730.0,3.0,True
202510166723797,XC,2025-10-16,OCT,THU,False,832.0,EDB,1404,1404.0,DAR,1609.0,1612.0,3.0,1611,1614.0,3.0,190.0,BHM,1907.0,1931.0,24.0,True
202510166723482,XC,2025-10-16,OCT,THU,False,832.0,NCL,1633,1632.0,DAR,1704.0,1703.0,-1.0,1705,1705.0,0.0,50.0,BHM,1930.0,2004.0,34.0,True
202510166723804,XC,2025-10-16,OCT,THU,False,832.0,EDB,1607,1606.0,DAR,1809.0,1809.0,0.0,1811,1811.0,0.0,190.0,BHM,2107.0,2129.0,22.0,True
202510166723807,XC,2025-10-16,OCT,THU,False,832.0,EDB,1707,1707.0,DAR,1909.0,1911.0,2.0,1911,1913.0,2.0,190.0,BHM,2208.0,2240.0,32.0,True
202510166723362,XC,2025-10-16,OCT,THU,False,832.0,EDB,1807,1806.0,DAR,2010.0,2018.0,8.0,2011,2020.0,9.0,190.0,BHM,2328.0,2340.0,12.0,True
202510176723813,XC,2025-10-17,OCT,FRI,False,,NCL,624,624.0,DAR,653.0,653.0,0.0,655,655.0,0.0,50.0,BHM,928.0,926.0,-2.0,False
202510176723745,XC,2025-10-17,OCT,FRI,False,,NCL,640,640.0,DAR,710.0,709.0,-1.0,711,711.0,0.0,50.0,BHM,1004.0,1003.0,-1.0,False
202510176723749,XC,2025-10-17,OCT,FRI,False,,EDB,606,610.0,DAR,809.0,816.0,7.0,811,817.0,6.0,190.0,BHM,1106.0,1110.0,4.0,True
202510176723818,XC,2025-10-17,OCT,FRI,False,,NCL,835,835.0,DAR,904.0,907.0,3.0,906,910.0,4.0,50.0,BHM,1126.0,1133.0,7.0,True
202510176723761,XC,2025-10-17,OCT,FRI,False,908.0,GLC,648,648.0,DAR,1009.0,1021.0,12.0,1010,1024.0,14.0,228.0,BHM,1306.0,1341.0,35.0,True
202510176723821,XC,2025-10-17,OCT,FRI,False,,NCL,1035,1034.0,DAR,1105.0,1103.0,-2.0,1106,1106.0,0.0,50.0,BHM,1328.0,1330.0,2.0,True
202510176723773,XC,2025-10-17,OCT,FRI,False,540.0,EDB,1007,1007.0,DAR,1209.0,1209.0,0.0,1211,1211.0,0.0,190.0,BHM,1506.0,1513.0,7.0,True
202510176723824,XC,2025-10-17,OCT,FRI,False,,NCL,1236,1236.0,DAR,1305.0,1304.0,-1.0,1307,1307.0,0.0,50.0,BHM,1528.0,1533.0,5.0,True
202510176723785,XC,2025-10-17,OCT,FRI,False,,EDB,1207,1206.0,DAR,1409.0,1411.0,2.0,1411,1413.0,2.0,190.0,BHM,1706.0,1706.0,0.0,False
202510176723829,XC,2025-10-17,OCT,FRI,False,,NCL,1435,1435.0,DAR,1505.0,1505.0,0.0,1506,1507.0,1.0,50.0,BHM,1727.0,1728.0,1.0,True
202510176723797,XC,2025-10-17,OCT,FRI,False,895.0,EDB,1404,1403.0,DAR,1609.0,1613.0,4.0,1611,1614.0,3.0,190.0,BHM,1907.0,1934.0,27.0,True
202510176723482,XC,2025-10-17,OCT,FRI,False,,NCL,1633,1632.0,DAR,1704.0,1704.0,0.0,1705,1706.0,1.0,50.0,BHM,1930.0,1951.0,21.0,True
202510176723804,XC,2025-10-17,OCT,FRI,False,,EDB,1607,1606.0,DAR,1809.0,1808.0,-1.0,1811,1811.0,0.0,190.0,BHM,2107.0,2115.0,8.0,True
202510176723807,XC,2025-10-17,OCT,FRI,False,895.0,EDB,1707,1706.0,DAR,1909.0,1909.0,0.0,1911,1911.0,0.0,190.0,BHM,2208.0,2220.0,12.0,True
202510176723362,XC,2025-10-17,OCT,FRI,False,,EDB,1807,1806.0,DAR,2010.0,2009.0,-1.0,2011,2010.0,-1.0,190.0,BHM,2328.0,2326.0,-2.0,False
202510187544955,XC,2025-10-18,OCT,SAT,False,,NCL,841,841.0,DAR,910.0,910.0,0.0,912,912.0,0.0,50.0,BHM,1208.0,1216.0,8.0,True
202510187544952,XC,2025-10-18,OCT,SAT,False,,EDB,907,908.0,DAR,1110.0,1109.0,-1.0,1113,1112.0,-1.0,190.0,BHM,1408.0,1412.0,4.0,True
202510187544950,XC,2025-10-18,OCT,SAT,False,,EDB,1108,1107.0,DAR,1311.0,1310.0,-1.0,1312,1312.0,0.0,190.0,BHM,1608.0,1619.0,11.0,True
202510196723754,XC,2025-10-19,OCT,SUN,False,,NCL,834,834.0,DAR,904.0,904.0,0.0,906,906.0,0.0,50.0,BHM,1204.0,1213.0,9.0,True
202510196723767,XC,2025-10-19,OCT,SUN,False,,EDB,908,908.0,DAR,1109.0,1111.0,2.0,1111,1114.0,3.0,190.0,BHM,1404.0,1420.0,16.0,True
202510196723772,XC,2025-10-19,OCT,SUN,False,,EDB,1008,1008.0,DAR,1209.0,1208.0,-1.0,1211,1211.0,0.0,190.0,BHM,1506.0,1519.0,13.0,True
202510196723779,XC,2025-10-19,OCT,SUN,False,,EDB,1105,1104.0,DAR,1309.0,1308.0,-1.0,1310,1311.0,1.0,190.0,BHM,1604.0,1612.0,8.0,True
202510196723784,XC,2025-10-19,OCT,SUN,False,,GLC,1055,1055.0,DAR,1409.0,1410.0,1.0,1411,1412.0,1.0,228.0,BHM,1706.0,1719.0,13.0,True
202510196723791,XC,2025-10-19,OCT,SUN,False,,EDB,1308,1307.0,DAR,1510.0,1511.0,1.0,1512,1512.0,0.0,190.0,BHM,1804.0,1810.0,6.0,True
202510196723798,XC,2025-10-19,OCT,SUN,False,895.0,DEE,1222,1224.0,DAR,1609.0,1611.0,2.0,1611,1612.0,1.0,,BHM,1903.0,1913.0,10.0,True
202510196723801,XC,2025-10-19,OCT,SUN,False,,EDB,1508,1507.0,DAR,1709.0,1709.0,0.0,1711,1711.0,0.0,190.0,BHM,2004.0,2012.0,8.0,True
202510196723803,XC,2025-10-19,OCT,SUN,False,,EDB,1608,1607.0,DAR,1809.0,1809.0,0.0,1811,1811.0,0.0,190.0,BHM,2106.0,2109.0,3.0,True
202510196723806,XC,2025-10-19,OCT,SUN,False,,EDB,1708,1707.0,DAR,1908.0,1909.0,1.0,1909,1911.0,2.0,190.0,BHM,2208.0,2208.0,0.0,False
202510196723361,XC,2025-10-19,OCT,SUN,False,,EDB,1805,1804.0,DAR,2008.0,2009.0,1.0,2010,2010.0,0.0,190.0,BHM,2309.0,2310.0,1.0,True
202510206723813,XC,2025-10-20,OCT,MON,False,,NCL,624,624.0,DAR,653.0,652.0,-1.0,655,655.0,0.0,50.0,BHM,928.0,927.0,-1.0,False
202510206723745,XC,2025-10-20,OCT,MON,False,,NCL,640,640.0,DAR,710.0,709.0,-1.0,711,710.0,-1.0,50.0,BHM,1004.0,1003.0,-1.0,False
202510206723749,XC,2025-10-20,OCT,MON,False,,EDB,606,606.0,DAR,809.0,808.0,-1.0,811,811.0,0.0,190.0,BHM,1106.0,1113.0,7.0,True
202510206723818,XC,2025-10-20,OCT,MON,False,,NCL,835,835.0,DAR,904.0,905.0,1.0,906,907.0,1.0,50.0,BHM,1126.0,1130.0,4.0,True
202510206723760,XC,2025-10-20,OCT,MON,False,,GLC,648,648.0,DAR,1009.0,1012.0,3.0,1010,1013.0,3.0,228.0,BHM,1306.0,1307.0,1.0,True
202510206723821,XC,2025-10-20,OCT,MON,False,,NCL,1035,1034.0,DAR,1105.0,1104.0,-1.0,1106,1106.0,0.0,50.0,BHM,1328.0,1326.0,-2.0,False
202510206723773,XC,2025-10-20,OCT,MON,False,,EDB,1007,1007.0,DAR,1209.0,1214.0,5.0,1211,1216.0,5.0,190.0,BHM,1506.0,1506.0,0.0,False
202510206723824,XC,2025-10-20,OCT,MON,False,,NCL,1236,1236.0,DAR,1305.0,1305.0,0.0,1307,1308.0,1.0,50.0,BHM,1528.0,1528.0,0.0,False
202510206723785,XC,2025-10-20,OCT,MON,False,896.0,EDB,1207,1206.0,DAR,1409.0,1409.0,0.0,1411,1411.0,0.0,190.0,BHM,1706.0,1705.0,-1.0,False
202510206723829,XC,2025-10-20,OCT,MON,False,,NCL,1435,1435.0,DAR,1505.0,1504.0,-1.0,1506,1506.0,0.0,50.0,BHM,1727.0,1732.0,5.0,True
202510206723797,XC,2025-10-20,OCT,MON,False,,EDB,1404,1403.0,DAR,1609.0,1610.0,1.0,1611,1611.0,0.0,190.0,BHM,1907.0,1908.0,1.0,True
202510206723482,XC,2025-10-20,OCT,MON,False,,NCL,1633,1633.0,DAR,1704.0,1703.0,-1.0,1705,1705.0,0.0,50.0,BHM,1930.0,1929.0,-1.0,False
202510206723804,XC,2025-10-20,OCT,MON,False,,EDB,1607,1606.0,DAR,1809.0,1809.0,0.0,1811,1811.0,0.0,190.0,BHM,2107.0,2105.0,-2.0,False
202510206723807,XC,2025-10-20,OCT,MON,False,895.0,EDB,1707,1707.0,DAR,1909.0,1911.0,2.0,1911,1912.0,1.0,190.0,BHM,2208.0,2223.0,15.0,True
202510206723362,XC,2025-10-20,OCT,MON,False,,EDB,1807,1806.0,DAR,2010.0,2009.0,-1.0,2011,2011.0,0.0,190.0,BHM,2328.0,2326.0,-2.0,False
202510216723813,XC,2025-10-21,OCT,TUE,False,,NCL,624,624.0,DAR,653.0,655.0,2.0,655,656.0,1.0,50.0,BHM,928.0,930.0,2.0,True
202510216723745,XC,2025-10-21,OCT,TUE,False,,NCL,640,640.0,DAR,710.0,709.0,-1.0,711,711.0,0.0,50.0,BHM,1004.0,1004.0,0.0,False
202510216723749,XC,2025-10-21,OCT,TUE,False,,EDB,606,608.0,DAR,809.0,808.0,-1.0,811,810.0,-1.0,190.0,BHM,1106.0,1105.0,-1.0,False
202510216723818,XC,2025-10-21,OCT,TUE,False,896.0,NCL,835,835.0,DAR,904.0,905.0,1.0,906,906.0,0.0,50.0,BHM,1126.0,1132.0,6.0,True
202510216723760,XC,2025-10-21,OCT,TUE,False,,GLC,648,647.0,DAR,1009.0,1012.0,3.0,1010,1015.0,5.0,228.0,BHM,1306.0,1308.0,2.0,True
202510216723821,XC,2025-10-21,OCT,TUE,False,,NCL,1035,,DAR,,,,1106,1105.0,-1.0,50.0,BHM,1328.0,1326.0,-2.0,False
202510216723773,XC,2025-10-21,OCT,TUE,False,,EDB,1007,1007.0,DAR,1209.0,1209.0,0.0,1211,1212.0,1.0,190.0,BHM,1506.0,1505.0,-1.0,False
202510216723824,XC,2025-10-21,OCT,TUE,False,,NCL,1236,1237.0,DAR,1305.0,1305.0,0.0,1307,1307.0,0.0,50.0,BHM,1528.0,1526.0,-2.0,False
202510216723785,XC,2025-10-21,OCT,TUE,False,,EDB,1207,1206.0,DAR,1409.0,1410.0,1.0,1411,1412.0,1.0,190.0,BHM,1706.0,1705.0,-1.0,False
202510216723829,XC,2025-10-21,OCT,TUE,False,,NCL,1435,1435.0,DAR,1505.0,1505.0,0.0,1506,1506.0,0.0,50.0,BHM,1727.0,1728.0,1.0,True
202510216723797,XC,2025-10-21,OCT,TUE,False,,EDB,1404,1405.0,DAR,1609.0,1609.0,0.0,1611,1610.0,-1.0,190.0,BHM,1907.0,1906.0,-1.0,False
202510216723482,XC,2025-10-21,OCT,TUE,False,832.0,NCL,1633,1633.0,DAR,1704.0,1704.0,0.0,1705,1706.0,1.0,50.0,BHM,1930.0,1940.0,10.0,True
202510216723804,XC,2025-10-21,OCT,TUE,False,,EDB,1607,1606.0,DAR,1809.0,1808.0,-1.0,1811,1810.0,-1.0,190.0,BHM,2107.0,2109.0,2.0,True
202510216723807,XC,2025-10-21,OCT,TUE,False,,EDB,1707,1707.0,DAR,1909.0,1908.0,-1.0,1911,1911.0,0.0,190.0,BHM,2208.0,2220.0,12.0,True
202510216723362,XC,2025-10-21,OCT,TUE,False,,EDB,1807,1806.0,DAR,2010.0,2008.0,-2.0,2011,2010.0,-1.0,190.0,BHM,2328.0,2334.0,6.0,True
202510226723813,XC,2025-10-22,OCT,WED,False,,NCL,624,625.0,DAR,653.0,657.0,4.0,655,658.0,3.0,50.0,BHM,928.0,928.0,0.0,False
202510226723745,XC,2025-10-22,OCT,WED,False,,NCL,640,640.0,DAR,710.0,709.0,-1.0,711,710.0,-1.0,50.0,BHM,1004.0,1005.0,1.0,True
202510226723749,XC,2025-10-22,OCT,WED,False,,EDB,606,605.0,DAR,809.0,809.0,0.0,811,811.0,0.0,190.0,BHM,1106.0,1106.0,0.0,False
202510226723818,XC,2025-10-22,OCT,WED,False,,NCL,835,836.0,DAR,904.0,906.0,2.0,906,907.0,1.0,50.0,BHM,1126.0,1128.0,2.0,True
202510226723760,XC,2025-10-22,OCT,WED,False,,GLC,648,648.0,DAR,1009.0,1009.0,0.0,1010,1011.0,1.0,228.0,BHM,1306.0,1306.0,0.0,False
202510226723821,XC,2025-10-22,OCT,WED,False,,NCL,1035,1035.0,DAR,1105.0,1105.0,0.0,1106,1106.0,0.0,50.0,BHM,1328.0,1326.0,-2.0,False
202510226723773,XC,2025-10-22,OCT,WED,False,,EDB,1007,1007.0,DAR,1209.0,1209.0,0.0,1211,1211.0,0.0,190.0,BHM,1506.0,1505.0,-1.0,False
202510226723824,XC,2025-10-22,OCT,WED,False,,NCL,1236,1235.0,DAR,1305.0,1308.0,3.0,1307,1310.0,3.0,50.0,BHM,1528.0,1532.0,4.0,True
202510226723785,XC,2025-10-22,OCT,WED,False,574.0,EDB,1207,1206.0,DAR,1409.0,1410.0,1.0,1411,1411.0,0.0,190.0,BHM,1706.0,1708.0,2.0,True
202510226723829,XC,2025-10-22,OCT,WED,False,,NCL,1435,1434.0,DAR,1505.0,1504.0,-1.0,1506,1507.0,1.0,50.0,BHM,1727.0,1729.0,2.0,True
202510226723797,XC,2025-10-22,OCT,WED,False,,EDB,1404,1405.0,DAR,1609.0,1608.0,-1.0,1611,1610.0,-1.0,190.0,BHM,1907.0,1907.0,0.0,False
202510226723482,XC,2025-10-22,OCT,WED,False,,NCL,1633,1633.0,DAR,1704.0,1705.0,1.0,1705,1706.0,1.0,50.0,BHM,1930.0,1933.0,3.0,True
202510226723804,XC,2025-10-22,OCT,WED,False,,EDB,1607,1606.0,DAR,1809.0,1808.0,-1.0,1811,1811.0,0.0,190.0,BHM,2107.0,2104.0,-3.0,False
202510226723362,XC,2025-10-22,OCT,WED,False,777.0,EDB,1807,1806.0,DAR,2010.0,2105.0,55.0,2011,2108.0,57.0,190.0,BHM,2328.0,2352.0,24.0,True
202510236723813,XC,2025-10-23,OCT,THU,False,,NCL,624,624.0,DAR,653.0,654.0,1.0,655,655.0,0.0,50.0,BHM,928.0,929.0,1.0,True
202510236723745,XC,2025-10-23,OCT,THU,False,,NCL,640,640.0,DAR,710.0,710.0,0.0,711,711.0,0.0,50.0,BHM,1004.0,1008.0,4.0,True
202510236723749,XC,2025-10-23,OCT,THU,False,,EDB,606,610.0,DAR,809.0,813.0,4.0,811,815.0,4.0,190.0,BHM,1106.0,1107.0,1.0,True
202510236723818,XC,2025-10-23,OCT,THU,False,,NCL,835,835.0,DAR,904.0,904.0,0.0,906,906.0,0.0,50.0,BHM,1126.0,1131.0,5.0,True
202510236723760,XC,2025-10-23,OCT,THU,False,,GLC,648,647.0,DAR,1009.0,1010.0,1.0,1010,1012.0,2.0,228.0,BHM,1306.0,1306.0,0.0,False
202510236723821,XC,2025-10-23,OCT,THU,False,,NCL,1035,1037.0,DAR,1105.0,1105.0,0.0,1106,1107.0,1.0,50.0,BHM,1328.0,1327.0,-1.0,False
202510236723773,XC,2025-10-23,OCT,THU,False,,EDB,1007,1007.0,DAR,1209.0,1210.0,1.0,1211,1213.0,2.0,190.0,BHM,1506.0,1505.0,-1.0,False
202510236723824,XC,2025-10-23,OCT,THU,False,,NCL,1236,1236.0,DAR,1305.0,1305.0,0.0,1307,1307.0,0.0,50.0,BHM,1528.0,1531.0,3.0,True
202510236723785,XC,2025-10-23,OCT,THU,False,,EDB,1207,1207.0,DAR,1409.0,1409.0,0.0,1411,1411.0,0.0,190.0,BHM,1706.0,1706.0,0.0,False
202510236723829,XC,2025-10-23,OCT,THU,False,,NCL,1435,1434.0,DAR,1505.0,1503.0,-2.0,1506,1506.0,0.0,50.0,BHM,1727.0,1728.0,1.0,True
202510236723797,XC,2025-10-23,OCT,THU,False,,EDB,1404,1403.0,DAR,1609.0,1608.0,-1.0,1611,1610.0,-1.0,190.0,BHM,1907.0,1908.0,1.0,True
202510236723482,XC,2025-10-23,OCT,THU,False,,NCL,1633,1633.0,DAR,1704.0,1705.0,1.0,1705,1707.0,2.0,50.0,BHM,1930.0,1931.0,1.0,True
202510236723804,XC,2025-10-23,OCT,THU,False,,EDB,1607,1606.0,DAR,1809.0,1809.0,0.0,1811,1811.0,0.0,190.0,BHM,2107.0,2115.0,8.0,True
202510236723807,XC,2025-10-23,OCT,THU,False,777.0,EDB,1707,1707.0,DAR,1909.0,1908.0,-1.0,1911,1911.0,0.0,190.0,BHM,2208.0,2218.0,10.0,True
202510236723362,XC,2025-10-23,OCT,THU,False,777.0,EDB,1807,1806.0,DAR,2010.0,2009.0,-1.0,2011,2011.0,0.0,190.0,BHM,2328.0,2330.0,2.0,True
202510246723813,XC,2025-10-24,OCT,FRI,False,,NCL,624,624.0,DAR,653.0,655.0,2.0,655,656.0,1.0,50.0,BHM,928.0,934.0,6.0,True
202510246723745,XC,2025-10-24,OCT,FRI,False,,NCL,640,640.0,DAR,710.0,709.0,-1.0,711,710.0,-1.0,50.0,BHM,1004.0,1003.0,-1.0,False
202510246723749,XC,2025-10-24,OCT,FRI,False,,EDB,606,605.0,DAR,809.0,810.0,1.0,811,813.0,2.0,190.0,BHM,1106.0,1109.0,3.0,True
202510246723818,XC,2025-10-24,OCT,FRI,False,575.0,NCL,835,844.0,DAR,904.0,915.0,11.0,906,918.0,12.0,50.0,BHM,1126.0,1157.0,31.0,True
202510246723761,XC,2025-10-24,OCT,FRI,False,,GLC,648,647.0,DAR,1009.0,1010.0,1.0,1010,1012.0,2.0,228.0,BHM,1306.0,1306.0,0.0,False
202510246723821,XC,2025-10-24,OCT,FRI,False,,NCL,1035,1034.0,DAR,1105.0,1107.0,2.0,1106,1109.0,3.0,50.0,BHM,1328.0,1326.0,-2.0,False
202510246723773,XC,2025-10-24,OCT,FRI,False,,EDB,1007,1007.0,DAR,1209.0,1209.0,0.0,1211,1211.0,0.0,190.0,BHM,1506.0,1510.0,4.0,True
202510246723824,XC,2025-10-24,OCT,FRI,False,,NCL,1236,1236.0,DAR,1305.0,1307.0,2.0,1307,1309.0,2.0,50.0,BHM,1528.0,1530.0,2.0,True
202510246723785,XC,2025-10-24,OCT,FRI,False,,EDB,1207,1206.0,DAR,1409.0,1408.0,-1.0,1411,1410.0,-1.0,190.0,BHM,1706.0,1707.0,1.0,True
202510246723829,XC,2025-10-24,OCT,FRI,False,685.0,NCL,1435,1434.0,DAR,1505.0,1504.0,-1.0,1506,1506.0,0.0,50.0,BHM,1727.0,1739.0,12.0,True
202510246723797,XC,2025-10-24,OCT,FRI,False,895.0,EDB,1404,1404.0,DAR,1609.0,1610.0,1.0,1611,1612.0,1.0,190.0,BHM,1907.0,1928.0,21.0,True
202510246723482,XC,2025-10-24,OCT,FRI,False,,NCL,1633,1634.0,DAR,1704.0,1706.0,2.0,1705,1708.0,3.0,50.0,BHM,1930.0,1941.0,11.0,True
202510246723804,XC,2025-10-24,OCT,FRI,False,887.0,EDB,1607,1606.0,DAR,1809.0,1834.0,25.0,1811,1836.0,25.0,190.0,BHM,2107.0,2133.0,26.0,True
202510246723807,XC,2025-10-24,OCT,FRI,False,904.0,EDB,1707,1706.0,DAR,1909.0,1919.0,10.0,1911,1922.0,11.0,190.0,BHM,2208.0,2223.0,15.0,True
202510246723362,XC,2025-10-24,OCT,FRI,False,,EDB,1807,1807.0,DAR,2010.0,2012.0,2.0,2011,2014.0,3.0,190.0,BHM,2328.0,2336.0,8.0,True
202510276723813,XC,2025-10-27,OCT,MON,False,,NCL,624,624.0,DAR,653.0,654.0,1.0,655,656.0,1.0,50.0,BHM,928.0,931.0,3.0,True
202510276723745,XC,2025-10-27,OCT,MON,False,887.0,NCL,640,639.0,DAR,710.0,709.0,-1.0,711,711.0,0.0,50.0,BHM,1004.0,1010.0,6.0,True
202510276723749,XC,2025-10-27,OCT,MON,False,,EDB,606,606.0,DAR,809.0,808.0,-1.0,811,810.0,-1.0,190.0,BHM,1106.0,1110.0,4.0,True
202510276723818,XC,2025-10-27,OCT,MON,False,,NCL,835,836.0,DAR,904.0,907.0,3.0,906,909.0,3.0,50.0,BHM,1126.0,1135.0,9.0,True
202510276723760,XC,2025-10-27,OCT,MON,False,574.0,GLC,648,647.0,DAR,1009.0,1012.0,3.0,1010,1017.0,7.0,228.0,BHM,1306.0,1358.0,52.0,True
202510276723821,XC,2025-10-27,OCT,MON,False,,NCL,1035,1034.0,DAR,1105.0,1108.0,3.0,1106,1109.0,3.0,50.0,BHM,1328.0,1334.0,6.0,True
202510276723773,XC,2025-10-27,OCT,MON,False,895.0,EDB,1007,1006.0,DAR,1209.0,1214.0,5.0,1211,1217.0,6.0,190.0,BHM,1506.0,1521.0,15.0,True
202510276723824,XC,2025-10-27,OCT,MON,False,,NCL,1236,1236.0,DAR,1305.0,1304.0,-1.0,1307,1307.0,0.0,50.0,BHM,1528.0,1532.0,4.0,True
202510276723785,XC,2025-10-27,OCT,MON,False,,EDB,1207,1209.0,DAR,1409.0,1409.0,0.0,1411,1411.0,0.0,190.0,BHM,1706.0,1715.0,9.0,True
202510276723829,XC,2025-10-27,OCT,MON,False,,NCL,1435,1434.0,DAR,1505.0,1509.0,4.0,1506,1512.0,6.0,50.0,BHM,1727.0,1731.0,4.0,True
202510276723797,XC,2025-10-27,OCT,MON,False,,EDB,1404,,DAR,1609.0,1621.0,12.0,1611,1624.0,13.0,190.0,BHM,1907.0,1927.0,20.0,True
202510276723804,XC,2025-10-27,OCT,MON,False,,EDB,1607,1606.0,DAR,1809.0,1810.0,1.0,1811,1811.0,0.0,190.0,BHM,2107.0,2114.0,7.0,True
202510276723807,XC,2025-10-27,OCT,MON,False,574.0,EDB,1707,1727.0,DAR,1909.0,1928.0,19.0,1911,1930.0,19.0,190.0,BHM,2208.0,2233.0,25.0,True
202510276723362,XC,2025-10-27,OCT,MON,False,,EDB,1807,1807.0,DAR,2010.0,2010.0,0.0,2011,2011.0,0.0,190.0,BHM,2328.0,2326.0,-2.0,False
202510286723813,XC,2025-10-28,OCT,TUE,False,,NCL,624,625.0,DAR,653.0,656.0,3.0,655,658.0,3.0,50.0,BHM,928.0,936.0,8.0,True
202510286723745,XC,2025-10-28,OCT,TUE,False,,NCL,640,640.0,DAR,710.0,709.0,-1.0,711,710.0,-1.0,50.0,BHM,1004.0,1005.0,1.0,True
202510286723749,XC,2025-10-28,OCT,TUE,False,,EDB,606,606.0,DAR,809.0,808.0,-1.0,811,810.0,-1.0,190.0,BHM,1106.0,1119.0,13.0,True
202510286723818,XC,2025-10-28,OCT,TUE,False,,NCL,835,834.0,DAR,904.0,907.0,3.0,906,909.0,3.0,50.0,BHM,1126.0,1131.0,5.0,True
202510286723760,XC,2025-10-28,OCT,TUE,False,895.0,GLC,648,648.0,DAR,1009.0,1010.0,1.0,1010,1012.0,2.0,228.0,BHM,1306.0,1316.0,10.0,True
202510286723821,XC,2025-10-28,OCT,TUE,False,,NCL,1035,1037.0,DAR,1105.0,1110.0,5.0,1106,1114.0,8.0,50.0,BHM,1328.0,1329.0,1.0,True
202510286723773,XC,2025-10-28,OCT,TUE,False,,EDB,1007,1007.0,DAR,1209.0,1208.0,-1.0,1211,1211.0,0.0,190.0,BHM,1506.0,1504.0,-2.0,False
202510286723824,XC,2025-10-28,OCT,TUE,False,,NCL,1236,1238.0,DAR,1305.0,1307.0,2.0,1307,1309.0,2.0,50.0,BHM,1528.0,1531.0,3.0,True
202510286723785,XC,2025-10-28,OCT,TUE,False,,EDB,1207,1211.0,DAR,1409.0,1410.0,1.0,1411,1412.0,1.0,190.0,BHM,1706.0,1706.0,0.0,False
202510286723829,XC,2025-10-28,OCT,TUE,False,576.0,NCL,1435,1435.0,DAR,1505.0,1510.0,5.0,1506,1512.0,6.0,50.0,BHM,1727.0,1734.0,7.0,True
202510286723797,XC,2025-10-28,OCT,TUE,False,,EDB,1404,1403.0,DAR,1609.0,1611.0,2.0,1611,1613.0,2.0,190.0,BHM,1907.0,1912.0,5.0,True
202510286723482,XC,2025-10-28,OCT,TUE,False,,NCL,1633,1640.0,DAR,1704.0,1710.0,6.0,1705,1712.0,7.0,50.0,BHM,1930.0,1935.0,5.0,True
202510286723804,XC,2025-10-28,OCT,TUE,False,851.0,EDB,1607,1606.0,DAR,1809.0,1832.0,23.0,1811,1833.0,22.0,190.0,BHM,2107.0,2138.0,31.0,True
202510286723807,XC,2025-10-28,OCT,TUE,False,895.0,EDB,1707,1707.0,DAR,1909.0,1916.0,7.0,1911,1918.0,7.0,190.0,BHM,2208.0,2219.0,11.0,True
202510286723362,XC,2025-10-28,OCT,TUE,False,895.0,EDB,1807,1807.0,DAR,2010.0,2023.0,13.0,2011,2025.0,14.0,190.0,BHM,2328.0,2328.0,0.0,False
202510296723813,XC,2025-10-29,OCT,WED,False,,NCL,624,624.0,DAR,653.0,653.0,0.0,655,655.0,0.0,50.0,BHM,928.0,925.0,-3.0,False
202510296723745,XC,2025-10-29,OCT,WED,False,895.0,NCL,640,640.0,DAR,710.0,710.0,0.0,711,712.0,1.0,50.0,BHM,1004.0,1018.0,14.0,True
202510296723749,XC,2025-10-29,OCT,WED,False,,EDB,606,606.0,DAR,809.0,808.0,-1.0,811,810.0,-1.0,190.0,BHM,1106.0,1106.0,0.0,False
202510296723818,XC,2025-10-29,OCT,WED,False,,NCL,835,836.0,DAR,904.0,906.0,2.0,906,909.0,3.0,50.0,BHM,1126.0,1126.0,0.0,False
202510296723760,XC,2025-10-29,OCT,WED,False,576.0,GLC,648,647.0,DAR,1009.0,1009.0,0.0,1010,1011.0,1.0,228.0,BHM,1306.0,1322.0,16.0,True
202510296723821,XC,2025-10-29,OCT,WED,False,824.0,NCL,1035,1034.0,DAR,1105.0,1104.0,-1.0,1106,1106.0,0.0,50.0,BHM,1328.0,1359.0,31.0,True
202510296723773,XC,2025-10-29,OCT,WED,False,,EDB,1007,1007.0,DAR,1209.0,1209.0,0.0,1211,1211.0,0.0,190.0,BHM,1506.0,1506.0,0.0,False
202510296723824,XC,2025-10-29,OCT,WED,False,,NCL,1236,1236.0,DAR,1305.0,1306.0,1.0,1307,1308.0,1.0,50.0,BHM,1528.0,1526.0,-2.0,False
202510296723785,XC,2025-10-29,OCT,WED,False,,EDB,1207,1206.0,DAR,1409.0,1412.0,3.0,1411,1414.0,3.0,190.0,BHM,1706.0,1705.0,-1.0,False
202510296723829,XC,2025-10-29,OCT,WED,False,,NCL,1435,1438.0,DAR,1505.0,1507.0,2.0,1506,1509.0,3.0,50.0,BHM,1727.0,1727.0,0.0,False
202510296723797,XC,2025-10-29,OCT,WED,False,895.0,EDB,1404,1404.0,DAR,1609.0,1608.0,-1.0,1611,1610.0,-1.0,190.0,BHM,1907.0,1925.0,18.0,True
202510296723482,XC,2025-10-29,OCT,WED,False,576.0,NCL,1633,1635.0,DAR,1704.0,1706.0,2.0,1705,1707.0,2.0,50.0,BHM,1930.0,1950.0,20.0,True
202510296723804,XC,2025-10-29,OCT,WED,False,,EDB,1607,1607.0,DAR,1809.0,1809.0,0.0,1811,1811.0,0.0,190.0,BHM,2107.0,2107.0,0.0,False
202510296723807,XC,2025-10-29,OCT,WED,False,,EDB,1707,1707.0,DAR,1909.0,1909.0,0.0,1911,1911.0,0.0,190.0,BHM,2208.0,2215.0,7.0,True
202510296723362,XC,2025-10-29,OCT,WED,False,895.0,EDB,1807,1806.0,DAR,2010.0,2024.0,14.0,2011,2025.0,14.0,190.0,BHM,2328.0,2330.0,2.0,True
202510306723813,XC,2025-10-30,OCT,THU,False,,NCL,624,624.0,DAR,653.0,654.0,1.0,655,655.0,0.0,50.0,BHM,928.0,926.0,-2.0,False
202510306723745,XC,2025-10-30,OCT,THU,False,,NCL,640,640.0,DAR,710.0,709.0,-1.0,711,711.0,0.0,50.0,BHM,1004.0,1007.0,3.0,True
202510306723749,XC,2025-10-30,OCT,THU,False,573.0,EDB,606,606.0,DAR,809.0,823.0,14.0,811,825.0,14.0,190.0,BHM,1106.0,1106.0,0.0,False
202510306723818,XC,2025-10-30,OCT,THU,False,,NCL,835,835.0,DAR,904.0,905.0,1.0,906,907.0,1.0,50.0,BHM,1126.0,1131.0,5.0,True
202510306723760,XC,2025-10-30,OCT,THU,False,,GLC,648,647.0,DAR,1009.0,1017.0,8.0,1010,1018.0,8.0,228.0,BHM,1306.0,1308.0,2.0,True
202510306723821,XC,2025-10-30,OCT,THU,False,,NCL,1035,1036.0,DAR,1105.0,1135.0,30.0,1106,1138.0,32.0,50.0,BHM,1328.0,1357.0,29.0,True
202510306723773,XC,2025-10-30,OCT,THU,False,832.0,EDB,1007,1007.0,DAR,1209.0,1239.0,30.0,1211,1242.0,31.0,190.0,BHM,1506.0,1549.0,43.0,True
202510306723824,XC,2025-10-30,OCT,THU,False,895.0,NCL,1236,1236.0,DAR,1305.0,1305.0,0.0,1307,1307.0,0.0,50.0,BHM,1528.0,1557.0,29.0,True
202510306723785,XC,2025-10-30,OCT,THU,False,895.0,EDB,1207,1207.0,DAR,1409.0,1408.0,-1.0,1411,1410.0,-1.0,190.0,BHM,1706.0,1718.0,12.0,True
202510306723829,XC,2025-10-30,OCT,THU,False,,NCL,1435,1436.0,DAR,1505.0,1505.0,0.0,1506,1507.0,1.0,50.0,BHM,1727.0,1735.0,8.0,True
202510306723797,XC,2025-10-30,OCT,THU,False,895.0,EDB,1404,1404.0,DAR,1609.0,1608.0,-1.0,1611,1610.0,-1.0,190.0,BHM,1907.0,1917.0,10.0,True
202510306723482,XC,2025-10-30,OCT,THU,False,,NCL,1633,1633.0,DAR,1704.0,1729.0,25.0,1705,1731.0,26.0,50.0,BHM,1930.0,2000.0,30.0,True
202510306723804,XC,2025-10-30,OCT,THU,False,,EDB,1607,1606.0,DAR,1809.0,1809.0,0.0,1811,1811.0,0.0,190.0,BHM,2107.0,2106.0,-1.0,False
202510306723807,XC,2025-10-30,OCT,THU,False,,EDB,1707,1707.0,DAR,1909.0,1914.0,5.0,1911,1916.0,5.0,190.0,BHM,2208.0,2212.0,4.0,True
202510306723362,XC,2025-10-30,OCT,THU,False,576.0,EDB,1807,1819.0,DAR,2010.0,2032.0,22.0,2011,2033.0,22.0,190.0,BHM,2328.0,54.0,-1354.0,False
202510316723813,XC,2025-10-31,OCT,FRI,False,,NCL,624,624.0,DAR,653.0,655.0,2.0,655,656.0,1.0,50.0,BHM,928.0,929.0,1.0,True
202510316723745,XC,2025-10-31,OCT,FRI,False,576.0,NCL,640,640.0,DAR,710.0,708.0,-2.0,711,710.0,-1.0,50.0,BHM,1004.0,1108.0,64.0,True
202510316723749,XC,2025-10-31,OCT,FRI,False,,EDB,606,605.0,DAR,809.0,808.0,-1.0,811,811.0,0.0,190.0,BHM,1106.0,1201.0,55.0,True
202510316723818,XC,2025-10-31,OCT,FRI,False,,NCL,835,837.0,DAR,904.0,906.0,2.0,906,907.0,1.0,50.0,BHM,1126.0,1131.0,5.0,True
202510316723761,XC,2025-10-31,OCT,FRI,False,,GLC,648,651.0,DAR,1009.0,1010.0,1.0,1010,1013.0,3.0,228.0,BHM,1306.0,1311.0,5.0,True
202510316723821,XC,2025-10-31,OCT,FRI,False,,NCL,1035,1034.0,DAR,1105.0,1104.0,-1.0,1106,1106.0,0.0,50.0,BHM,1328.0,1326.0,-2.0,False
202510316723773,XC,2025-10-31,OCT,FRI,False,,EDB,1007,1007.0,DAR,1209.0,1211.0,2.0,1211,1212.0,1.0,190.0,BHM,1506.0,1507.0,1.0,True
202510316723824,XC,2025-10-31,OCT,FRI,False,,NCL,1236,1237.0,DAR,1305.0,1306.0,1.0,1307,1308.0,1.0,50.0,BHM,1528.0,1527.0,-1.0,False
202510316723785,XC,2025-10-31,OCT,FRI,False,832.0,EDB,1207,,DAR,1409.0,1410.0,1.0,1411,1413.0,2.0,190.0,BHM,1706.0,1706.0,0.0,False
202510316723829,XC,2025-10-31,OCT,FRI,False,895.0,NCL,1435,1437.0,DAR,1505.0,1510.0,5.0,1506,1513.0,7.0,50.0,BHM,1727.0,1813.0,46.0,True
202510316723797,XC,2025-10-31,OCT,FRI,False,,EDB,1404,1405.0,DAR,1609.0,1610.0,1.0,1611,1612.0,1.0,190.0,BHM,1907.0,1908.0,1.0,True
202510316723482,XC,2025-10-31,OCT,FRI,False,,NCL,1633,1632.0,DAR,1704.0,1705.0,1.0,1705,1707.0,2.0,50.0,BHM,1930.0,1933.0,3.0,True
202510316723804,XC,2025-10-31,OCT,FRI,False,,EDB,1607,1614.0,DAR,1809.0,1814.0,5.0,1811,1817.0,6.0,190.0,BHM,2107.0,2106.0,-1.0,False
202510316723807,XC,2025-10-31,OCT,FRI,False,,EDB,1707,1706.0,DAR,1909.0,1911.0,2.0,1911,1912.0,1.0,190.0,BHM,2208.0,2218.0,10.0,True
202510316723362,XC,2025-10-31,OCT,FRI,False,887.0,EDB,1807,1807.0,DAR,2010.0,2011.0,1.0,2011,2013.0,2.0,190.0,BHM,2328.0,2331.0,3.0,True
202511036723813,XC,2025-11-03,NOV,MON,False,,NCL,624,624.0,DAR,653.0,654.0,1.0,655,656.0,1.0,50.0,BHM,928.0,928.0,0.0,False
202511036723745,XC,2025-11-03,NOV,MON,False,,NCL,640,640.0,DAR,710.0,710.0,0.0,711,712.0,1.0,50.0,BHM,1004.0,1008.0,4.0,True
202511036723749,XC,2025-11-03,NOV,MON,False,,EDB,606,606.0,DAR,809.0,809.0,0.0,811,811.0,0.0,190.0,BHM,1106.0,1108.0,2.0,True
202511036723818,XC,2025-11-03,NOV,MON,False,,NCL,835,835.0,DAR,904.0,907.0,3.0,906,908.0,2.0,50.0,BHM,1126.0,1133.0,7.0,True
202511036723760,XC,2025-11-03,NOV,MON,False,810.0,GLC,648,648.0,DAR,1009.0,1011.0,2.0,1010,1015.0,5.0,228.0,BHM,1306.0,1308.0,2.0,True
202511036723821,XC,2025-11-03,NOV,MON,False,,NCL,1035,1034.0,DAR,1105.0,1107.0,2.0,1106,1109.0,3.0,50.0,BHM,1328.0,1331.0,3.0,True
202511036723773,XC,2025-11-03,NOV,MON,False,,EDB,1007,1007.0,DAR,1209.0,1211.0,2.0,1211,1216.0,5.0,190.0,BHM,1506.0,1506.0,0.0,False
202511036723824,XC,2025-11-03,NOV,MON,False,,NCL,1236,1236.0,DAR,1305.0,1308.0,3.0,1307,1311.0,4.0,50.0,BHM,1528.0,1530.0,2.0,True
202511036723785,XC,2025-11-03,NOV,MON,False,895.0,EDB,1207,1206.0,DAR,1409.0,1410.0,1.0,1411,1412.0,1.0,190.0,BHM,1706.0,1707.0,1.0,True
202511036723829,XC,2025-11-03,NOV,MON,False,,NCL,1435,1435.0,DAR,1505.0,1505.0,0.0,1506,1507.0,1.0,50.0,BHM,1727.0,1732.0,5.0,True
202511036723797,XC,2025-11-03,NOV,MON,False,895.0,EDB,1404,1404.0,DAR,1609.0,1611.0,2.0,1611,1613.0,2.0,190.0,BHM,1907.0,1933.0,26.0,True
202511036723482,XC,2025-11-03,NOV,MON,False,,NCL,1633,1632.0,DAR,1704.0,1702.0,-2.0,1705,1705.0,0.0,50.0,BHM,1930.0,1939.0,9.0,True
202511036723804,XC,2025-11-03,NOV,MON,False,,EDB,1607,1606.0,DAR,1809.0,1808.0,-1.0,1811,1810.0,-1.0,190.0,BHM,2107.0,2105.0,-2.0,False
202511036723807,XC,2025-11-03,NOV,MON,False,,EDB,1707,1707.0,DAR,1909.0,1910.0,1.0,1911,1911.0,0.0,190.0,BHM,2208.0,2212.0,4.0,True
202511036723362,XC,2025-11-03,NOV,MON,False,,EDB,1807,1806.0,DAR,2010.0,2013.0,3.0,2011,2015.0,4.0,190.0,BHM,2328.0,2329.0,1.0,True
202511046723813,XC,2025-11-04,NOV,TUE,False,,NCL,624,624.0,DAR,653.0,653.0,0.0,655,655.0,0.0,50.0,BHM,928.0,933.0,5.0,True
202511046723745,XC,2025-11-04,NOV,TUE,False,,NCL,640,640.0,DAR,710.0,709.0,-1.0,711,711.0,0.0,50.0,BHM,1004.0,1006.0,2.0,True
202511046723749,XC,2025-11-04,NOV,TUE,False,,EDB,606,606.0,DAR,809.0,809.0,0.0,811,811.0,0.0,190.0,BHM,1106.0,1108.0,2.0,True
202511046723818,XC,2025-11-04,NOV,TUE,False,573.0,NCL,835,835.0,DAR,904.0,906.0,2.0,906,907.0,1.0,50.0,BHM,1126.0,1200.0,34.0,True
202511046723760,XC,2025-11-04,NOV,TUE,False,536.0,GLC,648,648.0,DAR,1009.0,1010.0,1.0,1010,1012.0,2.0,228.0,BHM,1306.0,1318.0,12.0,True
202511046723821,XC,2025-11-04,NOV,TUE,False,,NCL,1035,1035.0,DAR,1105.0,1107.0,2.0,1106,1108.0,2.0,50.0,BHM,1328.0,1330.0,2.0,True
202511046723773,XC,2025-11-04,NOV,TUE,False,,EDB,1007,1007.0,DAR,1209.0,1209.0,0.0,1211,1211.0,0.0,190.0,BHM,1506.0,1508.0,2.0,True
202511046723824,XC,2025-11-04,NOV,TUE,False,,NCL,1236,1236.0,DAR,1305.0,1305.0,0.0,1307,1307.0,0.0,50.0,BHM,1528.0,1530.0,2.0,True
202511046723785,XC,2025-11-04,NOV,TUE,False,904.0,EDB,1207,1206.0,DAR,1409.0,1416.0,7.0,1411,1418.0,7.0,190.0,BHM,1706.0,1722.0,16.0,True
202511046723829,XC,2025-11-04,NOV,TUE,False,,NCL,1435,1435.0,DAR,1505.0,1503.0,-2.0,1506,1505.0,-1.0,50.0,BHM,1727.0,1738.0,11.0,True
202511046723797,XC,2025-11-04,NOV,TUE,False,,EDB,1404,1403.0,DAR,1609.0,1609.0,0.0,1611,1611.0,0.0,190.0,BHM,1907.0,1921.0,14.0,True
202511046723482,XC,2025-11-04,NOV,TUE,False,,NCL,1633,1633.0,DAR,1704.0,1705.0,1.0,1705,1707.0,2.0,50.0,BHM,1930.0,1940.0,10.0,True
202511046723804,XC,2025-11-04,NOV,TUE,False,832.0,EDB,1607,1606.0,DAR,1809.0,1821.0,12.0,1811,1824.0,13.0,190.0,BHM,2107.0,2328.0,141.0,True
202511046723362,XC,2025-11-04,NOV,TUE,False,832.0,EDB,1807,1806.0,DAR,2010.0,2102.0,52.0,2011,2106.0,55.0,190.0,BHM,2328.0,49.0,-1359.0,False
202511056723813,XC,2025-11-05,NOV,WED,False,,NCL,624,624.0,DAR,653.0,655.0,2.0,655,656.0,1.0,50.0,BHM,928.0,926.0,-2.0,False
202511056723745,XC,2025-11-05,NOV,WED,False,,NCL,640,640.0,DAR,710.0,709.0,-1.0,711,710.0,-1.0,50.0,BHM,1004.0,1009.0,5.0,True
202511056723749,XC,2025-11-05,NOV,WED,False,,EDB,606,606.0,DAR,809.0,810.0,1.0,811,813.0,2.0,190.0,BHM,1106.0,1108.0,2.0,True
202511056723818,XC,2025-11-05,NOV,WED,False,,NCL,835,834.0,DAR,904.0,904.0,0.0,906,906.0,0.0,50.0,BHM,1126.0,1128.0,2.0,True
202511056723760,XC,2025-11-05,NOV,WED,False,,GLC,648,647.0,DAR,1009.0,1011.0,2.0,1010,1013.0,3.0,228.0,BHM,1306.0,1313.0,7.0,True
202511056723821,XC,2025-11-05,NOV,WED,False,,NCL,1035,1034.0,DAR,1105.0,1104.0,-1.0,1106,1107.0,1.0,50.0,BHM,1328.0,1330.0,2.0,True
202511056723773,XC,2025-11-05,NOV,WED,False,871.0,EDB,1007,1007.0,DAR,1209.0,1209.0,0.0,1211,1211.0,0.0,190.0,BHM,1506.0,1540.0,34.0,True
202511056723824,XC,2025-11-05,NOV,WED,False,,NCL,1236,1236.0,DAR,1305.0,1305.0,0.0,1307,1307.0,0.0,50.0,BHM,1528.0,1529.0,1.0,True
202511056723785,XC,2025-11-05,NOV,WED,False,904.0,EDB,1207,1207.0,DAR,1409.0,1409.0,0.0,1411,1411.0,0.0,190.0,BHM,1706.0,1725.0,19.0,True
202511056723829,XC,2025-11-05,NOV,WED,False,,NCL,1435,1434.0,DAR,1505.0,1505.0,0.0,1506,1506.0,0.0,50.0,BHM,1727.0,1734.0,7.0,True
202511056723797,XC,2025-11-05,NOV,WED,False,,EDB,1404,1405.0,DAR,1609.0,1610.0,1.0,1611,1612.0,1.0,190.0,BHM,1907.0,1911.0,4.0,True
202511056723482,XC,2025-11-05,NOV,WED,False,,NCL,1633,1633.0,DAR,1704.0,1704.0,0.0,1705,1706.0,1.0,50.0,BHM,1930.0,1930.0,0.0,False
202511056723804,XC,2025-11-05,NOV,WED,False,,EDB,1607,1606.0,DAR,1809.0,1808.0,-1.0,1811,1810.0,-1.0,190.0,BHM,2107.0,2108.0,1.0,True
202511056723807,XC,2025-11-05,NOV,WED,False,,EDB,1707,1707.0,DAR,1909.0,1910.0,1.0,1911,1912.0,1.0,190.0,BHM,2208.0,2214.0,6.0,True
202511056723362,XC,2025-11-05,NOV,WED,False,904.0,EDB,1807,1806.0,DAR,2010.0,2021.0,11.0,2011,2023.0,12.0,190.0,BHM,2328.0,2331.0,3.0,True
202511066723813,XC,2025-11-06,NOV,THU,False,,NCL,624,624.0,DAR,653.0,653.0,0.0,655,655.0,0.0,50.0,BHM,928.0,935.0,7.0,True
202511066723745,XC,2025-11-06,NOV,THU,False,,NCL,640,640.0,DAR,710.0,710.0,0.0,711,712.0,1.0,50.0,BHM,1004.0,1018.0,14.0,True
202511066723749,XC,2025-11-06,NOV,THU,False,,EDB,606,606.0,DAR,809.0,808.0,-1.0,811,810.0,-1.0,190.0,BHM,1106.0,1105.0,-1.0,False
202511066723818,XC,2025-11-06,NOV,THU,False,,NCL,835,835.0,DAR,904.0,905.0,1.0,906,907.0,1.0,50.0,BHM,1126.0,1130.0,4.0,True
202511066723760,XC,2025-11-06,NOV,THU,False,,GLC,648,647.0,DAR,1009.0,1009.0,0.0,1010,1011.0,1.0,228.0,BHM,1306.0,1321.0,15.0,True
202511066723821,XC,2025-11-06,NOV,THU,False,,NCL,1035,1035.0,DAR,1105.0,1103.0,-2.0,1106,1106.0,0.0,50.0,BHM,1328.0,1334.0,6.0,True
202511066723773,XC,2025-11-06,NOV,THU,False,,EDB,1007,1007.0,DAR,1209.0,1209.0,0.0,1211,1210.0,-1.0,190.0,BHM,1506.0,1506.0,0.0,False
202511066723824,XC,2025-11-06,NOV,THU,False,,NCL,1236,1236.0,DAR,1305.0,1305.0,0.0,1307,1307.0,0.0,50.0,BHM,1528.0,1527.0,-1.0,False
202511066723785,XC,2025-11-06,NOV,THU,False,,EDB,1207,1206.0,DAR,1409.0,1408.0,-1.0,1411,1410.0,-1.0,190.0,BHM,1706.0,1706.0,0.0,False
202511066723829,XC,2025-11-06,NOV,THU,False,904.0,NCL,1435,1435.0,DAR,1505.0,1505.0,0.0,1506,1507.0,1.0,50.0,BHM,1727.0,1738.0,11.0,True
202511066723797,XC,2025-11-06,NOV,THU,False,,EDB,1404,1403.0,DAR,1609.0,1610.0,1.0,1611,1611.0,0.0,190.0,BHM,1907.0,1909.0,2.0,True
202511066723482,XC,2025-11-06,NOV,THU,False,,NCL,1633,1633.0,DAR,1704.0,1703.0,-1.0,1705,1705.0,0.0,50.0,BHM,1930.0,1934.0,4.0,True
202511066723804,XC,2025-11-06,NOV,THU,False,,EDB,1607,1606.0,DAR,1809.0,1809.0,0.0,1811,1811.0,0.0,190.0,BHM,2107.0,2105.0,-2.0,False
202511066723807,XC,2025-11-06,NOV,THU,False,,EDB,1707,1708.0,DAR,1909.0,1916.0,7.0,1911,1917.0,6.0,190.0,BHM,2208.0,2211.0,3.0,True
202511066723362,XC,2025-11-06,NOV,THU,False,,EDB,1807,1806.0,DAR,2010.0,2009.0,-1.0,2011,2011.0,0.0,190.0,BHM,2328.0,2327.0,-1.0,False
202511076723813,XC,2025-11-07,NOV,FRI,False,,NCL,624,624.0,DAR,653.0,655.0,2.0,655,656.0,1.0,50.0,BHM,928.0,926.0,-2.0,False
202511076723745,XC,2025-11-07,NOV,FRI,False,,NCL,640,640.0,DAR,710.0,709.0,-1.0,711,711.0,0.0,50.0,BHM,1004.0,1002.0,-2.0,False
202511076723749,XC,2025-11-07,NOV,FRI,False,696.0,EDB,606,605.0,DAR,809.0,808.0,-1.0,811,810.0,-1.0,190.0,BHM,1106.0,1113.0,7.0,True
202511076723818,XC,2025-11-07,NOV,FRI,False,,NCL,835,835.0,DAR,904.0,905.0,1.0,906,907.0,1.0,50.0,BHM,1126.0,1133.0,7.0,True
202511076723761,XC,2025-11-07,NOV,FRI,False,904.0,GLC,648,648.0,DAR,1009.0,1009.0,0.0,1010,1011.0,1.0,228.0,BHM,1306.0,1317.0,11.0,True
202511076723821,XC,2025-11-07,NOV,FRI,False,,NCL,1035,1035.0,DAR,1105.0,1110.0,5.0,1106,1112.0,6.0,50.0,BHM,1328.0,1333.0,5.0,True
202511076723773,XC,2025-11-07,NOV,FRI,False,696.0,EDB,1007,1007.0,DAR,1209.0,1322.0,73.0,1211,1324.0,73.0,190.0,BHM,1506.0,1600.0,54.0,True
202511076723824,XC,2025-11-07,NOV,FRI,False,,NCL,1236,1236.0,DAR,1305.0,1304.0,-1.0,1307,1306.0,-1.0,50.0,BHM,1528.0,1530.0,2.0,True
202511076723785,XC,2025-11-07,NOV,FRI,False,576.0,EDB,1207,1206.0,DAR,1409.0,1428.0,19.0,1411,1431.0,20.0,190.0,BHM,1706.0,1744.0,38.0,True
202511076723829,XC,2025-11-07,NOV,FRI,False,904.0,NCL,1435,1434.0,DAR,1505.0,1503.0,-2.0,1506,1505.0,-1.0,50.0,BHM,1727.0,1755.0,28.0,True
202511076723797,XC,2025-11-07,NOV,FRI,False,887.0,EDB,1404,1403.0,DAR,1609.0,1610.0,1.0,1611,1612.0,1.0,190.0,BHM,1907.0,1930.0,23.0,True
202511076723804,XC,2025-11-07,NOV,FRI,False,,EDB,1607,1606.0,DAR,1809.0,1810.0,1.0,1811,1811.0,0.0,190.0,BHM,2107.0,2108.0,1.0,True
202511076723807,XC,2025-11-07,NOV,FRI,False,,EDB,1707,1707.0,DAR,1909.0,1909.0,0.0,1911,1911.0,0.0,190.0,BHM,2208.0,2221.0,13.0,True
202511076723362,XC,2025-11-07,NOV,FRI,False,913.0,EDB,1807,1815.0,DAR,2010.0,2028.0,18.0,2011,2030.0,19.0,190.0,BHM,2328.0,2335.0,7.0,True
202511106723813,XC,2025-11-10,NOV,MON,False,,NCL,624,624.0,DAR,653.0,654.0,1.0,655,656.0,1.0,50.0,BHM,928.0,932.0,4.0,True
202511106723745,XC,2025-11-10,NOV,MON,False,910.0,NCL,640,639.0,DAR,710.0,709.0,-1.0,711,711.0,0.0,50.0,BHM,1004.0,1017.0,13.0,True
202511106723749,XC,2025-11-10,NOV,MON,False,895.0,EDB,606,606.0,DAR,809.0,808.0,-1.0,811,810.0,-1.0,190.0,BHM,1106.0,1117.0,11.0,True
202511106723818,XC,2025-11-10,NOV,MON,False,,NCL,835,836.0,DAR,904.0,905.0,1.0,906,906.0,0.0,50.0,BHM,1126.0,1131.0,5.0,True
202511106723760,XC,2025-11-10,NOV,MON,False,904.0,GLC,648,647.0,DAR,1009.0,1013.0,4.0,1010,1015.0,5.0,228.0,BHM,1306.0,1333.0,27.0,True
202511106723821,XC,2025-11-10,NOV,MON,False,904.0,NCL,1035,1034.0,DAR,1105.0,1107.0,2.0,1106,1109.0,3.0,50.0,BHM,1328.0,1336.0,8.0,True
202511106723773,XC,2025-11-10,NOV,MON,False,,EDB,1007,1007.0,DAR,1209.0,1209.0,0.0,1211,1211.0,0.0,190.0,BHM,1506.0,1507.0,1.0,True
202511106723824,XC,2025-11-10,NOV,MON,False,896.0,NCL,1236,1236.0,DAR,1305.0,1322.0,17.0,1307,1323.0,16.0,50.0,BHM,1528.0,1602.0,34.0,True
202511106723785,XC,2025-11-10,NOV,MON,False,,EDB,1207,1206.0,DAR,1409.0,1413.0,4.0,1411,1414.0,3.0,190.0,BHM,1706.0,1705.0,-1.0,False
202511106723829,XC,2025-11-10,NOV,MON,False,,NCL,1435,1435.0,DAR,1505.0,1505.0,0.0,1506,1507.0,1.0,50.0,BHM,1727.0,1731.0,4.0,True
202511106723797,XC,2025-11-10,NOV,MON,False,832.0,EDB,1404,1403.0,DAR,1609.0,1611.0,2.0,1611,1613.0,2.0,190.0,BHM,1907.0,1959.0,52.0,True
202511106723482,XC,2025-11-10,NOV,MON,False,832.0,NCL,1633,1637.0,DAR,1704.0,1707.0,3.0,1705,1708.0,3.0,50.0,BHM,1930.0,2009.0,39.0,True
202511106723804,XC,2025-11-10,NOV,MON,False,,EDB,1607,1606.0,DAR,1809.0,1809.0,0.0,1811,1811.0,0.0,190.0,BHM,2107.0,2110.0,3.0,True
202511106723807,XC,2025-11-10,NOV,MON,False,,EDB,1707,1706.0,DAR,1909.0,1910.0,1.0,1911,1911.0,0.0,190.0,BHM,2208.0,2213.0,5.0,True
202511106723362,XC,2025-11-10,NOV,MON,False,904.0,EDB,1807,1806.0,DAR,2010.0,2020.0,10.0,2011,2021.0,10.0,190.0,BHM,2328.0,2357.0,29.0,True
202511116723813,XC,2025-11-11,NOV,TUE,False,,NCL,624,624.0,DAR,653.0,654.0,1.0,655,656.0,1.0,50.0,BHM,928.0,927.0,-1.0,False
202511116723745,XC,2025-11-11,NOV,TUE,False,,NCL,640,641.0,DAR,710.0,712.0,2.0,711,714.0,3.0,50.0,BHM,1004.0,1009.0,5.0,True
202511116723749,XC,2025-11-11,NOV,TUE,False,,EDB,606,605.0,DAR,809.0,808.0,-1.0,811,811.0,0.0,190.0,BHM,1106.0,1109.0,3.0,True
202511116723818,XC,2025-11-11,NOV,TUE,False,832.0,NCL,835,835.0,DAR,904.0,906.0,2.0,906,908.0,2.0,50.0,BHM,1126.0,1156.0,30.0,True
202511116723760,XC,2025-11-11,NOV,TUE,False,832.0,GLC,648,648.0,DAR,1009.0,1009.0,0.0,1010,1011.0,1.0,228.0,BHM,1306.0,1315.0,9.0,True
202511116723821,XC,2025-11-11,NOV,TUE,False,832.0,NCL,1035,1035.0,DAR,1105.0,1105.0,0.0,1106,1106.0,0.0,50.0,BHM,1328.0,1411.0,43.0,True
202511116723773,XC,2025-11-11,NOV,TUE,False,832.0,EDB,1007,1007.0,DAR,1209.0,1211.0,2.0,1211,1215.0,4.0,190.0,BHM,1506.0,1517.0,11.0,True
202511116723824,XC,2025-11-11,NOV,TUE,False,,NCL,1236,1236.0,DAR,1305.0,1306.0,1.0,1307,1308.0,1.0,50.0,BHM,1528.0,1538.0,10.0,True
202511116723785,XC,2025-11-11,NOV,TUE,False,,EDB,1207,1206.0,DAR,1409.0,1409.0,0.0,1411,1411.0,0.0,190.0,BHM,1706.0,1722.0,16.0,True
202511116723829,XC,2025-11-11,NOV,TUE,False,,NCL,1435,1435.0,DAR,1505.0,1503.0,-2.0,1506,1506.0,0.0,50.0,BHM,1727.0,1748.0,21.0,True
202511116723797,XC,2025-11-11,NOV,TUE,False,579.0,EDB,1404,1404.0,DAR,1609.0,1610.0,1.0,1611,1611.0,0.0,190.0,BHM,1907.0,1939.0,32.0,True
202511116723482,XC,2025-11-11,NOV,TUE,False,,NCL,1633,1633.0,DAR,1704.0,1705.0,1.0,1705,1706.0,1.0,50.0,BHM,1930.0,1948.0,18.0,True
202511116723804,XC,2025-11-11,NOV,TUE,False,,EDB,1607,1606.0,DAR,1809.0,1808.0,-1.0,1811,1811.0,0.0,190.0,BHM,2107.0,2112.0,5.0,True
202511116723807,XC,2025-11-11,NOV,TUE,False,,EDB,1707,1707.0,DAR,1909.0,1908.0,-1.0,1911,1910.0,-1.0,190.0,BHM,2208.0,2231.0,23.0,True
202511116723362,XC,2025-11-11,NOV,TUE,False,,EDB,1807,1806.0,DAR,2010.0,2009.0,-1.0,2011,2011.0,0.0,190.0,BHM,2328.0,2334.0,6.0,True
202511126723813,XC,2025-11-12,NOV,WED,False,,NCL,624,624.0,DAR,653.0,654.0,1.0,655,655.0,0.0,50.0,BHM,928.0,933.0,5.0,True
202511126723745,XC,2025-11-12,NOV,WED,False,655.0,NCL,640,641.0,DAR,710.0,711.0,1.0,711,712.0,1.0,50.0,BHM,1004.0,1025.0,21.0,True
202511126723749,XC,2025-11-12,NOV,WED,False,,EDB,606,605.0,DAR,809.0,809.0,0.0,811,811.0,0.0,190.0,BHM,1106.0,1106.0,0.0,False
202511126723818,XC,2025-11-12,NOV,WED,False,,NCL,835,835.0,DAR,904.0,904.0,0.0,906,906.0,0.0,50.0,BHM,1126.0,1134.0,8.0,True
202511126723760,XC,2025-11-12,NOV,WED,False,,GLC,648,647.0,DAR,1009.0,1009.0,0.0,1010,1012.0,2.0,228.0,BHM,1306.0,1310.0,4.0,True
202511126723821,XC,2025-11-12,NOV,WED,False,,NCL,1035,1035.0,DAR,1105.0,1103.0,-2.0,1106,1106.0,0.0,50.0,BHM,1328.0,1327.0,-1.0,False
202511126723773,XC,2025-11-12,NOV,WED,False,,EDB,1007,1007.0,DAR,1209.0,1211.0,2.0,1211,1212.0,1.0,190.0,BHM,1506.0,1506.0,0.0,False
202511126723824,XC,2025-11-12,NOV,WED,False,,NCL,1236,1236.0,DAR,1305.0,1306.0,1.0,1307,1307.0,0.0,50.0,BHM,1528.0,1527.0,-1.0,False
202511126723785,XC,2025-11-12,NOV,WED,False,,EDB,1207,1206.0,DAR,1409.0,1411.0,2.0,1411,1413.0,2.0,190.0,BHM,1706.0,1708.0,2.0,True
202511126723792,XC,2025-11-12,NOV,WED,False,832.0,EDB,1307,1307.0,DAR,1510.0,1511.0,1.0,1511,1515.0,4.0,190.0,BHM,1807.0,1828.0,21.0,True
202511126723797,XC,2025-11-12,NOV,WED,False,904.0,EDB,1404,1404.0,DAR,1609.0,1609.0,0.0,1611,1611.0,0.0,190.0,BHM,1907.0,1934.0,27.0,True
202511126723482,XC,2025-11-12,NOV,WED,False,,NCL,1633,1635.0,DAR,1704.0,1706.0,2.0,1705,1707.0,2.0,50.0,BHM,1930.0,1937.0,7.0,True
202511126723804,XC,2025-11-12,NOV,WED,False,,EDB,1607,1606.0,DAR,1809.0,1811.0,2.0,1811,1813.0,2.0,190.0,BHM,2107.0,2114.0,7.0,True
202511126723807,XC,2025-11-12,NOV,WED,False,,EDB,1707,1706.0,DAR,1909.0,1908.0,-1.0,1911,1910.0,-1.0,190.0,BHM,2208.0,2219.0,11.0,True
202511126723362,XC,2025-11-12,NOV,WED,False,576.0,EDB,1807,1806.0,DAR,2010.0,2038.0,28.0,2011,2040.0,29.0,190.0,BHM,2328.0,2339.0,11.0,True
202511136723813,XC,2025-11-13,NOV,THU,False,,NCL,624,624.0,DAR,653.0,653.0,0.0,655,655.0,0.0,50.0,BHM,928.0,933.0,5.0,True
202511136723745,XC,2025-11-13,NOV,THU,False,705.0,NCL,640,640.0,DAR,710.0,709.0,-1.0,711,711.0,0.0,50.0,BHM,1004.0,1009.0,5.0,True
202511136723749,XC,2025-11-13,NOV,THU,False,841.0,EDB,606,605.0,DAR,809.0,820.0,11.0,811,822.0,11.0,190.0,BHM,1106.0,1118.0,12.0,True
202511136723818,XC,2025-11-13,NOV,THU,False,,NCL,835,835.0,DAR,904.0,903.0,-1.0,906,906.0,0.0,50.0,BHM,1126.0,1131.0,5.0,True
202511136723760,XC,2025-11-13,NOV,THU,False,841.0,GLC,648,647.0,DAR,1009.0,1026.0,17.0,1010,1028.0,18.0,228.0,BHM,1306.0,1341.0,35.0,True
202511136723821,XC,2025-11-13,NOV,THU,False,585.0,NCL,1035,1034.0,DAR,1105.0,1104.0,-1.0,1106,1106.0,0.0,50.0,BHM,1328.0,1345.0,17.0,True
202511136723773,XC,2025-11-13,NOV,THU,False,578.0,EDB,1007,1007.0,DAR,1209.0,1220.0,11.0,1211,1226.0,15.0,190.0,BHM,1506.0,1540.0,34.0,True
202511136723824,XC,2025-11-13,NOV,THU,False,578.0,NCL,1236,1236.0,DAR,1305.0,1306.0,1.0,1307,1308.0,1.0,50.0,BHM,1528.0,1546.0,18.0,True
202511136723785,XC,2025-11-13,NOV,THU,False,841.0,EDB,1207,1207.0,DAR,1409.0,1421.0,12.0,1411,1422.0,11.0,190.0,BHM,1706.0,1716.0,10.0,True
202511136723829,XC,2025-11-13,NOV,THU,False,904.0,NCL,1435,1436.0,DAR,1505.0,1509.0,4.0,1506,1511.0,5.0,50.0,BHM,1727.0,1735.0,8.0,True
202511136723797,XC,2025-11-13,NOV,THU,False,904.0,EDB,1404,1405.0,DAR,1609.0,1630.0,21.0,1611,1633.0,22.0,190.0,BHM,1907.0,1942.0,35.0,True
202511136723482,XC,2025-11-13,NOV,THU,False,904.0,NCL,1633,1633.0,DAR,1704.0,1702.0,-2.0,1705,1705.0,0.0,50.0,BHM,1930.0,1954.0,24.0,True
202511136723804,XC,2025-11-13,NOV,THU,False,841.0,EDB,1607,1606.0,DAR,1809.0,1823.0,14.0,1811,1825.0,14.0,190.0,BHM,2107.0,2136.0,29.0,True
202511136723807,XC,2025-11-13,NOV,THU,False,841.0,EDB,1707,1707.0,DAR,1909.0,1920.0,11.0,1911,1922.0,11.0,190.0,BHM,2208.0,2214.0,6.0,True
202511136723362,XC,2025-11-13,NOV,THU,False,841.0,EDB,1807,1807.0,DAR,2010.0,2027.0,17.0,2011,2028.0,17.0,190.0,BHM,2328.0,2355.0,27.0,True
202511146723813,XC,2025-11-14,NOV,FRI,False,,NCL,624,624.0,DAR,653.0,652.0,-1.0,655,655.0,0.0,50.0,BHM,928.0,932.0,4.0,True
202511146723745,XC,2025-11-14,NOV,FRI,False,886.0,NCL,640,640.0,DAR,710.0,709.0,-1.0,711,711.0,0.0,50.0,BHM,1004.0,1027.0,23.0,True
202511146723749,XC,2025-11-14,NOV,FRI,False,841.0,EDB,606,606.0,DAR,809.0,825.0,16.0,811,827.0,16.0,190.0,BHM,1106.0,1136.0,30.0,True
202511146723818,XC,2025-11-14,NOV,FRI,False,,NCL,835,835.0,DAR,904.0,905.0,1.0,906,906.0,0.0,50.0,BHM,1126.0,1141.0,15.0,True
202511146723761,XC,2025-11-14,NOV,FRI,False,,GLC,648,647.0,DAR,1009.0,1011.0,2.0,1010,1013.0,3.0,228.0,BHM,1306.0,1329.0,23.0,True
202511146723821,XC,2025-11-14,NOV,FRI,False,,NCL,1035,1035.0,DAR,1105.0,1105.0,0.0,1106,1106.0,0.0,50.0,BHM,1328.0,1402.0,34.0,True
202511146723773,XC,2025-11-14,NOV,FRI,False,,EDB,1007,1006.0,DAR,1209.0,1209.0,0.0,1211,1211.0,0.0,190.0,BHM,1506.0,1505.0,-1.0,False
202511146723824,XC,2025-11-14,NOV,FRI,False,,NCL,1236,1235.0,DAR,1305.0,1305.0,0.0,1307,1307.0,0.0,50.0,BHM,1528.0,1525.0,-3.0,False
202511146723785,XC,2025-11-14,NOV,FRI,False,,EDB,1207,1206.0,DAR,1409.0,1408.0,-1.0,1411,1411.0,0.0,190.0,BHM,1706.0,1712.0,6.0,True
202511146723829,XC,2025-11-14,NOV,FRI,False,820.0,NCL,1435,1435.0,DAR,1505.0,1505.0,0.0,1506,1507.0,1.0,50.0,BHM,1727.0,1738.0,11.0,True
202511146723482,XC,2025-11-14,NOV,FRI,False,820.0,NCL,1633,1635.0,DAR,1704.0,1709.0,5.0,1705,1711.0,6.0,50.0,BHM,1930.0,2027.0,57.0,True
202511146723804,XC,2025-11-14,NOV,FRI,False,,EDB,1607,1606.0,DAR,1809.0,1817.0,8.0,1811,1818.0,7.0,190.0,BHM,2107.0,2141.0,34.0,True
202511146723807,XC,2025-11-14,NOV,FRI,False,,EDB,1707,1706.0,DAR,1909.0,1909.0,0.0,1911,1911.0,0.0,190.0,BHM,2208.0,2238.0,30.0,True
202511146723362,XC,2025-11-14,NOV,FRI,False,820.0,EDB,1807,1806.0,DAR,2010.0,2011.0,1.0,2011,2013.0,2.0,190.0,BHM,2328.0,2327.0,-1.0,False
202511156723814,XC,2025-11-15,NOV,SAT,False,,NCL,624,624.0,DAR,653.0,654.0,1.0,655,656.0,1.0,50.0,BHM,927.0,930.0,3.0,True
202511156723746,XC,2025-11-15,NOV,SAT,False,887.0,NCL,640,640.0,DAR,709.0,710.0,1.0,711,712.0,1.0,50.0,BHM,1007.0,1005.0,-2.0,False
202511156723751,XC,2025-11-15,NOV,SAT,False,,EDB,606,606.0,DAR,809.0,809.0,0.0,811,811.0,0.0,190.0,BHM,1106.0,1106.0,0.0,False
202511156723756,XC,2025-11-15,NOV,SAT,False,,EDB,704,703.0,DAR,910.0,913.0,3.0,912,914.0,2.0,190.0,BHM,1206.0,1207.0,1.0,True
202511156723762,XC,2025-11-15,NOV,SAT,False,887.0,GLC,648,647.0,DAR,1010.0,1010.0,0.0,1011,1011.0,0.0,228.0,BHM,1306.0,1308.0,2.0,True
202511156723766,XC,2025-11-15,NOV,SAT,False,887.0,GLC,748,747.0,DAR,1110.0,1110.0,0.0,1112,1112.0,0.0,228.0,BHM,1404.0,1410.0,6.0,True
202511156723774,XC,2025-11-15,NOV,SAT,False,904.0,EDB,1005,1005.0,DAR,1209.0,1212.0,3.0,1211,1214.0,3.0,190.0,BHM,1505.0,1514.0,9.0,True
202511156723778,XC,2025-11-15,NOV,SAT,False,,DEE,933,933.0,DAR,1311.0,1311.0,0.0,1312,1313.0,1.0,,BHM,1604.0,1607.0,3.0,True
202511156723786,XC,2025-11-15,NOV,SAT,False,886.0,EDB,1207,1207.0,DAR,1409.0,1408.0,-1.0,1411,1411.0,0.0,190.0,BHM,1706.0,1709.0,3.0,True
202511156723793,XC,2025-11-15,NOV,SAT,False,904.0,EDB,1308,1307.0,DAR,1511.0,1510.0,-1.0,1512,1512.0,0.0,190.0,BHM,1804.0,1818.0,14.0,True
202511156723799,XC,2025-11-15,NOV,SAT,False,791.0,EDB,1404,1409.0,DAR,1609.0,1612.0,3.0,1611,1614.0,3.0,190.0,BHM,1905.0,1933.0,28.0,True
202511156723802,XC,2025-11-15,NOV,SAT,False,904.0,EDB,1505,1504.0,DAR,1710.0,1709.0,-1.0,1711,1711.0,0.0,190.0,BHM,2005.0,2011.0,6.0,True
202511156723805,XC,2025-11-15,NOV,SAT,False,,EDB,1607,1606.0,DAR,1809.0,1812.0,3.0,1811,1814.0,3.0,190.0,BHM,2106.0,2114.0,8.0,True
202511156723447,XC,2025-11-15,NOV,SAT,False,,EDB,1709,1709.0,DAR,1910.0,1910.0,0.0,1911,1912.0,1.0,190.0,BHM,2232.0,2234.0,2.0,True
202511156723365,XC,2025-11-15,NOV,SAT,False,,EDB,1807,1807.0,DAR,2010.0,2015.0,5.0,2011,2017.0,6.0,190.0,BHM,2308.0,2319.0,11.0,True
202511166723754,XC,2025-11-16,NOV,SUN,False,,NCL,834,834.0,DAR,904.0,905.0,1.0,906,906.0,0.0,50.0,BHM,1204.0,1205.0,1.0,True
202511166723759,XC,2025-11-16,NOV,SUN,False,,NCL,935,935.0,DAR,1004.0,1003.0,-1.0,1006,1005.0,-1.0,50.0,BHM,1305.0,1306.0,1.0,True
202511166723767,XC,2025-11-16,NOV,SUN,False,,EDB,908,907.0,DAR,1109.0,1111.0,2.0,1111,1112.0,1.0,190.0,BHM,1404.0,1411.0,7.0,True
202511166723772,XC,2025-11-16,NOV,SUN,False,,EDB,1008,1007.0,DAR,1209.0,1214.0,5.0,1211,1216.0,5.0,190.0,BHM,1506.0,1507.0,1.0,True
202511166723779,XC,2025-11-16,NOV,SUN,False,,EDB,1105,1104.0,DAR,1309.0,1311.0,2.0,1310,1313.0,3.0,190.0,BHM,1604.0,1603.0,-1.0,False
202511166723784,XC,2025-11-16,NOV,SUN,False,,GLC,1055,1055.0,DAR,1409.0,1410.0,1.0,1411,1411.0,0.0,228.0,BHM,1706.0,1712.0,6.0,True
202511166723791,XC,2025-11-16,NOV,SUN,False,,EDB,1308,1307.0,DAR,1510.0,1510.0,0.0,1512,1512.0,0.0,190.0,BHM,1804.0,1804.0,0.0,False
202511166723798,XC,2025-11-16,NOV,SUN,False,,DEE,1222,1222.0,DAR,1609.0,1610.0,1.0,1611,1612.0,1.0,,BHM,1903.0,1907.0,4.0,True
202511166723801,XC,2025-11-16,NOV,SUN,False,,EDB,1508,1507.0,DAR,1709.0,1708.0,-1.0,1711,1711.0,0.0,190.0,BHM,2004.0,2003.0,-1.0,False
202511166723803,XC,2025-11-16,NOV,SUN,False,,EDB,1608,1610.0,DAR,1809.0,1809.0,0.0,1811,1811.0,0.0,190.0,BHM,2106.0,2106.0,0.0,False
202511166723806,XC,2025-11-16,NOV,SUN,False,,EDB,1708,1707.0,DAR,1908.0,1910.0,2.0,1909,1913.0,4.0,190.0,BHM,2208.0,2208.0,0.0,False
202511166723361,XC,2025-11-16,NOV,SUN,False,,EDB,1805,1805.0,DAR,2008.0,2008.0,0.0,2010,2009.0,-1.0,190.0,BHM,2309.0,2307.0,-2.0,False
202511176723813,XC,2025-11-17,NOV,MON,False,,NCL,624,624.0,DAR,653.0,652.0,-1.0,655,654.0,-1.0,50.0,BHM,928.0,930.0,2.0,True
202511176723745,XC,2025-11-17,NOV,MON,False,,NCL,640,640.0,DAR,710.0,708.0,-2.0,711,710.0,-1.0,50.0,BHM,1004.0,1004.0,0.0,False
202511176723749,XC,2025-11-17,NOV,MON,False,904.0,EDB,606,606.0,DAR,809.0,820.0,11.0,811,822.0,11.0,190.0,BHM,1106.0,1109.0,3.0,True
202511176723818,XC,2025-11-17,NOV,MON,False,,NCL,835,835.0,DAR,904.0,904.0,0.0,906,907.0,1.0,50.0,BHM,1126.0,1134.0,8.0,True
202511176723760,XC,2025-11-17,NOV,MON,False,,GLC,648,648.0,DAR,1009.0,1010.0,1.0,1010,1013.0,3.0,228.0,BHM,1306.0,1313.0,7.0,True
202511176723821,XC,2025-11-17,NOV,MON,False,,NCL,1035,1035.0,DAR,1105.0,1104.0,-1.0,1106,1106.0,0.0,50.0,BHM,1328.0,1330.0,2.0,True
202511176723773,XC,2025-11-17,NOV,MON,False,,EDB,1007,1007.0,DAR,1209.0,1210.0,1.0,1211,1212.0,1.0,190.0,BHM,1506.0,1506.0,0.0,False
202511176723824,XC,2025-11-17,NOV,MON,False,865.0,NCL,1236,1237.0,DAR,1305.0,1305.0,0.0,1307,1307.0,0.0,50.0,BHM,1528.0,1540.0,12.0,True
202511176723785,XC,2025-11-17,NOV,MON,False,,EDB,1207,1206.0,DAR,1409.0,1409.0,0.0,1411,1411.0,0.0,190.0,BHM,1706.0,1708.0,2.0,True
202511176723829,XC,2025-11-17,NOV,MON,False,,NCL,1435,1435.0,DAR,1505.0,1504.0,-1.0,1506,1506.0,0.0,50.0,BHM,1727.0,1732.0,5.0,True
202511176723797,XC,2025-11-17,NOV,MON,False,,EDB,1404,1404.0,DAR,1609.0,1613.0,4.0,1611,1616.0,5.0,190.0,BHM,1907.0,1911.0,4.0,True
202511176723482,XC,2025-11-17,NOV,MON,False,,NCL,1633,1632.0,DAR,1704.0,1703.0,-1.0,1705,1704.0,-1.0,50.0,BHM,1930.0,1927.0,-3.0,False
202511176723804,XC,2025-11-17,NOV,MON,False,,EDB,1607,1608.0,DAR,1809.0,1809.0,0.0,1811,1811.0,0.0,190.0,BHM,2107.0,2106.0,-1.0,False
202511176723807,XC,2025-11-17,NOV,MON,False,,EDB,1707,1707.0,DAR,1909.0,1908.0,-1.0,1911,1910.0,-1.0,190.0,BHM,2208.0,2211.0,3.0,True
202511176723362,XC,2025-11-17,NOV,MON,False,911.0,EDB,1807,1806.0,DAR,2010.0,2008.0,-2.0,2011,2010.0,-1.0,190.0,BHM,2328.0,2327.0,-1.0,False
202511186723813,XC,2025-11-18,NOV,TUE,False,,NCL,624,624.0,DAR,653.0,657.0,4.0,655,659.0,4.0,50.0,BHM,928.0,927.0,-1.0,False
202511186723745,XC,2025-11-18,NOV,TUE,False,,NCL,640,640.0,DAR,710.0,708.0,-2.0,711,710.0,-1.0,50.0,BHM,1004.0,1006.0,2.0,True
202511186723749,XC,2025-11-18,NOV,TUE,False,896.0,EDB,606,606.0,DAR,809.0,808.0,-1.0,811,811.0,0.0,190.0,BHM,1106.0,1118.0,12.0,True
202511186723818,XC,2025-11-18,NOV,TUE,False,904.0,NCL,835,834.0,DAR,904.0,904.0,0.0,906,906.0,0.0,50.0,BHM,1126.0,1138.0,12.0,True
202511186723760,XC,2025-11-18,NOV,TUE,False,908.0,GLC,648,647.0,DAR,1009.0,1020.0,11.0,1010,1022.0,12.0,228.0,BHM,1306.0,1317.0,11.0,True
202511186723821,XC,2025-11-18,NOV,TUE,False,,NCL,1035,1034.0,DAR,1105.0,1104.0,-1.0,1106,1110.0,4.0,50.0,BHM,1328.0,1337.0,9.0,True
202511186723773,XC,2025-11-18,NOV,TUE,False,904.0,EDB,1007,1007.0,DAR,1209.0,1209.0,0.0,1211,1211.0,0.0,190.0,BHM,1506.0,1506.0,0.0,False
202511186723824,XC,2025-11-18,NOV,TUE,False,,NCL,1236,1236.0,DAR,1305.0,1304.0,-1.0,1307,1307.0,0.0,50.0,BHM,1528.0,1528.0,0.0,False
202511186723785,XC,2025-11-18,NOV,TUE,False,904.0,EDB,1207,1207.0,DAR,1409.0,1409.0,0.0,1411,1411.0,0.0,190.0,BHM,1706.0,1704.0,-2.0,False
202511186723829,XC,2025-11-18,NOV,TUE,False,,NCL,1435,1434.0,DAR,1505.0,1504.0,-1.0,1506,1506.0,0.0,50.0,BHM,1727.0,1728.0,1.0,True
202511186723797,XC,2025-11-18,NOV,TUE,False,,EDB,1404,1403.0,DAR,1609.0,1609.0,0.0,1611,1610.0,-1.0,190.0,BHM,1907.0,1909.0,2.0,True
202511186723482,XC,2025-11-18,NOV,TUE,False,,NCL,1633,1632.0,DAR,1704.0,1704.0,0.0,1705,1706.0,1.0,50.0,BHM,1930.0,1932.0,2.0,True
202511186723804,XC,2025-11-18,NOV,TUE,False,,EDB,1607,1607.0,DAR,1809.0,1808.0,-1.0,1811,1811.0,0.0,190.0,BHM,2107.0,2112.0,5.0,True
202511186723807,XC,2025-11-18,NOV,TUE,False,904.0,EDB,1707,1707.0,DAR,1909.0,1913.0,4.0,1911,1915.0,4.0,190.0,BHM,2208.0,2222.0,14.0,True
202511186723362,XC,2025-11-18,NOV,TUE,False,,EDB,1807,1806.0,DAR,2010.0,2012.0,2.0,2011,2014.0,3.0,190.0,BHM,2328.0,2327.0,-1.0,False
202511196723813,XC,2025-11-19,NOV,WED,False,,NCL,624,624.0,DAR,653.0,654.0,1.0,655,656.0,1.0,50.0,BHM,928.0,932.0,4.0,True
202511196723745,XC,2025-11-19,NOV,WED,False,,NCL,640,640.0,DAR,710.0,709.0,-1.0,711,711.0,0.0,50.0,BHM,1004.0,1005.0,1.0,True
202511196723749,XC,2025-11-19,NOV,WED,False,648.0,EDB,606,605.0,DAR,809.0,817.0,8.0,811,819.0,8.0,190.0,BHM,1106.0,1110.0,4.0,True
202511196723818,XC,2025-11-19,NOV,WED,False,904.0,NCL,835,836.0,DAR,904.0,909.0,5.0,906,911.0,5.0,50.0,BHM,1126.0,1145.0,19.0,True
202511196723760,XC,2025-11-19,NOV,WED,False,,GLC,648,648.0,DAR,1009.0,1012.0,3.0,1010,1013.0,3.0,228.0,BHM,1306.0,1304.0,-2.0,False
202511196723821,XC,2025-11-19,NOV,WED,False,,NCL,1035,1035.0,DAR,1105.0,1105.0,0.0,1106,1107.0,1.0,50.0,BHM,1328.0,1327.0,-1.0,False
202511196723773,XC,2025-11-19,NOV,WED,False,,EDB,1007,1007.0,DAR,1209.0,1209.0,0.0,1211,1211.0,0.0,190.0,BHM,1506.0,1505.0,-1.0,False
202511196723824,XC,2025-11-19,NOV,WED,False,,NCL,1236,1236.0,DAR,1305.0,1306.0,1.0,1307,1307.0,0.0,50.0,BHM,1528.0,1529.0,1.0,True
202511196723785,XC,2025-11-19,NOV,WED,False,585.0,EDB,1207,1207.0,DAR,1409.0,1419.0,10.0,1411,1422.0,11.0,190.0,BHM,1706.0,1719.0,13.0,True
202511196723829,XC,2025-11-19,NOV,WED,False,886.0,NCL,1435,1435.0,DAR,1505.0,1505.0,0.0,1506,1506.0,0.0,50.0,BHM,1727.0,1731.0,4.0,True
202511196723797,XC,2025-11-19,NOV,WED,False,,EDB,1404,1406.0,DAR,1609.0,1609.0,0.0,1611,1611.0,0.0,190.0,BHM,1907.0,1909.0,2.0,True
202511196723482,XC,2025-11-19,NOV,WED,False,,NCL,1633,1635.0,DAR,1704.0,1704.0,0.0,1705,1705.0,0.0,50.0,BHM,1930.0,1929.0,-1.0,False
202511196723804,XC,2025-11-19,NOV,WED,False,,EDB,1607,1608.0,DAR,1809.0,1808.0,-1.0,1811,1811.0,0.0,190.0,BHM,2107.0,2104.0,-3.0,False
202511196723807,XC,2025-11-19,NOV,WED,False,895.0,EDB,1707,1706.0,DAR,1909.0,1910.0,1.0,1911,1911.0,0.0,190.0,BHM,2208.0,2216.0,8.0,True
202511196723362,XC,2025-11-19,NOV,WED,False,904.0,EDB,1807,1806.0,DAR,2010.0,2013.0,3.0,2011,2014.0,3.0,190.0,BHM,2328.0,2328.0,0.0,False
202511206723813,XC,2025-11-20,NOV,THU,False,895.0,NCL,624,624.0,DAR,653.0,652.0,-1.0,655,655.0,0.0,50.0,BHM,928.0,941.0,13.0,True
202511206723745,XC,2025-11-20,NOV,THU,False,,NCL,640,641.0,DAR,710.0,711.0,1.0,711,713.0,2.0,50.0,BHM,1004.0,1008.0,4.0,True
202511206723749,XC,2025-11-20,NOV,THU,False,,EDB,606,605.0,DAR,809.0,812.0,3.0,811,813.0,2.0,190.0,BHM,1106.0,1121.0,15.0,True
202511206723818,XC,2025-11-20,NOV,THU,False,904.0,NCL,835,838.0,DAR,904.0,910.0,6.0,906,911.0,5.0,50.0,BHM,1126.0,1157.0,31.0,True
202511206723760,XC,2025-11-20,NOV,THU,False,904.0,GLC,648,653.0,DAR,1009.0,1010.0,1.0,1010,1012.0,2.0,228.0,BHM,1306.0,1326.0,20.0,True
202511206723821,XC,2025-11-20,NOV,THU,False,,NCL,1035,1034.0,DAR,1105.0,1106.0,1.0,1106,1108.0,2.0,50.0,BHM,1328.0,1328.0,0.0,False
202511206723773,XC,2025-11-20,NOV,THU,False,,EDB,1007,1007.0,DAR,1209.0,1209.0,0.0,1211,1211.0,0.0,190.0,BHM,1506.0,1508.0,2.0,True
202511206723824,XC,2025-11-20,NOV,THU,False,857.0,NCL,1236,1236.0,DAR,1305.0,1305.0,0.0,1307,1306.0,-1.0,50.0,BHM,1528.0,1551.0,23.0,True
202511206723785,XC,2025-11-20,NOV,THU,False,904.0,EDB,1207,1207.0,DAR,1409.0,1410.0,1.0,1411,1411.0,0.0,190.0,BHM,1706.0,1715.0,9.0,True
202511206723829,XC,2025-11-20,NOV,THU,False,777.0,NCL,1435,1434.0,DAR,1505.0,1505.0,0.0,1506,1506.0,0.0,50.0,BHM,1727.0,1803.0,36.0,True
202511206723797,XC,2025-11-20,NOV,THU,False,526.0,EDB,1404,1406.0,DAR,1609.0,1617.0,8.0,1611,1620.0,9.0,190.0,BHM,1907.0,1929.0,22.0,True
202511206723482,XC,2025-11-20,NOV,THU,False,777.0,NCL,1633,1634.0,DAR,1704.0,1705.0,1.0,1705,1707.0,2.0,50.0,BHM,1930.0,1944.0,14.0,True
202511206723804,XC,2025-11-20,NOV,THU,False,,EDB,1607,1611.0,DAR,1809.0,1819.0,10.0,1811,1821.0,10.0,190.0,BHM,2107.0,2111.0,4.0,True
202511206723807,XC,2025-11-20,NOV,THU,False,,EDB,1707,1707.0,DAR,1909.0,1913.0,4.0,1911,1915.0,4.0,190.0,BHM,2208.0,2212.0,4.0,True
202511206723362,XC,2025-11-20,NOV,THU,False,,EDB,1807,1807.0,DAR,2010.0,2015.0,5.0,2011,2016.0,5.0,190.0,BHM,2328.0,2328.0,0.0,False
202511216723813,XC,2025-11-21,NOV,FRI,False,,NCL,624,624.0,DAR,653.0,653.0,0.0,655,655.0,0.0,50.0,BHM,928.0,925.0,-3.0,False
202511216723745,XC,2025-11-21,NOV,FRI,False,896.0,NCL,640,640.0,DAR,710.0,709.0,-1.0,711,710.0,-1.0,50.0,BHM,1004.0,1032.0,28.0,True
202511216723749,XC,2025-11-21,NOV,FRI,False,896.0,EDB,606,606.0,DAR,809.0,816.0,7.0,811,818.0,7.0,190.0,BHM,1106.0,1142.0,36.0,True
202511216723818,XC,2025-11-21,NOV,FRI,False,,NCL,835,834.0,DAR,904.0,905.0,1.0,906,908.0,2.0,50.0,BHM,1126.0,1133.0,7.0,True
202511216723761,XC,2025-11-21,NOV,FRI,False,,GLC,648,647.0,DAR,1009.0,1009.0,0.0,1010,1011.0,1.0,228.0,BHM,1306.0,1313.0,7.0,True
202511216723821,XC,2025-11-21,NOV,FRI,False,,NCL,1035,1034.0,DAR,1105.0,1106.0,1.0,1106,1108.0,2.0,50.0,BHM,1328.0,1335.0,7.0,True
202511216723824,XC,2025-11-21,NOV,FRI,False,,NCL,1236,1236.0,DAR,1305.0,1304.0,-1.0,1307,1306.0,-1.0,50.0,BHM,1528.0,1534.0,6.0,True
202511216723785,XC,2025-11-21,NOV,FRI,False,,EDB,1207,1206.0,DAR,1409.0,1408.0,-1.0,1411,1410.0,-1.0,190.0,BHM,1706.0,1708.0,2.0,True
202511216723829,XC,2025-11-21,NOV,FRI,False,,NCL,1435,1434.0,DAR,1505.0,1503.0,-2.0,1506,1505.0,-1.0,50.0,BHM,1727.0,1732.0,5.0,True
202511216723797,XC,2025-11-21,NOV,FRI,False,904.0,EDB,1404,1404.0,DAR,1609.0,1610.0,1.0,1611,1612.0,1.0,190.0,BHM,1907.0,1934.0,27.0,True
202511216723482,XC,2025-11-21,NOV,FRI,False,,NCL,1633,1633.0,DAR,1704.0,1703.0,-1.0,1705,1706.0,1.0,50.0,BHM,1930.0,1956.0,26.0,True
202511216723804,XC,2025-11-21,NOV,FRI,False,,EDB,1607,1606.0,DAR,1809.0,1808.0,-1.0,1811,1811.0,0.0,190.0,BHM,2107.0,2106.0,-1.0,False
202511216723807,XC,2025-11-21,NOV,FRI,False,832.0,EDB,1707,1707.0,DAR,1909.0,1908.0,-1.0,1911,1912.0,1.0,190.0,BHM,2208.0,2233.0,25.0,True
202511216723362,XC,2025-11-21,NOV,FRI,False,,EDB,1807,1807.0,DAR,2010.0,2011.0,1.0,2011,2014.0,3.0,190.0,BHM,2328.0,2337.0,9.0,True
202511226723814,XC,2025-11-22,NOV,SAT,False,,NCL,624,626.0,DAR,653.0,655.0,2.0,655,656.0,1.0,50.0,BHM,927.0,930.0,3.0,True
202511226723746,XC,2025-11-22,NOV,SAT,False,,NCL,640,640.0,DAR,709.0,710.0,1.0,711,712.0,1.0,50.0,BHM,1007.0,1005.0,-2.0,False
202511226723751,XC,2025-11-22,NOV,SAT,False,,EDB,606,606.0,DAR,809.0,809.0,0.0,811,811.0,0.0,190.0,BHM,1106.0,1106.0,0.0,False
202511226723756,XC,2025-11-22,NOV,SAT,False,,EDB,704,704.0,DAR,910.0,909.0,-1.0,912,912.0,0.0,190.0,BHM,1206.0,1203.0,-3.0,False
202511226723762,XC,2025-11-22,NOV,SAT,False,,GLC,648,647.0,DAR,1010.0,1013.0,3.0,1011,1016.0,5.0,228.0,BHM,1306.0,1310.0,4.0,True
202511226723766,XC,2025-11-22,NOV,SAT,False,,GLC,748,747.0,DAR,1110.0,1109.0,-1.0,1112,1112.0,0.0,228.0,BHM,1404.0,1407.0,3.0,True
202511226723774,XC,2025-11-22,NOV,SAT,False,904.0,EDB,1005,1005.0,DAR,1209.0,1210.0,1.0,1211,1213.0,2.0,190.0,BHM,1505.0,1514.0,9.0,True
202511226723778,XC,2025-11-22,NOV,SAT,False,,DEE,933,933.0,DAR,1311.0,1311.0,0.0,1312,1313.0,1.0,,BHM,1604.0,1607.0,3.0,True
202511226723786,XC,2025-11-22,NOV,SAT,False,,EDB,1207,,DAR,1409.0,1408.0,-1.0,1411,1410.0,-1.0,190.0,BHM,1706.0,1708.0,2.0,True
202511226723793,XC,2025-11-22,NOV,SAT,False,,EDB,1308,1307.0,DAR,1511.0,1510.0,-1.0,1512,1512.0,0.0,190.0,BHM,1804.0,1814.0,10.0,True
202511226723799,XC,2025-11-22,NOV,SAT,False,,EDB,1404,1403.0,DAR,1609.0,1608.0,-1.0,1611,1610.0,-1.0,190.0,BHM,1905.0,1910.0,5.0,True
202511226723802,XC,2025-11-22,NOV,SAT,False,,EDB,1505,1507.0,DAR,1710.0,1715.0,5.0,1711,1716.0,5.0,190.0,BHM,2005.0,2025.0,20.0,True
202511226723805,XC,2025-11-22,NOV,SAT,False,,EDB,1607,1612.0,DAR,1809.0,1809.0,0.0,1811,1811.0,0.0,190.0,BHM,2106.0,2105.0,-1.0,False
202511226723447,XC,2025-11-22,NOV,SAT,False,,EDB,1709,1709.0,DAR,1910.0,1922.0,12.0,1911,1924.0,13.0,190.0,BHM,2232.0,2234.0,2.0,True
202511226723365,XC,2025-11-22,NOV,SAT,False,,EDB,1807,1807.0,DAR,2010.0,2023.0,13.0,2011,2025.0,14.0,190.0,BHM,2308.0,2312.0,4.0,True
202511236723754,XC,2025-11-23,NOV,SUN,False,,NCL,834,835.0,DAR,904.0,904.0,0.0,906,906.0,0.0,50.0,BHM,1204.0,1204.0,0.0,False
202511236723759,XC,2025-11-23,NOV,SUN,False,,NCL,935,935.0,DAR,1004.0,1005.0,1.0,1006,1007.0,1.0,50.0,BHM,1305.0,1318.0,13.0,True
202511236723767,XC,2025-11-23,NOV,SUN,False,,EDB,908,907.0,DAR,1109.0,1109.0,0.0,1111,1111.0,0.0,190.0,BHM,1404.0,1419.0,15.0,True
202511236723772,XC,2025-11-23,NOV,SUN,False,,EDB,1008,1007.0,DAR,1209.0,1209.0,0.0,1211,1211.0,0.0,190.0,BHM,1506.0,1505.0,-1.0,False
202511236723779,XC,2025-11-23,NOV,SUN,False,,EDB,1105,1105.0,DAR,1309.0,1308.0,-1.0,1310,1309.0,-1.0,190.0,BHM,1604.0,1605.0,1.0,True
202511236723784,XC,2025-11-23,NOV,SUN,False,908.0,GLC,1055,1054.0,DAR,1409.0,1412.0,3.0,1411,1415.0,4.0,228.0,BHM,1706.0,1722.0,16.0,True
202511236723791,XC,2025-11-23,NOV,SUN,False,,EDB,1308,1307.0,DAR,1510.0,1515.0,5.0,1512,1517.0,5.0,190.0,BHM,1804.0,1809.0,5.0,True
202511236723798,XC,2025-11-23,NOV,SUN,False,,DEE,1222,1221.0,DAR,1609.0,1608.0,-1.0,1611,1610.0,-1.0,,BHM,1903.0,1903.0,0.0,False
202511236723801,XC,2025-11-23,NOV,SUN,False,576.0,EDB,1508,1507.0,DAR,1709.0,1724.0,15.0,1711,1727.0,16.0,190.0,BHM,2004.0,2004.0,0.0,False
202511236723803,XC,2025-11-23,NOV,SUN,False,,EDB,1608,1608.0,DAR,1809.0,1810.0,1.0,1811,1811.0,0.0,190.0,BHM,2106.0,2108.0,2.0,True
202511236723806,XC,2025-11-23,NOV,SUN,False,,EDB,1708,1707.0,DAR,1908.0,1909.0,1.0,1909,1910.0,1.0,190.0,BHM,2208.0,2211.0,3.0,True
202511236723361,XC,2025-11-23,NOV,SUN,False,,EDB,1805,1804.0,DAR,2008.0,2008.0,0.0,2010,2010.0,0.0,190.0,BHM,2309.0,2308.0,-1.0,False
202511246723813,XC,2025-11-24,NOV,MON,False,,NCL,624,626.0,DAR,653.0,655.0,2.0,655,657.0,2.0,50.0,BHM,928.0,929.0,1.0,True
202511246723745,XC,2025-11-24,NOV,MON,False,,NCL,640,640.0,DAR,710.0,708.0,-2.0,711,710.0,-1.0,50.0,BHM,1004.0,1005.0,1.0,True
202511246723749,XC,2025-11-24,NOV,MON,False,,EDB,606,605.0,DAR,809.0,808.0,-1.0,811,810.0,-1.0,190.0,BHM,1106.0,1105.0,-1.0,False
202511246723818,XC,2025-11-24,NOV,MON,False,579.0,NCL,835,837.0,DAR,904.0,945.0,41.0,906,949.0,43.0,50.0,BHM,1126.0,1229.0,63.0,True
202511246723760,XC,2025-11-24,NOV,MON,False,579.0,GLC,648,647.0,DAR,1009.0,1024.0,15.0,1010,1027.0,17.0,228.0,BHM,1306.0,1310.0,4.0,True
202511246723821,XC,2025-11-24,NOV,MON,False,,NCL,1035,1036.0,DAR,1105.0,1107.0,2.0,1106,1108.0,2.0,50.0,BHM,1328.0,1328.0,0.0,False
202511246723773,XC,2025-11-24,NOV,MON,False,576.0,EDB,1007,1007.0,DAR,1209.0,1211.0,2.0,1211,1213.0,2.0,190.0,BHM,1506.0,1519.0,13.0,True
202511246723824,XC,2025-11-24,NOV,MON,False,896.0,NCL,1236,1235.0,DAR,1305.0,1306.0,1.0,1307,1307.0,0.0,50.0,BHM,1528.0,1609.0,41.0,True
202511246723785,XC,2025-11-24,NOV,MON,False,,EDB,1207,1207.0,DAR,1409.0,1409.0,0.0,1411,1411.0,0.0,190.0,BHM,1706.0,1713.0,7.0,True
202511246723829,XC,2025-11-24,NOV,MON,False,896.0,NCL,1435,1435.0,DAR,1505.0,1504.0,-1.0,1506,1507.0,1.0,50.0,BHM,1727.0,1736.0,9.0,True
202511246723797,XC,2025-11-24,NOV,MON,False,,EDB,1404,1403.0,DAR,1609.0,1609.0,0.0,1611,1613.0,2.0,190.0,BHM,1907.0,1914.0,7.0,True
202511246723482,XC,2025-11-24,NOV,MON,False,,NCL,1633,1633.0,DAR,1704.0,1705.0,1.0,1705,1707.0,2.0,50.0,BHM,1930.0,1933.0,3.0,True
202511246723804,XC,2025-11-24,NOV,MON,False,,EDB,1607,1606.0,DAR,1809.0,1808.0,-1.0,1811,1811.0,0.0,190.0,BHM,2107.0,2114.0,7.0,True
202511246723807,XC,2025-11-24,NOV,MON,False,,EDB,1707,1708.0,DAR,1909.0,1910.0,1.0,1911,1912.0,1.0,190.0,BHM,2208.0,2218.0,10.0,True
202511246723362,XC,2025-11-24,NOV,MON,False,,EDB,1807,1806.0,DAR,2010.0,2009.0,-1.0,2011,2011.0,0.0,190.0,BHM,2328.0,2335.0,7.0,True
202511256723813,XC,2025-11-25,NOV,TUE,False,,NCL,624,624.0,DAR,653.0,654.0,1.0,655,655.0,0.0,50.0,BHM,928.0,927.0,-1.0,False
202511256723745,XC,2025-11-25,NOV,TUE,False,,NCL,640,640.0,DAR,710.0,710.0,0.0,711,712.0,1.0,50.0,BHM,1004.0,1004.0,0.0,False
202511256723749,XC,2025-11-25,NOV,TUE,False,,EDB,606,607.0,DAR,809.0,808.0,-1.0,811,811.0,0.0,190.0,BHM,1106.0,1113.0,7.0,True
202511256723818,XC,2025-11-25,NOV,TUE,False,,NCL,835,835.0,DAR,904.0,906.0,2.0,906,907.0,1.0,50.0,BHM,1126.0,1128.0,2.0,True
202511256723760,XC,2025-11-25,NOV,TUE,False,,GLC,648,647.0,DAR,1009.0,1009.0,0.0,1010,1011.0,1.0,228.0,BHM,1306.0,1304.0,-2.0,False
202511256723821,XC,2025-11-25,NOV,TUE,False,,NCL,1035,1035.0,DAR,1105.0,1104.0,-1.0,1106,1106.0,0.0,50.0,BHM,1328.0,1327.0,-1.0,False
202511256723773,XC,2025-11-25,NOV,TUE,False,911.0,EDB,1007,1007.0,DAR,1209.0,1208.0,-1.0,1211,1211.0,0.0,190.0,BHM,1506.0,1537.0,31.0,True
202511256723824,XC,2025-11-25,NOV,TUE,False,,NCL,1236,1236.0,DAR,1305.0,1305.0,0.0,1307,1307.0,0.0,50.0,BHM,1528.0,1527.0,-1.0,False
202511256723785,XC,2025-11-25,NOV,TUE,False,871.0,EDB,1207,1206.0,DAR,1409.0,1419.0,10.0,1411,1421.0,10.0,190.0,BHM,1706.0,1708.0,2.0,True
202511256723829,XC,2025-11-25,NOV,TUE,False,,NCL,1435,1436.0,DAR,1505.0,1505.0,0.0,1506,1507.0,1.0,50.0,BHM,1727.0,1731.0,4.0,True
202511256723797,XC,2025-11-25,NOV,TUE,False,,EDB,1404,1404.0,DAR,1609.0,1614.0,5.0,1611,1616.0,5.0,190.0,BHM,1907.0,1912.0,5.0,True
202511256723804,XC,2025-11-25,NOV,TUE,False,,EDB,1607,1607.0,DAR,1809.0,1808.0,-1.0,1811,1811.0,0.0,190.0,BHM,2107.0,2106.0,-1.0,False
202511256723807,XC,2025-11-25,NOV,TUE,False,,EDB,1707,1707.0,DAR,1909.0,1908.0,-1.0,1911,1910.0,-1.0,190.0,BHM,2208.0,2212.0,4.0,True
202511256723362,XC,2025-11-25,NOV,TUE,False,,EDB,1807,1806.0,DAR,2010.0,2020.0,10.0,2011,2021.0,10.0,190.0,BHM,2328.0,2328.0,0.0,False
202511266723745,XC,2025-11-26,NOV,WED,False,,NCL,640,640.0,DAR,710.0,709.0,-1.0,711,711.0,0.0,50.0,BHM,1004.0,1004.0,0.0,False
202511266723749,XC,2025-11-26,NOV,WED,False,,EDB,606,606.0,DAR,809.0,809.0,0.0,811,810.0,-1.0,190.0,BHM,1106.0,1108.0,2.0,True
202511266723818,XC,2025-11-26,NOV,WED,False,,NCL,835,836.0,DAR,904.0,905.0,1.0,906,907.0,1.0,50.0,BHM,1126.0,1141.0,15.0,True
202511266723760,XC,2025-11-26,NOV,WED,False,,GLC,648,647.0,DAR,1009.0,1012.0,3.0,1010,1013.0,3.0,228.0,BHM,1306.0,1318.0,12.0,True
202511266723821,XC,2025-11-26,NOV,WED,False,,NCL,1035,1035.0,DAR,1105.0,1105.0,0.0,1106,1109.0,3.0,50.0,BHM,1328.0,1340.0,12.0,True
202511266723773,XC,2025-11-26,NOV,WED,False,,EDB,1007,1007.0,DAR,1209.0,1208.0,-1.0,1211,1211.0,0.0,190.0,BHM,1506.0,1509.0,3.0,True
202511266723824,XC,2025-11-26,NOV,WED,False,,NCL,1236,1237.0,DAR,1305.0,1306.0,1.0,1307,1308.0,1.0,50.0,BHM,1528.0,1532.0,4.0,True
202511266723785,XC,2025-11-26,NOV,WED,False,,EDB,1207,1206.0,DAR,1409.0,1409.0,0.0,1411,1411.0,0.0,190.0,BHM,1706.0,1708.0,2.0,True
202511266723829,XC,2025-11-26,NOV,WED,False,,NCL,1435,1435.0,DAR,1505.0,1504.0,-1.0,1506,1506.0,0.0,50.0,BHM,1727.0,1732.0,5.0,True
202511266723797,XC,2025-11-26,NOV,WED,False,895.0,EDB,1404,1404.0,DAR,1609.0,1610.0,1.0,1611,1612.0,1.0,190.0,BHM,1907.0,1919.0,12.0,True
202511266723804,XC,2025-11-26,NOV,WED,False,,EDB,1607,1606.0,DAR,1809.0,1809.0,0.0,1811,1811.0,0.0,190.0,BHM,2107.0,2105.0,-2.0,False
202511266723807,XC,2025-11-26,NOV,WED,False,904.0,EDB,1707,1708.0,DAR,1909.0,1909.0,0.0,1911,1911.0,0.0,190.0,BHM,2208.0,2227.0,19.0,True
202511266723362,XC,2025-11-26,NOV,WED,False,,EDB,1807,1806.0,DAR,2010.0,2015.0,5.0,2011,2017.0,6.0,190.0,BHM,2328.0,2326.0,-2.0,False
202511276723813,XC,2025-11-27,NOV,THU,False,,NCL,624,624.0,DAR,653.0,653.0,0.0,655,655.0,0.0,50.0,BHM,928.0,929.0,1.0,True
202511276723745,XC,2025-11-27,NOV,THU,False,,NCL,640,640.0,DAR,710.0,708.0,-2.0,711,710.0,-1.0,50.0,BHM,1004.0,1007.0,3.0,True
202511276723749,XC,2025-11-27,NOV,THU,False,,EDB,606,606.0,DAR,809.0,809.0,0.0,811,811.0,0.0,190.0,BHM,1106.0,1112.0,6.0,True
202511276723818,XC,2025-11-27,NOV,THU,False,,NCL,835,835.0,DAR,904.0,905.0,1.0,906,906.0,0.0,50.0,BHM,1126.0,1131.0,5.0,True
202511276723760,XC,2025-11-27,NOV,THU,False,904.0,GLC,648,647.0,DAR,1009.0,1021.0,12.0,1010,1023.0,13.0,228.0,BHM,1306.0,1314.0,8.0,True
202511276723821,XC,2025-11-27,NOV,THU,False,,NCL,1035,1034.0,DAR,1105.0,1106.0,1.0,1106,1107.0,1.0,50.0,BHM,1328.0,1327.0,-1.0,False
202511276723773,XC,2025-11-27,NOV,THU,False,,EDB,1007,1007.0,DAR,1209.0,1209.0,0.0,1211,1211.0,0.0,190.0,BHM,1506.0,1506.0,0.0,False
202511276723824,XC,2025-11-27,NOV,THU,False,896.0,NCL,1236,1236.0,DAR,1305.0,1305.0,0.0,1307,1307.0,0.0,50.0,BHM,1528.0,1640.0,72.0,True
202511276723785,XC,2025-11-27,NOV,THU,False,896.0,EDB,1207,1206.0,DAR,1409.0,1409.0,0.0,1411,1411.0,0.0,190.0,BHM,1706.0,1730.0,24.0,True
202511276723829,XC,2025-11-27,NOV,THU,False,,NCL,1435,1435.0,DAR,1505.0,1504.0,-1.0,1506,1507.0,1.0,50.0,BHM,1727.0,1732.0,5.0,True
202511276723797,XC,2025-11-27,NOV,THU,False,,EDB,1404,1403.0,DAR,1609.0,1609.0,0.0,1611,1611.0,0.0,190.0,BHM,1907.0,1912.0,5.0,True
202511276723482,XC,2025-11-27,NOV,THU,False,,NCL,1633,1633.0,DAR,1704.0,1702.0,-2.0,1705,1705.0,0.0,50.0,BHM,1930.0,1931.0,1.0,True
202511276723804,XC,2025-11-27,NOV,THU,False,,EDB,1607,1606.0,DAR,1809.0,1808.0,-1.0,1811,1811.0,0.0,190.0,BHM,2107.0,2105.0,-2.0,False
202511276723807,XC,2025-11-27,NOV,THU,False,536.0,EDB,1707,1707.0,DAR,1909.0,1946.0,37.0,1911,1948.0,37.0,190.0,BHM,2208.0,2234.0,26.0,True
202511276723362,XC,2025-11-27,NOV,THU,False,895.0,EDB,1807,1806.0,DAR,2010.0,2009.0,-1.0,2011,2010.0,-1.0,190.0,BHM,2328.0,2335.0,7.0,True
202511286723813,XC,2025-11-28,NOV,FRI,False,,NCL,624,624.0,DAR,653.0,655.0,2.0,655,656.0,1.0,50.0,BHM,928.0,927.0,-1.0,False
202511286723745,XC,2025-11-28,NOV,FRI,False,574.0,NCL,640,640.0,DAR,710.0,709.0,-1.0,711,710.0,-1.0,50.0,BHM,1004.0,1020.0,16.0,True
202511286723749,XC,2025-11-28,NOV,FRI,False,,EDB,606,606.0,DAR,809.0,808.0,-1.0,811,810.0,-1.0,190.0,BHM,1106.0,1108.0,2.0,True
202511286723818,XC,2025-11-28,NOV,FRI,False,,NCL,835,835.0,DAR,904.0,905.0,1.0,906,906.0,0.0,50.0,BHM,1126.0,1130.0,4.0,True
202511286723761,XC,2025-11-28,NOV,FRI,False,777.0,GLC,648,648.0,DAR,1009.0,1009.0,0.0,1010,1011.0,1.0,228.0,BHM,1306.0,1306.0,0.0,False
202511286723821,XC,2025-11-28,NOV,FRI,False,,NCL,1035,1035.0,DAR,1105.0,1111.0,6.0,1106,1113.0,7.0,50.0,BHM,1328.0,1330.0,2.0,True
202511286723773,XC,2025-11-28,NOV,FRI,False,,EDB,1007,1007.0,DAR,1209.0,1210.0,1.0,1211,1213.0,2.0,190.0,BHM,1506.0,1514.0,8.0,True
202511286723824,XC,2025-11-28,NOV,FRI,False,,NCL,1236,1236.0,DAR,1305.0,1305.0,0.0,1307,1307.0,0.0,50.0,BHM,1528.0,1535.0,7.0,True
202511286723785,XC,2025-11-28,NOV,FRI,False,,EDB,1207,1206.0,DAR,1409.0,1414.0,5.0,1411,1415.0,4.0,190.0,BHM,1706.0,1731.0,25.0,True
202511286723829,XC,2025-11-28,NOV,FRI,False,,NCL,1435,1434.0,DAR,1505.0,1505.0,0.0,1506,1506.0,0.0,50.0,BHM,1727.0,1757.0,30.0,True
202511286723797,XC,2025-11-28,NOV,FRI,False,,EDB,1404,1404.0,DAR,1609.0,1609.0,0.0,1611,1611.0,0.0,190.0,BHM,1907.0,1907.0,0.0,False
202511286723482,XC,2025-11-28,NOV,FRI,False,,NCL,1633,1634.0,DAR,1704.0,1706.0,2.0,1705,1707.0,2.0,50.0,BHM,1930.0,1939.0,9.0,True
202511286723804,XC,2025-11-28,NOV,FRI,False,,EDB,1607,1606.0,DAR,1809.0,1820.0,11.0,1811,1822.0,11.0,190.0,BHM,2107.0,2111.0,4.0,True
202511286723807,XC,2025-11-28,NOV,FRI,False,,EDB,1707,1706.0,DAR,1909.0,1912.0,3.0,1911,1914.0,3.0,190.0,BHM,2208.0,2215.0,7.0,True
202511286723362,XC,2025-11-28,NOV,FRI,False,,EDB,1807,1806.0,DAR,2010.0,2023.0,13.0,2011,2026.0,15.0,190.0,BHM,2328.0,2326.0,-2.0,False
202512026723813,XC,2025-12-02,DEC,TUE,False,,NCL,624,624.0,DAR,653.0,653.0,0.0,655,655.0,0.0,50.0,BHM,928.0,926.0,-2.0,False
202512026723745,XC,2025-12-02,DEC,TUE,False,,NCL,640,640.0,DAR,710.0,709.0,-1.0,711,711.0,0.0,50.0,BHM,1004.0,1005.0,1.0,True
202512026723749,XC,2025-12-02,DEC,TUE,False,,EDB,606,605.0,DAR,809.0,808.0,-1.0,811,810.0,-1.0,190.0,BHM,1106.0,1113.0,7.0,True
202512026723818,XC,2025-12-02,DEC,TUE,False,,NCL,835,836.0,DAR,904.0,906.0,2.0,906,908.0,2.0,50.0,BHM,1126.0,1126.0,0.0,False
202512026723760,XC,2025-12-02,DEC,TUE,False,904.0,GLC,648,648.0,DAR,1009.0,1010.0,1.0,1010,1013.0,3.0,228.0,BHM,1306.0,1330.0,24.0,True
202512026723821,XC,2025-12-02,DEC,TUE,False,,NCL,1035,1035.0,DAR,1105.0,1103.0,-2.0,1106,1106.0,0.0,50.0,BHM,1328.0,1335.0,7.0,True
202512026723773,XC,2025-12-02,DEC,TUE,False,,EDB,1007,1007.0,DAR,1209.0,1208.0,-1.0,1211,1211.0,0.0,190.0,BHM,1506.0,1505.0,-1.0,False
202512026723824,XC,2025-12-02,DEC,TUE,False,,NCL,1236,1236.0,DAR,1305.0,1305.0,0.0,1307,1308.0,1.0,50.0,BHM,1528.0,1525.0,-3.0,False
202512026723785,XC,2025-12-02,DEC,TUE,False,896.0,EDB,1207,1206.0,DAR,1409.0,1416.0,7.0,1411,1418.0,7.0,190.0,BHM,1706.0,1728.0,22.0,True
202512026723829,XC,2025-12-02,DEC,TUE,False,,NCL,1435,1438.0,DAR,1505.0,1508.0,3.0,1506,1510.0,4.0,50.0,BHM,1727.0,1732.0,5.0,True
202512026723797,XC,2025-12-02,DEC,TUE,False,904.0,EDB,1404,1404.0,DAR,1609.0,1610.0,1.0,1611,1612.0,1.0,190.0,BHM,1907.0,1914.0,7.0,True
202512026723482,XC,2025-12-02,DEC,TUE,False,904.0,NCL,1633,1633.0,DAR,1704.0,1703.0,-1.0,1705,1705.0,0.0,50.0,BHM,1930.0,1933.0,3.0,True
202512026723804,XC,2025-12-02,DEC,TUE,False,,EDB,1607,1606.0,DAR,1809.0,1809.0,0.0,1811,1811.0,0.0,190.0,BHM,2107.0,2104.0,-3.0,False
202512026723807,XC,2025-12-02,DEC,TUE,False,,EDB,1707,1707.0,DAR,1909.0,1909.0,0.0,1911,1912.0,1.0,190.0,BHM,2208.0,2226.0,18.0,True
202512026723362,XC,2025-12-02,DEC,TUE,False,,EDB,1807,1807.0,DAR,2010.0,2009.0,-1.0,2011,2011.0,0.0,190.0,BHM,2328.0,2333.0,5.0,True
202512036723813,XC,2025-12-03,DEC,WED,False,,NCL,624,624.0,DAR,653.0,654.0,1.0,655,656.0,1.0,50.0,BHM,928.0,933.0,5.0,True
202512036723745,XC,2025-12-03,DEC,WED,False,,NCL,640,640.0,DAR,710.0,710.0,0.0,711,712.0,1.0,50.0,BHM,1004.0,1006.0,2.0,True
202512036723749,XC,2025-12-03,DEC,WED,False,,EDB,606,606.0,DAR,809.0,809.0,0.0,811,811.0,0.0,190.0,BHM,1106.0,1106.0,0.0,False
202512036723818,XC,2025-12-03,DEC,WED,False,,NCL,835,835.0,DAR,904.0,906.0,2.0,906,908.0,2.0,50.0,BHM,1126.0,1126.0,0.0,False
202512037956238,XC,2025-12-03,DEC,WED,False,911.0,NCL,940,946.0,DAR,1009.0,1018.0,9.0,1010,1020.0,10.0,50.0,BHM,1306.0,1309.0,3.0,True
202512036723821,XC,2025-12-03,DEC,WED,False,,NCL,1035,1035.0,DAR,1105.0,1106.0,1.0,1106,1108.0,2.0,50.0,BHM,1328.0,1330.0,2.0,True
202512036723773,XC,2025-12-03,DEC,WED,False,904.0,EDB,1007,1007.0,DAR,1209.0,1208.0,-1.0,1211,1211.0,0.0,190.0,BHM,1506.0,1515.0,9.0,True
202512036723824,XC,2025-12-03,DEC,WED,False,,NCL,1236,1238.0,DAR,1305.0,1306.0,1.0,1307,1308.0,1.0,50.0,BHM,1528.0,1527.0,-1.0,False
202512036723785,XC,2025-12-03,DEC,WED,False,824.0,EDB,1207,1208.0,DAR,1409.0,1431.0,22.0,1411,1433.0,22.0,190.0,BHM,1706.0,1728.0,22.0,True
202512036723829,XC,2025-12-03,DEC,WED,False,,NCL,1435,1435.0,DAR,1505.0,1507.0,2.0,1506,1509.0,3.0,50.0,BHM,1727.0,1733.0,6.0,True
202512036723797,XC,2025-12-03,DEC,WED,False,904.0,EDB,1404,1404.0,DAR,1609.0,1609.0,0.0,1611,1611.0,0.0,190.0,BHM,1907.0,1919.0,12.0,True
202512036723482,XC,2025-12-03,DEC,WED,False,,NCL,1633,1632.0,DAR,1704.0,1705.0,1.0,1705,1707.0,2.0,50.0,BHM,1930.0,1933.0,3.0,True
202512036723804,XC,2025-12-03,DEC,WED,False,,EDB,1607,1606.0,DAR,1809.0,1808.0,-1.0,1811,1812.0,1.0,190.0,BHM,2109.0,2114.0,5.0,True
202512036723807,XC,2025-12-03,DEC,WED,False,904.0,EDB,1707,1707.0,DAR,1909.0,1920.0,11.0,1911,1922.0,11.0,190.0,BHM,2208.0,2218.0,10.0,True
202512036723362,XC,2025-12-03,DEC,WED,False,,EDB,1807,1807.0,DAR,2010.0,2009.0,-1.0,2011,2011.0,0.0,190.0,BHM,2328.0,2332.0,4.0,True
202512046723813,XC,2025-12-04,DEC,THU,False,,NCL,624,624.0,DAR,653.0,654.0,1.0,655,656.0,1.0,50.0,BHM,928.0,927.0,-1.0,False
202512046723745,XC,2025-12-04,DEC,THU,False,,NCL,640,640.0,DAR,710.0,709.0,-1.0,711,711.0,0.0,50.0,BHM,1004.0,1004.0,0.0,False
202512046723749,XC,2025-12-04,DEC,THU,False,904.0,EDB,606,606.0,DAR,809.0,822.0,13.0,811,825.0,14.0,190.0,BHM,1106.0,1148.0,42.0,True
202512046723818,XC,2025-12-04,DEC,THU,False,576.0,NCL,835,834.0,DAR,904.0,907.0,3.0,906,909.0,3.0,50.0,BHM,1126.0,1202.0,36.0,True
202512046723760,XC,2025-12-04,DEC,THU,False,,GLC,648,647.0,DAR,1009.0,1011.0,2.0,1010,1012.0,2.0,228.0,BHM,1306.0,1310.0,4.0,True
202512046723821,XC,2025-12-04,DEC,THU,False,,NCL,1035,1035.0,DAR,1105.0,1104.0,-1.0,1106,1108.0,2.0,50.0,BHM,1328.0,1326.0,-2.0,False
202512046723773,XC,2025-12-04,DEC,THU,False,,EDB,1007,1007.0,DAR,1209.0,1208.0,-1.0,1211,1211.0,0.0,190.0,BHM,1506.0,1507.0,1.0,True
202512046723824,XC,2025-12-04,DEC,THU,False,,NCL,1236,1236.0,DAR,1305.0,1306.0,1.0,1307,1307.0,0.0,50.0,BHM,1528.0,1528.0,0.0,False
202512056723813,XC,2025-12-05,DEC,FRI,False,,NCL,624,624.0,DAR,653.0,654.0,1.0,655,656.0,1.0,50.0,BHM,928.0,933.0,5.0,True
202512056723745,XC,2025-12-05,DEC,FRI,False,,NCL,640,640.0,DAR,710.0,709.0,-1.0,711,712.0,1.0,50.0,BHM,1004.0,1002.0,-2.0,False
202512056723749,XC,2025-12-05,DEC,FRI,False,832.0,EDB,606,606.0,DAR,809.0,808.0,-1.0,811,812.0,1.0,190.0,BHM,1106.0,1133.0,27.0,True
202512056723818,XC,2025-12-05,DEC,FRI,False,904.0,NCL,835,835.0,DAR,904.0,907.0,3.0,906,909.0,3.0,50.0,BHM,1126.0,1139.0,13.0,True
202512056723761,XC,2025-12-05,DEC,FRI,False,,GLC,648,647.0,DAR,1009.0,1010.0,1.0,1010,1012.0,2.0,228.0,BHM,1306.0,1310.0,4.0,True
202512056723821,XC,2025-12-05,DEC,FRI,False,526.0,NCL,1035,1035.0,DAR,1105.0,1103.0,-2.0,1106,1108.0,2.0,50.0,BHM,1328.0,1330.0,2.0,True
202512056723773,XC,2025-12-05,DEC,FRI,False,,EDB,1007,1007.0,DAR,1209.0,1210.0,1.0,1211,1212.0,1.0,190.0,BHM,1506.0,1506.0,0.0,False
202512056723824,XC,2025-12-05,DEC,FRI,False,895.0,NCL,1236,1236.0,DAR,1305.0,1305.0,0.0,1307,1307.0,0.0,50.0,BHM,1528.0,1535.0,7.0,True
202512056723785,XC,2025-12-05,DEC,FRI,False,526.0,EDB,1207,1206.0,DAR,1409.0,1408.0,-1.0,1411,1410.0,-1.0,190.0,BHM,1706.0,1724.0,18.0,True
202512056723829,XC,2025-12-05,DEC,FRI,False,,NCL,1435,1435.0,DAR,1505.0,1504.0,-1.0,1506,1507.0,1.0,50.0,BHM,1727.0,1735.0,8.0,True
202512056723797,XC,2025-12-05,DEC,FRI,False,,EDB,1404,1403.0,DAR,1609.0,1610.0,1.0,1611,1612.0,1.0,190.0,BHM,1907.0,1916.0,9.0,True
202512056723482,XC,2025-12-05,DEC,FRI,False,,NCL,1633,1633.0,DAR,1704.0,1705.0,1.0,1705,1708.0,3.0,50.0,BHM,1930.0,1936.0,6.0,True
202512056723804,XC,2025-12-05,DEC,FRI,False,886.0,EDB,1607,1606.0,DAR,1809.0,1820.0,11.0,1811,1822.0,11.0,190.0,BHM,2107.0,2116.0,9.0,True
202512056723807,XC,2025-12-05,DEC,FRI,False,,EDB,1707,1722.0,DAR,1909.0,1924.0,15.0,1911,1925.0,14.0,190.0,BHM,2208.0,2223.0,15.0,True
202512056723362,XC,2025-12-05,DEC,FRI,False,895.0,EDB,1807,1806.0,DAR,2010.0,2015.0,5.0,2011,2018.0,7.0,190.0,BHM,2328.0,2329.0,1.0,True
202512066723751,XC,2025-12-06,DEC,SAT,False,,NCL,640,640.0,DAR,709.0,708.0,-1.0,711,711.0,0.0,50.0,BHM,1106.0,1106.0,0.0,False
202512066723756,XC,2025-12-06,DEC,SAT,False,,EDB,606,605.0,DAR,809.0,809.0,0.0,811,813.0,2.0,190.0,BHM,1205.0,1205.0,0.0,False
202512066723762,XC,2025-12-06,DEC,SAT,False,,EDB,704,704.0,DAR,910.0,908.0,-2.0,912,911.0,-1.0,190.0,BHM,1306.0,1307.0,1.0,True
202512066723766,XC,2025-12-06,DEC,SAT,False,,GLC,648,647.0,DAR,1010.0,1009.0,-1.0,1011,1011.0,0.0,228.0,BHM,1404.0,1409.0,5.0,True
202512066723774,XC,2025-12-06,DEC,SAT,False,,GLC,748,747.0,DAR,1110.0,1113.0,3.0,1112,1115.0,3.0,228.0,BHM,1506.0,1507.0,1.0,True
202512066723778,XC,2025-12-06,DEC,SAT,False,,EDB,1005,1005.0,DAR,1209.0,1209.0,0.0,1211,1212.0,1.0,190.0,BHM,1604.0,1604.0,0.0,False
202512066723786,XC,2025-12-06,DEC,SAT,False,,DEE,933,933.0,DAR,1311.0,1314.0,3.0,1312,1316.0,4.0,,BHM,1706.0,1720.0,14.0,True
202512066723793,XC,2025-12-06,DEC,SAT,False,,EDB,1207,1207.0,DAR,1409.0,1408.0,-1.0,1411,1410.0,-1.0,190.0,BHM,1804.0,1808.0,4.0,True
202512066723799,XC,2025-12-06,DEC,SAT,False,,EDB,1308,1308.0,DAR,1511.0,1510.0,-1.0,1512,1512.0,0.0,190.0,BHM,1906.0,1907.0,1.0,True
202512066723802,XC,2025-12-06,DEC,SAT,False,,EDB,1404,1403.0,DAR,1609.0,1608.0,-1.0,1611,1611.0,0.0,190.0,BHM,2005.0,2004.0,-1.0,False
202512066723805,XC,2025-12-06,DEC,SAT,False,,EDB,1505,1504.0,DAR,1710.0,1714.0,4.0,1711,1717.0,6.0,190.0,BHM,2106.0,2104.0,-2.0,False
202512066723365,XC,2025-12-06,DEC,SAT,False,704.0,EDB,1807,1806.0,DAR,2010.0,2012.0,2.0,2011,2015.0,4.0,190.0,BHM,2333.0,33.0,-1380.0,False
202512076723759,XC,2025-12-07,DEC,SUN,False,,NCL,834,834.0,DAR,904.0,903.0,-1.0,906,905.0,-1.0,50.0,BHM,1305.0,1307.0,2.0,True
202512076723767,XC,2025-12-07,DEC,SUN,False,,NCL,935,935.0,DAR,1004.0,1006.0,2.0,1006,1008.0,2.0,50.0,BHM,1404.0,1409.0,5.0,True
202512076723772,XC,2025-12-07,DEC,SUN,False,,EDB,908,908.0,DAR,1109.0,1108.0,-1.0,1111,1110.0,-1.0,190.0,BHM,1506.0,1506.0,0.0,False
202512076723779,XC,2025-12-07,DEC,SUN,False,,EDB,1008,1008.0,DAR,1209.0,1210.0,1.0,1211,1212.0,1.0,190.0,BHM,1604.0,1610.0,6.0,True
202512076723784,XC,2025-12-07,DEC,SUN,False,,EDB,1105,1104.0,DAR,1309.0,1307.0,-2.0,1310,1310.0,0.0,190.0,BHM,1706.0,1710.0,4.0,True
202512076723791,XC,2025-12-07,DEC,SUN,False,,GLC,1055,1055.0,DAR,1409.0,1408.0,-1.0,1411,1411.0,0.0,228.0,BHM,1804.0,1811.0,7.0,True
202512076723798,XC,2025-12-07,DEC,SUN,False,,EDB,1308,1307.0,DAR,1510.0,1509.0,-1.0,1512,1511.0,-1.0,190.0,BHM,1903.0,1903.0,0.0,False
202512076723801,XC,2025-12-07,DEC,SUN,False,,DEE,1222,1222.0,DAR,1609.0,1615.0,6.0,1611,1617.0,6.0,,BHM,2004.0,2007.0,3.0,True
202512076723806,XC,2025-12-07,DEC,SUN,False,,EDB,1608,1608.0,DAR,1809.0,1811.0,2.0,1811,1814.0,3.0,190.0,BHM,2208.0,2209.0,1.0,True
202512076723361,XC,2025-12-07,DEC,SUN,False,826.0,EDB,1805,1804.0,DAR,2008.0,2033.0,25.0,2010,2034.0,24.0,190.0,BHM,2325.0,2356.0,31.0,True
202512086723813,XC,2025-12-08,DEC,MON,False,,NCL,624,624.0,DAR,653.0,653.0,0.0,655,655.0,0.0,50.0,BHM,928.0,931.0,3.0,True
202512086723745,XC,2025-12-08,DEC,MON,False,,NCL,640,640.0,DAR,710.0,708.0,-2.0,711,710.0,-1.0,50.0,BHM,1004.0,1007.0,3.0,True
202512086723749,XC,2025-12-08,DEC,MON,False,,EDB,606,605.0,DAR,809.0,809.0,0.0,811,811.0,0.0,190.0,BHM,1106.0,1107.0,1.0,True
202512086723818,XC,2025-12-08,DEC,MON,False,,NCL,835,835.0,DAR,904.0,905.0,1.0,906,907.0,1.0,50.0,BHM,1126.0,1128.0,2.0,True
202512086723760,XC,2025-12-08,DEC,MON,False,,GLC,648,647.0,DAR,1009.0,1009.0,0.0,1010,1012.0,2.0,228.0,BHM,1306.0,1308.0,2.0,True
202512086723821,XC,2025-12-08,DEC,MON,False,,NCL,1035,1035.0,DAR,1105.0,1104.0,-1.0,1106,1106.0,0.0,50.0,BHM,1328.0,1326.0,-2.0,False
202512086723773,XC,2025-12-08,DEC,MON,False,656.0,EDB,1007,1007.0,DAR,1209.0,1208.0,-1.0,1211,1211.0,0.0,190.0,BHM,1506.0,1512.0,6.0,True
202512086723824,XC,2025-12-08,DEC,MON,False,904.0,NCL,1236,1236.0,DAR,1305.0,1307.0,2.0,1307,1309.0,2.0,50.0,BHM,1528.0,1528.0,0.0,False
202512086723785,XC,2025-12-08,DEC,MON,False,919.0,EDB,1207,1206.0,DAR,1409.0,1408.0,-1.0,1411,1410.0,-1.0,190.0,BHM,1706.0,1731.0,25.0,True
202512086723829,XC,2025-12-08,DEC,MON,False,,NCL,1435,1435.0,DAR,1505.0,1505.0,0.0,1506,1507.0,1.0,50.0,BHM,1727.0,1734.0,7.0,True
202512086723797,XC,2025-12-08,DEC,MON,False,,EDB,1404,1403.0,DAR,1609.0,1609.0,0.0,1611,1611.0,0.0,190.0,BHM,1907.0,1913.0,6.0,True
202512086723482,XC,2025-12-08,DEC,MON,False,,NCL,1633,1634.0,DAR,1704.0,1705.0,1.0,1705,1706.0,1.0,50.0,BHM,1930.0,1932.0,2.0,True
202512086723804,XC,2025-12-08,DEC,MON,False,,EDB,1607,1606.0,DAR,1809.0,1809.0,0.0,1811,1811.0,0.0,190.0,BHM,2107.0,2107.0,0.0,False
202512086723807,XC,2025-12-08,DEC,MON,False,777.0,EDB,1707,1707.0,DAR,1909.0,1908.0,-1.0,1911,1910.0,-1.0,190.0,BHM,2208.0,2211.0,3.0,True
202512086723362,XC,2025-12-08,DEC,MON,False,777.0,EDB,1807,1807.0,DAR,2010.0,2015.0,5.0,2011,2016.0,5.0,190.0,BHM,2328.0,2326.0,-2.0,False
202512096723813,XC,2025-12-09,DEC,TUE,False,895.0,NCL,624,624.0,DAR,653.0,652.0,-1.0,655,655.0,0.0,50.0,BHM,928.0,936.0,8.0,True
202512096723745,XC,2025-12-09,DEC,TUE,False,,NCL,640,640.0,DAR,710.0,708.0,-2.0,711,710.0,-1.0,50.0,BHM,1004.0,1007.0,3.0,True
202512096723749,XC,2025-12-09,DEC,TUE,False,,EDB,606,606.0,DAR,809.0,809.0,0.0,811,811.0,0.0,190.0,BHM,1106.0,1108.0,2.0,True
202512096723818,XC,2025-12-09,DEC,TUE,False,,NCL,835,834.0,DAR,904.0,905.0,1.0,906,907.0,1.0,50.0,BHM,1126.0,1126.0,0.0,False
202512096723760,XC,2025-12-09,DEC,TUE,False,,GLC,648,647.0,DAR,1009.0,1009.0,0.0,1010,1012.0,2.0,228.0,BHM,1306.0,1309.0,3.0,True
202512096723821,XC,2025-12-09,DEC,TUE,False,,NCL,1035,1035.0,DAR,1105.0,1104.0,-1.0,1106,1106.0,0.0,50.0,BHM,1328.0,1330.0,2.0,True
202512096723773,XC,2025-12-09,DEC,TUE,False,,EDB,1007,1006.0,DAR,1209.0,1209.0,0.0,1211,1211.0,0.0,190.0,BHM,1506.0,1507.0,1.0,True
202512096723824,XC,2025-12-09,DEC,TUE,False,,NCL,1236,1236.0,DAR,1305.0,1304.0,-1.0,1307,1307.0,0.0,50.0,BHM,1528.0,1528.0,0.0,False
202512096723785,XC,2025-12-09,DEC,TUE,False,,EDB,1207,1207.0,DAR,1409.0,1409.0,0.0,1411,1412.0,1.0,190.0,BHM,1706.0,1708.0,2.0,True
202512096723829,XC,2025-12-09,DEC,TUE,False,911.0,NCL,1435,1436.0,DAR,1505.0,1505.0,0.0,1506,1507.0,1.0,50.0,BHM,1727.0,1751.0,24.0,True
202512096723797,XC,2025-12-09,DEC,TUE,False,705.0,EDB,1404,1404.0,DAR,1609.0,1611.0,2.0,1611,1613.0,2.0,190.0,BHM,1907.0,1913.0,6.0,True
202512096723482,XC,2025-12-09,DEC,TUE,False,,NCL,1633,1635.0,DAR,1704.0,1705.0,1.0,1705,1707.0,2.0,50.0,BHM,1930.0,1935.0,5.0,True
202512096723804,XC,2025-12-09,DEC,TUE,False,,EDB,1607,1608.0,DAR,1809.0,1807.0,-2.0,1811,1810.0,-1.0,190.0,BHM,2107.0,2104.0,-3.0,False
202512096723807,XC,2025-12-09,DEC,TUE,False,904.0,EDB,1707,1707.0,DAR,1909.0,1911.0,2.0,1911,1912.0,1.0,190.0,BHM,2208.0,2219.0,11.0,True
202512096723362,XC,2025-12-09,DEC,TUE,False,,EDB,1807,1806.0,DAR,2010.0,2012.0,2.0,2011,2013.0,2.0,190.0,BHM,2328.0,2326.0,-2.0,False
202512106723813,XC,2025-12-10,DEC,WED,False,,NCL,624,624.0,DAR,653.0,653.0,0.0,655,655.0,0.0,50.0,BHM,928.0,931.0,3.0,True
202512106723745,XC,2025-12-10,DEC,WED,False,,NCL,640,640.0,DAR,710.0,709.0,-1.0,711,711.0,0.0,50.0,BHM,1004.0,1004.0,0.0,False
202512106723749,XC,2025-12-10,DEC,WED,False,,EDB,606,610.0,DAR,809.0,809.0,0.0,811,811.0,0.0,190.0,BHM,1106.0,1109.0,3.0,True
202512106723818,XC,2025-12-10,DEC,WED,False,,NCL,835,835.0,DAR,904.0,905.0,1.0,906,908.0,2.0,50.0,BHM,1126.0,1134.0,8.0,True
202512106723760,XC,2025-12-10,DEC,WED,False,904.0,GLC,648,647.0,DAR,1009.0,1010.0,1.0,1010,1011.0,1.0,228.0,BHM,1306.0,1325.0,19.0,True
202512106723821,XC,2025-12-10,DEC,WED,False,,NCL,1035,1035.0,DAR,1105.0,1105.0,0.0,1106,1107.0,1.0,50.0,BHM,1328.0,1336.0,8.0,True
202512106723773,XC,2025-12-10,DEC,WED,False,,EDB,1007,1007.0,DAR,1209.0,1208.0,-1.0,1211,1211.0,0.0,190.0,BHM,1506.0,1505.0,-1.0,False
202512106723824,XC,2025-12-10,DEC,WED,False,,NCL,1236,1236.0,DAR,1305.0,1306.0,1.0,1307,1308.0,1.0,50.0,BHM,1528.0,1527.0,-1.0,False
202512106723785,XC,2025-12-10,DEC,WED,False,,EDB,1207,1206.0,DAR,1409.0,1409.0,0.0,1411,1411.0,0.0,190.0,BHM,1706.0,1705.0,-1.0,False
202512106723829,XC,2025-12-10,DEC,WED,False,904.0,NCL,1435,1437.0,DAR,1505.0,1506.0,1.0,1506,1508.0,2.0,50.0,BHM,1727.0,1737.0,10.0,True
202512106723797,XC,2025-12-10,DEC,WED,False,,EDB,1404,1403.0,DAR,1609.0,1609.0,0.0,1611,1611.0,0.0,190.0,BHM,1907.0,1908.0,1.0,True
202512106723804,XC,2025-12-10,DEC,WED,False,547.0,EDB,1607,,DAR,1809.0,1808.0,-1.0,1811,1811.0,0.0,190.0,BHM,2107.0,2106.0,-1.0,False
202512106723807,XC,2025-12-10,DEC,WED,False,904.0,EDB,1707,1706.0,DAR,1909.0,1911.0,2.0,1911,1913.0,2.0,190.0,BHM,2208.0,2216.0,8.0,True
202512106723362,XC,2025-12-10,DEC,WED,False,,EDB,1807,1806.0,DAR,2010.0,2009.0,-1.0,2011,2011.0,0.0,190.0,BHM,2328.0,2328.0,0.0,False
202512116723813,XC,2025-12-11,DEC,THU,False,,NCL,624,624.0,DAR,653.0,653.0,0.0,655,655.0,0.0,50.0,BHM,928.0,928.0,0.0,False
202512116723745,XC,2025-12-11,DEC,THU,False,,NCL,640,640.0,DAR,710.0,709.0,-1.0,711,711.0,0.0,50.0,BHM,1004.0,1005.0,1.0,True
202512116723749,XC,2025-12-11,DEC,THU,False,,EDB,606,606.0,DAR,809.0,809.0,0.0,811,811.0,0.0,190.0,BHM,1106.0,1104.0,-2.0,False
202512116723755,XC,2025-12-11,DEC,THU,False,,EDB,704,703.0,DAR,910.0,911.0,1.0,911,913.0,2.0,190.0,BHM,1204.0,1208.0,4.0,True
202512116723760,XC,2025-12-11,DEC,THU,False,,GLC,648,647.0,DAR,1009.0,1009.0,0.0,1010,1011.0,1.0,228.0,BHM,1306.0,1307.0,1.0,True
202512116723821,XC,2025-12-11,DEC,THU,False,,NCL,1035,1035.0,DAR,1105.0,1106.0,1.0,1106,1107.0,1.0,50.0,BHM,1328.0,1326.0,-2.0,False
202512116723773,XC,2025-12-11,DEC,THU,False,904.0,EDB,1007,1007.0,DAR,1209.0,1209.0,0.0,1211,1211.0,0.0,190.0,BHM,1506.0,1513.0,7.0,True
202512116723824,XC,2025-12-11,DEC,THU,False,,NCL,1236,1236.0,DAR,1305.0,1305.0,0.0,1307,1307.0,0.0,50.0,BHM,1528.0,1529.0,1.0,True
202512116723785,XC,2025-12-11,DEC,THU,False,,EDB,1207,1206.0,DAR,1409.0,1411.0,2.0,1411,1413.0,2.0,190.0,BHM,1706.0,1705.0,-1.0,False
202512116723797,XC,2025-12-11,DEC,THU,False,887.0,EDB,1404,1405.0,DAR,1609.0,1636.0,27.0,1611,1638.0,27.0,190.0,BHM,1907.0,1933.0,26.0,True
202512116723482,XC,2025-12-11,DEC,THU,False,576.0,NCL,1633,1638.0,DAR,1704.0,1714.0,10.0,1705,1717.0,12.0,50.0,BHM,1930.0,1944.0,14.0,True
202512116723804,XC,2025-12-11,DEC,THU,False,,EDB,1607,1606.0,DAR,1809.0,1810.0,1.0,1811,1812.0,1.0,190.0,BHM,2107.0,2107.0,0.0,False
202512116723807,XC,2025-12-11,DEC,THU,False,904.0,EDB,1707,1706.0,DAR,1909.0,1918.0,9.0,1911,1920.0,9.0,190.0,BHM,2208.0,2210.0,2.0,True
202512116723362,XC,2025-12-11,DEC,THU,False,841.0,EDB,1807,1806.0,DAR,2010.0,2024.0,14.0,2011,2026.0,15.0,190.0,BHM,2328.0,2326.0,-2.0,False
202512126723813,XC,2025-12-12,DEC,FRI,False,,NCL,624,624.0,DAR,653.0,653.0,0.0,655,655.0,0.0,50.0,BHM,928.0,931.0,3.0,True
202512126723745,XC,2025-12-12,DEC,FRI,False,,NCL,640,639.0,DAR,710.0,709.0,-1.0,711,712.0,1.0,50.0,BHM,1004.0,1005.0,1.0,True
202512126723749,XC,2025-12-12,DEC,FRI,False,904.0,EDB,606,606.0,DAR,809.0,808.0,-1.0,811,810.0,-1.0,190.0,BHM,1106.0,1115.0,9.0,True
202512126723818,XC,2025-12-12,DEC,FRI,False,,NCL,835,835.0,DAR,904.0,904.0,0.0,906,908.0,2.0,50.0,BHM,1126.0,1127.0,1.0,True
202512126723761,XC,2025-12-12,DEC,FRI,False,,GLC,648,648.0,DAR,1009.0,1010.0,1.0,1010,1011.0,1.0,228.0,BHM,1306.0,1319.0,13.0,True
202512126723821,XC,2025-12-12,DEC,FRI,False,,NCL,1035,1035.0,DAR,1105.0,1106.0,1.0,1106,1108.0,2.0,50.0,BHM,1328.0,1331.0,3.0,True
202512126723773,XC,2025-12-12,DEC,FRI,False,,EDB,1007,1007.0,DAR,1209.0,1209.0,0.0,1211,1211.0,0.0,190.0,BHM,1506.0,1507.0,1.0,True
202512126723824,XC,2025-12-12,DEC,FRI,False,,NCL,1236,1236.0,DAR,1305.0,1305.0,0.0,1307,1307.0,0.0,50.0,BHM,1528.0,1532.0,4.0,True
202512126723785,XC,2025-12-12,DEC,FRI,False,,EDB,1207,1207.0,DAR,1409.0,1410.0,1.0,1411,1412.0,1.0,190.0,BHM,1706.0,1709.0,3.0,True
202512126723797,XC,2025-12-12,DEC,FRI,False,832.0,EDB,1404,1404.0,DAR,1609.0,1613.0,4.0,1611,1615.0,4.0,190.0,BHM,1907.0,1914.0,7.0,True
202512126723804,XC,2025-12-12,DEC,FRI,False,904.0,EDB,1607,1606.0,DAR,1809.0,1808.0,-1.0,1811,1811.0,0.0,190.0,BHM,2107.0,2115.0,8.0,True
202512126723807,XC,2025-12-12,DEC,FRI,False,,EDB,1707,1707.0,DAR,1909.0,1911.0,2.0,1911,1913.0,2.0,190.0,BHM,2208.0,2213.0,5.0,True
202512126723362,XC,2025-12-12,DEC,FRI,False,,EDB,1807,1806.0,DAR,2010.0,2011.0,1.0,2011,2013.0,2.0,190.0,BHM,2328.0,2328.0,0.0,False
202512136723756,XC,2025-12-13,DEC,SAT,False,,EDB,606,605.0,DAR,809.0,821.0,12.0,811,823.0,12.0,190.0,BHM,1206.0,1205.0,-1.0,False
202512136723762,XC,2025-12-13,DEC,SAT,False,895.0,EDB,704,704.0,DAR,910.0,913.0,3.0,912,915.0,3.0,190.0,BHM,1306.0,1307.0,1.0,True
202512136723766,XC,2025-12-13,DEC,SAT,False,,GLC,648,647.0,DAR,1010.0,1009.0,-1.0,1011,1011.0,0.0,228.0,BHM,1404.0,1403.0,-1.0,False
202512136723774,XC,2025-12-13,DEC,SAT,False,,GLC,748,748.0,DAR,1110.0,1111.0,1.0,1112,1112.0,0.0,228.0,BHM,1506.0,1506.0,0.0,False
202512136723778,XC,2025-12-13,DEC,SAT,False,,EDB,1005,,DAR,1209.0,1210.0,1.0,1211,1211.0,0.0,190.0,BHM,1605.0,1607.0,2.0,True
202512136723786,XC,2025-12-13,DEC,SAT,False,,DEE,933,933.0,DAR,1311.0,1313.0,2.0,1312,1316.0,4.0,,BHM,1706.0,1710.0,4.0,True
202512136723793,XC,2025-12-13,DEC,SAT,False,,EDB,1207,1208.0,DAR,1409.0,1413.0,4.0,1411,1415.0,4.0,190.0,BHM,1804.0,1806.0,2.0,True
202512136723799,XC,2025-12-13,DEC,SAT,False,,EDB,1308,1307.0,DAR,1511.0,1513.0,2.0,1512,1515.0,3.0,190.0,BHM,1906.0,1910.0,4.0,True
202512136723802,XC,2025-12-13,DEC,SAT,False,,EDB,1404,1403.0,DAR,1609.0,1610.0,1.0,1611,1613.0,2.0,190.0,BHM,2006.0,2008.0,2.0,True
202512136723805,XC,2025-12-13,DEC,SAT,False,,EDB,1505,1504.0,DAR,1710.0,1718.0,8.0,1711,1720.0,9.0,190.0,BHM,2106.0,2123.0,17.0,True
202512136723447,XC,2025-12-13,DEC,SAT,False,,EDB,1709,1709.0,DAR,1910.0,1911.0,1.0,1911,1913.0,2.0,190.0,BHM,2234.0,2258.0,24.0,True
202512136723365,XC,2025-12-13,DEC,SAT,False,,EDB,1807,1806.0,DAR,2010.0,2013.0,3.0,2011,2015.0,4.0,190.0,BHM,2333.0,17.0,-1396.0,False
202512146775086,XC,2025-12-14,DEC,SUN,False,536.0,NCL,936,936.0,DAR,1005.0,1007.0,2.0,1006,1010.0,4.0,50.0,BHM,1404.0,1433.0,29.0,True
202512146775087,XC,2025-12-14,DEC,SUN,False,,EDB,908,908.0,DAR,1109.0,1119.0,10.0,1111,1122.0,11.0,190.0,BHM,1506.0,1516.0,10.0,True
202512146775090,XC,2025-12-14,DEC,SUN,False,,EDB,1008,1008.0,DAR,1210.0,1219.0,9.0,1211,1221.0,10.0,190.0,BHM,1605.0,1607.0,2.0,True
202512146775122,XC,2025-12-14,DEC,SUN,False,,EDB,1107,1107.0,DAR,1309.0,1310.0,1.0,1310,1313.0,3.0,190.0,BHM,1706.0,1706.0,0.0,False
202512146775093,XC,2025-12-14,DEC,SUN,False,,GLC,1055,1055.0,DAR,1410.0,1413.0,3.0,1411,1415.0,4.0,228.0,BHM,1804.0,1805.0,1.0,True
202512146775064,XC,2025-12-14,DEC,SUN,False,575.0,EDB,1305,1318.0,DAR,1509.0,1522.0,13.0,1511,1525.0,14.0,190.0,BHM,1904.0,1910.0,6.0,True
202512146775099,XC,2025-12-14,DEC,SUN,False,,DEE,1222,,DAR,1609.0,1627.0,18.0,1610,1629.0,19.0,,BHM,2004.0,2010.0,6.0,True
202512146775101,XC,2025-12-14,DEC,SUN,False,904.0,EDB,1505,1505.0,DAR,1710.0,1713.0,3.0,1712,1718.0,6.0,190.0,BHM,2106.0,2108.0,2.0,True
202512146775104,XC,2025-12-14,DEC,SUN,False,,EDB,1607,1607.0,DAR,1811.0,1808.0,-3.0,1812,1812.0,0.0,190.0,BHM,2208.0,2208.0,0.0,False
202512147542542,XC,2025-12-14,DEC,SUN,False,904.0,EDB,1705,1705.0,DAR,1909.0,1917.0,8.0,1911,1919.0,8.0,190.0,BHM,2245.0,2249.0,4.0,True
202512156775196,XC,2025-12-15,DEC,MON,False,,NCL,623,623.0,DAR,652.0,652.0,0.0,654,654.0,0.0,50.0,BHM,928.0,929.0,1.0,True
202512156775192,XC,2025-12-15,DEC,MON,False,,NCL,640,640.0,DAR,709.0,709.0,0.0,710,712.0,2.0,50.0,BHM,1004.0,1005.0,1.0,True
202512156775082,XC,2025-12-15,DEC,MON,False,,EDB,602,602.0,DAR,810.0,808.0,-2.0,811,810.0,-1.0,190.0,BHM,1106.0,1110.0,4.0,True
202512156775198,XC,2025-12-15,DEC,MON,False,,NCL,835,835.0,DAR,904.0,905.0,1.0,906,908.0,2.0,50.0,BHM,1127.0,1128.0,1.0,True
202512156775118,XC,2025-12-15,DEC,MON,False,,GLC,648,647.0,DAR,1010.0,1009.0,-1.0,1011,1012.0,1.0,228.0,BHM,1306.0,1307.0,1.0,True
202512156775200,XC,2025-12-15,DEC,MON,False,,NCL,1033,1034.0,DAR,1104.0,1103.0,-1.0,1105,1106.0,1.0,50.0,BHM,1328.0,1342.0,14.0,True
202512156775088,XC,2025-12-15,DEC,MON,False,,EDB,1005,1005.0,DAR,1210.0,1212.0,2.0,1213,1215.0,2.0,190.0,BHM,1506.0,1508.0,2.0,True
202512156775202,XC,2025-12-15,DEC,MON,False,,NCL,1233,1232.0,DAR,1303.0,1303.0,0.0,1305,1307.0,2.0,50.0,BHM,1528.0,1532.0,4.0,True
202512156775091,XC,2025-12-15,DEC,MON,False,,EDB,1205,1204.0,DAR,1410.0,1408.0,-2.0,1412,1411.0,-1.0,190.0,BHM,1706.0,1705.0,-1.0,False
202512156775204,XC,2025-12-15,DEC,MON,False,576.0,NCL,1434,1436.0,DAR,1504.0,1505.0,1.0,1506,1507.0,1.0,50.0,BHM,1727.0,1738.0,11.0,True
202512156775096,XC,2025-12-15,DEC,MON,False,,EDB,1404,1403.0,DAR,1610.0,1613.0,3.0,1611,1615.0,4.0,190.0,BHM,1907.0,1910.0,3.0,True
202512156775190,XC,2025-12-15,DEC,MON,False,,NCL,1634,1633.0,DAR,1704.0,1704.0,0.0,1705,1707.0,2.0,50.0,BHM,1931.0,1925.0,-6.0,False
202512156775102,XC,2025-12-15,DEC,MON,False,910.0,EDB,1605,1605.0,DAR,1810.0,1809.0,-1.0,1812,1812.0,0.0,190.0,BHM,2107.0,2115.0,8.0,True
202512156775105,XC,2025-12-15,DEC,MON,False,,EDB,1704,1703.0,DAR,1910.0,1908.0,-2.0,1912,1912.0,0.0,190.0,BHM,2209.0,2210.0,1.0,True
202512156775079,XC,2025-12-15,DEC,MON,False,832.0,EDB,1804,1803.0,DAR,2010.0,2007.0,-3.0,2011,2010.0,-1.0,190.0,BHM,2328.0,2326.0,-2.0,False
202512166775461,XC,2025-12-16,DEC,TUE,False,,NCL,518,517.0,DAR,550.0,548.0,-2.0,552,552.0,0.0,50.0,BHM,828.0,832.0,4.0,True
202512166775196,XC,2025-12-16,DEC,TUE,False,,NCL,623,623.0,DAR,652.0,653.0,1.0,654,654.0,0.0,50.0,BHM,928.0,932.0,4.0,True
202512166775192,XC,2025-12-16,DEC,TUE,False,,NCL,640,640.0,DAR,709.0,710.0,1.0,710,712.0,2.0,50.0,BHM,1004.0,1003.0,-1.0,False
202512166775082,XC,2025-12-16,DEC,TUE,False,,EDB,602,603.0,DAR,810.0,810.0,0.0,811,812.0,1.0,190.0,BHM,1106.0,1109.0,3.0,True
202512166775198,XC,2025-12-16,DEC,TUE,False,,NCL,835,835.0,DAR,904.0,904.0,0.0,906,906.0,0.0,50.0,BHM,1127.0,1131.0,4.0,True
202512166775118,XC,2025-12-16,DEC,TUE,False,,GLC,648,647.0,DAR,1010.0,1009.0,-1.0,1011,1011.0,0.0,228.0,BHM,1306.0,1323.0,17.0,True
202512166775200,XC,2025-12-16,DEC,TUE,False,,NCL,1033,1034.0,DAR,1104.0,1105.0,1.0,1105,1106.0,1.0,50.0,BHM,1328.0,1334.0,6.0,True
202512166775088,XC,2025-12-16,DEC,TUE,False,,EDB,1005,1005.0,DAR,1210.0,1209.0,-1.0,1213,1213.0,0.0,190.0,BHM,1506.0,1513.0,7.0,True
202512166775202,XC,2025-12-16,DEC,TUE,False,,NCL,1233,1233.0,DAR,1303.0,1303.0,0.0,1305,1307.0,2.0,50.0,BHM,1528.0,1532.0,4.0,True
202512166775091,XC,2025-12-16,DEC,TUE,False,,EDB,1205,1205.0,DAR,1410.0,1409.0,-1.0,1412,1412.0,0.0,190.0,BHM,1706.0,1711.0,5.0,True
202512166775204,XC,2025-12-16,DEC,TUE,False,832.0,NCL,1434,1433.0,DAR,1504.0,1503.0,-1.0,1506,1506.0,0.0,50.0,BHM,1727.0,1744.0,17.0,True
202512166775096,XC,2025-12-16,DEC,TUE,False,576.0,EDB,1404,1403.0,DAR,1610.0,1727.0,77.0,1611,1730.0,79.0,190.0,BHM,1907.0,2013.0,66.0,True
202512166775102,XC,2025-12-16,DEC,TUE,False,650.0,EDB,1605,1605.0,DAR,1810.0,1841.0,31.0,1812,1843.0,31.0,190.0,BHM,2107.0,2133.0,26.0,True
202512166775105,XC,2025-12-16,DEC,TUE,False,,EDB,1704,1704.0,DAR,1910.0,1917.0,7.0,1912,1919.0,7.0,190.0,BHM,2209.0,2221.0,12.0,True
202512166775079,XC,2025-12-16,DEC,TUE,False,650.0,EDB,1804,,DAR,2010.0,2040.0,30.0,2011,2043.0,32.0,190.0,BHM,2328.0,2332.0,4.0,True
202512176775461,XC,2025-12-17,DEC,WED,False,,NCL,518,518.0,DAR,550.0,548.0,-2.0,552,552.0,0.0,50.0,BHM,828.0,833.0,5.0,True
202512176775196,XC,2025-12-17,DEC,WED,False,,NCL,623,623.0,DAR,652.0,652.0,0.0,654,654.0,0.0,50.0,BHM,928.0,927.0,-1.0,False
202512176775192,XC,2025-12-17,DEC,WED,False,,NCL,640,639.0,DAR,709.0,714.0,5.0,710,716.0,6.0,50.0,BHM,1004.0,1007.0,3.0,True
202512176775082,XC,2025-12-17,DEC,WED,False,,EDB,602,602.0,DAR,810.0,809.0,-1.0,811,811.0,0.0,190.0,BHM,1106.0,1108.0,2.0,True
202512176775198,XC,2025-12-17,DEC,WED,False,,NCL,835,834.0,DAR,904.0,903.0,-1.0,906,905.0,-1.0,50.0,BHM,1127.0,1127.0,0.0,False
202512176775118,XC,2025-12-17,DEC,WED,False,,GLC,648,647.0,DAR,1010.0,1008.0,-2.0,1011,1011.0,0.0,228.0,BHM,1306.0,1309.0,3.0,True
202512176775200,XC,2025-12-17,DEC,WED,False,,NCL,1033,1033.0,DAR,1104.0,1103.0,-1.0,1105,1106.0,1.0,50.0,BHM,1328.0,1335.0,7.0,True
202512176775088,XC,2025-12-17,DEC,WED,False,,EDB,1005,1004.0,DAR,1210.0,1209.0,-1.0,1213,1213.0,0.0,190.0,BHM,1506.0,1505.0,-1.0,False
202512176775202,XC,2025-12-17,DEC,WED,False,,NCL,1233,1233.0,DAR,1303.0,1308.0,5.0,1305,1310.0,5.0,50.0,BHM,1528.0,1527.0,-1.0,False
202512176775091,XC,2025-12-17,DEC,WED,False,,EDB,1205,1204.0,DAR,1410.0,1409.0,-1.0,1412,1411.0,-1.0,190.0,BHM,1706.0,1707.0,1.0,True
202512176775204,XC,2025-12-17,DEC,WED,False,,NCL,1434,1434.0,DAR,1504.0,1503.0,-1.0,1506,1507.0,1.0,50.0,BHM,1727.0,1728.0,1.0,True
202512176775096,XC,2025-12-17,DEC,WED,False,,EDB,1404,1403.0,DAR,1610.0,1608.0,-2.0,1611,1610.0,-1.0,190.0,BHM,1907.0,1907.0,0.0,False
202512176775190,XC,2025-12-17,DEC,WED,False,,NCL,1634,1634.0,DAR,1704.0,1704.0,0.0,1705,1706.0,1.0,50.0,BHM,1931.0,1931.0,0.0,False
202512176775102,XC,2025-12-17,DEC,WED,False,,EDB,1605,1605.0,DAR,1810.0,1809.0,-1.0,1812,1812.0,0.0,190.0,BHM,2107.0,2109.0,2.0,True
202512176775105,XC,2025-12-17,DEC,WED,False,,EDB,1704,1705.0,DAR,1910.0,1911.0,1.0,1912,1913.0,1.0,190.0,BHM,2209.0,2210.0,1.0,True
202512176775079,XC,2025-12-17,DEC,WED,False,904.0,EDB,1804,1804.0,DAR,2010.0,2008.0,-2.0,2011,2010.0,-1.0,190.0,BHM,2328.0,2327.0,-1.0,False
202512186775461,XC,2025-12-18,DEC,THU,False,,NCL,518,517.0,DAR,550.0,548.0,-2.0,552,551.0,-1.0,50.0,BHM,828.0,829.0,1.0,True
202512186775196,XC,2025-12-18,DEC,THU,False,,NCL,623,623.0,DAR,652.0,651.0,-1.0,654,654.0,0.0,50.0,BHM,928.0,930.0,2.0,True
202512186775192,XC,2025-12-18,DEC,THU,False,,NCL,640,640.0,DAR,709.0,709.0,0.0,710,711.0,1.0,50.0,BHM,1004.0,1007.0,3.0,True
202512186775082,XC,2025-12-18,DEC,THU,False,,EDB,602,602.0,DAR,810.0,810.0,0.0,811,812.0,1.0,190.0,BHM,1106.0,1114.0,8.0,True
202512186775198,XC,2025-12-18,DEC,THU,False,,NCL,835,835.0,DAR,904.0,906.0,2.0,906,908.0,2.0,50.0,BHM,1127.0,1125.0,-2.0,False
202512186775118,XC,2025-12-18,DEC,THU,False,,GLC,648,647.0,DAR,1010.0,1007.0,-3.0,1011,1011.0,0.0,228.0,BHM,1306.0,1307.0,1.0,True
202512186775200,XC,2025-12-18,DEC,THU,False,,NCL,1033,1033.0,DAR,1104.0,1104.0,0.0,1105,1106.0,1.0,50.0,BHM,1328.0,1329.0,1.0,True
202512186775088,XC,2025-12-18,DEC,THU,False,,EDB,1005,1005.0,DAR,1210.0,1209.0,-1.0,1213,1216.0,3.0,190.0,BHM,1506.0,1518.0,12.0,True
202512186775202,XC,2025-12-18,DEC,THU,False,,NCL,1233,1236.0,DAR,1303.0,1305.0,2.0,1305,1307.0,2.0,50.0,BHM,1528.0,1529.0,1.0,True
202512186775091,XC,2025-12-18,DEC,THU,False,576.0,EDB,1205,1205.0,DAR,1410.0,1431.0,21.0,1412,1432.0,20.0,190.0,BHM,1706.0,1733.0,27.0,True
202512186775204,XC,2025-12-18,DEC,THU,False,,NCL,1434,1435.0,DAR,1504.0,1504.0,0.0,1506,1507.0,1.0,50.0,BHM,1727.0,1739.0,12.0,True
202512186775096,XC,2025-12-18,DEC,THU,False,,EDB,1404,1403.0,DAR,1610.0,1612.0,2.0,1611,1614.0,3.0,190.0,BHM,1907.0,1906.0,-1.0,False
202512186775190,XC,2025-12-18,DEC,THU,False,,NCL,1634,1635.0,DAR,1704.0,1704.0,0.0,1705,1705.0,0.0,50.0,BHM,1931.0,1929.0,-2.0,False
202512186775102,XC,2025-12-18,DEC,THU,False,,EDB,1605,1605.0,DAR,1810.0,1809.0,-1.0,1812,1812.0,0.0,190.0,BHM,2107.0,2106.0,-1.0,False
202512186775105,XC,2025-12-18,DEC,THU,False,887.0,EDB,1704,1704.0,DAR,1910.0,1910.0,0.0,1912,1912.0,0.0,190.0,BHM,2209.0,2257.0,48.0,True
202512186775079,XC,2025-12-18,DEC,THU,False,,EDB,1804,1803.0,DAR,2010.0,2008.0,-2.0,2011,2011.0,0.0,190.0,BHM,2328.0,2329.0,1.0,True
202512196775461,XC,2025-12-19,DEC,FRI,False,,NCL,518,518.0,DAR,550.0,548.0,-2.0,552,552.0,0.0,50.0,BHM,828.0,830.0,2.0,True
202512196775196,XC,2025-12-19,DEC,FRI,False,,NCL,623,623.0,DAR,652.0,652.0,0.0,654,654.0,0.0,50.0,BHM,928.0,932.0,4.0,True
202512196775082,XC,2025-12-19,DEC,FRI,False,,EDB,602,603.0,DAR,810.0,809.0,-1.0,811,811.0,0.0,190.0,BHM,1106.0,1109.0,3.0,True
202512196775198,XC,2025-12-19,DEC,FRI,False,,NCL,835,835.0,DAR,904.0,905.0,1.0,906,907.0,1.0,50.0,BHM,1127.0,1128.0,1.0,True
202512196775118,XC,2025-12-19,DEC,FRI,False,,GLC,648,648.0,DAR,1010.0,1009.0,-1.0,1011,1011.0,0.0,228.0,BHM,1306.0,1310.0,4.0,True
202512196775200,XC,2025-12-19,DEC,FRI,False,,NCL,1033,1033.0,DAR,1104.0,1104.0,0.0,1105,1107.0,2.0,50.0,BHM,1328.0,1328.0,0.0,False
202512196775088,XC,2025-12-19,DEC,FRI,False,,EDB,1005,1004.0,DAR,1210.0,1210.0,0.0,1213,1212.0,-1.0,190.0,BHM,1506.0,1511.0,5.0,True
202512196775202,XC,2025-12-19,DEC,FRI,False,,NCL,1233,1233.0,DAR,1303.0,1304.0,1.0,1305,1306.0,1.0,50.0,BHM,1528.0,1530.0,2.0,True
202512196775091,XC,2025-12-19,DEC,FRI,False,,EDB,1205,1204.0,DAR,1410.0,1409.0,-1.0,1412,1412.0,0.0,190.0,BHM,1706.0,1713.0,7.0,True
202512196775204,XC,2025-12-19,DEC,FRI,False,,NCL,1434,1434.0,DAR,1504.0,1503.0,-1.0,1506,1505.0,-1.0,50.0,BHM,1727.0,1734.0,7.0,True
202512196775096,XC,2025-12-19,DEC,FRI,False,,EDB,1404,1403.0,DAR,1610.0,1613.0,3.0,1611,1615.0,4.0,190.0,BHM,1907.0,1914.0,7.0,True
202512196775190,XC,2025-12-19,DEC,FRI,False,,NCL,1634,1634.0,DAR,1704.0,1706.0,2.0,1705,1708.0,3.0,50.0,BHM,1931.0,1931.0,0.0,False
202512196775102,XC,2025-12-19,DEC,FRI,False,,EDB,1605,1604.0,DAR,1810.0,1812.0,2.0,1812,1814.0,2.0,190.0,BHM,2107.0,2110.0,3.0,True
202512196775105,XC,2025-12-19,DEC,FRI,False,,EDB,1704,1704.0,DAR,1910.0,1909.0,-1.0,1912,1911.0,-1.0,190.0,BHM,2209.0,2220.0,11.0,True
202512196775079,XC,2025-12-19,DEC,FRI,False,705.0,EDB,1804,1811.0,DAR,2010.0,2038.0,28.0,2011,2040.0,29.0,190.0,BHM,2328.0,2355.0,27.0,True
202512206775193,XC,2025-12-20,DEC,SAT,False,574.0,NCL,640,656.0,DAR,709.0,730.0,21.0,710,733.0,23.0,50.0,BHM,1006.0,1035.0,29.0,True
202512206775119,XC,2025-12-20,DEC,SAT,False,,GLC,648,648.0,DAR,1010.0,1013.0,3.0,1011,1016.0,5.0,228.0,BHM,1306.0,1319.0,13.0,True
202512206775201,XC,2025-12-20,DEC,SAT,False,,NCL,1035,1036.0,DAR,1104.0,1104.0,0.0,1106,1107.0,1.0,50.0,BHM,1328.0,1330.0,2.0,True
202512206775089,XC,2025-12-20,DEC,SAT,False,,EDB,1005,1004.0,DAR,1210.0,1209.0,-1.0,1211,1211.0,0.0,190.0,BHM,1505.0,1512.0,7.0,True
202512206775092,XC,2025-12-20,DEC,SAT,False,,EDB,1205,1205.0,DAR,1410.0,1410.0,0.0,1412,1412.0,0.0,190.0,BHM,1706.0,1708.0,2.0,True
202512206775205,XC,2025-12-20,DEC,SAT,False,,NCL,1433,1432.0,DAR,1503.0,1502.0,-1.0,1505,1505.0,0.0,50.0,BHM,1727.0,1727.0,0.0,False
202512206775097,XC,2025-12-20,DEC,SAT,False,,EDB,1404,1403.0,DAR,1610.0,1615.0,5.0,1612,1617.0,5.0,190.0,BHM,1905.0,1910.0,5.0,True
202512206775191,XC,2025-12-20,DEC,SAT,False,904.0,NCL,1633,1633.0,DAR,1703.0,1710.0,7.0,1704,1714.0,10.0,50.0,BHM,1925.0,1937.0,12.0,True
202512206775103,XC,2025-12-20,DEC,SAT,False,,EDB,1605,1605.0,DAR,1809.0,1809.0,0.0,1811,1811.0,0.0,190.0,BHM,2106.0,2111.0,5.0,True
202512206775081,XC,2025-12-20,DEC,SAT,False,904.0,EDB,1705,1706.0,DAR,1910.0,1917.0,7.0,1911,1919.0,8.0,190.0,BHM,2232.0,2231.0,-1.0,False
202512206775080,XC,2025-12-20,DEC,SAT,False,887.0,EDB,1804,1804.0,DAR,2010.0,2021.0,11.0,2011,2024.0,13.0,190.0,BHM,2307.0,2325.0,18.0,True
202512216775086,XC,2025-12-21,DEC,SUN,False,892.0,EDB,908,908.0,DAR,1109.0,1109.0,0.0,1111,1112.0,1.0,190.0,BHM,1404.0,1417.0,13.0,True
202512216775087,XC,2025-12-21,DEC,SUN,False,892.0,EDB,1008,1008.0,DAR,1209.0,1211.0,2.0,1210,1214.0,4.0,190.0,BHM,1506.0,1507.0,1.0,True
202512216775090,XC,2025-12-21,DEC,SUN,False,,EDB,1107,1107.0,DAR,1309.0,1309.0,0.0,1310,1311.0,1.0,190.0,BHM,1604.0,1609.0,5.0,True
202512216775122,XC,2025-12-21,DEC,SUN,False,,GLC,1055,1055.0,DAR,1410.0,1409.0,-1.0,1411,1411.0,0.0,228.0,BHM,1706.0,1705.0,-1.0,False
202512216775093,XC,2025-12-21,DEC,SUN,False,,EDB,1305,1305.0,DAR,1509.0,1508.0,-1.0,1511,1510.0,-1.0,190.0,BHM,1804.0,1809.0,5.0,True
202512216775064,XC,2025-12-21,DEC,SUN,False,,DEE,1222,1222.0,DAR,1609.0,1610.0,1.0,1610,1612.0,2.0,,BHM,1904.0,1910.0,6.0,True
202512216775189,XC,2025-12-21,DEC,SUN,False,,NCL,1635,1635.0,DAR,1704.0,1710.0,6.0,1706,1711.0,5.0,50.0,BHM,1925.0,1930.0,5.0,True
202512216775101,XC,2025-12-21,DEC,SUN,False,,EDB,1607,1607.0,DAR,1811.0,1808.0,-3.0,1812,1812.0,0.0,190.0,BHM,2106.0,2107.0,1.0,True
202512216775186,XC,2025-12-21,DEC,SUN,False,,NCL,1833,1833.0,DAR,1902.0,1901.0,-1.0,1904,1903.0,-1.0,50.0,BHM,2124.0,2127.0,3.0,True
202512216775078,XC,2025-12-21,DEC,SUN,False,,EDB,1805,1805.0,DAR,2007.0,2007.0,0.0,2009,2009.0,0.0,190.0,BHM,2309.0,2308.0,-1.0,False
202512226775461,XC,2025-12-22,DEC,MON,False,,NCL,518,518.0,DAR,550.0,550.0,0.0,552,552.0,0.0,50.0,BHM,828.0,830.0,2.0,True
202512226775196,XC,2025-12-22,DEC,MON,False,,NCL,623,624.0,DAR,652.0,653.0,1.0,654,655.0,1.0,50.0,BHM,928.0,931.0,3.0,True
202512226775192,XC,2025-12-22,DEC,MON,False,,NCL,640,640.0,DAR,709.0,709.0,0.0,710,711.0,1.0,50.0,BHM,1004.0,1006.0,2.0,True
202512226775082,XC,2025-12-22,DEC,MON,False,886.0,EDB,602,612.0,DAR,810.0,819.0,9.0,811,822.0,11.0,190.0,BHM,1106.0,1118.0,12.0,True
202512226775198,XC,2025-12-22,DEC,MON,False,,NCL,835,836.0,DAR,904.0,907.0,3.0,906,909.0,3.0,50.0,BHM,1127.0,1130.0,3.0,True
202512226775118,XC,2025-12-22,DEC,MON,False,,GLC,648,647.0,DAR,1010.0,1008.0,-2.0,1011,1012.0,1.0,228.0,BHM,1306.0,1319.0,13.0,True
202512226775088,XC,2025-12-22,DEC,MON,False,,EDB,1005,1005.0,DAR,1210.0,1213.0,3.0,1213,1215.0,2.0,190.0,BHM,1506.0,1511.0,5.0,True
202512226775202,XC,2025-12-22,DEC,MON,False,,NCL,1233,1233.0,DAR,1303.0,1302.0,-1.0,1305,1305.0,0.0,50.0,BHM,1528.0,1530.0,2.0,True
202512226775091,XC,2025-12-22,DEC,MON,False,,EDB,1205,1204.0,DAR,1410.0,1409.0,-1.0,1412,1411.0,-1.0,190.0,BHM,1706.0,1706.0,0.0,False
202512226775204,XC,2025-12-22,DEC,MON,False,,NCL,1434,1434.0,DAR,1504.0,1504.0,0.0,1506,1507.0,1.0,50.0,BHM,1727.0,1728.0,1.0,True
202512226775096,XC,2025-12-22,DEC,MON,False,536.0,EDB,1404,1403.0,DAR,1610.0,1610.0,0.0,1611,1612.0,1.0,190.0,BHM,1907.0,1920.0,13.0,True
202512226775190,XC,2025-12-22,DEC,MON,False,,NCL,1634,1635.0,DAR,1704.0,1705.0,1.0,1705,1707.0,2.0,50.0,BHM,1931.0,1932.0,1.0,True
202512226775102,XC,2025-12-22,DEC,MON,False,,EDB,1605,1604.0,DAR,1810.0,1809.0,-1.0,1812,1811.0,-1.0,190.0,BHM,2107.0,2105.0,-2.0,False
202512226775105,XC,2025-12-22,DEC,MON,False,,EDB,1704,1704.0,DAR,1910.0,1911.0,1.0,1912,1913.0,1.0,190.0,BHM,2209.0,2214.0,5.0,True
202512226775079,XC,2025-12-22,DEC,MON,False,,EDB,1804,1803.0,DAR,2010.0,2008.0,-2.0,2011,2010.0,-1.0,190.0,BHM,2328.0,2325.0,-3.0,False
202512236775461,XC,2025-12-23,DEC,TUE,False,,NCL,518,518.0,DAR,550.0,548.0,-2.0,552,552.0,0.0,50.0,BHM,828.0,833.0,5.0,True
202512236775192,XC,2025-12-23,DEC,TUE,False,,NCL,640,640.0,DAR,709.0,710.0,1.0,710,712.0,2.0,50.0,BHM,1004.0,1009.0,5.0,True
202512236775082,XC,2025-12-23,DEC,TUE,False,576.0,EDB,602,619.0,DAR,810.0,828.0,18.0,811,831.0,20.0,190.0,BHM,1106.0,1128.0,22.0,True
202512236775198,XC,2025-12-23,DEC,TUE,False,832.0,NCL,835,839.0,DAR,904.0,907.0,3.0,906,911.0,5.0,50.0,BHM,1127.0,1203.0,36.0,True
202512236775118,XC,2025-12-23,DEC,TUE,False,733.0,GLC,648,647.0,DAR,1010.0,1008.0,-2.0,1011,1011.0,0.0,228.0,BHM,1306.0,1402.0,56.0,True
202512236775121,XC,2025-12-23,DEC,TUE,False,832.0,GLC,748,748.0,DAR,1110.0,1113.0,3.0,1112,1313.0,121.0,228.0,BHM,1404.0,1647.0,163.0,True
202512236775096,XC,2025-12-23,DEC,TUE,False,832.0,EDB,1404,1404.0,DAR,1610.0,1638.0,28.0,1611,1641.0,30.0,190.0,BHM,1907.0,2022.0,75.0,True
202512236775098,XC,2025-12-23,DEC,TUE,False,,EDB,1504,,DAR,1708.0,1811.0,63.0,1711,1815.0,64.0,190.0,BHM,2007.0,2121.0,74.0,True
202512236775105,XC,2025-12-23,DEC,TUE,False,832.0,EDB,1704,,DAR,1910.0,1937.0,27.0,1912,1939.0,27.0,190.0,BHM,2209.0,2223.0,14.0,True
202512236775079,XC,2025-12-23,DEC,TUE,False,734.0,EDB,1804,1903.0,DAR,2010.0,2116.0,66.0,2011,2118.0,67.0,190.0,BHM,2328.0,2345.0,17.0,True
202512246775192,XC,2025-12-24,DEC,WED,False,,NCL,640,640.0,DAR,709.0,709.0,0.0,710,711.0,1.0,50.0,BHM,1004.0,1004.0,0.0,False
202512246775082,XC,2025-12-24,DEC,WED,False,,EDB,602,601.0,DAR,810.0,808.0,-2.0,811,811.0,0.0,190.0,BHM,1106.0,1104.0,-2.0,False
202512246775084,XC,2025-12-24,DEC,WED,False,,EDB,703,702.0,DAR,910.0,908.0,-2.0,912,912.0,0.0,190.0,BHM,1204.0,1205.0,1.0,True
202512246775118,XC,2025-12-24,DEC,WED,False,,GLC,648,648.0,DAR,1010.0,1008.0,-2.0,1011,1010.0,-1.0,228.0,BHM,1306.0,1311.0,5.0,True
202512246775121,XC,2025-12-24,DEC,WED,False,,GLC,748,,DAR,1110.0,1110.0,0.0,1112,1113.0,1.0,228.0,BHM,1404.0,1404.0,0.0,False
202512246775088,XC,2025-12-24,DEC,WED,False,,EDB,1005,1004.0,DAR,1210.0,1210.0,0.0,1213,1214.0,1.0,190.0,BHM,1506.0,1505.0,-1.0,False
202512246774726,XC,2025-12-24,DEC,WED,False,,ABD,820,,DAR,1310.0,1309.0,-1.0,1311,1312.0,1.0,,BHM,1604.0,1606.0,2.0,True
202512246775091,XC,2025-12-24,DEC,WED,False,,EDB,1205,1204.0,DAR,1410.0,1409.0,-1.0,1412,1411.0,-1.0,190.0,BHM,1706.0,1706.0,0.0,False
202512246775094,XC,2025-12-24,DEC,WED,False,,EDB,1305,1304.0,DAR,1510.0,1509.0,-1.0,1512,1512.0,0.0,190.0,BHM,1807.0,1808.0,1.0,True
202512246775096,XC,2025-12-24,DEC,WED,False,,EDB,1404,1403.0,DAR,1610.0,1608.0,-2.0,1611,1610.0,-1.0,190.0,BHM,1907.0,1905.0,-2.0,False
202512246775098,XC,2025-12-24,DEC,WED,False,,EDB,1504,1503.0,DAR,1708.0,1707.0,-1.0,1711,1711.0,0.0,190.0,BHM,2007.0,2004.0,-3.0,False
202512246775102,XC,2025-12-24,DEC,WED,False,,EDB,1605,1605.0,DAR,1810.0,1809.0,-1.0,1812,1812.0,0.0,190.0,BHM,2108.0,2127.0,19.0,True
202512276775083,XC,2025-12-27,DEC,SAT,False,,EDB,602,601.0,DAR,810.0,810.0,0.0,811,812.0,1.0,190.0,BHM,1106.0,1112.0,6.0,True
202512276775085,XC,2025-12-27,DEC,SAT,False,543.0,EDB,703,703.0,DAR,910.0,928.0,18.0,912,931.0,19.0,190.0,BHM,1207.0,1224.0,17.0,True
202512276775119,XC,2025-12-27,DEC,SAT,False,,GLC,648,648.0,DAR,1010.0,1008.0,-2.0,1011,1011.0,0.0,228.0,BHM,1306.0,1305.0,-1.0,False
202512276775120,XC,2025-12-27,DEC,SAT,False,,GLC,748,748.0,DAR,1110.0,1110.0,0.0,1111,1113.0,2.0,228.0,BHM,1404.0,1405.0,1.0,True
202512276775089,XC,2025-12-27,DEC,SAT,False,,EDB,1005,1004.0,DAR,1210.0,1209.0,-1.0,1211,1211.0,0.0,190.0,BHM,1505.0,1505.0,0.0,False
202512276775063,XC,2025-12-27,DEC,SAT,False,886.0,DEE,933,933.0,DAR,1310.0,1310.0,0.0,1311,1313.0,2.0,,BHM,1604.0,1604.0,0.0,False
202512276775092,XC,2025-12-27,DEC,SAT,False,904.0,EDB,1205,1205.0,DAR,1410.0,1409.0,-1.0,1412,1412.0,0.0,190.0,BHM,1706.0,1708.0,2.0,True
202512276775095,XC,2025-12-27,DEC,SAT,False,,EDB,1305,1304.0,DAR,1510.0,1510.0,0.0,1512,1512.0,0.0,190.0,BHM,1804.0,1813.0,9.0,True
202512276775097,XC,2025-12-27,DEC,SAT,False,886.0,EDB,1404,1403.0,DAR,1610.0,1613.0,3.0,1612,1616.0,4.0,190.0,BHM,1905.0,1924.0,19.0,True
202512276775100,XC,2025-12-27,DEC,SAT,False,,EDB,1504,1503.0,DAR,1708.0,1712.0,4.0,1711,1714.0,3.0,190.0,BHM,2005.0,2012.0,7.0,True
202512276775103,XC,2025-12-27,DEC,SAT,False,,EDB,1605,1605.0,DAR,1809.0,1917.0,68.0,1811,1920.0,69.0,190.0,BHM,2106.0,2159.0,53.0,True
202512276775081,XC,2025-12-27,DEC,SAT,False,895.0,EDB,1705,1704.0,DAR,1910.0,1952.0,42.0,1911,1955.0,44.0,190.0,BHM,2232.0,2243.0,11.0,True
202512276775080,XC,2025-12-27,DEC,SAT,False,,EDB,1804,1803.0,DAR,2010.0,2015.0,5.0,2011,2018.0,7.0,190.0,BHM,2307.0,2316.0,9.0,True
202512286775086,XC,2025-12-28,DEC,SUN,False,,EDB,908,908.0,DAR,1109.0,1109.0,0.0,1111,1112.0,1.0,190.0,BHM,1404.0,1405.0,1.0,True
202512286775087,XC,2025-12-28,DEC,SUN,False,,EDB,1008,1007.0,DAR,1209.0,1207.0,-2.0,1210,1209.0,-1.0,190.0,BHM,1506.0,1506.0,0.0,False
202512286775090,XC,2025-12-28,DEC,SUN,False,,EDB,1107,1107.0,DAR,1309.0,1308.0,-1.0,1310,1312.0,2.0,190.0,BHM,1604.0,1604.0,0.0,False
202512286775122,XC,2025-12-28,DEC,SUN,False,832.0,GLC,1055,1054.0,DAR,1410.0,1408.0,-2.0,1411,1411.0,0.0,228.0,BHM,1706.0,1705.0,-1.0,False
202512286775093,XC,2025-12-28,DEC,SUN,False,832.0,EDB,1305,1311.0,DAR,1509.0,1508.0,-1.0,1511,1510.0,-1.0,190.0,BHM,1804.0,1803.0,-1.0,False
202512286775064,XC,2025-12-28,DEC,SUN,False,,DEE,1222,1222.0,DAR,1609.0,1610.0,1.0,1610,1612.0,2.0,,BHM,1904.0,1904.0,0.0,False
202512286775099,XC,2025-12-28,DEC,SUN,False,,EDB,1505,1504.0,DAR,1710.0,1711.0,1.0,1712,1713.0,1.0,190.0,BHM,2004.0,2003.0,-1.0,False
202512286775101,XC,2025-12-28,DEC,SUN,False,832.0,EDB,1607,1606.0,DAR,1811.0,1807.0,-4.0,1812,1811.0,-1.0,190.0,BHM,2106.0,2105.0,-1.0,False
202512286775104,XC,2025-12-28,DEC,SUN,False,832.0,EDB,1705,1706.0,DAR,1909.0,1908.0,-1.0,1911,1911.0,0.0,190.0,BHM,2208.0,2208.0,0.0,False
202512286775078,XC,2025-12-28,DEC,SUN,False,832.0,EDB,1805,1805.0,DAR,2007.0,2025.0,18.0,2009,2028.0,19.0,190.0,BHM,2309.0,2309.0,0.0,False
202512296775192,XC,2025-12-29,DEC,MON,False,,NCL,640,640.0,DAR,709.0,709.0,0.0,710,711.0,1.0,50.0,BHM,1004.0,1011.0,7.0,True
202512296775082,XC,2025-12-29,DEC,MON,False,,EDB,602,601.0,DAR,810.0,810.0,0.0,811,812.0,1.0,190.0,BHM,1106.0,1106.0,0.0,False
202512296775084,XC,2025-12-29,DEC,MON,False,886.0,EDB,703,702.0,DAR,910.0,909.0,-1.0,912,912.0,0.0,190.0,BHM,1204.0,1203.0,-1.0,False
202512296775118,XC,2025-12-29,DEC,MON,False,904.0,GLC,648,647.0,DAR,1010.0,1018.0,8.0,1011,1021.0,10.0,228.0,BHM,1306.0,1310.0,4.0,True
202512296775121,XC,2025-12-29,DEC,MON,False,,GLC,748,748.0,DAR,1110.0,1109.0,-1.0,1112,1112.0,0.0,228.0,BHM,1404.0,1405.0,1.0,True
202512296775088,XC,2025-12-29,DEC,MON,False,,EDB,1005,1005.0,DAR,1210.0,1210.0,0.0,1213,1214.0,1.0,190.0,BHM,1506.0,1505.0,-1.0,False
202512296774726,XC,2025-12-29,DEC,MON,False,,ABD,820,820.0,DAR,1310.0,1308.0,-2.0,1311,1311.0,0.0,,BHM,1604.0,1602.0,-2.0,False
202512296775091,XC,2025-12-29,DEC,MON,False,832.0,EDB,1205,,DAR,1410.0,1411.0,1.0,1412,1416.0,4.0,190.0,BHM,1706.0,1712.0,6.0,True
202512296775094,XC,2025-12-29,DEC,MON,False,832.0,EDB,1305,1304.0,DAR,1510.0,1510.0,0.0,1512,1513.0,1.0,190.0,BHM,1807.0,1826.0,19.0,True
202512296775096,XC,2025-12-29,DEC,MON,False,,EDB,1404,1403.0,DAR,1610.0,1609.0,-1.0,1611,1612.0,1.0,190.0,BHM,1907.0,1913.0,6.0,True
202512296775098,XC,2025-12-29,DEC,MON,False,,EDB,1504,1505.0,DAR,1708.0,1707.0,-1.0,1711,1711.0,0.0,190.0,BHM,2007.0,2004.0,-3.0,False
202512296775102,XC,2025-12-29,DEC,MON,False,,EDB,1605,1605.0,DAR,1810.0,1809.0,-1.0,1812,1812.0,0.0,190.0,BHM,2107.0,2105.0,-2.0,False
202512296775105,XC,2025-12-29,DEC,MON,False,911.0,EDB,1704,1703.0,DAR,1910.0,1909.0,-1.0,1911,1912.0,1.0,190.0,BHM,2209.0,2210.0,1.0,True
202512296775079,XC,2025-12-29,DEC,MON,False,904.0,EDB,1804,1804.0,DAR,2010.0,2014.0,4.0,2011,2017.0,6.0,190.0,BHM,2328.0,2342.0,14.0,True
202512306775461,XC,2025-12-30,DEC,TUE,False,,NCL,518,518.0,DAR,550.0,551.0,1.0,552,554.0,2.0,50.0,BHM,828.0,830.0,2.0,True
202512306775196,XC,2025-12-30,DEC,TUE,False,,NCL,623,623.0,DAR,652.0,652.0,0.0,654,654.0,0.0,50.0,BHM,928.0,928.0,0.0,False
202512306775192,XC,2025-12-30,DEC,TUE,False,,NCL,640,640.0,DAR,709.0,709.0,0.0,710,712.0,2.0,50.0,BHM,1004.0,1006.0,2.0,True
202512306775082,XC,2025-12-30,DEC,TUE,False,,EDB,602,602.0,DAR,810.0,809.0,-1.0,811,812.0,1.0,190.0,BHM,1106.0,1109.0,3.0,True
202512306775084,XC,2025-12-30,DEC,TUE,False,,EDB,703,703.0,DAR,910.0,908.0,-2.0,912,911.0,-1.0,190.0,BHM,1204.0,1202.0,-2.0,False
202512306775118,XC,2025-12-30,DEC,TUE,False,,GLC,648,647.0,DAR,1010.0,1008.0,-2.0,1011,1011.0,0.0,228.0,BHM,1306.0,1309.0,3.0,True
202512306775121,XC,2025-12-30,DEC,TUE,False,,GLC,748,748.0,DAR,1110.0,1109.0,-1.0,1112,1112.0,0.0,228.0,BHM,1404.0,1403.0,-1.0,False
202512306775088,XC,2025-12-30,DEC,TUE,False,,EDB,1005,1004.0,DAR,1210.0,1210.0,0.0,1213,1212.0,-1.0,190.0,BHM,1506.0,1506.0,0.0,False
202512306774726,XC,2025-12-30,DEC,TUE,False,,ABD,820,820.0,DAR,1310.0,1311.0,1.0,1311,1314.0,3.0,,BHM,1604.0,1606.0,2.0,True
202512306775091,XC,2025-12-30,DEC,TUE,False,,EDB,1205,1204.0,DAR,1410.0,1410.0,0.0,1412,1412.0,0.0,190.0,BHM,1706.0,1709.0,3.0,True
202512306775094,XC,2025-12-30,DEC,TUE,False,574.0,EDB,1305,1305.0,DAR,1510.0,1523.0,13.0,1512,1525.0,13.0,190.0,BHM,1807.0,1805.0,-2.0,False
202512306775096,XC,2025-12-30,DEC,TUE,False,896.0,EDB,1404,1403.0,DAR,1610.0,1611.0,1.0,1611,1613.0,2.0,190.0,BHM,1907.0,1919.0,12.0,True
202512306775098,XC,2025-12-30,DEC,TUE,False,832.0,EDB,1504,1505.0,DAR,1708.0,1724.0,16.0,1711,1726.0,15.0,190.0,BHM,2007.0,2013.0,6.0,True
202512306775102,XC,2025-12-30,DEC,TUE,False,,EDB,1605,1604.0,DAR,1810.0,1809.0,-1.0,1812,1812.0,0.0,190.0,BHM,2107.0,2105.0,-2.0,False
202512306775105,XC,2025-12-30,DEC,TUE,False,,EDB,1704,1704.0,DAR,1910.0,1910.0,0.0,1911,1912.0,1.0,190.0,BHM,2209.0,2208.0,-1.0,False
202512306775079,XC,2025-12-30,DEC,TUE,False,896.0,EDB,1804,1806.0,DAR,2010.0,2012.0,2.0,2011,2013.0,2.0,190.0,BHM,2328.0,2326.0,-2.0,False
202512316775192,XC,2025-12-31,DEC,WED,False,,NCL,640,640.0,DAR,709.0,708.0,-1.0,710,710.0,0.0,50.0,BHM,1004.0,1004.0,0.0,False
202512316775082,XC,2025-12-31,DEC,WED,False,,EDB,602,602.0,DAR,810.0,811.0,1.0,811,813.0,2.0,190.0,BHM,1106.0,1105.0,-1.0,False
202512316775084,XC,2025-12-31,DEC,WED,False,,EDB,703,702.0,DAR,910.0,910.0,0.0,912,912.0,0.0,190.0,BHM,1204.0,1204.0,0.0,False
202512316775118,XC,2025-12-31,DEC,WED,False,,GLC,648,647.0,DAR,1010.0,1008.0,-2.0,1011,1011.0,0.0,228.0,BHM,1306.0,1306.0,0.0,False
202512316775121,XC,2025-12-31,DEC,WED,False,880.0,GLC,748,748.0,DAR,1110.0,1109.0,-1.0,1112,1112.0,0.0,228.0,BHM,1404.0,1425.0,21.0,True
202512316775088,XC,2025-12-31,DEC,WED,False,,EDB,1005,1004.0,DAR,1210.0,1209.0,-1.0,1213,1215.0,2.0,190.0,BHM,1506.0,1507.0,1.0,True
202512316774726,XC,2025-12-31,DEC,WED,False,896.0,ABD,820,820.0,DAR,1310.0,1315.0,5.0,1311,1319.0,8.0,,BHM,1604.0,1606.0,2.0,True
202512316775091,XC,2025-12-31,DEC,WED,False,650.0,EDB,1205,1204.0,DAR,1410.0,1409.0,-1.0,1412,1411.0,-1.0,190.0,BHM,1706.0,1705.0,-1.0,False
202512316775094,XC,2025-12-31,DEC,WED,False,,EDB,1305,1304.0,DAR,1510.0,1509.0,-1.0,1512,1512.0,0.0,190.0,BHM,1807.0,1804.0,-3.0,False
202512316775096,XC,2025-12-31,DEC,WED,False,,EDB,1404,1403.0,DAR,1610.0,1610.0,0.0,1611,1612.0,1.0,190.0,BHM,1905.0,1908.0,3.0,True
202512316775098,XC,2025-12-31,DEC,WED,False,,EDB,1504,1506.0,DAR,1708.0,1714.0,6.0,1711,1716.0,5.0,190.0,BHM,2007.0,2004.0,-3.0,False
202512316775102,XC,2025-12-31,DEC,WED,False,745.0,EDB,1605,1605.0,DAR,1810.0,1809.0,-1.0,1812,1812.0,0.0,190.0,BHM,2110.0,2118.0,8.0,True
202601016775082,XC,2026-01-01,JAN,THU,False,,NCL,740,740.0,DAR,810.0,809.0,-1.0,811,812.0,1.0,50.0,BHM,1106.0,1110.0,4.0,True
202601016775084,XC,2026-01-01,JAN,THU,False,,EDB,703,702.0,DAR,910.0,909.0,-1.0,912,912.0,0.0,190.0,BHM,1204.0,1217.0,13.0,True
202601016775118,XC,2026-01-01,JAN,THU,False,,EDB,808,807.0,DAR,1010.0,1008.0,-2.0,1011,1011.0,0.0,190.0,BHM,1306.0,1313.0,7.0,True
202601016775121,XC,2026-01-01,JAN,THU,False,,EDB,905,905.0,DAR,1110.0,1109.0,-1.0,1112,1112.0,0.0,190.0,BHM,1404.0,1411.0,7.0,True
202601016775088,XC,2026-01-01,JAN,THU,False,,EDB,1005,1004.0,DAR,1210.0,1209.0,-1.0,1213,1212.0,-1.0,190.0,BHM,1506.0,1507.0,1.0,True
202601016774726,XC,2026-01-01,JAN,THU,False,,EDB,1104,1103.0,DAR,1310.0,1313.0,3.0,1311,1314.0,3.0,190.0,BHM,1604.0,1607.0,3.0,True
202601016775091,XC,2026-01-01,JAN,THU,False,,EDB,1205,1204.0,DAR,1410.0,1410.0,0.0,1412,1413.0,1.0,190.0,BHM,1706.0,1706.0,0.0,False
202601016775094,XC,2026-01-01,JAN,THU,False,,EDB,1305,1305.0,DAR,1510.0,1509.0,-1.0,1512,1512.0,0.0,190.0,BHM,1807.0,1808.0,1.0,True
202601016775096,XC,2026-01-01,JAN,THU,False,,EDB,1404,1403.0,DAR,1610.0,1608.0,-2.0,1611,1610.0,-1.0,190.0,BHM,1907.0,1907.0,0.0,False
202601016775098,XC,2026-01-01,JAN,THU,False,,EDB,1504,1503.0,DAR,1708.0,1706.0,-2.0,1711,1710.0,-1.0,190.0,BHM,2007.0,2009.0,2.0,True
202601016775102,XC,2026-01-01,JAN,THU,False,,EDB,1605,1604.0,DAR,1810.0,1809.0,-1.0,1812,1812.0,0.0,190.0,BHM,2107.0,2104.0,-3.0,False
202601016775105,XC,2026-01-01,JAN,THU,False,,EDB,1704,1703.0,DAR,1910.0,1908.0,-2.0,1911,1911.0,0.0,190.0,BHM,2209.0,2208.0,-1.0,False
202601016775079,XC,2026-01-01,JAN,THU,False,,EDB,1804,1804.0,DAR,2010.0,2007.0,-3.0,2011,2010.0,-1.0,190.0,BHM,2328.0,2331.0,3.0,True
202601026775461,XC,2026-01-02,JAN,FRI,False,,NCL,518,518.0,DAR,550.0,548.0,-2.0,552,551.0,-1.0,50.0,BHM,828.0,828.0,0.0,False
202601026775196,XC,2026-01-02,JAN,FRI,False,,NCL,623,623.0,DAR,652.0,651.0,-1.0,654,654.0,0.0,50.0,BHM,928.0,931.0,3.0,True
202601026775192,XC,2026-01-02,JAN,FRI,False,574.0,NCL,640,647.0,DAR,709.0,717.0,8.0,710,719.0,9.0,50.0,BHM,1004.0,1011.0,7.0,True
202601026775082,XC,2026-01-02,JAN,FRI,False,,EDB,602,602.0,DAR,810.0,808.0,-2.0,811,811.0,0.0,190.0,BHM,1106.0,1105.0,-1.0,False
202601026775084,XC,2026-01-02,JAN,FRI,False,,EDB,703,703.0,DAR,910.0,909.0,-1.0,912,912.0,0.0,190.0,BHM,1204.0,1204.0,0.0,False
202601026775118,XC,2026-01-02,JAN,FRI,False,,GLC,648,649.0,DAR,1010.0,1010.0,0.0,1011,1012.0,1.0,228.0,BHM,1306.0,1309.0,3.0,True
202601026775121,XC,2026-01-02,JAN,FRI,False,887.0,GLC,748,748.0,DAR,1110.0,1112.0,2.0,1112,1116.0,4.0,228.0,BHM,1404.0,1423.0,19.0,True
202601026775088,XC,2026-01-02,JAN,FRI,False,576.0,EDB,1005,1004.0,DAR,1210.0,1210.0,0.0,1213,1213.0,0.0,190.0,BHM,1506.0,1525.0,19.0,True
202601026774726,XC,2026-01-02,JAN,FRI,False,,ABD,820,,DAR,1310.0,1309.0,-1.0,1311,1312.0,1.0,,BHM,1604.0,1603.0,-1.0,False
202601026775091,XC,2026-01-02,JAN,FRI,False,,EDB,1205,1206.0,DAR,1410.0,1410.0,0.0,1412,1412.0,0.0,190.0,BHM,1706.0,1705.0,-1.0,False
202601026775094,XC,2026-01-02,JAN,FRI,False,,EDB,1305,1305.0,DAR,1510.0,1511.0,1.0,1512,1513.0,1.0,190.0,BHM,1807.0,1803.0,-4.0,False
202601026775096,XC,2026-01-02,JAN,FRI,False,,EDB,1404,1403.0,DAR,1610.0,1610.0,0.0,1611,1612.0,1.0,190.0,BHM,1907.0,1908.0,1.0,True
202601026775098,XC,2026-01-02,JAN,FRI,False,520.0,EDB,1504,1505.0,DAR,1708.0,1708.0,0.0,1711,1711.0,0.0,190.0,BHM,2007.0,2033.0,26.0,True
202601026775102,XC,2026-01-02,JAN,FRI,False,,EDB,1605,1604.0,DAR,1810.0,1808.0,-2.0,1812,1813.0,1.0,190.0,BHM,2107.0,2105.0,-2.0,False
202601026775105,XC,2026-01-02,JAN,FRI,False,,EDB,1704,1703.0,DAR,1910.0,1908.0,-2.0,1911,1911.0,0.0,190.0,BHM,2209.0,2209.0,0.0,False
202601026775079,XC,2026-01-02,JAN,FRI,False,,EDB,1804,1803.0,DAR,2010.0,2009.0,-1.0,2011,2011.0,0.0,190.0,BHM,2328.0,2328.0,0.0,False
202601036775197,XC,2026-01-03,JAN,SAT,False,,NCL,622,622.0,DAR,651.0,651.0,0.0,653,654.0,1.0,50.0,BHM,927.0,925.0,-2.0,False
202601036775193,XC,2026-01-03,JAN,SAT,False,,NCL,640,640.0,DAR,709.0,708.0,-1.0,710,710.0,0.0,50.0,BHM,1006.0,1005.0,-1.0,False
202601036775083,XC,2026-01-03,JAN,SAT,False,,EDB,602,601.0,DAR,810.0,811.0,1.0,811,813.0,2.0,190.0,BHM,1106.0,1106.0,0.0,False
202601036775085,XC,2026-01-03,JAN,SAT,False,,EDB,703,705.0,DAR,910.0,914.0,4.0,912,917.0,5.0,190.0,BHM,1207.0,1210.0,3.0,True
202601036775063,XC,2026-01-03,JAN,SAT,False,911.0,DEE,933,933.0,DAR,1310.0,1310.0,0.0,1311,1312.0,1.0,,BHM,1604.0,1611.0,7.0,True
202601036775092,XC,2026-01-03,JAN,SAT,False,911.0,EDB,1205,1205.0,DAR,1410.0,1440.0,30.0,1412,1444.0,32.0,190.0,BHM,1706.0,1742.0,36.0,True
202601036775095,XC,2026-01-03,JAN,SAT,False,913.0,EDB,1305,1412.0,DAR,1510.0,1629.0,79.0,1512,1631.0,79.0,190.0,BHM,1804.0,1908.0,64.0,True
202601036775100,XC,2026-01-03,JAN,SAT,False,904.0,EDB,1504,1505.0,DAR,1708.0,1718.0,10.0,1711,1725.0,14.0,190.0,BHM,2005.0,2016.0,11.0,True
202601036775103,XC,2026-01-03,JAN,SAT,False,,EDB,1605,1605.0,DAR,1809.0,1810.0,1.0,1811,1812.0,1.0,190.0,BHM,2106.0,2108.0,2.0,True
202601036775081,XC,2026-01-03,JAN,SAT,False,,EDB,1705,1704.0,DAR,1910.0,1909.0,-1.0,1911,1914.0,3.0,190.0,BHM,2232.0,2234.0,2.0,True
202601036775080,XC,2026-01-03,JAN,SAT,False,,EDB,1804,1804.0,DAR,2010.0,2009.0,-1.0,2011,2011.0,0.0,190.0,BHM,2307.0,2306.0,-1.0,False
202601046775195,XC,2026-01-04,JAN,SUN,False,,NCL,936,936.0,DAR,1005.0,1005.0,0.0,1006,1007.0,1.0,50.0,BHM,1305.0,1305.0,0.0,False
202601046775086,XC,2026-01-04,JAN,SUN,False,,EDB,908,908.0,DAR,1109.0,1108.0,-1.0,1111,1111.0,0.0,190.0,BHM,1404.0,1403.0,-1.0,False
202601046775087,XC,2026-01-04,JAN,SUN,False,,EDB,1008,1007.0,DAR,1209.0,1209.0,0.0,1210,1211.0,1.0,190.0,BHM,1506.0,1509.0,3.0,True
202601046775090,XC,2026-01-04,JAN,SUN,False,,EDB,1107,1106.0,DAR,1309.0,1309.0,0.0,1310,1312.0,2.0,190.0,BHM,1604.0,1610.0,6.0,True
202601046775122,XC,2026-01-04,JAN,SUN,False,,GLC,1055,,DAR,1410.0,1415.0,5.0,1411,1417.0,6.0,228.0,BHM,1706.0,1714.0,8.0,True
202601046775093,XC,2026-01-04,JAN,SUN,False,526.0,EDB,1305,1319.0,DAR,1509.0,1522.0,13.0,1511,1525.0,14.0,190.0,BHM,1804.0,1803.0,-1.0,False
202601046775064,XC,2026-01-04,JAN,SUN,False,,DEE,1222,,DAR,1609.0,1609.0,0.0,1610,1611.0,1.0,,BHM,1904.0,1908.0,4.0,True
202601046775099,XC,2026-01-04,JAN,SUN,False,,EDB,1505,1504.0,DAR,1710.0,1708.0,-2.0,1712,1711.0,-1.0,190.0,BHM,2004.0,2007.0,3.0,True
202601046775101,XC,2026-01-04,JAN,SUN,False,,EDB,1607,1606.0,DAR,1811.0,1809.0,-2.0,1812,1812.0,0.0,190.0,BHM,2106.0,2107.0,1.0,True
202601046775078,XC,2026-01-04,JAN,SUN,False,654.0,EDB,1805,1848.0,DAR,2007.0,2139.0,92.0,2009,2141.0,92.0,190.0,BHM,2309.0,21.0,-1368.0,False
202601056775461,XC,2026-01-05,JAN,MON,False,,NCL,518,517.0,DAR,550.0,548.0,-2.0,552,551.0,-1.0,50.0,BHM,828.0,834.0,6.0,True
202601056775196,XC,2026-01-05,JAN,MON,False,,NCL,623,623.0,DAR,652.0,652.0,0.0,654,654.0,0.0,50.0,BHM,928.0,929.0,1.0,True
202601056775192,XC,2026-01-05,JAN,MON,False,,NCL,640,642.0,DAR,709.0,711.0,2.0,710,713.0,3.0,50.0,BHM,1004.0,1003.0,-1.0,False
202601056775082,XC,2026-01-05,JAN,MON,False,573.0,EDB,602,602.0,DAR,810.0,858.0,48.0,811,900.0,49.0,190.0,BHM,1106.0,1136.0,30.0,True
202601056775084,XC,2026-01-05,JAN,MON,False,911.0,EDB,703,702.0,DAR,910.0,947.0,37.0,912,949.0,37.0,190.0,BHM,1204.0,1219.0,15.0,True
202601056775118,XC,2026-01-05,JAN,MON,False,,GLC,648,648.0,DAR,1010.0,1011.0,1.0,1011,1013.0,2.0,228.0,BHM,1306.0,1309.0,3.0,True
202601056775121,XC,2026-01-05,JAN,MON,False,,GLC,748,748.0,DAR,1110.0,1109.0,-1.0,1112,1113.0,1.0,228.0,BHM,1404.0,1403.0,-1.0,False
202601056775088,XC,2026-01-05,JAN,MON,False,574.0,EDB,1005,1004.0,DAR,1210.0,1256.0,46.0,1213,1301.0,48.0,190.0,BHM,1506.0,1537.0,31.0,True
202601056774726,XC,2026-01-05,JAN,MON,False,913.0,ABD,820,,DAR,1310.0,1332.0,22.0,1311,1334.0,23.0,,BHM,1604.0,1608.0,4.0,True
202601056775091,XC,2026-01-05,JAN,MON,False,,EDB,1205,1205.0,DAR,1410.0,1411.0,1.0,1412,1413.0,1.0,190.0,BHM,1706.0,1710.0,4.0,True
202601056775094,XC,2026-01-05,JAN,MON,False,,EDB,1305,1306.0,DAR,1510.0,1510.0,0.0,1512,1513.0,1.0,190.0,BHM,1807.0,1805.0,-2.0,False
202601056775096,XC,2026-01-05,JAN,MON,False,,EDB,1404,1404.0,DAR,1610.0,1609.0,-1.0,1611,1611.0,0.0,190.0,BHM,1907.0,1913.0,6.0,True
202601056775098,XC,2026-01-05,JAN,MON,False,896.0,EDB,1504,1505.0,DAR,1708.0,1726.0,18.0,1711,1729.0,18.0,190.0,BHM,2007.0,2007.0,0.0,False
202601056775102,XC,2026-01-05,JAN,MON,False,896.0,EDB,1605,1605.0,DAR,1810.0,1814.0,4.0,1812,1816.0,4.0,190.0,BHM,2107.0,2108.0,1.0,True
202601056775105,XC,2026-01-05,JAN,MON,False,,EDB,1704,1704.0,DAR,1910.0,1916.0,6.0,1912,1919.0,7.0,190.0,BHM,2209.0,2212.0,3.0,True
202601056775079,XC,2026-01-05,JAN,MON,False,832.0,EDB,1804,1812.0,DAR,2010.0,2027.0,17.0,2011,2028.0,17.0,190.0,BHM,2328.0,2327.0,-1.0,False
202601066775461,XC,2026-01-06,JAN,TUE,False,,NCL,518,517.0,DAR,550.0,552.0,2.0,552,555.0,3.0,50.0,BHM,828.0,832.0,4.0,True
202601066775196,XC,2026-01-06,JAN,TUE,False,,NCL,623,622.0,DAR,652.0,651.0,-1.0,654,654.0,0.0,50.0,BHM,928.0,928.0,0.0,False
202601066775192,XC,2026-01-06,JAN,TUE,False,,NCL,640,640.0,DAR,709.0,711.0,2.0,710,713.0,3.0,50.0,BHM,1004.0,1003.0,-1.0,False
202601066775082,XC,2026-01-06,JAN,TUE,False,555.0,EDB,602,602.0,DAR,810.0,808.0,-2.0,811,810.0,-1.0,190.0,BHM,1106.0,1152.0,46.0,True
202601066775084,XC,2026-01-06,JAN,TUE,False,908.0,EDB,703,703.0,DAR,910.0,909.0,-1.0,912,912.0,0.0,190.0,BHM,1204.0,1222.0,18.0,True
202601066775118,XC,2026-01-06,JAN,TUE,False,574.0,GLC,648,705.0,DAR,1010.0,1046.0,36.0,1011,1049.0,38.0,228.0,BHM,1306.0,1352.0,46.0,True
202601066775088,XC,2026-01-06,JAN,TUE,False,896.0,EDB,1005,1005.0,DAR,1210.0,1346.0,96.0,1213,1348.0,95.0,190.0,BHM,1506.0,1642.0,96.0,True
202601066775091,XC,2026-01-06,JAN,TUE,False,574.0,EDB,1205,1223.0,DAR,1410.0,1505.0,55.0,1412,1507.0,55.0,190.0,BHM,1706.0,1800.0,54.0,True
202601066775094,XC,2026-01-06,JAN,TUE,False,547.0,EDB,1305,1304.0,DAR,1510.0,1526.0,16.0,1512,1530.0,18.0,190.0,BHM,1807.0,1808.0,1.0,True
202601066775096,XC,2026-01-06,JAN,TUE,False,,EDB,1404,1404.0,DAR,1610.0,1615.0,5.0,1611,1617.0,6.0,190.0,BHM,1907.0,1908.0,1.0,True
202601066775098,XC,2026-01-06,JAN,TUE,False,904.0,EDB,1504,1510.0,DAR,1708.0,1726.0,18.0,1711,1727.0,16.0,190.0,BHM,2007.0,2005.0,-2.0,False
202601066775102,XC,2026-01-06,JAN,TUE,False,904.0,EDB,1605,1604.0,DAR,1810.0,1821.0,11.0,1812,1823.0,11.0,190.0,BHM,2107.0,2132.0,25.0,True
202601066775105,XC,2026-01-06,JAN,TUE,False,,EDB,1704,1703.0,DAR,1910.0,1913.0,3.0,1912,1915.0,3.0,190.0,BHM,2209.0,2214.0,5.0,True
202601066775079,XC,2026-01-06,JAN,TUE,False,576.0,EDB,1804,1804.0,DAR,2010.0,2026.0,16.0,2011,2027.0,16.0,190.0,BHM,2328.0,2332.0,4.0,True
202601076775461,XC,2026-01-07,JAN,WED,False,880.0,NCL,518,517.0,DAR,550.0,548.0,-2.0,552,552.0,0.0,50.0,BHM,828.0,837.0,9.0,True
202601076775196,XC,2026-01-07,JAN,WED,False,880.0,NCL,623,622.0,DAR,652.0,653.0,1.0,654,655.0,1.0,50.0,BHM,928.0,929.0,1.0,True
202601076775192,XC,2026-01-07,JAN,WED,False,880.0,NCL,640,640.0,DAR,709.0,708.0,-1.0,710,710.0,0.0,50.0,BHM,1004.0,1002.0,-2.0,False
202601076775082,XC,2026-01-07,JAN,WED,False,880.0,EDB,602,602.0,DAR,810.0,813.0,3.0,811,816.0,5.0,190.0,BHM,1106.0,1106.0,0.0,False
202601076775084,XC,2026-01-07,JAN,WED,False,880.0,EDB,703,703.0,DAR,910.0,908.0,-2.0,912,912.0,0.0,190.0,BHM,1204.0,1202.0,-2.0,False
202601076775118,XC,2026-01-07,JAN,WED,False,880.0,GLC,648,653.0,DAR,1010.0,1008.0,-2.0,1011,1011.0,0.0,228.0,BHM,1306.0,1305.0,-1.0,False
202601076775121,XC,2026-01-07,JAN,WED,False,880.0,GLC,748,748.0,DAR,1110.0,1116.0,6.0,1112,1118.0,6.0,228.0,BHM,1404.0,1403.0,-1.0,False
202601076775088,XC,2026-01-07,JAN,WED,False,895.0,EDB,1005,1004.0,DAR,1210.0,1209.0,-1.0,1213,1213.0,0.0,190.0,BHM,1506.0,1507.0,1.0,True
202601076774726,XC,2026-01-07,JAN,WED,False,,ABD,820,820.0,DAR,1310.0,1310.0,0.0,1311,1312.0,1.0,,BHM,1604.0,1604.0,0.0,False
202601076775091,XC,2026-01-07,JAN,WED,False,,EDB,1205,1206.0,DAR,1410.0,1409.0,-1.0,1412,1412.0,0.0,190.0,BHM,1706.0,1706.0,0.0,False
202601076775094,XC,2026-01-07,JAN,WED,False,,EDB,1305,1304.0,DAR,1510.0,1509.0,-1.0,1512,1511.0,-1.0,190.0,BHM,1807.0,1805.0,-2.0,False
202601076775096,XC,2026-01-07,JAN,WED,False,578.0,EDB,1404,1403.0,DAR,1610.0,1609.0,-1.0,1611,1611.0,0.0,190.0,BHM,1907.0,1908.0,1.0,True
202601076775098,XC,2026-01-07,JAN,WED,False,,EDB,1504,1507.0,DAR,1708.0,1708.0,0.0,1711,1711.0,0.0,190.0,BHM,2007.0,2005.0,-2.0,False
202601076775102,XC,2026-01-07,JAN,WED,False,,EDB,1605,1605.0,DAR,1810.0,1809.0,-1.0,1812,1812.0,0.0,190.0,BHM,2107.0,2105.0,-2.0,False
202601076775105,XC,2026-01-07,JAN,WED,False,895.0,EDB,1704,1703.0,DAR,1910.0,1914.0,4.0,1912,1915.0,3.0,190.0,BHM,2209.0,2208.0,-1.0,False
202601076775079,XC,2026-01-07,JAN,WED,False,895.0,EDB,1804,1804.0,DAR,2010.0,2013.0,3.0,2011,2016.0,5.0,190.0,BHM,2328.0,2328.0,0.0,False
202601086775461,XC,2026-01-08,JAN,THU,False,,NCL,518,517.0,DAR,550.0,548.0,-2.0,552,551.0,-1.0,50.0,BHM,828.0,831.0,3.0,True
202601086775196,XC,2026-01-08,JAN,THU,False,,NCL,623,623.0,DAR,652.0,652.0,0.0,654,653.0,-1.0,50.0,BHM,928.0,926.0,-2.0,False
202601086775192,XC,2026-01-08,JAN,THU,False,,NCL,640,640.0,DAR,709.0,709.0,0.0,710,711.0,1.0,50.0,BHM,1004.0,1004.0,0.0,False
202601086775082,XC,2026-01-08,JAN,THU,False,,EDB,602,601.0,DAR,810.0,808.0,-2.0,811,812.0,1.0,190.0,BHM,1106.0,1115.0,9.0,True
202601086775084,XC,2026-01-08,JAN,THU,False,,EDB,703,703.0,DAR,910.0,909.0,-1.0,912,912.0,0.0,190.0,BHM,1204.0,1200.0,-4.0,False
202601086775118,XC,2026-01-08,JAN,THU,False,,GLC,648,647.0,DAR,1010.0,1008.0,-2.0,1011,1011.0,0.0,228.0,BHM,1306.0,1305.0,-1.0,False
202601086775121,XC,2026-01-08,JAN,THU,False,,GLC,748,748.0,DAR,1110.0,1111.0,1.0,1112,1112.0,0.0,228.0,BHM,1404.0,1403.0,-1.0,False
202601086775088,XC,2026-01-08,JAN,THU,False,,EDB,1005,1004.0,DAR,1210.0,1209.0,-1.0,1213,1214.0,1.0,190.0,BHM,1506.0,1505.0,-1.0,False
202601086774726,XC,2026-01-08,JAN,THU,False,,ABD,820,820.0,DAR,1310.0,1309.0,-1.0,1311,1311.0,0.0,,BHM,1604.0,1604.0,0.0,False
202601086775091,XC,2026-01-08,JAN,THU,False,,EDB,1205,1204.0,DAR,1410.0,1409.0,-1.0,1412,1411.0,-1.0,190.0,BHM,1706.0,1705.0,-1.0,False
202601086775094,XC,2026-01-08,JAN,THU,False,,EDB,1305,1304.0,DAR,1510.0,1514.0,4.0,1512,1516.0,4.0,190.0,BHM,1807.0,1804.0,-3.0,False
202601086775096,XC,2026-01-08,JAN,THU,False,,EDB,1404,1403.0,DAR,1610.0,1608.0,-2.0,1611,1610.0,-1.0,190.0,BHM,1907.0,1913.0,6.0,True
202601086775098,XC,2026-01-08,JAN,THU,False,,EDB,1504,1503.0,DAR,1708.0,1712.0,4.0,1711,1713.0,2.0,190.0,BHM,2007.0,2013.0,6.0,True
202601086775102,XC,2026-01-08,JAN,THU,False,895.0,EDB,1605,1605.0,DAR,1810.0,1828.0,18.0,1812,1830.0,18.0,190.0,BHM,2107.0,2114.0,7.0,True
202601086775105,XC,2026-01-08,JAN,THU,False,820.0,EDB,1704,1703.0,DAR,1910.0,1910.0,0.0,1912,1912.0,0.0,190.0,BHM,2209.0,2229.0,20.0,True
202601086775079,XC,2026-01-08,JAN,THU,False,,EDB,1804,1804.0,DAR,2010.0,2008.0,-2.0,2011,2011.0,0.0,190.0,BHM,2328.0,2338.0,10.0,True
202601096775192,XC,2026-01-09,JAN,FRI,False,,NCL,640,640.0,DAR,709.0,709.0,0.0,710,711.0,1.0,50.0,BHM,1004.0,1017.0,13.0,True
202601096775082,XC,2026-01-09,JAN,FRI,False,,EDB,602,602.0,DAR,810.0,810.0,0.0,811,811.0,0.0,190.0,BHM,1106.0,1107.0,1.0,True
202601096775084,XC,2026-01-09,JAN,FRI,False,,EDB,703,702.0,DAR,910.0,910.0,0.0,912,912.0,0.0,190.0,BHM,1204.0,1208.0,4.0,True
202601096775118,XC,2026-01-09,JAN,FRI,False,,GLC,648,647.0,DAR,1010.0,1007.0,-3.0,1011,1011.0,0.0,228.0,BHM,1306.0,1318.0,12.0,True
202601096775121,XC,2026-01-09,JAN,FRI,False,,GLC,748,748.0,DAR,1110.0,1109.0,-1.0,1112,1112.0,0.0,228.0,BHM,1404.0,1411.0,7.0,True
202601096775088,XC,2026-01-09,JAN,FRI,False,904.0,EDB,1005,1017.0,DAR,1210.0,1246.0,36.0,1213,1247.0,34.0,190.0,BHM,1506.0,1529.0,23.0,True
202601096774726,XC,2026-01-09,JAN,FRI,False,,ABD,820,820.0,DAR,1310.0,1309.0,-1.0,1311,1311.0,0.0,,BHM,1604.0,1607.0,3.0,True
202601096775091,XC,2026-01-09,JAN,FRI,False,,EDB,1205,1204.0,DAR,1410.0,1410.0,0.0,1412,1413.0,1.0,190.0,BHM,1706.0,1706.0,0.0,False
202601096775094,XC,2026-01-09,JAN,FRI,False,,EDB,1305,1306.0,DAR,1510.0,1509.0,-1.0,1512,1511.0,-1.0,190.0,BHM,1807.0,1810.0,3.0,True
202601096775096,XC,2026-01-09,JAN,FRI,False,,EDB,1404,1403.0,DAR,1610.0,1609.0,-1.0,1611,1612.0,1.0,190.0,BHM,1907.0,1907.0,0.0,False
202601096775098,XC,2026-01-09,JAN,FRI,False,,EDB,1504,1503.0,DAR,1708.0,1708.0,0.0,1711,1710.0,-1.0,190.0,BHM,2007.0,2008.0,1.0,True
202601096775102,XC,2026-01-09,JAN,FRI,False,,EDB,1605,1605.0,DAR,1810.0,1809.0,-1.0,1812,1812.0,0.0,190.0,BHM,2107.0,2109.0,2.0,True
202601096775105,XC,2026-01-09,JAN,FRI,False,,EDB,1704,1703.0,DAR,1910.0,1912.0,2.0,1912,1914.0,2.0,190.0,BHM,2209.0,2211.0,2.0,True
202601096775079,XC,2026-01-09,JAN,FRI,False,573.0,EDB,1804,1803.0,DAR,2010.0,2009.0,-1.0,2011,2011.0,0.0,190.0,BHM,2328.0,2327.0,-1.0,False
202601106775197,XC,2026-01-10,JAN,SAT,False,,NCL,622,621.0,DAR,651.0,651.0,0.0,653,653.0,0.0,50.0,BHM,927.0,928.0,1.0,True
202601106775193,XC,2026-01-10,JAN,SAT,False,,NCL,640,640.0,DAR,709.0,708.0,-1.0,710,710.0,0.0,50.0,BHM,1006.0,1006.0,0.0,False
202601106775083,XC,2026-01-10,JAN,SAT,False,,EDB,602,602.0,DAR,810.0,809.0,-1.0,811,811.0,0.0,190.0,BHM,1106.0,1105.0,-1.0,False
202601106775085,XC,2026-01-10,JAN,SAT,False,,EDB,703,703.0,DAR,910.0,909.0,-1.0,912,912.0,0.0,190.0,BHM,1207.0,1202.0,-5.0,False
202601106775119,XC,2026-01-10,JAN,SAT,False,,GLC,648,647.0,DAR,1010.0,1008.0,-2.0,1011,1011.0,0.0,228.0,BHM,1306.0,1305.0,-1.0,False
202601106775120,XC,2026-01-10,JAN,SAT,False,,GLC,748,747.0,DAR,1110.0,1109.0,-1.0,1111,1112.0,1.0,228.0,BHM,1404.0,1403.0,-1.0,False
202601106775089,XC,2026-01-10,JAN,SAT,False,,EDB,1005,1004.0,DAR,1210.0,1209.0,-1.0,1211,1212.0,1.0,190.0,BHM,1505.0,1504.0,-1.0,False
202601106775063,XC,2026-01-10,JAN,SAT,False,,DEE,933,935.0,DAR,1310.0,1308.0,-2.0,1311,1311.0,0.0,,BHM,1604.0,1603.0,-1.0,False
202601106775092,XC,2026-01-10,JAN,SAT,False,,EDB,1205,1205.0,DAR,1410.0,1409.0,-1.0,1412,1412.0,0.0,190.0,BHM,1706.0,1705.0,-1.0,False
202601106775095,XC,2026-01-10,JAN,SAT,False,,EDB,1305,1304.0,DAR,1510.0,1509.0,-1.0,1512,1512.0,0.0,190.0,BHM,1804.0,1803.0,-1.0,False
202601106775097,XC,2026-01-10,JAN,SAT,False,,EDB,1404,1403.0,DAR,1610.0,1609.0,-1.0,1612,1611.0,-1.0,190.0,BHM,1905.0,1908.0,3.0,True
202601106775100,XC,2026-01-10,JAN,SAT,False,,EDB,1504,1503.0,DAR,1708.0,1708.0,0.0,1711,1711.0,0.0,190.0,BHM,2005.0,2005.0,0.0,False
202601106775103,XC,2026-01-10,JAN,SAT,False,,EDB,1605,1605.0,DAR,1809.0,1808.0,-1.0,1811,1811.0,0.0,190.0,BHM,2106.0,2106.0,0.0,False
202601106775081,XC,2026-01-10,JAN,SAT,False,,EDB,1705,1704.0,DAR,1910.0,1908.0,-2.0,1911,1911.0,0.0,190.0,BHM,2232.0,2232.0,0.0,False
202601106775080,XC,2026-01-10,JAN,SAT,False,,EDB,1804,1804.0,DAR,2010.0,2008.0,-2.0,2011,2010.0,-1.0,190.0,BHM,2307.0,2307.0,0.0,False
202601116775195,XC,2026-01-11,JAN,SUN,False,,NCL,936,936.0,DAR,1005.0,1005.0,0.0,1006,1006.0,0.0,50.0,BHM,1305.0,1306.0,1.0,True
202601116775086,XC,2026-01-11,JAN,SUN,False,,EDB,908,908.0,DAR,1109.0,1108.0,-1.0,1111,1110.0,-1.0,190.0,BHM,1404.0,1403.0,-1.0,False
202601116775087,XC,2026-01-11,JAN,SUN,False,,EDB,1008,1008.0,DAR,1209.0,1212.0,3.0,1210,1213.0,3.0,190.0,BHM,1506.0,1505.0,-1.0,False
202601116775090,XC,2026-01-11,JAN,SUN,False,,EDB,1107,1106.0,DAR,1309.0,1309.0,0.0,1310,1311.0,1.0,190.0,BHM,1604.0,1607.0,3.0,True
202601116775122,XC,2026-01-11,JAN,SUN,False,,GLC,1055,1102.0,DAR,1410.0,1412.0,2.0,1411,1415.0,4.0,228.0,BHM,1706.0,1706.0,0.0,False
202601116775093,XC,2026-01-11,JAN,SUN,False,650.0,EDB,1305,1305.0,DAR,1509.0,1523.0,14.0,1511,1525.0,14.0,190.0,BHM,1804.0,1802.0,-2.0,False
202601116775064,XC,2026-01-11,JAN,SUN,False,895.0,DEE,1222,1222.0,DAR,1609.0,1611.0,2.0,1610,1614.0,4.0,,BHM,1904.0,1917.0,13.0,True
202601116775099,XC,2026-01-11,JAN,SUN,False,,EDB,1505,1505.0,DAR,1710.0,1715.0,5.0,1712,1717.0,5.0,190.0,BHM,2004.0,2004.0,0.0,False
202601116775101,XC,2026-01-11,JAN,SUN,False,,EDB,1607,1607.0,DAR,1811.0,1808.0,-3.0,1812,1812.0,0.0,190.0,BHM,2106.0,2109.0,3.0,True
202601116775104,XC,2026-01-11,JAN,SUN,False,,EDB,1705,1705.0,DAR,1909.0,1908.0,-1.0,1911,1911.0,0.0,190.0,BHM,2208.0,2208.0,0.0,False
202601116775078,XC,2026-01-11,JAN,SUN,False,,EDB,1805,1806.0,DAR,2007.0,2007.0,0.0,2009,2009.0,0.0,190.0,BHM,2309.0,2310.0,1.0,True
202601126775461,XC,2026-01-12,JAN,MON,False,,NCL,518,517.0,DAR,550.0,548.0,-2.0,552,551.0,-1.0,50.0,BHM,828.0,834.0,6.0,True
202601126775196,XC,2026-01-12,JAN,MON,False,,NCL,623,623.0,DAR,652.0,652.0,0.0,654,654.0,0.0,50.0,BHM,928.0,929.0,1.0,True
202601126775192,XC,2026-01-12,JAN,MON,False,,NCL,640,640.0,DAR,709.0,709.0,0.0,710,711.0,1.0,50.0,BHM,1004.0,1003.0,-1.0,False
202601126775082,XC,2026-01-12,JAN,MON,False,,EDB,602,601.0,DAR,810.0,811.0,1.0,811,814.0,3.0,190.0,BHM,1106.0,1109.0,3.0,True
202601126775084,XC,2026-01-12,JAN,MON,False,904.0,EDB,703,703.0,DAR,910.0,910.0,0.0,912,912.0,0.0,190.0,BHM,1204.0,1202.0,-2.0,False
202601126775118,XC,2026-01-12,JAN,MON,False,896.0,GLC,648,648.0,DAR,1010.0,1042.0,32.0,1011,1044.0,33.0,228.0,BHM,1306.0,1308.0,2.0,True
202601126775121,XC,2026-01-12,JAN,MON,False,,GLC,748,,DAR,1110.0,1112.0,2.0,1112,1114.0,2.0,228.0,BHM,1404.0,1403.0,-1.0,False
202601126775088,XC,2026-01-12,JAN,MON,False,,EDB,1005,1005.0,DAR,1210.0,1213.0,3.0,1213,1214.0,1.0,190.0,BHM,1506.0,1505.0,-1.0,False
202601126774726,XC,2026-01-12,JAN,MON,False,819.0,ABD,820,,DAR,1310.0,1307.0,-3.0,1311,1311.0,0.0,,BHM,1604.0,1603.0,-1.0,False
202601126775091,XC,2026-01-12,JAN,MON,False,573.0,EDB,1205,1206.0,DAR,1410.0,1437.0,27.0,1412,1440.0,28.0,190.0,BHM,1706.0,1718.0,12.0,True
202601126775094,XC,2026-01-12,JAN,MON,False,911.0,EDB,1305,1323.0,DAR,1510.0,1558.0,48.0,1512,1603.0,51.0,190.0,BHM,1807.0,1834.0,27.0,True
202601126775096,XC,2026-01-12,JAN,MON,False,904.0,EDB,1404,1403.0,DAR,1610.0,1628.0,18.0,1611,1629.0,18.0,190.0,BHM,1907.0,1911.0,4.0,True
202601126775098,XC,2026-01-12,JAN,MON,False,,EDB,1504,1505.0,DAR,1708.0,1715.0,7.0,1711,1717.0,6.0,190.0,BHM,2007.0,2005.0,-2.0,False
202601126775102,XC,2026-01-12,JAN,MON,False,,EDB,1605,1612.0,DAR,1810.0,1809.0,-1.0,1812,1812.0,0.0,190.0,BHM,2107.0,2107.0,0.0,False
202601126775105,XC,2026-01-12,JAN,MON,False,,EDB,1704,1703.0,DAR,1910.0,1909.0,-1.0,1912,1911.0,-1.0,190.0,BHM,2209.0,2210.0,1.0,True
202601126775079,XC,2026-01-12,JAN,MON,False,904.0,EDB,1804,1804.0,DAR,2010.0,2029.0,19.0,2011,2030.0,19.0,190.0,BHM,2328.0,2328.0,0.0,False
202601136775461,XC,2026-01-13,JAN,TUE,False,895.0,NCL,518,518.0,DAR,550.0,548.0,-2.0,552,551.0,-1.0,50.0,BHM,828.0,836.0,8.0,True
202601136775196,XC,2026-01-13,JAN,TUE,False,,NCL,623,623.0,DAR,652.0,656.0,4.0,654,658.0,4.0,50.0,BHM,928.0,931.0,3.0,True
202601136775192,XC,2026-01-13,JAN,TUE,False,,NCL,640,640.0,DAR,709.0,709.0,0.0,710,711.0,1.0,50.0,BHM,1004.0,1007.0,3.0,True
202601136775082,XC,2026-01-13,JAN,TUE,False,,EDB,602,602.0,DAR,810.0,808.0,-2.0,811,810.0,-1.0,190.0,BHM,1106.0,1107.0,1.0,True
202601136775084,XC,2026-01-13,JAN,TUE,False,,EDB,703,703.0,DAR,910.0,910.0,0.0,912,912.0,0.0,190.0,BHM,1204.0,1200.0,-4.0,False
202601136775118,XC,2026-01-13,JAN,TUE,False,,GLC,648,647.0,DAR,1010.0,1008.0,-2.0,1011,1012.0,1.0,228.0,BHM,1306.0,1307.0,1.0,True
202601136775121,XC,2026-01-13,JAN,TUE,False,,GLC,748,747.0,DAR,1110.0,1112.0,2.0,1112,1114.0,2.0,228.0,BHM,1404.0,1403.0,-1.0,False
202601136775088,XC,2026-01-13,JAN,TUE,False,,EDB,1005,1004.0,DAR,1210.0,1209.0,-1.0,1213,1212.0,-1.0,190.0,BHM,1506.0,1505.0,-1.0,False
202601136774726,XC,2026-01-13,JAN,TUE,False,904.0,ABD,820,820.0,DAR,1310.0,1307.0,-3.0,1311,1310.0,-1.0,,BHM,1604.0,1616.0,12.0,True
202601136775091,XC,2026-01-13,JAN,TUE,False,,EDB,1205,1205.0,DAR,1410.0,1408.0,-2.0,1412,1411.0,-1.0,190.0,BHM,1706.0,1706.0,0.0,False
202601136775094,XC,2026-01-13,JAN,TUE,False,,EDB,1305,1304.0,DAR,1510.0,1510.0,0.0,1512,1512.0,0.0,190.0,BHM,1807.0,1803.0,-4.0,False
202601136775096,XC,2026-01-13,JAN,TUE,False,,EDB,1404,1403.0,DAR,1610.0,1608.0,-2.0,1611,1610.0,-1.0,190.0,BHM,1907.0,1905.0,-2.0,False
202601136775098,XC,2026-01-13,JAN,TUE,False,,EDB,1504,1504.0,DAR,1708.0,1707.0,-1.0,1711,1710.0,-1.0,190.0,BHM,2007.0,2005.0,-2.0,False
202601136775102,XC,2026-01-13,JAN,TUE,False,,EDB,1605,1605.0,DAR,1810.0,1812.0,2.0,1812,1813.0,1.0,190.0,BHM,2107.0,2109.0,2.0,True
202601136775105,XC,2026-01-13,JAN,TUE,False,,EDB,1704,1704.0,DAR,1910.0,1917.0,7.0,1912,1918.0,6.0,190.0,BHM,2209.0,2213.0,4.0,True
202601136775079,XC,2026-01-13,JAN,TUE,False,,EDB,1804,1803.0,DAR,2010.0,2016.0,6.0,2011,2018.0,7.0,190.0,BHM,2328.0,2326.0,-2.0,False
202601146775196,XC,2026-01-14,JAN,WED,False,,NCL,623,624.0,DAR,652.0,653.0,1.0,654,655.0,1.0,50.0,BHM,928.0,926.0,-2.0,False
202601146775192,XC,2026-01-14,JAN,WED,False,,NCL,640,640.0,DAR,709.0,710.0,1.0,710,712.0,2.0,50.0,BHM,1004.0,1004.0,0.0,False
202601146775082,XC,2026-01-14,JAN,WED,False,,EDB,602,601.0,DAR,810.0,809.0,-1.0,811,813.0,2.0,190.0,BHM,1106.0,1107.0,1.0,True
202601146775084,XC,2026-01-14,JAN,WED,False,,EDB,703,702.0,DAR,910.0,909.0,-1.0,912,912.0,0.0,190.0,BHM,1204.0,1209.0,5.0,True
202601146775118,XC,2026-01-14,JAN,WED,False,,GLC,648,647.0,DAR,1010.0,1008.0,-2.0,1011,1011.0,0.0,228.0,BHM,1306.0,1309.0,3.0,True
202601146775121,XC,2026-01-14,JAN,WED,False,,GLC,748,751.0,DAR,1110.0,1110.0,0.0,1112,1112.0,0.0,228.0,BHM,1404.0,1409.0,5.0,True
202601146775088,XC,2026-01-14,JAN,WED,False,904.0,EDB,1005,1004.0,DAR,1210.0,1215.0,5.0,1213,1218.0,5.0,190.0,BHM,1506.0,1504.0,-2.0,False
202601146774726,XC,2026-01-14,JAN,WED,False,,ABD,820,820.0,DAR,1310.0,1308.0,-2.0,1311,1311.0,0.0,,BHM,1604.0,1609.0,5.0,True
202601146775091,XC,2026-01-14,JAN,WED,False,,EDB,1205,1204.0,DAR,1410.0,1408.0,-2.0,1412,1411.0,-1.0,190.0,BHM,1706.0,1714.0,8.0,True
202601146775094,XC,2026-01-14,JAN,WED,False,,EDB,1305,1304.0,DAR,1510.0,1510.0,0.0,1512,1512.0,0.0,190.0,BHM,1807.0,1805.0,-2.0,False
202601146775096,XC,2026-01-14,JAN,WED,False,,EDB,1404,1403.0,DAR,1610.0,1608.0,-2.0,1611,1611.0,0.0,190.0,BHM,1907.0,1909.0,2.0,True
202601146775098,XC,2026-01-14,JAN,WED,False,,EDB,1504,1503.0,DAR,1708.0,1711.0,3.0,1711,1713.0,2.0,190.0,BHM,2007.0,2005.0,-2.0,False
202601146775102,XC,2026-01-14,JAN,WED,False,,EDB,1605,1605.0,DAR,1810.0,1811.0,1.0,1812,1813.0,1.0,190.0,BHM,2107.0,2106.0,-1.0,False
202601146775105,XC,2026-01-14,JAN,WED,False,,EDB,1704,1703.0,DAR,1910.0,1909.0,-1.0,1912,1912.0,0.0,190.0,BHM,2209.0,2210.0,1.0,True
202601146775079,XC,2026-01-14,JAN,WED,False,,EDB,1804,1803.0,DAR,2010.0,2008.0,-2.0,2011,2011.0,0.0,190.0,BHM,2328.0,2331.0,3.0,True
202601156775461,XC,2026-01-15,JAN,THU,False,,NCL,518,517.0,DAR,550.0,548.0,-2.0,552,551.0,-1.0,50.0,BHM,828.0,830.0,2.0,True
202601156775196,XC,2026-01-15,JAN,THU,False,896.0,NCL,623,623.0,DAR,652.0,652.0,0.0,654,654.0,0.0,50.0,BHM,928.0,1003.0,35.0,True
202601156775192,XC,2026-01-15,JAN,THU,False,,NCL,640,640.0,DAR,709.0,711.0,2.0,710,712.0,2.0,50.0,BHM,1004.0,1010.0,6.0,True
202601156775082,XC,2026-01-15,JAN,THU,False,,EDB,602,601.0,DAR,810.0,808.0,-2.0,811,811.0,0.0,190.0,BHM,1106.0,1105.0,-1.0,False
202601156775084,XC,2026-01-15,JAN,THU,False,,EDB,703,703.0,DAR,910.0,909.0,-1.0,912,911.0,-1.0,190.0,BHM,1204.0,1204.0,0.0,False
202601156775118,XC,2026-01-15,JAN,THU,False,,GLC,648,647.0,DAR,1010.0,1009.0,-1.0,1011,1010.0,-1.0,228.0,BHM,1306.0,1306.0,0.0,False
202601156775121,XC,2026-01-15,JAN,THU,False,,GLC,748,748.0,DAR,1110.0,1109.0,-1.0,1112,1112.0,0.0,228.0,BHM,1404.0,1402.0,-2.0,False
202601156775088,XC,2026-01-15,JAN,THU,False,,EDB,1005,1004.0,DAR,1210.0,1212.0,2.0,1213,1213.0,0.0,190.0,BHM,1506.0,1505.0,-1.0,False
202601156774726,XC,2026-01-15,JAN,THU,False,,ABD,820,820.0,DAR,1310.0,1314.0,4.0,1311,1315.0,4.0,,BHM,1604.0,1608.0,4.0,True
202601156775091,XC,2026-01-15,JAN,THU,False,,EDB,1205,1204.0,DAR,1410.0,1409.0,-1.0,1412,1412.0,0.0,190.0,BHM,1706.0,1707.0,1.0,True
202601156775094,XC,2026-01-15,JAN,THU,False,,EDB,1305,1304.0,DAR,1510.0,1510.0,0.0,1512,1512.0,0.0,190.0,BHM,1807.0,1814.0,7.0,True
202601156775096,XC,2026-01-15,JAN,THU,False,,EDB,1404,1403.0,DAR,1610.0,1611.0,1.0,1611,1613.0,2.0,190.0,BHM,1907.0,1907.0,0.0,False
202601156775098,XC,2026-01-15,JAN,THU,False,,EDB,1504,1503.0,DAR,1708.0,1714.0,6.0,1711,1716.0,5.0,190.0,BHM,2007.0,2003.0,-4.0,False
202601156775102,XC,2026-01-15,JAN,THU,False,,EDB,1605,1605.0,DAR,1810.0,1809.0,-1.0,1812,1812.0,0.0,190.0,BHM,2107.0,2106.0,-1.0,False
202601156775105,XC,2026-01-15,JAN,THU,False,,EDB,1704,1704.0,DAR,1910.0,1908.0,-2.0,1912,1912.0,0.0,190.0,BHM,2209.0,2209.0,0.0,False
202601156775079,XC,2026-01-15,JAN,THU,False,,EDB,1804,1803.0,DAR,2010.0,2008.0,-2.0,2011,2011.0,0.0,190.0,BHM,2328.0,2326.0,-2.0,False
202601166775461,XC,2026-01-16,JAN,FRI,False,,NCL,518,518.0,DAR,550.0,548.0,-2.0,552,552.0,0.0,50.0,BHM,828.0,831.0,3.0,True
202601166775196,XC,2026-01-16,JAN,FRI,False,,NCL,623,622.0,DAR,652.0,651.0,-1.0,654,654.0,0.0,50.0,BHM,928.0,929.0,1.0,True
202601166775192,XC,2026-01-16,JAN,FRI,False,,NCL,640,639.0,DAR,709.0,709.0,0.0,710,711.0,1.0,50.0,BHM,1004.0,1004.0,0.0,False
202601166775082,XC,2026-01-16,JAN,FRI,False,,EDB,602,601.0,DAR,810.0,808.0,-2.0,811,811.0,0.0,190.0,BHM,1106.0,1107.0,1.0,True
202601166775084,XC,2026-01-16,JAN,FRI,False,573.0,EDB,703,702.0,DAR,910.0,908.0,-2.0,912,912.0,0.0,190.0,BHM,1204.0,1205.0,1.0,True
202601166775118,XC,2026-01-16,JAN,FRI,False,501.0,GLC,648,647.0,DAR,1010.0,1007.0,-3.0,1011,1010.0,-1.0,228.0,BHM,1306.0,1306.0,0.0,False
202601166775121,XC,2026-01-16,JAN,FRI,False,,GLC,748,749.0,DAR,1110.0,1109.0,-1.0,1112,1112.0,0.0,228.0,BHM,1404.0,1404.0,0.0,False
202601166775088,XC,2026-01-16,JAN,FRI,False,,EDB,1005,1004.0,DAR,1210.0,1210.0,0.0,1213,1213.0,0.0,190.0,BHM,1506.0,1508.0,2.0,True
202601166774726,XC,2026-01-16,JAN,FRI,False,,ABD,820,820.0,DAR,1310.0,1308.0,-2.0,1311,1311.0,0.0,,BHM,1604.0,1604.0,0.0,False
202601166775091,XC,2026-01-16,JAN,FRI,False,,EDB,1205,1204.0,DAR,1410.0,1411.0,1.0,1412,1413.0,1.0,190.0,BHM,1706.0,1706.0,0.0,False
202601166775094,XC,2026-01-16,JAN,FRI,False,,EDB,1305,1304.0,DAR,1510.0,1510.0,0.0,1512,1513.0,1.0,190.0,BHM,1807.0,1806.0,-1.0,False
202601166775096,XC,2026-01-16,JAN,FRI,False,,EDB,1404,1403.0,DAR,1610.0,1608.0,-2.0,1611,1611.0,0.0,190.0,BHM,1907.0,1909.0,2.0,True
202601166775098,XC,2026-01-16,JAN,FRI,False,,EDB,1504,1504.0,DAR,1708.0,1708.0,0.0,1711,1711.0,0.0,190.0,BHM,2007.0,2017.0,10.0,True
202601166775102,XC,2026-01-16,JAN,FRI,False,,EDB,1605,1604.0,DAR,1810.0,1809.0,-1.0,1812,1811.0,-1.0,190.0,BHM,2107.0,2115.0,8.0,True
202601166775105,XC,2026-01-16,JAN,FRI,False,,EDB,1704,1703.0,DAR,1910.0,1924.0,14.0,1912,1927.0,15.0,190.0,BHM,2209.0,2211.0,2.0,True
202601166775079,XC,2026-01-16,JAN,FRI,False,,EDB,1804,1803.0,DAR,2010.0,2033.0,23.0,2011,2035.0,24.0,190.0,BHM,2328.0,2328.0,0.0,False
202601176775197,XC,2026-01-17,JAN,SAT,False,,NCL,622,621.0,DAR,651.0,651.0,0.0,653,653.0,0.0,50.0,BHM,927.0,927.0,0.0,False
202601176775193,XC,2026-01-17,JAN,SAT,False,,NCL,640,640.0,DAR,709.0,709.0,0.0,710,710.0,0.0,50.0,BHM,1006.0,1005.0,-1.0,False
202601176775083,XC,2026-01-17,JAN,SAT,False,,EDB,602,601.0,DAR,810.0,808.0,-2.0,811,811.0,0.0,190.0,BHM,1106.0,1106.0,0.0,False
202601176775085,XC,2026-01-17,JAN,SAT,False,,EDB,703,703.0,DAR,910.0,909.0,-1.0,912,912.0,0.0,190.0,BHM,1207.0,1203.0,-4.0,False
202601176775119,XC,2026-01-17,JAN,SAT,False,,GLC,648,648.0,DAR,1010.0,1009.0,-1.0,1011,1011.0,0.0,228.0,BHM,1306.0,1309.0,3.0,True
202601176775120,XC,2026-01-17,JAN,SAT,False,,GLC,748,748.0,DAR,1110.0,1108.0,-2.0,1111,1111.0,0.0,228.0,BHM,1404.0,1402.0,-2.0,False
202601176775089,XC,2026-01-17,JAN,SAT,False,,EDB,1005,1004.0,DAR,1210.0,1208.0,-2.0,1211,1210.0,-1.0,190.0,BHM,1505.0,1507.0,2.0,True
202601176775063,XC,2026-01-17,JAN,SAT,False,,EDB,1105,1105.0,DAR,1310.0,1310.0,0.0,1311,1313.0,2.0,190.0,BHM,1604.0,1604.0,0.0,False
202601176775092,XC,2026-01-17,JAN,SAT,False,,EDB,1205,1205.0,DAR,1410.0,1409.0,-1.0,1412,1412.0,0.0,190.0,BHM,1706.0,1704.0,-2.0,False
202601176775095,XC,2026-01-17,JAN,SAT,False,,EDB,1305,1304.0,DAR,1510.0,1509.0,-1.0,1512,1512.0,0.0,190.0,BHM,1804.0,1806.0,2.0,True
202601176775097,XC,2026-01-17,JAN,SAT,False,,EDB,1404,1404.0,DAR,1610.0,1608.0,-2.0,1612,1612.0,0.0,190.0,BHM,1905.0,1908.0,3.0,True
202601176775100,XC,2026-01-17,JAN,SAT,False,,EDB,1504,1504.0,DAR,1708.0,1706.0,-2.0,1711,1711.0,0.0,190.0,BHM,2005.0,2010.0,5.0,True
202601176775103,XC,2026-01-17,JAN,SAT,False,,EDB,1605,1605.0,DAR,1809.0,1808.0,-1.0,1811,1811.0,0.0,190.0,BHM,2106.0,2107.0,1.0,True
202601176775081,XC,2026-01-17,JAN,SAT,False,,EDB,1705,1704.0,DAR,1910.0,1914.0,4.0,1911,1916.0,5.0,190.0,BHM,2232.0,2233.0,1.0,True
202601176775080,XC,2026-01-17,JAN,SAT,False,,EDB,1804,1804.0,DAR,2010.0,2011.0,1.0,2011,2015.0,4.0,190.0,BHM,2307.0,2307.0,0.0,False
202601186775195,XC,2026-01-18,JAN,SUN,False,,NCL,936,936.0,DAR,1005.0,1005.0,0.0,1006,1007.0,1.0,50.0,BHM,1305.0,1305.0,0.0,False
202601186775087,XC,2026-01-18,JAN,SUN,False,,EDB,1008,1008.0,DAR,1209.0,1207.0,-2.0,1210,1210.0,0.0,190.0,BHM,1506.0,1507.0,1.0,True
202601186775090,XC,2026-01-18,JAN,SUN,False,,EDB,1107,1107.0,DAR,1309.0,1310.0,1.0,1310,1312.0,2.0,190.0,BHM,1604.0,1606.0,2.0,True
202601186775122,XC,2026-01-18,JAN,SUN,False,,GLC,1055,,DAR,1410.0,1408.0,-2.0,1411,1411.0,0.0,228.0,BHM,1706.0,1706.0,0.0,False
202601186775093,XC,2026-01-18,JAN,SUN,False,526.0,EDB,1305,1321.0,DAR,1509.0,1523.0,14.0,1511,1525.0,14.0,190.0,BHM,1804.0,1805.0,1.0,True
202601186775064,XC,2026-01-18,JAN,SUN,False,,EDB,1408,1412.0,DAR,1609.0,1611.0,2.0,1610,1613.0,3.0,190.0,BHM,1904.0,1911.0,7.0,True
202601186775099,XC,2026-01-18,JAN,SUN,False,526.0,EDB,1505,1511.0,DAR,1710.0,1723.0,13.0,1712,1725.0,13.0,190.0,BHM,2004.0,2004.0,0.0,False
202601186775101,XC,2026-01-18,JAN,SUN,False,,EDB,1607,1606.0,DAR,1811.0,1808.0,-3.0,1812,1812.0,0.0,190.0,BHM,2106.0,2104.0,-2.0,False
202601186775104,XC,2026-01-18,JAN,SUN,False,,EDB,1705,1704.0,DAR,1909.0,1908.0,-1.0,1911,1911.0,0.0,190.0,BHM,2208.0,2207.0,-1.0,False
202601186775078,XC,2026-01-18,JAN,SUN,False,,EDB,1805,1805.0,DAR,2007.0,2009.0,2.0,2009,2010.0,1.0,190.0,BHM,2309.0,2307.0,-2.0,False
202601196775461,XC,2026-01-19,JAN,MON,False,,NCL,518,518.0,DAR,550.0,549.0,-1.0,552,552.0,0.0,50.0,BHM,828.0,835.0,7.0,True
202601196775196,XC,2026-01-19,JAN,MON,False,,NCL,623,623.0,DAR,652.0,654.0,2.0,654,656.0,2.0,50.0,BHM,928.0,927.0,-1.0,False
202601196775192,XC,2026-01-19,JAN,MON,False,,NCL,640,640.0,DAR,709.0,711.0,2.0,710,713.0,3.0,50.0,BHM,1004.0,1003.0,-1.0,False
202601196775082,XC,2026-01-19,JAN,MON,False,,EDB,602,602.0,DAR,810.0,809.0,-1.0,811,811.0,0.0,190.0,BHM,1106.0,1104.0,-2.0,False
202601196775084,XC,2026-01-19,JAN,MON,False,895.0,EDB,703,702.0,DAR,910.0,910.0,0.0,912,912.0,0.0,190.0,BHM,1204.0,1200.0,-4.0,False
202601196775118,XC,2026-01-19,JAN,MON,False,901.0,GLC,648,647.0,DAR,1010.0,1009.0,-1.0,1011,1012.0,1.0,228.0,BHM,1306.0,1311.0,5.0,True
202601196775121,XC,2026-01-19,JAN,MON,False,,GLC,748,748.0,DAR,1110.0,1109.0,-1.0,1112,1111.0,-1.0,228.0,BHM,1404.0,1405.0,1.0,True
202601196775088,XC,2026-01-19,JAN,MON,False,,EDB,1005,1004.0,DAR,1210.0,1209.0,-1.0,1213,1212.0,-1.0,190.0,BHM,1506.0,1509.0,3.0,True
202601196774726,XC,2026-01-19,JAN,MON,False,,EDB,1104,1104.0,DAR,1310.0,1311.0,1.0,1311,1314.0,3.0,190.0,BHM,1604.0,1602.0,-2.0,False
202601196775091,XC,2026-01-19,JAN,MON,False,,EDB,1205,1204.0,DAR,1410.0,1410.0,0.0,1412,1412.0,0.0,190.0,BHM,1706.0,1704.0,-2.0,False
202601196775094,XC,2026-01-19,JAN,MON,False,,EDB,1305,1304.0,DAR,1510.0,1514.0,4.0,1512,1516.0,4.0,190.0,BHM,1807.0,1808.0,1.0,True
202601196775096,XC,2026-01-19,JAN,MON,False,895.0,EDB,1404,1403.0,DAR,1610.0,1608.0,-2.0,1611,1611.0,0.0,190.0,BHM,1907.0,1906.0,-1.0,False
202601196775098,XC,2026-01-19,JAN,MON,False,895.0,EDB,1504,1503.0,DAR,1708.0,1711.0,3.0,1711,1713.0,2.0,190.0,BHM,2007.0,2004.0,-3.0,False
202601196775102,XC,2026-01-19,JAN,MON,False,,EDB,1605,1605.0,DAR,1810.0,1809.0,-1.0,1812,1811.0,-1.0,190.0,BHM,2107.0,2108.0,1.0,True
202601196775105,XC,2026-01-19,JAN,MON,False,,EDB,1704,1704.0,DAR,1910.0,1908.0,-2.0,1912,1911.0,-1.0,190.0,BHM,2209.0,2210.0,1.0,True
202601196775079,XC,2026-01-19,JAN,MON,False,,EDB,1804,1805.0,DAR,2010.0,2008.0,-2.0,2011,2010.0,-1.0,190.0,BHM,2328.0,2325.0,-3.0,False
202601206775461,XC,2026-01-20,JAN,TUE,False,,NCL,518,517.0,DAR,550.0,549.0,-1.0,552,552.0,0.0,50.0,BHM,828.0,832.0,4.0,True
202601206775196,XC,2026-01-20,JAN,TUE,False,,NCL,623,623.0,DAR,652.0,652.0,0.0,654,654.0,0.0,50.0,BHM,928.0,933.0,5.0,True
202601206775192,XC,2026-01-20,JAN,TUE,False,,NCL,640,640.0,DAR,709.0,709.0,0.0,710,711.0,1.0,50.0,BHM,1004.0,1008.0,4.0,True
202601206775082,XC,2026-01-20,JAN,TUE,False,543.0,EDB,602,602.0,DAR,810.0,809.0,-1.0,811,811.0,0.0,190.0,BHM,1106.0,1104.0,-2.0,False
202601206775084,XC,2026-01-20,JAN,TUE,False,,EDB,703,703.0,DAR,910.0,909.0,-1.0,912,912.0,0.0,190.0,BHM,1204.0,1200.0,-4.0,False
202601206775118,XC,2026-01-20,JAN,TUE,False,,GLC,648,647.0,DAR,1010.0,1007.0,-3.0,1011,1010.0,-1.0,228.0,BHM,1306.0,1304.0,-2.0,False
202601206775121,XC,2026-01-20,JAN,TUE,False,,GLC,748,748.0,DAR,1110.0,1111.0,1.0,1112,1112.0,0.0,228.0,BHM,1404.0,1405.0,1.0,True
202601206775088,XC,2026-01-20,JAN,TUE,False,501.0,EDB,1005,1004.0,DAR,1210.0,1212.0,2.0,1213,1213.0,0.0,190.0,BHM,1506.0,1507.0,1.0,True
202601206774726,XC,2026-01-20,JAN,TUE,False,,EDB,1104,1104.0,DAR,1310.0,1308.0,-2.0,1311,1310.0,-1.0,190.0,BHM,1604.0,1604.0,0.0,False
202601206775091,XC,2026-01-20,JAN,TUE,False,,EDB,1205,1205.0,DAR,1410.0,1410.0,0.0,1412,1411.0,-1.0,190.0,BHM,1706.0,1704.0,-2.0,False
202601206775094,XC,2026-01-20,JAN,TUE,False,,EDB,1305,1304.0,DAR,1510.0,1509.0,-1.0,1512,1511.0,-1.0,190.0,BHM,1807.0,1803.0,-4.0,False
202601206775096,XC,2026-01-20,JAN,TUE,False,,EDB,1404,1403.0,DAR,1610.0,1609.0,-1.0,1611,1611.0,0.0,190.0,BHM,1907.0,1908.0,1.0,True
202601206775098,XC,2026-01-20,JAN,TUE,False,,EDB,1504,1504.0,DAR,1708.0,1708.0,0.0,1711,1711.0,0.0,190.0,BHM,2007.0,2010.0,3.0,True
202601206775102,XC,2026-01-20,JAN,TUE,False,,EDB,1605,1604.0,DAR,1810.0,1808.0,-2.0,1812,1812.0,0.0,190.0,BHM,2107.0,2107.0,0.0,False
202601206775105,XC,2026-01-20,JAN,TUE,False,,EDB,1704,1703.0,DAR,1910.0,1909.0,-1.0,1912,1912.0,0.0,190.0,BHM,2209.0,2207.0,-2.0,False
202601206775079,XC,2026-01-20,JAN,TUE,False,,EDB,1804,1807.0,DAR,2010.0,2008.0,-2.0,2011,2011.0,0.0,190.0,BHM,2328.0,2327.0,-1.0,False
202601216775461,XC,2026-01-21,JAN,WED,False,895.0,NCL,518,518.0,DAR,550.0,549.0,-1.0,552,553.0,1.0,50.0,BHM,828.0,834.0,6.0,True
202601216775196,XC,2026-01-21,JAN,WED,False,579.0,NCL,623,623.0,DAR,652.0,653.0,1.0,654,655.0,1.0,50.0,BHM,928.0,943.0,15.0,True
202601216775192,XC,2026-01-21,JAN,WED,False,,NCL,640,640.0,DAR,709.0,709.0,0.0,710,710.0,0.0,50.0,BHM,1004.0,1003.0,-1.0,False
202601216775082,XC,2026-01-21,JAN,WED,False,,EDB,602,602.0,DAR,810.0,809.0,-1.0,811,811.0,0.0,190.0,BHM,1106.0,1108.0,2.0,True
202601216775084,XC,2026-01-21,JAN,WED,False,,EDB,703,703.0,DAR,910.0,908.0,-2.0,912,912.0,0.0,190.0,BHM,1204.0,1207.0,3.0,True
202601216775118,XC,2026-01-21,JAN,WED,False,,GLC,648,647.0,DAR,1010.0,1010.0,0.0,1011,1012.0,1.0,228.0,BHM,1306.0,1306.0,0.0,False
202601216775121,XC,2026-01-21,JAN,WED,False,,GLC,748,748.0,DAR,1110.0,1109.0,-1.0,1112,1111.0,-1.0,228.0,BHM,1404.0,1412.0,8.0,True
202601216775088,XC,2026-01-21,JAN,WED,False,,EDB,1005,1004.0,DAR,1210.0,1210.0,0.0,1213,1213.0,0.0,190.0,BHM,1506.0,1505.0,-1.0,False
202601216774726,XC,2026-01-21,JAN,WED,False,,EDB,1104,1104.0,DAR,1310.0,1310.0,0.0,1311,1312.0,1.0,190.0,BHM,1604.0,1603.0,-1.0,False
202601216775091,XC,2026-01-21,JAN,WED,False,,EDB,1205,1204.0,DAR,1410.0,1409.0,-1.0,1412,1412.0,0.0,190.0,BHM,1706.0,1707.0,1.0,True
202601216775094,XC,2026-01-21,JAN,WED,False,,EDB,1305,1305.0,DAR,1510.0,1510.0,0.0,1512,1512.0,0.0,190.0,BHM,1807.0,1807.0,0.0,False
202601216775096,XC,2026-01-21,JAN,WED,False,,EDB,1404,1403.0,DAR,1610.0,1608.0,-2.0,1611,1610.0,-1.0,190.0,BHM,1907.0,1906.0,-1.0,False
202601216775098,XC,2026-01-21,JAN,WED,False,,EDB,1504,1503.0,DAR,1708.0,1707.0,-1.0,1711,1711.0,0.0,190.0,BHM,2007.0,2004.0,-3.0,False
202601216775102,XC,2026-01-21,JAN,WED,False,,EDB,1605,1604.0,DAR,1810.0,1808.0,-2.0,1812,1812.0,0.0,190.0,BHM,2107.0,2119.0,12.0,True
202601216775105,XC,2026-01-21,JAN,WED,False,,EDB,1704,1703.0,DAR,1910.0,1909.0,-1.0,1912,1911.0,-1.0,190.0,BHM,2209.0,2210.0,1.0,True
202601216775079,XC,2026-01-21,JAN,WED,False,,EDB,1804,1804.0,DAR,2010.0,2012.0,2.0,2011,2015.0,4.0,190.0,BHM,2328.0,2326.0,-2.0,False
202601226775196,XC,2026-01-22,JAN,THU,False,904.0,NCL,623,623.0,DAR,652.0,653.0,1.0,654,656.0,2.0,50.0,BHM,928.0,938.0,10.0,True
202601226775192,XC,2026-01-22,JAN,THU,False,904.0,NCL,640,639.0,DAR,709.0,708.0,-1.0,710,710.0,0.0,50.0,BHM,1004.0,1004.0,0.0,False
202601226775082,XC,2026-01-22,JAN,THU,False,,EDB,602,601.0,DAR,810.0,808.0,-2.0,811,810.0,-1.0,190.0,BHM,1106.0,1108.0,2.0,True
202601226775084,XC,2026-01-22,JAN,THU,False,,EDB,703,702.0,DAR,910.0,910.0,0.0,912,912.0,0.0,190.0,BHM,1204.0,1204.0,0.0,False
202601226775118,XC,2026-01-22,JAN,THU,False,,GLC,648,647.0,DAR,1010.0,1009.0,-1.0,1011,1011.0,0.0,228.0,BHM,1306.0,1304.0,-2.0,False
202601226775121,XC,2026-01-22,JAN,THU,False,,GLC,748,749.0,DAR,1110.0,1109.0,-1.0,1112,1112.0,0.0,228.0,BHM,1404.0,1404.0,0.0,False
202601226775088,XC,2026-01-22,JAN,THU,False,,EDB,1005,1004.0,DAR,1210.0,1209.0,-1.0,1213,1212.0,-1.0,190.0,BHM,1506.0,1506.0,0.0,False
202601226774726,XC,2026-01-22,JAN,THU,False,,EDB,1104,1104.0,DAR,1310.0,1308.0,-2.0,1311,1311.0,0.0,190.0,BHM,1604.0,1609.0,5.0,True
202601226775091,XC,2026-01-22,JAN,THU,False,,EDB,1205,1204.0,DAR,1410.0,1410.0,0.0,1412,1412.0,0.0,190.0,BHM,1706.0,1706.0,0.0,False
202601226775094,XC,2026-01-22,JAN,THU,False,,EDB,1305,1305.0,DAR,1510.0,1509.0,-1.0,1512,1514.0,2.0,190.0,BHM,1807.0,1804.0,-3.0,False
202601226775096,XC,2026-01-22,JAN,THU,False,,EDB,1404,1403.0,DAR,1610.0,1609.0,-1.0,1611,1611.0,0.0,190.0,BHM,1907.0,1907.0,0.0,False
202601226775098,XC,2026-01-22,JAN,THU,False,,EDB,1504,1503.0,DAR,1708.0,1708.0,0.0,1711,1711.0,0.0,190.0,BHM,2007.0,2004.0,-3.0,False
202601226775102,XC,2026-01-22,JAN,THU,False,,EDB,1605,1605.0,DAR,1810.0,1810.0,0.0,1812,1812.0,0.0,190.0,BHM,2107.0,2105.0,-2.0,False
202601226775105,XC,2026-01-22,JAN,THU,False,,EDB,1704,1703.0,DAR,1910.0,1911.0,1.0,1912,1913.0,1.0,190.0,BHM,2209.0,2208.0,-1.0,False
202601226775079,XC,2026-01-22,JAN,THU,False,,EDB,1804,1804.0,DAR,2010.0,2007.0,-3.0,2011,2011.0,0.0,190.0,BHM,2328.0,2327.0,-1.0,False
202601236775461,XC,2026-01-23,JAN,FRI,False,,NCL,518,517.0,DAR,550.0,549.0,-1.0,552,552.0,0.0,50.0,BHM,828.0,833.0,5.0,True
202601236775196,XC,2026-01-23,JAN,FRI,False,501.0,NCL,623,623.0,DAR,652.0,651.0,-1.0,654,654.0,0.0,50.0,BHM,928.0,935.0,7.0,True
202601236775192,XC,2026-01-23,JAN,FRI,False,,NCL,640,640.0,DAR,709.0,709.0,0.0,710,713.0,3.0,50.0,BHM,1004.0,1002.0,-2.0,False
202601236775082,XC,2026-01-23,JAN,FRI,False,,EDB,602,602.0,DAR,810.0,809.0,-1.0,811,811.0,0.0,190.0,BHM,1106.0,1111.0,5.0,True
202601236775084,XC,2026-01-23,JAN,FRI,False,,EDB,703,702.0,DAR,910.0,908.0,-2.0,912,912.0,0.0,190.0,BHM,1204.0,1203.0,-1.0,False
202601236775118,XC,2026-01-23,JAN,FRI,False,,GLC,648,647.0,DAR,1010.0,1009.0,-1.0,1011,1011.0,0.0,228.0,BHM,1306.0,1308.0,2.0,True
202601236775121,XC,2026-01-23,JAN,FRI,False,,GLC,748,749.0,DAR,1110.0,1110.0,0.0,1112,1112.0,0.0,228.0,BHM,1404.0,1406.0,2.0,True
202601236775088,XC,2026-01-23,JAN,FRI,False,,EDB,1005,1005.0,DAR,1210.0,1210.0,0.0,1213,1212.0,-1.0,190.0,BHM,1506.0,1504.0,-2.0,False
202601236774726,XC,2026-01-23,JAN,FRI,False,,EDB,1104,1103.0,DAR,1310.0,1309.0,-1.0,1311,1311.0,0.0,190.0,BHM,1604.0,1604.0,0.0,False
202601236775091,XC,2026-01-23,JAN,FRI,False,,EDB,1205,1204.0,DAR,1410.0,1409.0,-1.0,1412,1411.0,-1.0,190.0,BHM,1706.0,1706.0,0.0,False
202601236775094,XC,2026-01-23,JAN,FRI,False,,EDB,1305,1304.0,DAR,1510.0,1511.0,1.0,1512,1512.0,0.0,190.0,BHM,1807.0,1812.0,5.0,True
202601236775096,XC,2026-01-23,JAN,FRI,False,,EDB,1404,1403.0,DAR,1610.0,1608.0,-2.0,1611,1611.0,0.0,190.0,BHM,1907.0,1907.0,0.0,False
202601236775098,XC,2026-01-23,JAN,FRI,False,,EDB,1504,1503.0,DAR,1708.0,1709.0,1.0,1711,1712.0,1.0,190.0,BHM,2007.0,2005.0,-2.0,False
202601236775102,XC,2026-01-23,JAN,FRI,False,,EDB,1605,1605.0,DAR,1810.0,1809.0,-1.0,1812,1812.0,0.0,190.0,BHM,2107.0,2105.0,-2.0,False
202601236775105,XC,2026-01-23,JAN,FRI,False,,EDB,1704,1703.0,DAR,1910.0,1912.0,2.0,1912,1914.0,2.0,190.0,BHM,2209.0,2210.0,1.0,True
202601236775079,XC,2026-01-23,JAN,FRI,False,,EDB,1804,1804.0,DAR,2010.0,2009.0,-1.0,2011,2011.0,0.0,190.0,BHM,2328.0,2330.0,2.0,True
202601246775193,XC,2026-01-24,JAN,SAT,False,,NCL,640,640.0,DAR,709.0,710.0,1.0,710,713.0,3.0,50.0,BHM,1006.0,1006.0,0.0,False
202601246775083,XC,2026-01-24,JAN,SAT,False,819.0,EDB,602,601.0,DAR,810.0,808.0,-2.0,811,810.0,-1.0,190.0,BHM,1106.0,1105.0,-1.0,False
202601246775085,XC,2026-01-24,JAN,SAT,False,,EDB,703,704.0,DAR,910.0,909.0,-1.0,912,912.0,0.0,190.0,BHM,1207.0,1203.0,-4.0,False
202601246775119,XC,2026-01-24,JAN,SAT,False,,GLC,648,648.0,DAR,1010.0,1011.0,1.0,1011,1013.0,2.0,228.0,BHM,1306.0,1306.0,0.0,False
202601246775120,XC,2026-01-24,JAN,SAT,False,,GLC,748,747.0,DAR,1110.0,1108.0,-2.0,1111,1111.0,0.0,228.0,BHM,1404.0,1404.0,0.0,False
202601246775089,XC,2026-01-24,JAN,SAT,False,,EDB,1005,1004.0,DAR,1210.0,1209.0,-1.0,1211,1211.0,0.0,190.0,BHM,1505.0,1505.0,0.0,False
202601246775063,XC,2026-01-24,JAN,SAT,False,,EDB,1105,1105.0,DAR,1310.0,1308.0,-2.0,1311,1311.0,0.0,190.0,BHM,1604.0,1603.0,-1.0,False
202601246775092,XC,2026-01-24,JAN,SAT,False,,EDB,1205,1205.0,DAR,1410.0,1409.0,-1.0,1412,1412.0,0.0,190.0,BHM,1706.0,1705.0,-1.0,False
202601246775095,XC,2026-01-24,JAN,SAT,False,,EDB,1305,1304.0,DAR,1510.0,1508.0,-2.0,1512,1512.0,0.0,190.0,BHM,1804.0,1803.0,-1.0,False
202601246775097,XC,2026-01-24,JAN,SAT,False,777.0,EDB,1404,1403.0,DAR,1610.0,1620.0,10.0,1612,1623.0,11.0,190.0,BHM,1905.0,1950.0,45.0,True
202601246775100,XC,2026-01-24,JAN,SAT,False,,EDB,1504,1503.0,DAR,1708.0,1709.0,1.0,1711,1712.0,1.0,190.0,BHM,2005.0,2014.0,9.0,True
202601246775103,XC,2026-01-24,JAN,SAT,False,777.0,EDB,1605,1604.0,DAR,1809.0,1818.0,9.0,1811,1821.0,10.0,190.0,BHM,2106.0,2105.0,-1.0,False
202601246775081,XC,2026-01-24,JAN,SAT,False,,EDB,1705,1704.0,DAR,1910.0,1913.0,3.0,1911,1915.0,4.0,190.0,BHM,2232.0,2231.0,-1.0,False
202601246775080,XC,2026-01-24,JAN,SAT,False,,EDB,1804,1804.0,DAR,2010.0,2019.0,9.0,2011,2021.0,10.0,190.0,BHM,2307.0,2305.0,-2.0,False
202601256775195,XC,2026-01-25,JAN,SUN,False,,NCL,936,936.0,DAR,1005.0,1004.0,-1.0,1006,1006.0,0.0,50.0,BHM,1305.0,1306.0,1.0,True
202601256775086,XC,2026-01-25,JAN,SUN,False,,EDB,908,907.0,DAR,1109.0,1108.0,-1.0,1111,1111.0,0.0,190.0,BHM,1404.0,1406.0,2.0,True
202601256775087,XC,2026-01-25,JAN,SUN,False,886.0,EDB,1008,1007.0,DAR,1209.0,1223.0,14.0,1210,1230.0,20.0,190.0,BHM,1506.0,1512.0,6.0,True
202601256775090,XC,2026-01-25,JAN,SUN,False,,EDB,1107,1107.0,DAR,1309.0,1311.0,2.0,1310,1312.0,2.0,190.0,BHM,1604.0,1607.0,3.0,True
202601256775122,XC,2026-01-25,JAN,SUN,False,,GLC,1055,1055.0,DAR,1410.0,1408.0,-2.0,1411,1411.0,0.0,228.0,BHM,1706.0,1706.0,0.0,False
202601256775093,XC,2026-01-25,JAN,SUN,False,,EDB,1305,1304.0,DAR,1509.0,1509.0,0.0,1511,1511.0,0.0,190.0,BHM,1804.0,1809.0,5.0,True
202601256775064,XC,2026-01-25,JAN,SUN,False,,EDB,1408,1409.0,DAR,1609.0,1608.0,-1.0,1610,1610.0,0.0,190.0,BHM,1904.0,1912.0,8.0,True
202601256775099,XC,2026-01-25,JAN,SUN,False,,EDB,1505,1505.0,DAR,1710.0,1709.0,-1.0,1712,1712.0,0.0,190.0,BHM,2004.0,2008.0,4.0,True
202601256775101,XC,2026-01-25,JAN,SUN,False,,EDB,1607,1607.0,DAR,1811.0,1809.0,-2.0,1812,1812.0,0.0,190.0,BHM,2106.0,2106.0,0.0,False
202601256775104,XC,2026-01-25,JAN,SUN,False,,EDB,1705,1705.0,DAR,1909.0,1909.0,0.0,1911,1911.0,0.0,190.0,BHM,2208.0,2208.0,0.0,False
202601256775078,XC,2026-01-25,JAN,SUN,False,,EDB,1805,1804.0,DAR,2007.0,2007.0,0.0,2009,2009.0,0.0,190.0,BHM,2309.0,2309.0,0.0,False
202601266775461,XC,2026-01-26,JAN,MON,False,,NCL,518,518.0,DAR,550.0,549.0,-1.0,552,552.0,0.0,50.0,BHM,828.0,839.0,11.0,True
202601266775196,XC,2026-01-26,JAN,MON,False,,NCL,623,623.0,DAR,652.0,652.0,0.0,654,654.0,0.0,50.0,BHM,928.0,926.0,-2.0,False
202601266775192,XC,2026-01-26,JAN,MON,False,824.0,NCL,640,640.0,DAR,709.0,709.0,0.0,710,711.0,1.0,50.0,BHM,1004.0,1016.0,12.0,True
202601266775082,XC,2026-01-26,JAN,MON,False,904.0,EDB,602,601.0,DAR,810.0,809.0,-1.0,811,811.0,0.0,190.0,BHM,1106.0,1109.0,3.0,True
202601266775198,XC,2026-01-26,JAN,MON,False,,NCL,835,837.0,DAR,904.0,905.0,1.0,906,907.0,1.0,50.0,BHM,1127.0,1126.0,-1.0,False
202601266775118,XC,2026-01-26,JAN,MON,False,772.0,GLC,648,647.0,DAR,1010.0,1008.0,-2.0,1011,1011.0,0.0,228.0,BHM,1306.0,1321.0,15.0,True
202601266775200,XC,2026-01-26,JAN,MON,False,,NCL,1033,1033.0,DAR,1104.0,1102.0,-2.0,1105,1105.0,0.0,50.0,BHM,1328.0,1333.0,5.0,True
202601266775088,XC,2026-01-26,JAN,MON,False,,EDB,1005,1004.0,DAR,1210.0,1209.0,-1.0,1213,1213.0,0.0,190.0,BHM,1506.0,1505.0,-1.0,False
202601266775202,XC,2026-01-26,JAN,MON,False,,NCL,1233,1234.0,DAR,1303.0,1303.0,0.0,1305,1305.0,0.0,50.0,BHM,1528.0,1528.0,0.0,False
202601266775091,XC,2026-01-26,JAN,MON,False,536.0,EDB,1205,1204.0,DAR,1410.0,1408.0,-2.0,1412,1411.0,-1.0,190.0,BHM,1706.0,1730.0,24.0,True
202601266775204,XC,2026-01-26,JAN,MON,False,904.0,NCL,1434,1436.0,DAR,1504.0,1505.0,1.0,1506,1507.0,1.0,50.0,BHM,1727.0,1733.0,6.0,True
202601266775096,XC,2026-01-26,JAN,MON,False,,EDB,1404,1403.0,DAR,1610.0,1610.0,0.0,1611,1611.0,0.0,190.0,BHM,1907.0,1908.0,1.0,True
202601266775190,XC,2026-01-26,JAN,MON,False,574.0,NCL,1634,1643.0,DAR,1704.0,1716.0,12.0,1705,1718.0,13.0,50.0,BHM,1931.0,1938.0,7.0,True
202601266775102,XC,2026-01-26,JAN,MON,False,,EDB,1605,1604.0,DAR,1810.0,1808.0,-2.0,1812,1812.0,0.0,190.0,BHM,2107.0,2108.0,1.0,True
202601266775105,XC,2026-01-26,JAN,MON,False,,EDB,1704,1703.0,DAR,1910.0,1908.0,-2.0,1912,1911.0,-1.0,190.0,BHM,2209.0,2210.0,1.0,True
202601266775079,XC,2026-01-26,JAN,MON,False,547.0,EDB,1804,1804.0,DAR,2010.0,2016.0,6.0,2011,2017.0,6.0,190.0,BHM,2328.0,23.0,-1385.0,False
202601276775461,XC,2026-01-27,JAN,TUE,False,,NCL,518,518.0,DAR,550.0,550.0,0.0,552,552.0,0.0,50.0,BHM,828.0,833.0,5.0,True
202601276775196,XC,2026-01-27,JAN,TUE,False,,NCL,623,623.0,DAR,652.0,651.0,-1.0,654,654.0,0.0,50.0,BHM,928.0,926.0,-2.0,False
202601276775192,XC,2026-01-27,JAN,TUE,False,,NCL,640,640.0,DAR,709.0,709.0,0.0,710,712.0,2.0,50.0,BHM,1004.0,1005.0,1.0,True
202601276775082,XC,2026-01-27,JAN,TUE,False,784.0,EDB,602,601.0,DAR,810.0,823.0,13.0,811,825.0,14.0,190.0,BHM,1106.0,1120.0,14.0,True
202601276775198,XC,2026-01-27,JAN,TUE,False,,NCL,835,835.0,DAR,904.0,904.0,0.0,906,906.0,0.0,50.0,BHM,1127.0,1131.0,4.0,True
202601276775118,XC,2026-01-27,JAN,TUE,False,,GLC,648,647.0,DAR,1010.0,1009.0,-1.0,1011,1011.0,0.0,228.0,BHM,1306.0,1308.0,2.0,True
202601276775200,XC,2026-01-27,JAN,TUE,False,,NCL,1033,1034.0,DAR,1104.0,1104.0,0.0,1105,1107.0,2.0,50.0,BHM,1328.0,1328.0,0.0,False
202601276775088,XC,2026-01-27,JAN,TUE,False,913.0,EDB,1005,1038.0,DAR,1210.0,1239.0,29.0,1213,1242.0,29.0,190.0,BHM,1506.0,1504.0,-2.0,False
202601276775202,XC,2026-01-27,JAN,TUE,False,,NCL,1233,1234.0,DAR,1303.0,1302.0,-1.0,1305,1305.0,0.0,50.0,BHM,1528.0,1529.0,1.0,True
202601276775091,XC,2026-01-27,JAN,TUE,False,,EDB,1205,1204.0,DAR,1410.0,1409.0,-1.0,1412,1411.0,-1.0,190.0,BHM,1706.0,1705.0,-1.0,False
202601276775204,XC,2026-01-27,JAN,TUE,False,,NCL,1434,1433.0,DAR,1504.0,1504.0,0.0,1506,1506.0,0.0,50.0,BHM,1727.0,1727.0,0.0,False
202601276775096,XC,2026-01-27,JAN,TUE,False,,EDB,1404,1403.0,DAR,1610.0,1609.0,-1.0,1611,1611.0,0.0,190.0,BHM,1907.0,1910.0,3.0,True
202601276775190,XC,2026-01-27,JAN,TUE,False,,NCL,1634,1635.0,DAR,1704.0,1707.0,3.0,1705,1709.0,4.0,50.0,BHM,1931.0,1930.0,-1.0,False
202601276775102,XC,2026-01-27,JAN,TUE,False,,EDB,1605,1604.0,DAR,1810.0,1810.0,0.0,1812,1812.0,0.0,190.0,BHM,2107.0,2106.0,-1.0,False
202601276775105,XC,2026-01-27,JAN,TUE,False,792.0,EDB,1704,1718.0,DAR,1910.0,1926.0,16.0,1912,1928.0,16.0,190.0,BHM,2209.0,2215.0,6.0,True
202601276775079,XC,2026-01-27,JAN,TUE,False,,EDB,1804,1803.0,DAR,2010.0,2010.0,0.0,2011,2012.0,1.0,190.0,BHM,2328.0,2326.0,-2.0,False
202601286775461,XC,2026-01-28,JAN,WED,False,,NCL,518,518.0,DAR,550.0,549.0,-1.0,552,552.0,0.0,50.0,BHM,828.0,832.0,4.0,True
202601286775196,XC,2026-01-28,JAN,WED,False,,NCL,623,623.0,DAR,652.0,653.0,1.0,654,655.0,1.0,50.0,BHM,928.0,926.0,-2.0,False
202601286775192,XC,2026-01-28,JAN,WED,False,904.0,NCL,640,640.0,DAR,709.0,709.0,0.0,710,711.0,1.0,50.0,BHM,1004.0,1017.0,13.0,True
202601286775082,XC,2026-01-28,JAN,WED,False,,EDB,602,602.0,DAR,810.0,808.0,-2.0,811,811.0,0.0,190.0,BHM,1106.0,1104.0,-2.0,False
202601286775198,XC,2026-01-28,JAN,WED,False,574.0,NCL,835,835.0,DAR,904.0,904.0,0.0,906,906.0,0.0,50.0,BHM,1127.0,1140.0,13.0,True
202601286775118,XC,2026-01-28,JAN,WED,False,,GLC,648,647.0,DAR,1010.0,1009.0,-1.0,1011,1012.0,1.0,228.0,BHM,1306.0,1311.0,5.0,True
202601286775200,XC,2026-01-28,JAN,WED,False,,NCL,1033,1035.0,DAR,1104.0,1105.0,1.0,1105,1107.0,2.0,50.0,BHM,1328.0,1326.0,-2.0,False
202601286775088,XC,2026-01-28,JAN,WED,False,573.0,EDB,1005,1004.0,DAR,1210.0,1216.0,6.0,1213,1218.0,5.0,190.0,BHM,1506.0,1602.0,56.0,True
202601286775202,XC,2026-01-28,JAN,WED,False,,NCL,1233,1233.0,DAR,1303.0,1301.0,-2.0,1305,1306.0,1.0,50.0,BHM,1528.0,1528.0,0.0,False
202601286775091,XC,2026-01-28,JAN,WED,False,772.0,EDB,1205,1205.0,DAR,1410.0,1428.0,18.0,1412,1430.0,18.0,190.0,BHM,1706.0,1728.0,22.0,True
202601286775204,XC,2026-01-28,JAN,WED,False,,NCL,1434,1439.0,DAR,1504.0,1507.0,3.0,1506,1508.0,2.0,50.0,BHM,1727.0,1738.0,11.0,True
202601286775096,XC,2026-01-28,JAN,WED,False,,EDB,1404,1403.0,DAR,1610.0,1609.0,-1.0,1611,1611.0,0.0,190.0,BHM,1907.0,1914.0,7.0,True
202601286775190,XC,2026-01-28,JAN,WED,False,543.0,NCL,1634,1633.0,DAR,1704.0,1704.0,0.0,1705,1706.0,1.0,50.0,BHM,1931.0,1943.0,12.0,True
202601286775102,XC,2026-01-28,JAN,WED,False,,EDB,1605,1606.0,DAR,1810.0,1809.0,-1.0,1812,1811.0,-1.0,190.0,BHM,2107.0,2105.0,-2.0,False
202601286775105,XC,2026-01-28,JAN,WED,False,913.0,EDB,1704,1728.0,DAR,1910.0,1934.0,24.0,1912,1939.0,27.0,190.0,BHM,2209.0,2232.0,23.0,True
202601286775079,XC,2026-01-28,JAN,WED,False,871.0,EDB,1804,1805.0,DAR,2010.0,2025.0,15.0,2011,2027.0,16.0,190.0,BHM,2328.0,2326.0,-2.0,False
202601296775461,XC,2026-01-29,JAN,THU,False,,NCL,518,518.0,DAR,550.0,548.0,-2.0,552,552.0,0.0,50.0,BHM,828.0,829.0,1.0,True
202601296775196,XC,2026-01-29,JAN,THU,False,,NCL,623,626.0,DAR,652.0,656.0,4.0,654,658.0,4.0,50.0,BHM,928.0,928.0,0.0,False
202601296775192,XC,2026-01-29,JAN,THU,False,,NCL,640,640.0,DAR,709.0,710.0,1.0,710,712.0,2.0,50.0,BHM,1004.0,1003.0,-1.0,False
202601296775082,XC,2026-01-29,JAN,THU,False,,EDB,602,602.0,DAR,810.0,808.0,-2.0,811,811.0,0.0,190.0,BHM,1106.0,1105.0,-1.0,False
202601296775198,XC,2026-01-29,JAN,THU,False,,NCL,835,835.0,DAR,904.0,904.0,0.0,906,906.0,0.0,50.0,BHM,1127.0,1127.0,0.0,False
202601296775118,XC,2026-01-29,JAN,THU,False,,GLC,648,648.0,DAR,1010.0,1008.0,-2.0,1011,1011.0,0.0,228.0,BHM,1306.0,1307.0,1.0,True
202601296775200,XC,2026-01-29,JAN,THU,False,,NCL,1033,1033.0,DAR,1104.0,1102.0,-2.0,1105,1105.0,0.0,50.0,BHM,1328.0,1328.0,0.0,False
202601296775088,XC,2026-01-29,JAN,THU,False,,EDB,1005,1005.0,DAR,1210.0,1209.0,-1.0,1213,1213.0,0.0,190.0,BHM,1506.0,1505.0,-1.0,False
202601296775202,XC,2026-01-29,JAN,THU,False,,NCL,1233,1234.0,DAR,1303.0,1306.0,3.0,1305,1308.0,3.0,50.0,BHM,1528.0,1527.0,-1.0,False
202601296775091,XC,2026-01-29,JAN,THU,False,,EDB,1205,1204.0,DAR,1410.0,1409.0,-1.0,1412,1411.0,-1.0,190.0,BHM,1706.0,1707.0,1.0,True
202601296775204,XC,2026-01-29,JAN,THU,False,507.0,NCL,1434,1442.0,DAR,1504.0,1514.0,10.0,1506,1515.0,9.0,50.0,BHM,1727.0,1738.0,11.0,True
202601296775096,XC,2026-01-29,JAN,THU,False,,EDB,1404,1403.0,DAR,1610.0,1609.0,-1.0,1611,1610.0,-1.0,190.0,BHM,1907.0,1907.0,0.0,False
202601296775190,XC,2026-01-29,JAN,THU,False,,NCL,1634,1633.0,DAR,1704.0,1703.0,-1.0,1705,1705.0,0.0,50.0,BHM,1931.0,1929.0,-2.0,False
202601296775102,XC,2026-01-29,JAN,THU,False,,EDB,1605,1605.0,DAR,1810.0,1809.0,-1.0,1812,1812.0,0.0,190.0,BHM,2107.0,2107.0,0.0,False
202601296775105,XC,2026-01-29,JAN,THU,False,,EDB,1704,1707.0,DAR,1910.0,1912.0,2.0,1912,1914.0,2.0,190.0,BHM,2209.0,2214.0,5.0,True
202601296775079,XC,2026-01-29,JAN,THU,False,,EDB,1804,1803.0,DAR,2010.0,2007.0,-3.0,2011,2010.0,-1.0,190.0,BHM,2328.0,2326.0,-2.0,False
202601306775461,XC,2026-01-30,JAN,FRI,False,,NCL,518,518.0,DAR,550.0,548.0,-2.0,552,552.0,0.0,50.0,BHM,828.0,829.0,1.0,True
202601306775196,XC,2026-01-30,JAN,FRI,False,,NCL,623,623.0,DAR,652.0,653.0,1.0,654,655.0,1.0,50.0,BHM,928.0,928.0,0.0,False
202601306775192,XC,2026-01-30,JAN,FRI,False,,NCL,640,640.0,DAR,709.0,712.0,3.0,710,715.0,5.0,50.0,BHM,1004.0,1004.0,0.0,False
202601306775082,XC,2026-01-30,JAN,FRI,False,,EDB,602,602.0,DAR,810.0,808.0,-2.0,811,810.0,-1.0,190.0,BHM,1106.0,1106.0,0.0,False
202601306775198,XC,2026-01-30,JAN,FRI,False,,NCL,835,836.0,DAR,904.0,905.0,1.0,906,907.0,1.0,50.0,BHM,1127.0,1126.0,-1.0,False
202601306775118,XC,2026-01-30,JAN,FRI,False,904.0,GLC,648,647.0,DAR,1010.0,1010.0,0.0,1011,1013.0,2.0,228.0,BHM,1306.0,1313.0,7.0,True
202601306775200,XC,2026-01-30,JAN,FRI,False,,NCL,1033,1033.0,DAR,1104.0,1104.0,0.0,1105,1107.0,2.0,50.0,BHM,1328.0,1331.0,3.0,True
202601306775088,XC,2026-01-30,JAN,FRI,False,,EDB,1005,1005.0,DAR,1210.0,1209.0,-1.0,1213,1213.0,0.0,190.0,BHM,1506.0,1505.0,-1.0,False
202601306775202,XC,2026-01-30,JAN,FRI,False,,NCL,1233,1234.0,DAR,1303.0,1303.0,0.0,1305,1305.0,0.0,50.0,BHM,1528.0,1529.0,1.0,True
202601306775091,XC,2026-01-30,JAN,FRI,False,,EDB,1205,1204.0,DAR,1410.0,1409.0,-1.0,1412,1411.0,-1.0,190.0,BHM,1706.0,1704.0,-2.0,False
202601306775204,XC,2026-01-30,JAN,FRI,False,,NCL,1434,1434.0,DAR,1504.0,1503.0,-1.0,1506,1506.0,0.0,50.0,BHM,1727.0,1729.0,2.0,True
202601306775096,XC,2026-01-30,JAN,FRI,False,,EDB,1404,1406.0,DAR,1610.0,1609.0,-1.0,1611,1611.0,0.0,190.0,BHM,1907.0,1910.0,3.0,True
202601306775190,XC,2026-01-30,JAN,FRI,False,904.0,NCL,1634,1636.0,DAR,1704.0,1714.0,10.0,1705,1716.0,11.0,50.0,BHM,1931.0,1936.0,5.0,True
202601306775102,XC,2026-01-30,JAN,FRI,False,,EDB,1605,1605.0,DAR,1810.0,1809.0,-1.0,1812,1812.0,0.0,190.0,BHM,2107.0,2104.0,-3.0,False
202601306775105,XC,2026-01-30,JAN,FRI,False,,EDB,1704,1703.0,DAR,1910.0,1910.0,0.0,1912,1912.0,0.0,190.0,BHM,2209.0,2228.0,19.0,True
202601306775079,XC,2026-01-30,JAN,FRI,False,,EDB,1804,1803.0,DAR,2010.0,2008.0,-2.0,2011,2011.0,0.0,190.0,BHM,2328.0,2328.0,0.0,False
202601316775197,XC,2026-01-31,JAN,SAT,False,,NCL,622,622.0,DAR,651.0,651.0,0.0,653,654.0,1.0,50.0,BHM,927.0,925.0,-2.0,False
202601316775193,XC,2026-01-31,JAN,SAT,False,574.0,NCL,640,643.0,DAR,709.0,711.0,2.0,710,713.0,3.0,50.0,BHM,1006.0,1007.0,1.0,True
202601316775199,XC,2026-01-31,JAN,SAT,False,777.0,NCL,835,834.0,DAR,904.0,903.0,-1.0,906,905.0,-1.0,50.0,BHM,1127.0,1201.0,34.0,True
202601316775119,XC,2026-01-31,JAN,SAT,False,777.0,GLC,648,648.0,DAR,1010.0,1008.0,-2.0,1011,1011.0,0.0,228.0,BHM,1306.0,1306.0,0.0,False
202601316775201,XC,2026-01-31,JAN,SAT,False,,NCL,1035,1035.0,DAR,1104.0,1104.0,0.0,1106,1108.0,2.0,50.0,BHM,1328.0,1334.0,6.0,True
202601316775089,XC,2026-01-31,JAN,SAT,False,777.0,EDB,1005,1004.0,DAR,1210.0,1209.0,-1.0,1211,1211.0,0.0,190.0,BHM,1505.0,1505.0,0.0,False
202601316775203,XC,2026-01-31,JAN,SAT,False,904.0,NCL,1234,1233.0,DAR,1304.0,1302.0,-2.0,1306,1306.0,0.0,50.0,BHM,1527.0,1531.0,4.0,True
202601316775092,XC,2026-01-31,JAN,SAT,False,,EDB,1205,1206.0,DAR,1410.0,1410.0,0.0,1412,1412.0,0.0,190.0,BHM,1706.0,1704.0,-2.0,False
202601316775205,XC,2026-01-31,JAN,SAT,False,,NCL,1433,1433.0,DAR,1503.0,1504.0,1.0,1505,1506.0,1.0,50.0,BHM,1727.0,1730.0,3.0,True
202601316775097,XC,2026-01-31,JAN,SAT,False,,EDB,1404,1404.0,DAR,1610.0,1610.0,0.0,1612,1612.0,0.0,190.0,BHM,1905.0,1907.0,2.0,True
202601316775191,XC,2026-01-31,JAN,SAT,False,886.0,NCL,1633,1633.0,DAR,1703.0,1702.0,-1.0,1704,1705.0,1.0,50.0,BHM,1925.0,1957.0,32.0,True
202601316775103,XC,2026-01-31,JAN,SAT,False,,EDB,1605,1605.0,DAR,1809.0,1808.0,-1.0,1811,1811.0,0.0,190.0,BHM,2106.0,2121.0,15.0,True
202601316775081,XC,2026-01-31,JAN,SAT,False,,EDB,1705,1706.0,DAR,1910.0,1909.0,-1.0,1911,1911.0,0.0,190.0,BHM,2232.0,2237.0,5.0,True
202601316775080,XC,2026-01-31,JAN,SAT,False,,EDB,1804,1803.0,DAR,2010.0,2008.0,-2.0,2011,2011.0,0.0,190.0,BHM,2307.0,2306.0,-1.0,False
202602016775195,XC,2026-02-01,FEB,SUN,False,573.0,NCL,936,936.0,DAR,1005.0,1006.0,1.0,1006,1007.0,1.0,50.0,BHM,1305.0,1328.0,23.0,True
202602016775086,XC,2026-02-01,FEB,SUN,False,,EDB,908,907.0,DAR,1109.0,1109.0,0.0,1111,1111.0,0.0,190.0,BHM,1404.0,1412.0,8.0,True
202602016775087,XC,2026-02-01,FEB,SUN,False,,EDB,1008,1008.0,DAR,1209.0,1209.0,0.0,1210,1213.0,3.0,190.0,BHM,1506.0,1509.0,3.0,True
202602016775090,XC,2026-02-01,FEB,SUN,False,,EDB,1107,1106.0,DAR,1309.0,1309.0,0.0,1310,1312.0,2.0,190.0,BHM,1604.0,1609.0,5.0,True
202602016775122,XC,2026-02-01,FEB,SUN,False,,GLC,1055,,DAR,1410.0,1408.0,-2.0,1411,1410.0,-1.0,228.0,BHM,1706.0,1713.0,7.0,True
202602016775093,XC,2026-02-01,FEB,SUN,False,,EDB,1305,1304.0,DAR,1509.0,1507.0,-2.0,1511,1510.0,-1.0,190.0,BHM,1804.0,1809.0,5.0,True
202602016775064,XC,2026-02-01,FEB,SUN,False,,DEE,1222,1222.0,DAR,1609.0,1608.0,-1.0,1610,1610.0,0.0,,BHM,1904.0,1911.0,7.0,True
202602016775101,XC,2026-02-01,FEB,SUN,False,,EDB,1607,1607.0,DAR,1811.0,1810.0,-1.0,1812,1812.0,0.0,190.0,BHM,2106.0,2107.0,1.0,True
202602016775104,XC,2026-02-01,FEB,SUN,False,,EDB,1705,1704.0,DAR,1909.0,1910.0,1.0,1911,1912.0,1.0,190.0,BHM,2208.0,2213.0,5.0,True
202602016775078,XC,2026-02-01,FEB,SUN,False,,EDB,1805,1805.0,DAR,2007.0,2009.0,2.0,2009,2011.0,2.0,190.0,BHM,2309.0,2314.0,5.0,True
202602026775192,XC,2026-02-02,FEB,MON,False,,NCL,640,640.0,DAR,709.0,710.0,1.0,710,713.0,3.0,50.0,BHM,1008.0,1011.0,3.0,True
202602026775082,XC,2026-02-02,FEB,MON,False,894.0,EDB,602,602.0,DAR,810.0,810.0,0.0,811,812.0,1.0,190.0,BHM,1106.0,1116.0,10.0,True
202602026775118,XC,2026-02-02,FEB,MON,False,,GLC,648,647.0,DAR,1010.0,1008.0,-2.0,1011,1011.0,0.0,228.0,BHM,1306.0,1307.0,1.0,True
202602026775088,XC,2026-02-02,FEB,MON,False,,EDB,1005,1004.0,DAR,1210.0,1209.0,-1.0,1213,1212.0,-1.0,190.0,BHM,1506.0,1505.0,-1.0,False
202602026775091,XC,2026-02-02,FEB,MON,False,,EDB,1205,1204.0,DAR,1410.0,1411.0,1.0,1412,1413.0,1.0,190.0,BHM,1706.0,1706.0,0.0,False
202602026775094,XC,2026-02-02,FEB,MON,False,907.0,EDB,1305,1304.0,DAR,1510.0,1511.0,1.0,1512,1513.0,1.0,190.0,BHM,1807.0,1826.0,19.0,True
202602026775096,XC,2026-02-02,FEB,MON,False,904.0,EDB,1404,1403.0,DAR,1610.0,1609.0,-1.0,1611,1613.0,2.0,190.0,BHM,1907.0,1917.0,10.0,True
202602026775102,XC,2026-02-02,FEB,MON,False,904.0,EDB,1605,1604.0,DAR,1810.0,1810.0,0.0,1812,1813.0,1.0,190.0,BHM,2107.0,2117.0,10.0,True
202602026775079,XC,2026-02-02,FEB,MON,False,,EDB,1804,1803.0,DAR,2010.0,2007.0,-3.0,2011,2010.0,-1.0,190.0,BHM,2328.0,2326.0,-2.0,False
202602036775192,XC,2026-02-03,FEB,TUE,False,576.0,NCL,640,640.0,DAR,709.0,708.0,-1.0,710,710.0,0.0,50.0,BHM,1008.0,1014.0,6.0,True
202602036775082,XC,2026-02-03,FEB,TUE,False,887.0,EDB,602,601.0,DAR,810.0,808.0,-2.0,811,811.0,0.0,190.0,BHM,1106.0,1104.0,-2.0,False
202602036775118,XC,2026-02-03,FEB,TUE,False,911.0,GLC,648,647.0,DAR,1010.0,1008.0,-2.0,1011,1011.0,0.0,228.0,BHM,1306.0,1332.0,26.0,True
202602036775088,XC,2026-02-03,FEB,TUE,False,904.0,EDB,1005,1004.0,DAR,1210.0,1211.0,1.0,1213,1212.0,-1.0,190.0,BHM,1506.0,1518.0,12.0,True
202602036775091,XC,2026-02-03,FEB,TUE,False,894.0,EDB,1205,1204.0,DAR,1410.0,1409.0,-1.0,1412,1411.0,-1.0,190.0,BHM,1706.0,1720.0,14.0,True
202602036775094,XC,2026-02-03,FEB,TUE,False,,EDB,1305,1304.0,DAR,1510.0,1509.0,-1.0,1512,1512.0,0.0,190.0,BHM,1807.0,1809.0,2.0,True
202602036775096,XC,2026-02-03,FEB,TUE,False,904.0,EDB,1404,1405.0,DAR,1610.0,1610.0,0.0,1611,1612.0,1.0,190.0,BHM,1907.0,1918.0,11.0,True
202602036775102,XC,2026-02-03,FEB,TUE,False,,EDB,1605,1604.0,DAR,1810.0,1809.0,-1.0,1812,1812.0,0.0,190.0,BHM,2107.0,2107.0,0.0,False
202602036775079,XC,2026-02-03,FEB,TUE,False,777.0,EDB,1804,1804.0,DAR,2010.0,2045.0,35.0,2011,2046.0,35.0,190.0,BHM,2328.0,2341.0,13.0,True
202602046775192,XC,2026-02-04,FEB,WED,False,,NCL,640,640.0,DAR,709.0,711.0,2.0,710,713.0,3.0,50.0,BHM,1008.0,1011.0,3.0,True
202602046775082,XC,2026-02-04,FEB,WED,False,573.0,EDB,602,602.0,DAR,810.0,816.0,6.0,811,820.0,9.0,190.0,BHM,1106.0,1128.0,22.0,True
202602046775118,XC,2026-02-04,FEB,WED,False,,GLC,648,647.0,DAR,1010.0,1008.0,-2.0,1011,1011.0,0.0,228.0,BHM,1306.0,1304.0,-2.0,False
202602046775088,XC,2026-02-04,FEB,WED,False,904.0,EDB,1005,1012.0,DAR,1210.0,1223.0,13.0,1213,1225.0,12.0,190.0,BHM,1506.0,1527.0,21.0,True
202602046775091,XC,2026-02-04,FEB,WED,False,895.0,EDB,1205,1204.0,DAR,1410.0,1409.0,-1.0,1412,1412.0,0.0,190.0,BHM,1706.0,1709.0,3.0,True
202602046775094,XC,2026-02-04,FEB,WED,False,,EDB,1305,1305.0,DAR,1510.0,1509.0,-1.0,1512,1512.0,0.0,190.0,BHM,1807.0,1811.0,4.0,True
202602046775096,XC,2026-02-04,FEB,WED,False,895.0,EDB,1404,1403.0,DAR,1610.0,1611.0,1.0,1611,1614.0,3.0,190.0,BHM,1907.0,1910.0,3.0,True
202602046775102,XC,2026-02-04,FEB,WED,False,909.0,EDB,1605,1604.0,DAR,1810.0,1810.0,0.0,1812,1812.0,0.0,190.0,BHM,2107.0,2133.0,26.0,True
202602046775079,XC,2026-02-04,FEB,WED,False,,EDB,1804,1804.0,DAR,2010.0,2009.0,-1.0,2011,2011.0,0.0,190.0,BHM,2328.0,2328.0,0.0,False
202602056775192,XC,2026-02-05,FEB,THU,False,904.0,NCL,640,640.0,DAR,709.0,709.0,0.0,710,711.0,1.0,50.0,BHM,1008.0,1013.0,5.0,True
202602056775082,XC,2026-02-05,FEB,THU,False,895.0,EDB,602,601.0,DAR,810.0,812.0,2.0,811,815.0,4.0,190.0,BHM,1106.0,1108.0,2.0,True
202602056775118,XC,2026-02-05,FEB,THU,False,895.0,GLC,648,647.0,DAR,1010.0,1011.0,1.0,1011,1013.0,2.0,228.0,BHM,1306.0,1330.0,24.0,True
202602056775088,XC,2026-02-05,FEB,THU,False,696.0,EDB,1005,1004.0,DAR,1210.0,1215.0,5.0,1213,1218.0,5.0,190.0,BHM,1506.0,1532.0,26.0,True
202602056775091,XC,2026-02-05,FEB,THU,False,896.0,EDB,1205,1204.0,DAR,1410.0,1409.0,-1.0,1412,1411.0,-1.0,190.0,BHM,1706.0,1718.0,12.0,True
202602056775094,XC,2026-02-05,FEB,THU,False,904.0,EDB,1305,1304.0,DAR,1510.0,1509.0,-1.0,1512,1512.0,0.0,190.0,BHM,1807.0,1829.0,22.0,True
202602056775096,XC,2026-02-05,FEB,THU,False,,EDB,1404,1403.0,DAR,1610.0,1609.0,-1.0,1611,1611.0,0.0,190.0,BHM,1907.0,1912.0,5.0,True
202602056775102,XC,2026-02-05,FEB,THU,False,832.0,EDB,1605,1604.0,DAR,1810.0,1809.0,-1.0,1812,1812.0,0.0,190.0,BHM,2107.0,2135.0,28.0,True
202602056775079,XC,2026-02-05,FEB,THU,False,,EDB,1804,1804.0,DAR,2010.0,2009.0,-1.0,2011,2011.0,0.0,190.0,BHM,2328.0,2326.0,-2.0,False
202602066775192,XC,2026-02-06,FEB,FRI,False,895.0,NCL,640,640.0,DAR,709.0,709.0,0.0,710,710.0,0.0,50.0,BHM,1008.0,1016.0,8.0,True
202602066775082,XC,2026-02-06,FEB,FRI,False,,EDB,602,601.0,DAR,810.0,810.0,0.0,811,812.0,1.0,190.0,BHM,1106.0,1108.0,2.0,True
202602066775118,XC,2026-02-06,FEB,FRI,False,776.0,GLC,648,648.0,DAR,1010.0,1008.0,-2.0,1011,1010.0,-1.0,228.0,BHM,1306.0,1305.0,-1.0,False
202602066775088,XC,2026-02-06,FEB,FRI,False,,EDB,1005,1006.0,DAR,1210.0,1209.0,-1.0,1213,1215.0,2.0,190.0,BHM,1506.0,1515.0,9.0,True
202602066775091,XC,2026-02-06,FEB,FRI,False,,EDB,1205,1204.0,DAR,1410.0,1410.0,0.0,1412,1412.0,0.0,190.0,BHM,1706.0,1710.0,4.0,True
202602066775096,XC,2026-02-06,FEB,FRI,False,904.0,EDB,1404,1403.0,DAR,1610.0,1609.0,-1.0,1611,1611.0,0.0,190.0,BHM,1907.0,1919.0,12.0,True
202602076775197,XC,2026-02-07,FEB,SAT,False,,NCL,622,621.0,DAR,651.0,655.0,4.0,653,657.0,4.0,50.0,BHM,927.0,925.0,-2.0,False
202602076775193,XC,2026-02-07,FEB,SAT,False,,NCL,640,640.0,DAR,709.0,709.0,0.0,710,711.0,1.0,50.0,BHM,1006.0,1010.0,4.0,True
202602076775083,XC,2026-02-07,FEB,SAT,False,,EDB,602,601.0,DAR,810.0,810.0,0.0,811,812.0,1.0,190.0,BHM,1106.0,1105.0,-1.0,False
202602076775199,XC,2026-02-07,FEB,SAT,False,,NCL,835,835.0,DAR,904.0,905.0,1.0,906,908.0,2.0,50.0,BHM,1127.0,1132.0,5.0,True
202602076775119,XC,2026-02-07,FEB,SAT,False,,GLC,648,648.0,DAR,1010.0,1008.0,-2.0,1011,1010.0,-1.0,228.0,BHM,1306.0,1313.0,7.0,True
202602076775201,XC,2026-02-07,FEB,SAT,False,,NCL,1035,1035.0,DAR,1104.0,1104.0,0.0,1106,1107.0,1.0,50.0,BHM,1328.0,1328.0,0.0,False
202602076775089,XC,2026-02-07,FEB,SAT,False,,EDB,1005,1004.0,DAR,1210.0,1209.0,-1.0,1211,1211.0,0.0,190.0,BHM,1505.0,1506.0,1.0,True
202602076775203,XC,2026-02-07,FEB,SAT,False,,NCL,1234,1233.0,DAR,1304.0,1303.0,-1.0,1306,1306.0,0.0,50.0,BHM,1527.0,1528.0,1.0,True
202602076775092,XC,2026-02-07,FEB,SAT,False,,EDB,1205,1205.0,DAR,1410.0,1409.0,-1.0,1412,1413.0,1.0,190.0,BHM,1706.0,1704.0,-2.0,False
202602076775205,XC,2026-02-07,FEB,SAT,False,,NCL,1433,1433.0,DAR,1503.0,1502.0,-1.0,1505,1505.0,0.0,50.0,BHM,1727.0,1726.0,-1.0,False
202602076775097,XC,2026-02-07,FEB,SAT,False,,EDB,1404,1403.0,DAR,1610.0,1609.0,-1.0,1612,1611.0,-1.0,190.0,BHM,1905.0,1909.0,4.0,True
202602076775191,XC,2026-02-07,FEB,SAT,False,,NCL,1633,1634.0,DAR,1703.0,1704.0,1.0,1704,1706.0,2.0,50.0,BHM,1925.0,1928.0,3.0,True
202602076775103,XC,2026-02-07,FEB,SAT,False,,EDB,1605,1605.0,DAR,1809.0,1808.0,-1.0,1811,1811.0,0.0,190.0,BHM,2106.0,2106.0,0.0,False
202602076775188,XC,2026-02-07,FEB,SAT,False,,NCL,1833,1835.0,DAR,1903.0,1906.0,3.0,1905,1908.0,3.0,50.0,BHM,2126.0,2126.0,0.0,False
202602076775080,XC,2026-02-07,FEB,SAT,False,,EDB,1804,1803.0,DAR,2010.0,2008.0,-2.0,2011,2011.0,0.0,190.0,BHM,2307.0,2310.0,3.0,True
202602086775086,XC,2026-02-08,FEB,SUN,False,895.0,EDB,908,909.0,DAR,1109.0,1108.0,-1.0,1111,1110.0,-1.0,190.0,BHM,1404.0,1416.0,12.0,True
202602086775087,XC,2026-02-08,FEB,SUN,False,576.0,EDB,1008,1008.0,DAR,1209.0,1207.0,-2.0,1210,1209.0,-1.0,190.0,BHM,1506.0,1541.0,35.0,True
202602086775090,XC,2026-02-08,FEB,SUN,False,,EDB,1107,1107.0,DAR,1309.0,1308.0,-1.0,1310,1309.0,-1.0,190.0,BHM,1604.0,1608.0,4.0,True
202602086775122,XC,2026-02-08,FEB,SUN,False,,GLC,1055,1054.0,DAR,1410.0,1409.0,-1.0,1411,1411.0,0.0,228.0,BHM,1706.0,1716.0,10.0,True
202602086775093,XC,2026-02-08,FEB,SUN,False,895.0,EDB,1305,1304.0,DAR,1509.0,1508.0,-1.0,1511,1510.0,-1.0,190.0,BHM,1804.0,1815.0,11.0,True
202602086775064,XC,2026-02-08,FEB,SUN,False,,DEE,1222,1221.0,DAR,1609.0,1607.0,-2.0,1610,1610.0,0.0,,BHM,1904.0,1908.0,4.0,True
202602086775099,XC,2026-02-08,FEB,SUN,False,,EDB,1505,1505.0,DAR,1710.0,1708.0,-2.0,1712,1712.0,0.0,190.0,BHM,2004.0,2006.0,2.0,True
202602086775101,XC,2026-02-08,FEB,SUN,False,526.0,EDB,1607,1606.0,DAR,1811.0,1810.0,-1.0,1812,1812.0,0.0,190.0,BHM,2106.0,2126.0,20.0,True
202602086775104,XC,2026-02-08,FEB,SUN,False,,EDB,1705,1705.0,DAR,1909.0,1908.0,-1.0,1911,1911.0,0.0,190.0,BHM,2208.0,2208.0,0.0,False
202602086775078,XC,2026-02-08,FEB,SUN,False,832.0,EDB,1805,1805.0,DAR,2007.0,2007.0,0.0,2009,2009.0,0.0,190.0,BHM,2309.0,2330.0,21.0,True
202602096775461,XC,2026-02-09,FEB,MON,False,,NCL,518,518.0,DAR,550.0,549.0,-1.0,552,551.0,-1.0,50.0,BHM,828.0,831.0,3.0,True
202602096775196,XC,2026-02-09,FEB,MON,False,,NCL,623,623.0,DAR,652.0,651.0,-1.0,654,654.0,0.0,50.0,BHM,928.0,927.0,-1.0,False
202602096775192,XC,2026-02-09,FEB,MON,False,,NCL,640,640.0,DAR,709.0,708.0,-1.0,710,711.0,1.0,50.0,BHM,1004.0,1004.0,0.0,False
202602096775082,XC,2026-02-09,FEB,MON,False,535.0,EDB,602,601.0,DAR,810.0,808.0,-2.0,811,810.0,-1.0,190.0,BHM,1106.0,1105.0,-1.0,False
202602096775198,XC,2026-02-09,FEB,MON,False,,NCL,835,834.0,DAR,904.0,905.0,1.0,906,907.0,1.0,50.0,BHM,1127.0,1130.0,3.0,True
202602096775118,XC,2026-02-09,FEB,MON,False,,GLC,648,647.0,DAR,1010.0,1008.0,-2.0,1011,1010.0,-1.0,228.0,BHM,1306.0,1308.0,2.0,True
202602096775200,XC,2026-02-09,FEB,MON,False,,NCL,1033,1035.0,DAR,1104.0,1105.0,1.0,1105,1107.0,2.0,50.0,BHM,1328.0,1329.0,1.0,True
202602096775088,XC,2026-02-09,FEB,MON,False,,EDB,1005,1004.0,DAR,1210.0,1209.0,-1.0,1213,1213.0,0.0,190.0,BHM,1506.0,1511.0,5.0,True
202602096775202,XC,2026-02-09,FEB,MON,False,,NCL,1233,1233.0,DAR,1303.0,1302.0,-1.0,1305,1305.0,0.0,50.0,BHM,1528.0,1535.0,7.0,True
202602096775091,XC,2026-02-09,FEB,MON,False,,EDB,1205,1204.0,DAR,1410.0,1410.0,0.0,1412,1412.0,0.0,190.0,BHM,1706.0,1715.0,9.0,True
202602096775204,XC,2026-02-09,FEB,MON,False,,NCL,1434,1436.0,DAR,1504.0,1504.0,0.0,1506,1507.0,1.0,50.0,BHM,1727.0,1728.0,1.0,True
202602096775096,XC,2026-02-09,FEB,MON,False,,EDB,1404,1404.0,DAR,1610.0,1613.0,3.0,1611,1615.0,4.0,190.0,BHM,1907.0,1911.0,4.0,True
202602096775190,XC,2026-02-09,FEB,MON,False,,NCL,1634,1634.0,DAR,1704.0,1702.0,-2.0,1705,1705.0,0.0,50.0,BHM,1931.0,1932.0,1.0,True
202602096775102,XC,2026-02-09,FEB,MON,False,,EDB,1605,1605.0,DAR,1810.0,1810.0,0.0,1812,1812.0,0.0,190.0,BHM,2107.0,2107.0,0.0,False
202602096775187,XC,2026-02-09,FEB,MON,False,,NCL,1833,1835.0,DAR,1904.0,1905.0,1.0,1906,1906.0,0.0,50.0,BHM,2126.0,2137.0,11.0,True
202602096775079,XC,2026-02-09,FEB,MON,False,,EDB,1804,1803.0,DAR,2010.0,2008.0,-2.0,2011,2010.0,-1.0,190.0,BHM,2328.0,2332.0,4.0,True
202602106775461,XC,2026-02-10,FEB,TUE,False,,NCL,518,518.0,DAR,550.0,548.0,-2.0,552,552.0,0.0,50.0,BHM,828.0,830.0,2.0,True
202602106775196,XC,2026-02-10,FEB,TUE,False,,NCL,623,623.0,DAR,652.0,653.0,1.0,654,654.0,0.0,50.0,BHM,928.0,925.0,-3.0,False
202602106775192,XC,2026-02-10,FEB,TUE,False,,NCL,640,640.0,DAR,709.0,710.0,1.0,710,712.0,2.0,50.0,BHM,1004.0,1004.0,0.0,False
202602106775082,XC,2026-02-10,FEB,TUE,False,904.0,EDB,602,601.0,DAR,810.0,810.0,0.0,811,811.0,0.0,190.0,BHM,1106.0,1120.0,14.0,True
202602106775198,XC,2026-02-10,FEB,TUE,False,,NCL,835,835.0,DAR,904.0,904.0,0.0,906,906.0,0.0,50.0,BHM,1127.0,1129.0,2.0,True
202602106775118,XC,2026-02-10,FEB,TUE,False,,GLC,648,647.0,DAR,1010.0,1008.0,-2.0,1011,1011.0,0.0,228.0,BHM,1306.0,1306.0,0.0,False
202602106775200,XC,2026-02-10,FEB,TUE,False,,NCL,1033,1035.0,DAR,1104.0,1105.0,1.0,1105,1107.0,2.0,50.0,BHM,1328.0,1329.0,1.0,True
202602106775088,XC,2026-02-10,FEB,TUE,False,,EDB,1005,1004.0,DAR,1210.0,1209.0,-1.0,1213,1213.0,0.0,190.0,BHM,1506.0,1511.0,5.0,True
202602106775202,XC,2026-02-10,FEB,TUE,False,,NCL,1233,1232.0,DAR,1303.0,1302.0,-1.0,1305,1304.0,-1.0,50.0,BHM,1528.0,1528.0,0.0,False
202602106775091,XC,2026-02-10,FEB,TUE,False,543.0,EDB,1205,1204.0,DAR,1410.0,1415.0,5.0,1412,1416.0,4.0,190.0,BHM,1706.0,1715.0,9.0,True
202602106775204,XC,2026-02-10,FEB,TUE,False,871.0,NCL,1434,1433.0,DAR,1504.0,1503.0,-1.0,1506,1506.0,0.0,50.0,BHM,1727.0,1759.0,32.0,True
202602106775096,XC,2026-02-10,FEB,TUE,False,871.0,EDB,1404,1403.0,DAR,1610.0,1608.0,-2.0,1611,1611.0,0.0,190.0,BHM,1907.0,1923.0,16.0,True
202602106775190,XC,2026-02-10,FEB,TUE,False,,NCL,1634,1633.0,DAR,1704.0,1703.0,-1.0,1705,1705.0,0.0,50.0,BHM,1931.0,1937.0,6.0,True
202602106775102,XC,2026-02-10,FEB,TUE,False,,EDB,1605,1605.0,DAR,1810.0,1809.0,-1.0,1812,1812.0,0.0,190.0,BHM,2107.0,2104.0,-3.0,False
202602106775187,XC,2026-02-10,FEB,TUE,False,,NCL,1833,1835.0,DAR,1904.0,1904.0,0.0,1906,1906.0,0.0,50.0,BHM,2126.0,2127.0,1.0,True
202602106775079,XC,2026-02-10,FEB,TUE,False,,EDB,1804,1803.0,DAR,2010.0,2020.0,10.0,2011,2022.0,11.0,190.0,BHM,2328.0,2327.0,-1.0,False
202602116775461,XC,2026-02-11,FEB,WED,False,,NCL,518,518.0,DAR,550.0,548.0,-2.0,552,552.0,0.0,50.0,BHM,828.0,830.0,2.0,True
202602116775196,XC,2026-02-11,FEB,WED,False,,NCL,623,623.0,DAR,652.0,652.0,0.0,654,654.0,0.0,50.0,BHM,928.0,926.0,-2.0,False
202602116775192,XC,2026-02-11,FEB,WED,False,895.0,NCL,640,640.0,DAR,709.0,709.0,0.0,710,711.0,1.0,50.0,BHM,1004.0,1012.0,8.0,True
202602116775082,XC,2026-02-11,FEB,WED,False,519.0,EDB,602,602.0,DAR,810.0,808.0,-2.0,811,810.0,-1.0,190.0,BHM,1106.0,1128.0,22.0,True
202602116775198,XC,2026-02-11,FEB,WED,False,,NCL,835,834.0,DAR,904.0,902.0,-2.0,906,906.0,0.0,50.0,BHM,1127.0,1130.0,3.0,True
202602116775118,XC,2026-02-11,FEB,WED,False,,GLC,648,647.0,DAR,1010.0,1010.0,0.0,1011,1011.0,0.0,228.0,BHM,1306.0,1324.0,18.0,True
202602116775200,XC,2026-02-11,FEB,WED,False,,NCL,1033,1034.0,DAR,1104.0,1103.0,-1.0,1105,1105.0,0.0,50.0,BHM,1328.0,1357.0,29.0,True
202602116775088,XC,2026-02-11,FEB,WED,False,,EDB,1005,1004.0,DAR,1210.0,1209.0,-1.0,1213,1213.0,0.0,190.0,BHM,1506.0,1509.0,3.0,True
202602116775202,XC,2026-02-11,FEB,WED,False,,NCL,1233,1235.0,DAR,1303.0,1305.0,2.0,1305,1308.0,3.0,50.0,BHM,1528.0,1530.0,2.0,True
202602116775091,XC,2026-02-11,FEB,WED,False,,EDB,1205,1205.0,DAR,1410.0,1409.0,-1.0,1412,1412.0,0.0,190.0,BHM,1706.0,1714.0,8.0,True
202602116775204,XC,2026-02-11,FEB,WED,False,,NCL,1434,1437.0,DAR,1504.0,1508.0,4.0,1506,1510.0,4.0,50.0,BHM,1727.0,1730.0,3.0,True
202602116775096,XC,2026-02-11,FEB,WED,False,,EDB,1404,1403.0,DAR,1610.0,1609.0,-1.0,1611,1611.0,0.0,190.0,BHM,1907.0,1909.0,2.0,True
202602116775190,XC,2026-02-11,FEB,WED,False,,NCL,1634,1637.0,DAR,1704.0,1707.0,3.0,1705,1709.0,4.0,50.0,BHM,1931.0,1937.0,6.0,True
202602116775102,XC,2026-02-11,FEB,WED,False,,EDB,1605,1605.0,DAR,1810.0,1809.0,-1.0,1812,1812.0,0.0,190.0,BHM,2107.0,2132.0,25.0,True
202602116775187,XC,2026-02-11,FEB,WED,False,,NCL,1833,1836.0,DAR,1904.0,1904.0,0.0,1906,1907.0,1.0,50.0,BHM,2126.0,2141.0,15.0,True
202602116775079,XC,2026-02-11,FEB,WED,False,547.0,EDB,1804,1805.0,DAR,2010.0,2030.0,20.0,2011,2031.0,20.0,190.0,BHM,2328.0,2353.0,25.0,True
202602126775461,XC,2026-02-12,FEB,THU,False,,NCL,518,518.0,DAR,550.0,547.0,-3.0,552,551.0,-1.0,50.0,BHM,828.0,829.0,1.0,True
202602126775196,XC,2026-02-12,FEB,THU,False,,NCL,623,623.0,DAR,652.0,651.0,-1.0,654,654.0,0.0,50.0,BHM,928.0,931.0,3.0,True
202602126775192,XC,2026-02-12,FEB,THU,False,,NCL,640,640.0,DAR,709.0,708.0,-1.0,710,710.0,0.0,50.0,BHM,1004.0,1006.0,2.0,True
202602126775082,XC,2026-02-12,FEB,THU,False,574.0,EDB,602,602.0,DAR,810.0,824.0,14.0,811,825.0,14.0,190.0,BHM,1106.0,1117.0,11.0,True
202602126775198,XC,2026-02-12,FEB,THU,False,,NCL,835,835.0,DAR,904.0,905.0,1.0,906,909.0,3.0,50.0,BHM,1127.0,1129.0,2.0,True
202602126775118,XC,2026-02-12,FEB,THU,False,574.0,GLC,648,647.0,DAR,1010.0,1034.0,24.0,1011,1037.0,26.0,228.0,BHM,1306.0,1328.0,22.0,True
202602126775200,XC,2026-02-12,FEB,THU,False,543.0,NCL,1033,1033.0,DAR,1104.0,1101.0,-3.0,1105,1105.0,0.0,50.0,BHM,1328.0,1334.0,6.0,True
202602126775088,XC,2026-02-12,FEB,THU,False,579.0,EDB,1005,1004.0,DAR,1210.0,1216.0,6.0,1213,1218.0,5.0,190.0,BHM,1506.0,1529.0,23.0,True
202602126775202,XC,2026-02-12,FEB,THU,False,,NCL,1233,1233.0,DAR,1303.0,1304.0,1.0,1305,1306.0,1.0,50.0,BHM,1528.0,1538.0,10.0,True
202602126775091,XC,2026-02-12,FEB,THU,False,,EDB,1205,1205.0,DAR,1410.0,1408.0,-2.0,1412,1412.0,0.0,190.0,BHM,1706.0,1704.0,-2.0,False
202602126775204,XC,2026-02-12,FEB,THU,False,,NCL,1434,1433.0,DAR,1504.0,1508.0,4.0,1506,1509.0,3.0,50.0,BHM,1727.0,1729.0,2.0,True
202602126775096,XC,2026-02-12,FEB,THU,False,,EDB,1404,1403.0,DAR,1610.0,1610.0,0.0,1611,1612.0,1.0,190.0,BHM,1907.0,1905.0,-2.0,False
202602126775190,XC,2026-02-12,FEB,THU,False,,NCL,1634,1633.0,DAR,1704.0,1706.0,2.0,1705,1708.0,3.0,50.0,BHM,1931.0,1928.0,-3.0,False
202602126775102,XC,2026-02-12,FEB,THU,False,,EDB,1605,1604.0,DAR,1810.0,1809.0,-1.0,1812,1814.0,2.0,190.0,BHM,2107.0,2106.0,-1.0,False
202602126775187,XC,2026-02-12,FEB,THU,False,,NCL,1833,1833.0,DAR,1904.0,1904.0,0.0,1906,1906.0,0.0,50.0,BHM,2126.0,2133.0,7.0,True
202602126775079,XC,2026-02-12,FEB,THU,False,896.0,EDB,1804,1804.0,DAR,2010.0,2115.0,65.0,2011,2117.0,66.0,190.0,BHM,2328.0,1.0,-1407.0,False
202602136775461,XC,2026-02-13,FEB,FRI,False,,NCL,518,518.0,DAR,550.0,548.0,-2.0,552,552.0,0.0,50.0,BHM,828.0,828.0,0.0,False
202602136775196,XC,2026-02-13,FEB,FRI,False,,NCL,623,624.0,DAR,652.0,654.0,2.0,654,655.0,1.0,50.0,BHM,928.0,929.0,1.0,True
202602136775192,XC,2026-02-13,FEB,FRI,False,,NCL,640,640.0,DAR,709.0,708.0,-1.0,710,710.0,0.0,50.0,BHM,1004.0,1003.0,-1.0,False
202602136775082,XC,2026-02-13,FEB,FRI,False,,EDB,602,602.0,DAR,810.0,809.0,-1.0,811,810.0,-1.0,190.0,BHM,1106.0,1105.0,-1.0,False
202602136775198,XC,2026-02-13,FEB,FRI,False,,NCL,835,834.0,DAR,904.0,903.0,-1.0,906,906.0,0.0,50.0,BHM,1127.0,1126.0,-1.0,False
202602136775118,XC,2026-02-13,FEB,FRI,False,,GLC,648,647.0,DAR,1010.0,1013.0,3.0,1011,1015.0,4.0,228.0,BHM,1306.0,1326.0,20.0,True
202602136775200,XC,2026-02-13,FEB,FRI,False,,NCL,1033,1035.0,DAR,1104.0,1103.0,-1.0,1105,1105.0,0.0,50.0,BHM,1328.0,1328.0,0.0,False
202602136775088,XC,2026-02-13,FEB,FRI,False,886.0,EDB,1005,1004.0,DAR,1210.0,1209.0,-1.0,1213,1213.0,0.0,190.0,BHM,1506.0,1528.0,22.0,True
202602136775202,XC,2026-02-13,FEB,FRI,False,,NCL,1233,1232.0,DAR,1303.0,1303.0,0.0,1305,1305.0,0.0,50.0,BHM,1528.0,1532.0,4.0,True
202602136775091,XC,2026-02-13,FEB,FRI,False,,EDB,1205,1204.0,DAR,1410.0,1409.0,-1.0,1412,1411.0,-1.0,190.0,BHM,1706.0,1713.0,7.0,True
202602136775204,XC,2026-02-13,FEB,FRI,False,,NCL,1434,1433.0,DAR,1504.0,1503.0,-1.0,1506,1506.0,0.0,50.0,BHM,1727.0,1730.0,3.0,True
202602136775096,XC,2026-02-13,FEB,FRI,False,,EDB,1404,1403.0,DAR,1610.0,1609.0,-1.0,1611,1611.0,0.0,190.0,BHM,1907.0,1914.0,7.0,True
202602136775190,XC,2026-02-13,FEB,FRI,False,896.0,NCL,1634,1634.0,DAR,1704.0,1710.0,6.0,1705,1712.0,7.0,50.0,BHM,1931.0,1937.0,6.0,True
202602136775102,XC,2026-02-13,FEB,FRI,False,886.0,EDB,1605,1605.0,DAR,1810.0,1817.0,7.0,1812,1819.0,7.0,190.0,BHM,2107.0,2110.0,3.0,True
202602136775187,XC,2026-02-13,FEB,FRI,False,,NCL,1833,1835.0,DAR,1904.0,1908.0,4.0,1906,1910.0,4.0,50.0,BHM,2126.0,2136.0,10.0,True
202602136775079,XC,2026-02-13,FEB,FRI,False,895.0,EDB,1804,1803.0,DAR,2010.0,2009.0,-1.0,2011,2012.0,1.0,190.0,BHM,2328.0,2326.0,-2.0,False
202602146775197,XC,2026-02-14,FEB,SAT,False,896.0,NCL,622,622.0,DAR,651.0,651.0,0.0,653,653.0,0.0,50.0,BHM,927.0,1003.0,36.0,True
202602146775193,XC,2026-02-14,FEB,SAT,False,,NCL,640,640.0,DAR,709.0,709.0,0.0,710,711.0,1.0,50.0,BHM,1006.0,1014.0,8.0,True
202602146775083,XC,2026-02-14,FEB,SAT,False,832.0,EDB,602,602.0,DAR,810.0,808.0,-2.0,811,811.0,0.0,190.0,BHM,1106.0,1129.0,23.0,True
202602146775085,XC,2026-02-14,FEB,SAT,False,,EDB,703,703.0,DAR,910.0,909.0,-1.0,912,912.0,0.0,190.0,BHM,1207.0,1206.0,-1.0,False
202602146775119,XC,2026-02-14,FEB,SAT,False,896.0,GLC,648,659.0,DAR,1010.0,1009.0,-1.0,1011,1011.0,0.0,228.0,BHM,1306.0,1305.0,-1.0,False
202602146775120,XC,2026-02-14,FEB,SAT,False,,GLC,748,748.0,DAR,1110.0,1109.0,-1.0,1111,1111.0,0.0,228.0,BHM,1404.0,1409.0,5.0,True
202602146775089,XC,2026-02-14,FEB,SAT,False,,EDB,1005,1004.0,DAR,1210.0,1208.0,-2.0,1211,1211.0,0.0,190.0,BHM,1505.0,1506.0,1.0,True
202602146775063,XC,2026-02-14,FEB,SAT,False,,DEE,933,933.0,DAR,1310.0,1309.0,-1.0,1311,1314.0,3.0,,BHM,1604.0,1614.0,10.0,True
202602146775092,XC,2026-02-14,FEB,SAT,False,,EDB,1205,1205.0,DAR,1410.0,1415.0,5.0,1412,1418.0,6.0,190.0,BHM,1706.0,1708.0,2.0,True
202602146775095,XC,2026-02-14,FEB,SAT,False,896.0,EDB,1305,1318.0,DAR,1510.0,1526.0,16.0,1512,1528.0,16.0,190.0,BHM,1804.0,1804.0,0.0,False
202602146775097,XC,2026-02-14,FEB,SAT,False,,EDB,1404,1405.0,DAR,1610.0,1609.0,-1.0,1612,1612.0,0.0,190.0,BHM,1905.0,1906.0,1.0,True
202602146775100,XC,2026-02-14,FEB,SAT,False,896.0,EDB,1504,1512.0,DAR,1708.0,1721.0,13.0,1711,1723.0,12.0,190.0,BHM,2005.0,2003.0,-2.0,False
202602146775103,XC,2026-02-14,FEB,SAT,False,,EDB,1605,1605.0,DAR,1809.0,1810.0,1.0,1811,1812.0,1.0,190.0,BHM,2106.0,2121.0,15.0,True
202602146775081,XC,2026-02-14,FEB,SAT,False,,EDB,1705,1705.0,DAR,1910.0,1909.0,-1.0,1911,1912.0,1.0,190.0,BHM,2232.0,2233.0,1.0,True
202602146775080,XC,2026-02-14,FEB,SAT,False,,EDB,1804,1804.0,DAR,2010.0,2030.0,20.0,2011,2032.0,21.0,190.0,BHM,2307.0,2306.0,-1.0,False
202602156775195,XC,2026-02-15,FEB,SUN,False,,NCL,936,936.0,DAR,1005.0,1006.0,1.0,1006,1008.0,2.0,50.0,BHM,1305.0,1310.0,5.0,True
202602156775086,XC,2026-02-15,FEB,SUN,False,,EDB,908,908.0,DAR,1109.0,1112.0,3.0,1111,1114.0,3.0,190.0,BHM,1404.0,1411.0,7.0,True
202602156775087,XC,2026-02-15,FEB,SUN,False,,EDB,1008,1008.0,DAR,1209.0,1212.0,3.0,1210,1215.0,5.0,190.0,BHM,1506.0,1513.0,7.0,True
202602156775090,XC,2026-02-15,FEB,SUN,False,,EDB,1107,1106.0,DAR,1309.0,1309.0,0.0,1310,1311.0,1.0,190.0,BHM,1604.0,1603.0,-1.0,False
202602156775122,XC,2026-02-15,FEB,SUN,False,,GLC,1055,1055.0,DAR,1410.0,1410.0,0.0,1411,1412.0,1.0,228.0,BHM,1706.0,1718.0,12.0,True
202602156775093,XC,2026-02-15,FEB,SUN,False,909.0,EDB,1305,1305.0,DAR,1509.0,1508.0,-1.0,1511,1510.0,-1.0,190.0,BHM,1804.0,1813.0,9.0,True
202602156775064,XC,2026-02-15,FEB,SUN,False,892.0,DEE,1222,1223.0,DAR,1609.0,1612.0,3.0,1610,1615.0,5.0,,BHM,1904.0,1907.0,3.0,True
202602156775099,XC,2026-02-15,FEB,SUN,False,892.0,EDB,1505,1505.0,DAR,1710.0,1713.0,3.0,1712,1717.0,5.0,190.0,BHM,2004.0,2022.0,18.0,True
202602156775101,XC,2026-02-15,FEB,SUN,False,528.0,EDB,1607,1607.0,DAR,1811.0,1809.0,-2.0,1812,1812.0,0.0,190.0,BHM,2106.0,2117.0,11.0,True
202602156775104,XC,2026-02-15,FEB,SUN,False,,EDB,1705,1705.0,DAR,1909.0,1909.0,0.0,1911,1912.0,1.0,190.0,BHM,2208.0,2216.0,8.0,True
202602156775078,XC,2026-02-15,FEB,SUN,False,,EDB,1805,1805.0,DAR,2007.0,2007.0,0.0,2009,2010.0,1.0,190.0,BHM,2309.0,2308.0,-1.0,False
202602166775461,XC,2026-02-16,FEB,MON,False,,NCL,518,518.0,DAR,550.0,548.0,-2.0,552,552.0,0.0,50.0,BHM,828.0,832.0,4.0,True
202602166775196,XC,2026-02-16,FEB,MON,False,,NCL,623,623.0,DAR,652.0,653.0,1.0,654,655.0,1.0,50.0,BHM,928.0,929.0,1.0,True
202602166775192,XC,2026-02-16,FEB,MON,False,887.0,NCL,640,640.0,DAR,709.0,709.0,0.0,710,711.0,1.0,50.0,BHM,1004.0,1005.0,1.0,True
202602166775082,XC,2026-02-16,FEB,MON,False,895.0,EDB,602,603.0,DAR,810.0,808.0,-2.0,811,811.0,0.0,190.0,BHM,1106.0,1120.0,14.0,True
202602166775198,XC,2026-02-16,FEB,MON,False,705.0,NCL,835,834.0,DAR,904.0,904.0,0.0,906,906.0,0.0,50.0,BHM,1127.0,1134.0,7.0,True
202602166775088,XC,2026-02-16,FEB,MON,False,,EDB,1005,1004.0,DAR,1210.0,1209.0,-1.0,1213,1213.0,0.0,190.0,BHM,1506.0,1506.0,0.0,False
202602166775202,XC,2026-02-16,FEB,MON,False,,NCL,1233,1232.0,DAR,1303.0,1303.0,0.0,1305,1305.0,0.0,50.0,BHM,1528.0,1530.0,2.0,True
202602166775091,XC,2026-02-16,FEB,MON,False,,EDB,1205,1204.0,DAR,1410.0,1409.0,-1.0,1412,1411.0,-1.0,190.0,BHM,1706.0,1707.0,1.0,True
202602166775204,XC,2026-02-16,FEB,MON,False,886.0,NCL,1434,1434.0,DAR,1504.0,1503.0,-1.0,1506,1506.0,0.0,50.0,BHM,1727.0,1726.0,-1.0,False
202602166775096,XC,2026-02-16,FEB,MON,False,,EDB,1404,1403.0,DAR,1610.0,1609.0,-1.0,1611,1611.0,0.0,190.0,BHM,1907.0,1915.0,8.0,True
202602166775190,XC,2026-02-16,FEB,MON,False,,NCL,1634,1633.0,DAR,1704.0,1703.0,-1.0,1705,1705.0,0.0,50.0,BHM,1931.0,1933.0,2.0,True
202602166775102,XC,2026-02-16,FEB,MON,False,,EDB,1605,1605.0,DAR,1810.0,1809.0,-1.0,1812,1812.0,0.0,190.0,BHM,2107.0,2104.0,-3.0,False
202602166775187,XC,2026-02-16,FEB,MON,False,,NCL,1833,1834.0,DAR,1904.0,1903.0,-1.0,1906,1906.0,0.0,50.0,BHM,2126.0,2132.0,6.0,True
202602166775079,XC,2026-02-16,FEB,MON,False,,EDB,1804,1804.0,DAR,2010.0,2011.0,1.0,2011,2013.0,2.0,190.0,BHM,2328.0,2327.0,-1.0,False
202602176775461,XC,2026-02-17,FEB,TUE,False,,NCL,518,518.0,DAR,550.0,548.0,-2.0,552,552.0,0.0,50.0,BHM,828.0,829.0,1.0,True
202602176775196,XC,2026-02-17,FEB,TUE,False,,NCL,623,623.0,DAR,652.0,653.0,1.0,654,655.0,1.0,50.0,BHM,928.0,928.0,0.0,False
202602176775192,XC,2026-02-17,FEB,TUE,False,,NCL,640,640.0,DAR,709.0,708.0,-1.0,710,710.0,0.0,50.0,BHM,1004.0,1004.0,0.0,False
202602176775082,XC,2026-02-17,FEB,TUE,False,,EDB,602,602.0,DAR,810.0,808.0,-2.0,811,810.0,-1.0,190.0,BHM,1106.0,1105.0,-1.0,False
202602176775198,XC,2026-02-17,FEB,TUE,False,,NCL,835,835.0,DAR,904.0,903.0,-1.0,906,906.0,0.0,50.0,BHM,1127.0,1126.0,-1.0,False
202602176775118,XC,2026-02-17,FEB,TUE,False,,GLC,648,647.0,DAR,1010.0,1009.0,-1.0,1011,1013.0,2.0,228.0,BHM,1306.0,1309.0,3.0,True
202602176775200,XC,2026-02-17,FEB,TUE,False,,NCL,1033,1033.0,DAR,1104.0,1102.0,-2.0,1105,1108.0,3.0,50.0,BHM,1328.0,1328.0,0.0,False
202602176775088,XC,2026-02-17,FEB,TUE,False,,EDB,1005,1004.0,DAR,1210.0,1210.0,0.0,1213,1213.0,0.0,190.0,BHM,1506.0,1506.0,0.0,False
202602176775202,XC,2026-02-17,FEB,TUE,False,,NCL,1233,1233.0,DAR,1303.0,1303.0,0.0,1305,1305.0,0.0,50.0,BHM,1528.0,1527.0,-1.0,False
202602176775091,XC,2026-02-17,FEB,TUE,False,,EDB,1205,1204.0,DAR,1410.0,1409.0,-1.0,1412,1411.0,-1.0,190.0,BHM,1706.0,1706.0,0.0,False
202602176775204,XC,2026-02-17,FEB,TUE,False,553.0,NCL,1434,1434.0,DAR,1504.0,1503.0,-1.0,1506,1505.0,-1.0,50.0,BHM,1727.0,1800.0,33.0,True
202602176775096,XC,2026-02-17,FEB,TUE,False,887.0,EDB,1404,1403.0,DAR,1610.0,1618.0,8.0,1611,1621.0,10.0,190.0,BHM,1907.0,1927.0,20.0,True
202602176775190,XC,2026-02-17,FEB,TUE,False,,NCL,1634,1636.0,DAR,1704.0,1706.0,2.0,1705,1708.0,3.0,50.0,BHM,1931.0,1935.0,4.0,True
202602176775102,XC,2026-02-17,FEB,TUE,False,,EDB,1605,1604.0,DAR,1810.0,1809.0,-1.0,1812,1812.0,0.0,190.0,BHM,2107.0,2107.0,0.0,False
202602176775187,XC,2026-02-17,FEB,TUE,False,,NCL,1833,1836.0,DAR,1904.0,1905.0,1.0,1906,1907.0,1.0,50.0,BHM,2126.0,2144.0,18.0,True
202602176775079,XC,2026-02-17,FEB,TUE,False,,EDB,1804,1804.0,DAR,2010.0,2008.0,-2.0,2011,2010.0,-1.0,190.0,BHM,2328.0,2327.0,-1.0,False
202602186775461,XC,2026-02-18,FEB,WED,False,,NCL,518,517.0,DAR,550.0,548.0,-2.0,552,551.0,-1.0,50.0,BHM,828.0,827.0,-1.0,False
202602186775196,XC,2026-02-18,FEB,WED,False,,NCL,623,623.0,DAR,652.0,651.0,-1.0,654,654.0,0.0,50.0,BHM,928.0,931.0,3.0,True
202602186775192,XC,2026-02-18,FEB,WED,False,,NCL,640,640.0,DAR,709.0,708.0,-1.0,710,710.0,0.0,50.0,BHM,1004.0,1006.0,2.0,True
202602186775082,XC,2026-02-18,FEB,WED,False,,EDB,602,602.0,DAR,810.0,813.0,3.0,811,815.0,4.0,190.0,BHM,1106.0,1112.0,6.0,True
202602186775198,XC,2026-02-18,FEB,WED,False,,NCL,835,834.0,DAR,904.0,902.0,-2.0,906,906.0,0.0,50.0,BHM,1127.0,1131.0,4.0,True
202602186775118,XC,2026-02-18,FEB,WED,False,,GLC,648,647.0,DAR,1010.0,1008.0,-2.0,1011,1011.0,0.0,228.0,BHM,1306.0,1305.0,-1.0,False
202602186775200,XC,2026-02-18,FEB,WED,False,911.0,NCL,1033,1035.0,DAR,1104.0,1105.0,1.0,1105,1107.0,2.0,50.0,BHM,1328.0,1338.0,10.0,True
202602186775088,XC,2026-02-18,FEB,WED,False,,EDB,1005,1004.0,DAR,1210.0,1210.0,0.0,1213,1213.0,0.0,190.0,BHM,1506.0,1509.0,3.0,True
202602186775202,XC,2026-02-18,FEB,WED,False,,NCL,1233,1232.0,DAR,1303.0,1302.0,-1.0,1305,1305.0,0.0,50.0,BHM,1528.0,1530.0,2.0,True
202602186775091,XC,2026-02-18,FEB,WED,False,,EDB,1205,1204.0,DAR,1410.0,1410.0,0.0,1412,1412.0,0.0,190.0,BHM,1706.0,1709.0,3.0,True
202602186775204,XC,2026-02-18,FEB,WED,False,,NCL,1434,1433.0,DAR,1504.0,1503.0,-1.0,1506,1505.0,-1.0,50.0,BHM,1727.0,1730.0,3.0,True
202602186775096,XC,2026-02-18,FEB,WED,False,,EDB,1404,1405.0,DAR,1610.0,1613.0,3.0,1611,1615.0,4.0,190.0,BHM,1907.0,1906.0,-1.0,False
202602186775190,XC,2026-02-18,FEB,WED,False,,NCL,1634,1634.0,DAR,1704.0,1703.0,-1.0,1705,1705.0,0.0,50.0,BHM,1931.0,1926.0,-5.0,False
202602186775102,XC,2026-02-18,FEB,WED,False,,EDB,1605,1605.0,DAR,1810.0,1809.0,-1.0,1812,1811.0,-1.0,190.0,BHM,2107.0,2107.0,0.0,False
202602186775187,XC,2026-02-18,FEB,WED,False,,NCL,1833,1833.0,DAR,1904.0,1903.0,-1.0,1906,1905.0,-1.0,50.0,BHM,2126.0,2128.0,2.0,True
202602186775079,XC,2026-02-18,FEB,WED,False,,EDB,1804,1803.0,DAR,2010.0,2009.0,-1.0,2011,2011.0,0.0,190.0,BHM,2328.0,2332.0,4.0,True
202602196775461,XC,2026-02-19,FEB,THU,False,895.0,NCL,518,517.0,DAR,550.0,548.0,-2.0,552,551.0,-1.0,50.0,BHM,828.0,836.0,8.0,True
202602196775196,XC,2026-02-19,FEB,THU,False,,NCL,623,624.0,DAR,652.0,655.0,3.0,654,656.0,2.0,50.0,BHM,928.0,927.0,-1.0,False
202602196775192,XC,2026-02-19,FEB,THU,False,,NCL,640,640.0,DAR,709.0,709.0,0.0,710,711.0,1.0,50.0,BHM,1004.0,1003.0,-1.0,False
202602196775082,XC,2026-02-19,FEB,THU,False,,EDB,602,602.0,DAR,810.0,808.0,-2.0,811,811.0,0.0,190.0,BHM,1106.0,1106.0,0.0,False
202602196775198,XC,2026-02-19,FEB,THU,False,,NCL,835,834.0,DAR,904.0,903.0,-1.0,906,905.0,-1.0,50.0,BHM,1127.0,1129.0,2.0,True
202602196775118,XC,2026-02-19,FEB,THU,False,,GLC,648,647.0,DAR,1010.0,1008.0,-2.0,1011,1011.0,0.0,228.0,BHM,1306.0,1307.0,1.0,True
202602196775200,XC,2026-02-19,FEB,THU,False,,NCL,1033,1033.0,DAR,1104.0,1103.0,-1.0,1105,1106.0,1.0,50.0,BHM,1328.0,1328.0,0.0,False
202602196775088,XC,2026-02-19,FEB,THU,False,576.0,EDB,1005,1004.0,DAR,1210.0,1210.0,0.0,1213,1213.0,0.0,190.0,BHM,1506.0,1523.0,17.0,True
202602196775202,XC,2026-02-19,FEB,THU,False,,NCL,1233,1233.0,DAR,1303.0,1302.0,-1.0,1305,1305.0,0.0,50.0,BHM,1528.0,1529.0,1.0,True
202602196775091,XC,2026-02-19,FEB,THU,False,,EDB,1205,1204.0,DAR,1410.0,1409.0,-1.0,1412,1411.0,-1.0,190.0,BHM,1706.0,1708.0,2.0,True
202602196775204,XC,2026-02-19,FEB,THU,False,,NCL,1434,1433.0,DAR,1504.0,1503.0,-1.0,1506,1505.0,-1.0,50.0,BHM,1727.0,1737.0,10.0,True
202602196775096,XC,2026-02-19,FEB,THU,False,,EDB,1404,1403.0,DAR,1610.0,1609.0,-1.0,1611,1611.0,0.0,190.0,BHM,1907.0,1907.0,0.0,False
202602196775190,XC,2026-02-19,FEB,THU,False,,NCL,1634,1633.0,DAR,1704.0,1703.0,-1.0,1705,1705.0,0.0,50.0,BHM,1931.0,1932.0,1.0,True
202602196775102,XC,2026-02-19,FEB,THU,False,,EDB,1605,1605.0,DAR,1810.0,1809.0,-1.0,1812,1812.0,0.0,190.0,BHM,2107.0,2106.0,-1.0,False
202602196775187,XC,2026-02-19,FEB,THU,False,,NCL,1833,1833.0,DAR,1904.0,1902.0,-2.0,1906,1906.0,0.0,50.0,BHM,2126.0,2127.0,1.0,True
202602196775079,XC,2026-02-19,FEB,THU,False,,EDB,1804,1803.0,DAR,2010.0,2011.0,1.0,2011,2013.0,2.0,190.0,BHM,2328.0,2331.0,3.0,True
202602206775461,XC,2026-02-20,FEB,FRI,False,,NCL,518,518.0,DAR,550.0,548.0,-2.0,552,551.0,-1.0,50.0,BHM,828.0,831.0,3.0,True
202602206775196,XC,2026-02-20,FEB,FRI,False,,NCL,623,622.0,DAR,652.0,653.0,1.0,654,655.0,1.0,50.0,BHM,928.0,927.0,-1.0,False
202602206775192,XC,2026-02-20,FEB,FRI,False,,NCL,640,639.0,DAR,709.0,707.0,-2.0,710,709.0,-1.0,50.0,BHM,1004.0,1005.0,1.0,True
202602206775082,XC,2026-02-20,FEB,FRI,False,,EDB,602,602.0,DAR,810.0,809.0,-1.0,811,812.0,1.0,190.0,BHM,1106.0,1107.0,1.0,True
202602206775198,XC,2026-02-20,FEB,FRI,False,,NCL,835,835.0,DAR,904.0,905.0,1.0,906,906.0,0.0,50.0,BHM,1127.0,1127.0,0.0,False
202602206775118,XC,2026-02-20,FEB,FRI,False,,GLC,648,647.0,DAR,1010.0,1008.0,-2.0,1011,1010.0,-1.0,228.0,BHM,1306.0,1309.0,3.0,True
202602206775200,XC,2026-02-20,FEB,FRI,False,,NCL,1033,1033.0,DAR,1104.0,1104.0,0.0,1105,1106.0,1.0,50.0,BHM,1328.0,1329.0,1.0,True
202602206775088,XC,2026-02-20,FEB,FRI,False,,EDB,1005,1004.0,DAR,1210.0,1209.0,-1.0,1213,1213.0,0.0,190.0,BHM,1506.0,1520.0,14.0,True
202602206775202,XC,2026-02-20,FEB,FRI,False,,NCL,1233,1232.0,DAR,1303.0,1301.0,-2.0,1305,1305.0,0.0,50.0,BHM,1528.0,1532.0,4.0,True
202602206775091,XC,2026-02-20,FEB,FRI,False,,EDB,1205,1204.0,DAR,1410.0,1409.0,-1.0,1412,1411.0,-1.0,190.0,BHM,1706.0,1714.0,8.0,True
202602206775204,XC,2026-02-20,FEB,FRI,False,,NCL,1434,1436.0,DAR,1504.0,1506.0,2.0,1506,1507.0,1.0,50.0,BHM,1727.0,1732.0,5.0,True
202602206775096,XC,2026-02-20,FEB,FRI,False,,EDB,1404,1403.0,DAR,1610.0,1610.0,0.0,1611,1612.0,1.0,190.0,BHM,1907.0,1917.0,10.0,True
202602206775190,XC,2026-02-20,FEB,FRI,False,,NCL,1634,1633.0,DAR,1704.0,1703.0,-1.0,1705,1706.0,1.0,50.0,BHM,1931.0,1938.0,7.0,True
202602206775102,XC,2026-02-20,FEB,FRI,False,,EDB,1605,1605.0,DAR,1810.0,1809.0,-1.0,1812,1811.0,-1.0,190.0,BHM,2107.0,2110.0,3.0,True
202602206775187,XC,2026-02-20,FEB,FRI,False,,NCL,1833,1835.0,DAR,1904.0,1908.0,4.0,1906,1909.0,3.0,50.0,BHM,2126.0,2147.0,21.0,True
202602206775079,XC,2026-02-20,FEB,FRI,False,,EDB,1804,1804.0,DAR,2010.0,2008.0,-2.0,2011,2011.0,0.0,190.0,BHM,2328.0,2336.0,8.0,True
202602216775197,XC,2026-02-21,FEB,SAT,False,,NCL,622,621.0,DAR,651.0,652.0,1.0,653,655.0,2.0,50.0,BHM,927.0,923.0,-4.0,False
202602216775193,XC,2026-02-21,FEB,SAT,False,,NCL,640,640.0,DAR,709.0,710.0,1.0,710,712.0,2.0,50.0,BHM,1006.0,1009.0,3.0,True
202602216775083,XC,2026-02-21,FEB,SAT,False,,EDB,602,602.0,DAR,810.0,808.0,-2.0,811,811.0,0.0,190.0,BHM,1106.0,1108.0,2.0,True
202602216775085,XC,2026-02-21,FEB,SAT,False,,EDB,703,703.0,DAR,910.0,909.0,-1.0,912,912.0,0.0,190.0,BHM,1207.0,1207.0,0.0,False
202602216775119,XC,2026-02-21,FEB,SAT,False,,GLC,648,648.0,DAR,1010.0,1010.0,0.0,1011,1013.0,2.0,228.0,BHM,1306.0,1305.0,-1.0,False
202602216775120,XC,2026-02-21,FEB,SAT,False,,GLC,748,748.0,DAR,1110.0,1111.0,1.0,1111,1114.0,3.0,228.0,BHM,1404.0,1408.0,4.0,True
202602216775089,XC,2026-02-21,FEB,SAT,False,895.0,EDB,1005,1004.0,DAR,1210.0,1210.0,0.0,1211,1212.0,1.0,190.0,BHM,1505.0,1515.0,10.0,True
202602216775063,XC,2026-02-21,FEB,SAT,False,,DEE,933,933.0,DAR,1310.0,1308.0,-2.0,1311,1311.0,0.0,,BHM,1604.0,1603.0,-1.0,False
202602216775092,XC,2026-02-21,FEB,SAT,False,,EDB,1205,1204.0,DAR,1410.0,1411.0,1.0,1412,1413.0,1.0,190.0,BHM,1706.0,1708.0,2.0,True
202602216775095,XC,2026-02-21,FEB,SAT,False,,EDB,1305,1304.0,DAR,1510.0,1510.0,0.0,1512,1513.0,1.0,190.0,BHM,1804.0,1804.0,0.0,False
202602216775097,XC,2026-02-21,FEB,SAT,False,,EDB,1404,1406.0,DAR,1610.0,1613.0,3.0,1612,1616.0,4.0,190.0,BHM,1905.0,1909.0,4.0,True
202602216775100,XC,2026-02-21,FEB,SAT,False,,EDB,1504,1521.0,DAR,1708.0,1729.0,21.0,1711,1732.0,21.0,190.0,BHM,2005.0,2004.0,-1.0,False
202602216775081,XC,2026-02-21,FEB,SAT,False,,EDB,1705,1704.0,DAR,1910.0,1909.0,-1.0,1911,1912.0,1.0,190.0,BHM,2232.0,2242.0,10.0,True
202602216775080,XC,2026-02-21,FEB,SAT,False,,EDB,1804,1804.0,DAR,2010.0,2011.0,1.0,2011,2013.0,2.0,190.0,BHM,2307.0,2308.0,1.0,True
202602226775195,XC,2026-02-22,FEB,SUN,False,,NCL,936,936.0,DAR,1005.0,1011.0,6.0,1006,1014.0,8.0,50.0,BHM,1305.0,1307.0,2.0,True
202602226775086,XC,2026-02-22,FEB,SUN,False,,EDB,908,908.0,DAR,1109.0,1112.0,3.0,1111,1115.0,4.0,190.0,BHM,1404.0,1410.0,6.0,True
202602226775087,XC,2026-02-22,FEB,SUN,False,,EDB,1008,1007.0,DAR,1209.0,1209.0,0.0,1210,1212.0,2.0,190.0,BHM,1506.0,1508.0,2.0,True
202602226775090,XC,2026-02-22,FEB,SUN,False,,EDB,1107,1107.0,DAR,1309.0,1311.0,2.0,1310,1315.0,5.0,190.0,BHM,1604.0,1608.0,4.0,True
202602226775122,XC,2026-02-22,FEB,SUN,False,,GLC,1055,1055.0,DAR,1410.0,1410.0,0.0,1411,1413.0,2.0,228.0,BHM,1706.0,1708.0,2.0,True
202602226775093,XC,2026-02-22,FEB,SUN,False,,EDB,1305,1304.0,DAR,1509.0,1509.0,0.0,1511,1513.0,2.0,190.0,BHM,1804.0,1803.0,-1.0,False
202602226775064,XC,2026-02-22,FEB,SUN,False,,DEE,1222,1223.0,DAR,1609.0,1612.0,3.0,1610,1615.0,5.0,,BHM,1904.0,1913.0,9.0,True
202602226775099,XC,2026-02-22,FEB,SUN,False,,EDB,1505,1505.0,DAR,1710.0,1710.0,0.0,1712,1712.0,0.0,190.0,BHM,2004.0,2010.0,6.0,True
202602226775101,XC,2026-02-22,FEB,SUN,False,886.0,EDB,1607,1607.0,DAR,1811.0,1824.0,13.0,1812,1826.0,14.0,190.0,BHM,2106.0,2107.0,1.0,True
202602226775104,XC,2026-02-22,FEB,SUN,False,,EDB,1705,1705.0,DAR,1909.0,1918.0,9.0,1911,1920.0,9.0,190.0,BHM,2208.0,2207.0,-1.0,False
202602226775078,XC,2026-02-22,FEB,SUN,False,,EDB,1805,1805.0,DAR,2007.0,2009.0,2.0,2009,2011.0,2.0,190.0,BHM,2309.0,2307.0,-2.0,False
202602236775461,XC,2026-02-23,FEB,MON,False,,NCL,518,518.0,DAR,550.0,549.0,-1.0,552,552.0,0.0,50.0,BHM,828.0,828.0,0.0,False
202602236775196,XC,2026-02-23,FEB,MON,False,,NCL,623,622.0,DAR,652.0,700.0,8.0,654,701.0,7.0,50.0,BHM,928.0,925.0,-3.0,False
202602236775192,XC,2026-02-23,FEB,MON,False,,NCL,640,640.0,DAR,709.0,716.0,7.0,710,718.0,8.0,50.0,BHM,1004.0,1004.0,0.0,False
202602236775082,XC,2026-02-23,FEB,MON,False,,EDB,602,601.0,DAR,810.0,810.0,0.0,811,812.0,1.0,190.0,BHM,1106.0,1104.0,-2.0,False
202602236775198,XC,2026-02-23,FEB,MON,False,,NCL,835,834.0,DAR,904.0,904.0,0.0,906,906.0,0.0,50.0,BHM,1127.0,1127.0,0.0,False
202602236775118,XC,2026-02-23,FEB,MON,False,,GLC,648,647.0,DAR,1010.0,1008.0,-2.0,1011,1010.0,-1.0,228.0,BHM,1306.0,1311.0,5.0,True
202602236775200,XC,2026-02-23,FEB,MON,False,,NCL,1033,1033.0,DAR,1104.0,1102.0,-2.0,1105,1107.0,2.0,50.0,BHM,1328.0,1330.0,2.0,True
202602236775088,XC,2026-02-23,FEB,MON,False,,EDB,1005,1004.0,DAR,1210.0,1209.0,-1.0,1213,1212.0,-1.0,190.0,BHM,1506.0,1508.0,2.0,True
202602236775202,XC,2026-02-23,FEB,MON,False,,NCL,1233,1234.0,DAR,1303.0,1303.0,0.0,1305,1306.0,1.0,50.0,BHM,1528.0,1528.0,0.0,False
202602236775091,XC,2026-02-23,FEB,MON,False,,EDB,1205,1204.0,DAR,1410.0,1409.0,-1.0,1412,1412.0,0.0,190.0,BHM,1706.0,1707.0,1.0,True
202602236775096,XC,2026-02-23,FEB,MON,False,672.0,EDB,1404,1412.0,DAR,1610.0,1612.0,2.0,1611,1614.0,3.0,190.0,BHM,1907.0,1931.0,24.0,True
202602236775190,XC,2026-02-23,FEB,MON,False,880.0,NCL,1634,1634.0,DAR,1704.0,1703.0,-1.0,1705,1705.0,0.0,50.0,BHM,1931.0,2008.0,37.0,True
202602236775102,XC,2026-02-23,FEB,MON,False,887.0,EDB,1605,1605.0,DAR,1810.0,1809.0,-1.0,1812,1812.0,0.0,190.0,BHM,2107.0,2105.0,-2.0,False
202602236775187,XC,2026-02-23,FEB,MON,False,880.0,NCL,1833,1835.0,DAR,1904.0,1906.0,2.0,1906,1908.0,2.0,50.0,BHM,2126.0,2132.0,6.0,True
202602236775079,XC,2026-02-23,FEB,MON,False,,EDB,1804,1803.0,DAR,2010.0,2008.0,-2.0,2011,2011.0,0.0,190.0,BHM,2328.0,2329.0,1.0,True
202602246775461,XC,2026-02-24,FEB,TUE,False,,NCL,518,517.0,DAR,550.0,548.0,-2.0,552,552.0,0.0,50.0,BHM,828.0,835.0,7.0,True
202602246775196,XC,2026-02-24,FEB,TUE,False,,NCL,623,624.0,DAR,652.0,653.0,1.0,654,654.0,0.0,50.0,BHM,928.0,925.0,-3.0,False
202602246775192,XC,2026-02-24,FEB,TUE,False,,NCL,640,640.0,DAR,709.0,709.0,0.0,710,710.0,0.0,50.0,BHM,1004.0,1005.0,1.0,True
202602246775082,XC,2026-02-24,FEB,TUE,False,,EDB,602,602.0,DAR,810.0,808.0,-2.0,811,811.0,0.0,190.0,BHM,1106.0,1105.0,-1.0,False
202602246775198,XC,2026-02-24,FEB,TUE,False,,NCL,835,837.0,DAR,904.0,905.0,1.0,906,908.0,2.0,50.0,BHM,1127.0,1126.0,-1.0,False
202602246775118,XC,2026-02-24,FEB,TUE,False,576.0,GLC,648,648.0,DAR,1010.0,1008.0,-2.0,1011,1013.0,2.0,228.0,BHM,1306.0,1322.0,16.0,True
202602246775200,XC,2026-02-24,FEB,TUE,False,,NCL,1033,1040.0,DAR,1104.0,1108.0,4.0,1105,1110.0,5.0,50.0,BHM,1328.0,1335.0,7.0,True
202602246775088,XC,2026-02-24,FEB,TUE,False,,EDB,1005,1008.0,DAR,1210.0,1213.0,3.0,1213,1215.0,2.0,190.0,BHM,1506.0,1505.0,-1.0,False
202602246775202,XC,2026-02-24,FEB,TUE,False,,NCL,1233,1234.0,DAR,1303.0,1302.0,-1.0,1305,1304.0,-1.0,50.0,BHM,1528.0,1528.0,0.0,False
202602246775091,XC,2026-02-24,FEB,TUE,False,,EDB,1205,1205.0,DAR,1410.0,1411.0,1.0,1412,1412.0,0.0,190.0,BHM,1706.0,1714.0,8.0,True
202602246775204,XC,2026-02-24,FEB,TUE,False,,NCL,1434,1433.0,DAR,1504.0,1503.0,-1.0,1506,1506.0,0.0,50.0,BHM,1727.0,1729.0,2.0,True
202602246775102,XC,2026-02-24,FEB,TUE,False,895.0,EDB,1605,1605.0,DAR,1810.0,1813.0,3.0,1812,1815.0,3.0,190.0,BHM,2107.0,2130.0,23.0,True
202602246775079,XC,2026-02-24,FEB,TUE,False,,EDB,1804,1804.0,DAR,2010.0,2008.0,-2.0,2011,2011.0,0.0,190.0,BHM,2328.0,2328.0,0.0,False
202602256775461,XC,2026-02-25,FEB,WED,False,,NCL,518,517.0,DAR,550.0,548.0,-2.0,552,552.0,0.0,50.0,BHM,828.0,833.0,5.0,True
202602256775196,XC,2026-02-25,FEB,WED,False,,NCL,623,623.0,DAR,652.0,652.0,0.0,654,655.0,1.0,50.0,BHM,928.0,927.0,-1.0,False
202602256775192,XC,2026-02-25,FEB,WED,False,,NCL,640,640.0,DAR,709.0,708.0,-1.0,710,711.0,1.0,50.0,BHM,1004.0,1007.0,3.0,True
202602256775082,XC,2026-02-25,FEB,WED,False,,EDB,602,601.0,DAR,810.0,810.0,0.0,811,812.0,1.0,190.0,BHM,1106.0,1109.0,3.0,True
202602256775198,XC,2026-02-25,FEB,WED,False,,NCL,835,835.0,DAR,904.0,904.0,0.0,906,906.0,0.0,50.0,BHM,1127.0,1127.0,0.0,False
202602256775118,XC,2026-02-25,FEB,WED,False,,GLC,648,647.0,DAR,1010.0,1008.0,-2.0,1011,1011.0,0.0,228.0,BHM,1306.0,1305.0,-1.0,False
202602256775200,XC,2026-02-25,FEB,WED,False,,NCL,1033,1035.0,DAR,1104.0,1105.0,1.0,1105,1107.0,2.0,50.0,BHM,1328.0,1330.0,2.0,True
202602256775088,XC,2026-02-25,FEB,WED,False,574.0,EDB,1005,1021.0,DAR,1210.0,1226.0,16.0,1213,1229.0,16.0,190.0,BHM,1506.0,1527.0,21.0,True
202602256775202,XC,2026-02-25,FEB,WED,False,,NCL,1233,1234.0,DAR,1303.0,1303.0,0.0,1305,1304.0,-1.0,50.0,BHM,1528.0,1532.0,4.0,True
202602256775091,XC,2026-02-25,FEB,WED,False,,EDB,1205,1207.0,DAR,1410.0,1408.0,-2.0,1412,1411.0,-1.0,190.0,BHM,1706.0,1709.0,3.0,True
202602256775204,XC,2026-02-25,FEB,WED,False,,NCL,1434,1434.0,DAR,1504.0,1503.0,-1.0,1506,1506.0,0.0,50.0,BHM,1727.0,1728.0,1.0,True
202602256775096,XC,2026-02-25,FEB,WED,False,,EDB,1404,1403.0,DAR,1610.0,1609.0,-1.0,1611,1611.0,0.0,190.0,BHM,1907.0,1909.0,2.0,True
202602256775190,XC,2026-02-25,FEB,WED,False,,NCL,1634,1636.0,DAR,1704.0,1704.0,0.0,1705,1706.0,1.0,50.0,BHM,1931.0,1930.0,-1.0,False
202602256775102,XC,2026-02-25,FEB,WED,False,,EDB,1605,1605.0,DAR,1810.0,1809.0,-1.0,1812,1812.0,0.0,190.0,BHM,2107.0,2104.0,-3.0,False
202602256775187,XC,2026-02-25,FEB,WED,False,,NCL,1833,1837.0,DAR,1904.0,1904.0,0.0,1906,1906.0,0.0,50.0,BHM,2126.0,2127.0,1.0,True
202602256775079,XC,2026-02-25,FEB,WED,False,,EDB,1804,1804.0,DAR,2010.0,2013.0,3.0,2011,2014.0,3.0,190.0,BHM,2328.0,2326.0,-2.0,False
202602266775461,XC,2026-02-26,FEB,THU,False,,NCL,518,519.0,DAR,550.0,548.0,-2.0,552,551.0,-1.0,50.0,BHM,828.0,830.0,2.0,True
202602266775196,XC,2026-02-26,FEB,THU,False,,NCL,623,623.0,DAR,652.0,651.0,-1.0,654,654.0,0.0,50.0,BHM,928.0,934.0,6.0,True
202602266775192,XC,2026-02-26,FEB,THU,False,,NCL,640,640.0,DAR,709.0,708.0,-1.0,710,710.0,0.0,50.0,BHM,1004.0,1020.0,16.0,True
202602266775082,XC,2026-02-26,FEB,THU,False,,EDB,602,602.0,DAR,810.0,809.0,-1.0,811,811.0,0.0,190.0,BHM,1106.0,1113.0,7.0,True
202602266775198,XC,2026-02-26,FEB,THU,False,871.0,NCL,835,834.0,DAR,904.0,903.0,-1.0,906,905.0,-1.0,50.0,BHM,1127.0,1140.0,13.0,True
202602266775118,XC,2026-02-26,FEB,THU,False,,GLC,648,647.0,DAR,1010.0,1008.0,-2.0,1011,1011.0,0.0,228.0,BHM,1306.0,1311.0,5.0,True
202602266775200,XC,2026-02-26,FEB,THU,False,,NCL,1033,1034.0,DAR,1104.0,1104.0,0.0,1105,1107.0,2.0,50.0,BHM,1328.0,1332.0,4.0,True
202602266775088,XC,2026-02-26,FEB,THU,False,,EDB,1005,1005.0,DAR,1210.0,1212.0,2.0,1213,1214.0,1.0,190.0,BHM,1506.0,1507.0,1.0,True
202602266775202,XC,2026-02-26,FEB,THU,False,,NCL,1233,1232.0,DAR,1303.0,1302.0,-1.0,1305,1304.0,-1.0,50.0,BHM,1528.0,1531.0,3.0,True
202602266775091,XC,2026-02-26,FEB,THU,False,,EDB,1205,1204.0,DAR,1410.0,1412.0,2.0,1412,1414.0,2.0,190.0,BHM,1706.0,1706.0,0.0,False
202602266775204,XC,2026-02-26,FEB,THU,False,,NCL,1434,1433.0,DAR,1504.0,1503.0,-1.0,1506,1506.0,0.0,50.0,BHM,1727.0,1731.0,4.0,True
202602266775096,XC,2026-02-26,FEB,THU,False,,EDB,1404,1403.0,DAR,1610.0,1613.0,3.0,1611,1615.0,4.0,190.0,BHM,1907.0,1909.0,2.0,True
202602266775102,XC,2026-02-26,FEB,THU,False,,EDB,1605,1606.0,DAR,1810.0,1810.0,0.0,1812,1812.0,0.0,190.0,BHM,2107.0,2107.0,0.0,False
202602266775187,XC,2026-02-26,FEB,THU,False,576.0,NCL,1833,1834.0,DAR,1904.0,1902.0,-2.0,1906,1906.0,0.0,50.0,BHM,2126.0,2132.0,6.0,True
202602266775079,XC,2026-02-26,FEB,THU,False,,EDB,1804,1804.0,DAR,2010.0,2008.0,-2.0,2011,2010.0,-1.0,190.0,BHM,2328.0,2328.0,0.0,False
202602276775461,XC,2026-02-27,FEB,FRI,False,,NCL,518,518.0,DAR,550.0,548.0,-2.0,552,552.0,0.0,50.0,BHM,828.0,828.0,0.0,False
202602276775196,XC,2026-02-27,FEB,FRI,False,,NCL,623,623.0,DAR,652.0,652.0,0.0,654,653.0,-1.0,50.0,BHM,928.0,925.0,-3.0,False
202602276775192,XC,2026-02-27,FEB,FRI,False,,NCL,640,640.0,DAR,709.0,708.0,-1.0,710,709.0,-1.0,50.0,BHM,1004.0,1004.0,0.0,False
202602276775082,XC,2026-02-27,FEB,FRI,False,,EDB,602,602.0,DAR,810.0,809.0,-1.0,811,811.0,0.0,190.0,BHM,1106.0,1106.0,0.0,False
202602276775198,XC,2026-02-27,FEB,FRI,False,,NCL,835,836.0,DAR,904.0,904.0,0.0,906,905.0,-1.0,50.0,BHM,1127.0,1125.0,-2.0,False
202602276775118,XC,2026-02-27,FEB,FRI,False,,GLC,648,647.0,DAR,1010.0,1008.0,-2.0,1011,1011.0,0.0,228.0,BHM,1306.0,1318.0,12.0,True
202602276775200,XC,2026-02-27,FEB,FRI,False,,NCL,1033,1033.0,DAR,1104.0,1104.0,0.0,1105,1107.0,2.0,50.0,BHM,1328.0,1330.0,2.0,True
202602276775088,XC,2026-02-27,FEB,FRI,False,,EDB,1005,1004.0,DAR,1210.0,1209.0,-1.0,1213,1212.0,-1.0,190.0,BHM,1506.0,1507.0,1.0,True
202602276775202,XC,2026-02-27,FEB,FRI,False,871.0,NCL,1233,1236.0,DAR,1303.0,1305.0,2.0,1305,1307.0,2.0,50.0,BHM,1528.0,1540.0,12.0,True
202602276775091,XC,2026-02-27,FEB,FRI,False,,EDB,1205,1204.0,DAR,1410.0,1409.0,-1.0,1412,1412.0,0.0,190.0,BHM,1706.0,1707.0,1.0,True
202602276775094,XC,2026-02-27,FEB,FRI,False,,EDB,1305,1304.0,DAR,1510.0,1510.0,0.0,1512,1512.0,0.0,190.0,BHM,1807.0,1815.0,8.0,True
202602276775096,XC,2026-02-27,FEB,FRI,False,526.0,EDB,1404,1403.0,DAR,1610.0,1608.0,-2.0,1611,1611.0,0.0,190.0,BHM,1907.0,1928.0,21.0,True
202602276775190,XC,2026-02-27,FEB,FRI,False,,NCL,1634,1633.0,DAR,1704.0,1703.0,-1.0,1705,1705.0,0.0,50.0,BHM,1931.0,1933.0,2.0,True
202602276775102,XC,2026-02-27,FEB,FRI,False,,EDB,1605,1604.0,DAR,1810.0,1808.0,-2.0,1812,1812.0,0.0,190.0,BHM,2107.0,2105.0,-2.0,False
202602276775187,XC,2026-02-27,FEB,FRI,False,,NCL,1833,1836.0,DAR,1904.0,1904.0,0.0,1906,1906.0,0.0,50.0,BHM,2126.0,2127.0,1.0,True
202602276775079,XC,2026-02-27,FEB,FRI,False,,EDB,1804,1804.0,DAR,2010.0,2008.0,-2.0,2011,2010.0,-1.0,190.0,BHM,2328.0,2326.0,-2.0,False
202602286775197,XC,2026-02-28,FEB,SAT,False,,NCL,622,621.0,DAR,651.0,651.0,0.0,653,652.0,-1.0,50.0,BHM,927.0,926.0,-1.0,False
202602286775193,XC,2026-02-28,FEB,SAT,False,,NCL,640,640.0,DAR,709.0,709.0,0.0,710,711.0,1.0,50.0,BHM,1006.0,1005.0,-1.0,False
202602286775083,XC,2026-02-28,FEB,SAT,False,,EDB,602,601.0,DAR,810.0,809.0,-1.0,811,811.0,0.0,190.0,BHM,1106.0,1108.0,2.0,True
202602286775085,XC,2026-02-28,FEB,SAT,False,,EDB,703,703.0,DAR,910.0,909.0,-1.0,912,912.0,0.0,190.0,BHM,1207.0,1206.0,-1.0,False
202602286775119,XC,2026-02-28,FEB,SAT,False,,GLC,648,648.0,DAR,1010.0,1008.0,-2.0,1011,1011.0,0.0,228.0,BHM,1306.0,1307.0,1.0,True
202602286775120,XC,2026-02-28,FEB,SAT,False,,GLC,748,748.0,DAR,1110.0,1109.0,-1.0,1111,1111.0,0.0,228.0,BHM,1404.0,1405.0,1.0,True
202602286775089,XC,2026-02-28,FEB,SAT,False,,EDB,1005,1004.0,DAR,1210.0,1207.0,-3.0,1211,1210.0,-1.0,190.0,BHM,1505.0,1505.0,0.0,False
202602286775063,XC,2026-02-28,FEB,SAT,False,,DEE,933,933.0,DAR,1310.0,1308.0,-2.0,1311,1311.0,0.0,,BHM,1604.0,1604.0,0.0,False
202602286775092,XC,2026-02-28,FEB,SAT,False,,EDB,1205,1205.0,DAR,1410.0,1410.0,0.0,1412,1412.0,0.0,190.0,BHM,1706.0,1710.0,4.0,True
202602286775095,XC,2026-02-28,FEB,SAT,False,,EDB,1305,1306.0,DAR,1510.0,1509.0,-1.0,1512,1512.0,0.0,190.0,BHM,1804.0,1803.0,-1.0,False
202602286775097,XC,2026-02-28,FEB,SAT,False,,EDB,1404,1404.0,DAR,1610.0,1609.0,-1.0,1612,1612.0,0.0,190.0,BHM,1905.0,1909.0,4.0,True
202602286775100,XC,2026-02-28,FEB,SAT,False,704.0,EDB,1504,1503.0,DAR,1708.0,1711.0,3.0,1711,1716.0,5.0,190.0,BHM,2005.0,2032.0,27.0,True
202602286775103,XC,2026-02-28,FEB,SAT,False,576.0,EDB,1605,1605.0,DAR,1809.0,1858.0,49.0,1811,1900.0,49.0,190.0,BHM,2106.0,2135.0,29.0,True
202602286775081,XC,2026-02-28,FEB,SAT,False,,EDB,1705,1704.0,DAR,1910.0,1913.0,3.0,1911,1916.0,5.0,190.0,BHM,2232.0,2233.0,1.0,True
202602286775080,XC,2026-02-28,FEB,SAT,False,576.0,EDB,1804,1804.0,DAR,2010.0,2048.0,38.0,2011,2051.0,40.0,190.0,BHM,2307.0,2337.0,30.0,True
202603016775195,XC,2026-03-01,MAR,SUN,False,,NCL,936,936.0,DAR,1005.0,1006.0,1.0,1006,1008.0,2.0,50.0,BHM,1305.0,1307.0,2.0,True
202603016775086,XC,2026-03-01,MAR,SUN,False,,EDB,908,908.0,DAR,1109.0,1110.0,1.0,1111,1112.0,1.0,190.0,BHM,1404.0,1404.0,0.0,False
202603016775087,XC,2026-03-01,MAR,SUN,False,908.0,EDB,1008,1008.0,DAR,1209.0,1209.0,0.0,1210,1212.0,2.0,190.0,BHM,1506.0,1517.0,11.0,True
202603016775090,XC,2026-03-01,MAR,SUN,False,,EDB,1107,1106.0,DAR,1309.0,1311.0,2.0,1310,1313.0,3.0,190.0,BHM,1604.0,1608.0,4.0,True
202603016775122,XC,2026-03-01,MAR,SUN,False,,GLC,1055,,DAR,1410.0,1410.0,0.0,1411,1412.0,1.0,228.0,BHM,1706.0,1710.0,4.0,True
202603016775093,XC,2026-03-01,MAR,SUN,False,,EDB,1305,1304.0,DAR,1509.0,1513.0,4.0,1511,1515.0,4.0,190.0,BHM,1804.0,1806.0,2.0,True
202603016775064,XC,2026-03-01,MAR,SUN,False,526.0,DEE,1222,,DAR,1609.0,1606.0,-3.0,1610,1610.0,0.0,,BHM,1904.0,1915.0,11.0,True
202603016775099,XC,2026-03-01,MAR,SUN,False,574.0,EDB,1505,1504.0,DAR,1710.0,1711.0,1.0,1712,1713.0,1.0,190.0,BHM,2004.0,2013.0,9.0,True
202603016775104,XC,2026-03-01,MAR,SUN,False,,EDB,1705,1705.0,DAR,1909.0,1908.0,-1.0,1911,1911.0,0.0,190.0,BHM,2208.0,2207.0,-1.0,False
202603026775461,XC,2026-03-02,MAR,MON,False,,NCL,518,518.0,DAR,550.0,549.0,-1.0,552,551.0,-1.0,50.0,BHM,828.0,835.0,7.0,True
202603026775196,XC,2026-03-02,MAR,MON,False,,NCL,623,623.0,DAR,652.0,652.0,0.0,654,654.0,0.0,50.0,BHM,928.0,927.0,-1.0,False
202603026775192,XC,2026-03-02,MAR,MON,False,,NCL,640,640.0,DAR,709.0,711.0,2.0,710,713.0,3.0,50.0,BHM,1004.0,1009.0,5.0,True
202603026775082,XC,2026-03-02,MAR,MON,False,,EDB,602,602.0,DAR,810.0,808.0,-2.0,811,811.0,0.0,190.0,BHM,1106.0,1105.0,-1.0,False
202603026775198,XC,2026-03-02,MAR,MON,False,547.0,NCL,835,835.0,DAR,904.0,905.0,1.0,906,907.0,1.0,50.0,BHM,1127.0,1140.0,13.0,True
202603026775118,XC,2026-03-02,MAR,MON,False,,GLC,648,647.0,DAR,1010.0,1009.0,-1.0,1011,1011.0,0.0,228.0,BHM,1306.0,1305.0,-1.0,False
202603026775200,XC,2026-03-02,MAR,MON,False,,NCL,1033,1034.0,DAR,1104.0,1106.0,2.0,1105,1108.0,3.0,50.0,BHM,1328.0,1330.0,2.0,True
202603026775088,XC,2026-03-02,MAR,MON,False,,EDB,1005,1004.0,DAR,1210.0,1211.0,1.0,1213,1212.0,-1.0,190.0,BHM,1506.0,1506.0,0.0,False
202603026775202,XC,2026-03-02,MAR,MON,False,,NCL,1233,1234.0,DAR,1303.0,1304.0,1.0,1305,1306.0,1.0,50.0,BHM,1528.0,1529.0,1.0,True
202603026775091,XC,2026-03-02,MAR,MON,False,,EDB,1205,1204.0,DAR,1410.0,1412.0,2.0,1412,1413.0,1.0,190.0,BHM,1706.0,1706.0,0.0,False
202603026775204,XC,2026-03-02,MAR,MON,False,,NCL,1434,1434.0,DAR,1504.0,1503.0,-1.0,1506,1506.0,0.0,50.0,BHM,1727.0,1729.0,2.0,True
202603026775096,XC,2026-03-02,MAR,MON,False,,EDB,1404,1403.0,DAR,1610.0,1608.0,-2.0,1611,1610.0,-1.0,190.0,BHM,1907.0,1910.0,3.0,True
202603026775190,XC,2026-03-02,MAR,MON,False,,NCL,1634,1634.0,DAR,1704.0,1704.0,0.0,1705,1705.0,0.0,50.0,BHM,1931.0,1927.0,-4.0,False
202603026775102,XC,2026-03-02,MAR,MON,False,,EDB,1605,1605.0,DAR,1810.0,1808.0,-2.0,1812,1811.0,-1.0,190.0,BHM,2107.0,2105.0,-2.0,False
202603026775187,XC,2026-03-02,MAR,MON,False,648.0,NCL,1833,,DAR,,,,1906,1906.0,0.0,50.0,BHM,2126.0,2143.0,17.0,True
202603026775079,XC,2026-03-02,MAR,MON,False,832.0,EDB,1804,1803.0,DAR,2010.0,2008.0,-2.0,2011,2011.0,0.0,190.0,BHM,2328.0,2327.0,-1.0,False
202603036775461,XC,2026-03-03,MAR,TUE,False,,NCL,518,518.0,DAR,550.0,550.0,0.0,552,552.0,0.0,50.0,BHM,828.0,830.0,2.0,True
202603036775196,XC,2026-03-03,MAR,TUE,False,,NCL,623,623.0,DAR,652.0,653.0,1.0,654,655.0,1.0,50.0,BHM,928.0,927.0,-1.0,False
202603036775192,XC,2026-03-03,MAR,TUE,False,,NCL,640,640.0,DAR,709.0,710.0,1.0,710,711.0,1.0,50.0,BHM,1004.0,1011.0,7.0,True
202603036775082,XC,2026-03-03,MAR,TUE,False,,EDB,602,602.0,DAR,810.0,809.0,-1.0,811,812.0,1.0,190.0,BHM,1106.0,1108.0,2.0,True
202603036775198,XC,2026-03-03,MAR,TUE,False,895.0,NCL,835,836.0,DAR,904.0,905.0,1.0,906,906.0,0.0,50.0,BHM,1127.0,1140.0,13.0,True
202603036775118,XC,2026-03-03,MAR,TUE,False,,GLC,648,647.0,DAR,1010.0,1009.0,-1.0,1011,1011.0,0.0,228.0,BHM,1306.0,1307.0,1.0,True
202603036775200,XC,2026-03-03,MAR,TUE,False,,NCL,1033,1033.0,DAR,1104.0,1102.0,-2.0,1105,1105.0,0.0,50.0,BHM,1328.0,1327.0,-1.0,False
202603036775088,XC,2026-03-03,MAR,TUE,False,,EDB,1005,1004.0,DAR,1210.0,1209.0,-1.0,1213,1212.0,-1.0,190.0,BHM,1506.0,1520.0,14.0,True
202603036775202,XC,2026-03-03,MAR,TUE,False,,NCL,1233,1232.0,DAR,1303.0,1301.0,-2.0,1305,1305.0,0.0,50.0,BHM,1528.0,1532.0,4.0,True
202603036775091,XC,2026-03-03,MAR,TUE,False,,EDB,1205,1205.0,DAR,1410.0,1409.0,-1.0,1412,1411.0,-1.0,190.0,BHM,1706.0,1715.0,9.0,True
202603036775096,XC,2026-03-03,MAR,TUE,False,871.0,EDB,1404,1403.0,DAR,1610.0,1610.0,0.0,1611,1612.0,1.0,190.0,BHM,1907.0,1926.0,19.0,True
202603036775190,XC,2026-03-03,MAR,TUE,False,579.0,NCL,1634,1635.0,DAR,1704.0,1703.0,-1.0,1705,1705.0,0.0,50.0,BHM,1931.0,2000.0,29.0,True
202603036775102,XC,2026-03-03,MAR,TUE,False,886.0,EDB,1605,1618.0,DAR,1810.0,1825.0,15.0,1812,1827.0,15.0,190.0,BHM,2107.0,2117.0,10.0,True
202603036775187,XC,2026-03-03,MAR,TUE,False,,NCL,1833,1835.0,DAR,1904.0,1906.0,2.0,1906,1907.0,1.0,50.0,BHM,2126.0,2135.0,9.0,True
202603036775079,XC,2026-03-03,MAR,TUE,False,,EDB,1804,1803.0,DAR,2010.0,2008.0,-2.0,2011,2011.0,0.0,190.0,BHM,2328.0,2325.0,-3.0,False
202603046775461,XC,2026-03-04,MAR,WED,False,,NCL,518,518.0,DAR,550.0,555.0,5.0,552,557.0,5.0,50.0,BHM,828.0,829.0,1.0,True
202603046775196,XC,2026-03-04,MAR,WED,False,,NCL,623,623.0,DAR,652.0,652.0,0.0,654,654.0,0.0,50.0,BHM,928.0,927.0,-1.0,False
202603046775192,XC,2026-03-04,MAR,WED,False,,NCL,640,639.0,DAR,709.0,708.0,-1.0,710,709.0,-1.0,50.0,BHM,1004.0,1005.0,1.0,True
202603046775082,XC,2026-03-04,MAR,WED,False,,EDB,602,602.0,DAR,810.0,808.0,-2.0,811,811.0,0.0,190.0,BHM,1106.0,1107.0,1.0,True
202603046775198,XC,2026-03-04,MAR,WED,False,,NCL,835,835.0,DAR,904.0,903.0,-1.0,906,906.0,0.0,50.0,BHM,1127.0,1129.0,2.0,True
202603046775118,XC,2026-03-04,MAR,WED,False,,GLC,648,647.0,DAR,1010.0,1009.0,-1.0,1011,1011.0,0.0,228.0,BHM,1306.0,1308.0,2.0,True
202603046775200,XC,2026-03-04,MAR,WED,False,,NCL,1033,1033.0,DAR,1104.0,1103.0,-1.0,1105,1105.0,0.0,50.0,BHM,1328.0,1332.0,4.0,True
202603046775088,XC,2026-03-04,MAR,WED,False,,EDB,1005,1005.0,DAR,1210.0,1209.0,-1.0,1213,1213.0,0.0,190.0,BHM,1506.0,1505.0,-1.0,False
202603046775202,XC,2026-03-04,MAR,WED,False,,NCL,1233,1232.0,DAR,1303.0,1301.0,-2.0,1305,1305.0,0.0,50.0,BHM,1528.0,1527.0,-1.0,False
202603046775091,XC,2026-03-04,MAR,WED,False,,EDB,1205,1204.0,DAR,1410.0,1409.0,-1.0,1412,1412.0,0.0,190.0,BHM,1706.0,1704.0,-2.0,False
202603046775204,XC,2026-03-04,MAR,WED,False,,NCL,1434,1433.0,DAR,1504.0,1503.0,-1.0,1506,1506.0,0.0,50.0,BHM,1727.0,1725.0,-2.0,False
202603046775096,XC,2026-03-04,MAR,WED,False,,EDB,1404,1403.0,DAR,1610.0,1610.0,0.0,1611,1612.0,1.0,190.0,BHM,1907.0,1907.0,0.0,False
202603046775190,XC,2026-03-04,MAR,WED,False,,NCL,1634,1633.0,DAR,1704.0,1704.0,0.0,1705,1706.0,1.0,50.0,BHM,1931.0,1933.0,2.0,True
202603046775102,XC,2026-03-04,MAR,WED,False,880.0,EDB,1605,1604.0,DAR,1810.0,1809.0,-1.0,1812,1812.0,0.0,190.0,BHM,2107.0,2113.0,6.0,True
202603046775187,XC,2026-03-04,MAR,WED,False,880.0,NCL,1833,1837.0,DAR,1904.0,1906.0,2.0,1906,1908.0,2.0,50.0,BHM,2126.0,2134.0,8.0,True
202603046775079,XC,2026-03-04,MAR,WED,False,880.0,EDB,1804,1803.0,DAR,2010.0,2007.0,-3.0,2011,2010.0,-1.0,190.0,BHM,2328.0,2326.0,-2.0,False
202603056775461,XC,2026-03-05,MAR,THU,False,832.0,NCL,518,517.0,DAR,550.0,548.0,-2.0,552,551.0,-1.0,50.0,BHM,828.0,852.0,24.0,True
202603056775196,XC,2026-03-05,MAR,THU,False,,NCL,623,623.0,DAR,652.0,652.0,0.0,654,654.0,0.0,50.0,BHM,928.0,931.0,3.0,True
202603056775192,XC,2026-03-05,MAR,THU,False,,NCL,640,640.0,DAR,709.0,709.0,0.0,710,711.0,1.0,50.0,BHM,1004.0,1003.0,-1.0,False
202603056775082,XC,2026-03-05,MAR,THU,False,,EDB,602,601.0,DAR,810.0,808.0,-2.0,811,811.0,0.0,190.0,BHM,1106.0,1105.0,-1.0,False
202603056775198,XC,2026-03-05,MAR,THU,False,,NCL,835,835.0,DAR,904.0,904.0,0.0,906,906.0,0.0,50.0,BHM,1127.0,1131.0,4.0,True
202603056775118,XC,2026-03-05,MAR,THU,False,,GLC,648,647.0,DAR,1010.0,1008.0,-2.0,1011,1011.0,0.0,228.0,BHM,1306.0,1308.0,2.0,True
202603056775200,XC,2026-03-05,MAR,THU,False,,NCL,1033,1033.0,DAR,1104.0,1105.0,1.0,1105,1108.0,3.0,50.0,BHM,1328.0,1336.0,8.0,True
202603056775088,XC,2026-03-05,MAR,THU,False,547.0,EDB,1005,1005.0,DAR,1210.0,1211.0,1.0,1213,1213.0,0.0,190.0,BHM,1506.0,1524.0,18.0,True
202603056775202,XC,2026-03-05,MAR,THU,False,,NCL,1233,1233.0,DAR,1303.0,1303.0,0.0,1305,1306.0,1.0,50.0,BHM,1528.0,1528.0,0.0,False
202603056775091,XC,2026-03-05,MAR,THU,False,,EDB,1205,1204.0,DAR,1410.0,1409.0,-1.0,1412,1412.0,0.0,190.0,BHM,1706.0,1706.0,0.0,False
202603056775204,XC,2026-03-05,MAR,THU,False,,NCL,1434,1436.0,DAR,1504.0,1506.0,2.0,1506,1508.0,2.0,50.0,BHM,1727.0,1734.0,7.0,True
202603056775096,XC,2026-03-05,MAR,THU,False,,EDB,1404,1403.0,DAR,1610.0,1608.0,-2.0,1611,1612.0,1.0,190.0,BHM,1907.0,1905.0,-2.0,False
202603056775190,XC,2026-03-05,MAR,THU,False,,NCL,1634,1634.0,DAR,1704.0,1703.0,-1.0,1705,1706.0,1.0,50.0,BHM,1931.0,1927.0,-4.0,False
202603056775102,XC,2026-03-05,MAR,THU,False,,EDB,1605,1605.0,DAR,1810.0,1810.0,0.0,1812,1812.0,0.0,190.0,BHM,2107.0,2105.0,-2.0,False
202603056775187,XC,2026-03-05,MAR,THU,False,,NCL,1833,1834.0,DAR,1904.0,1904.0,0.0,1906,1906.0,0.0,50.0,BHM,2126.0,2133.0,7.0,True
202603056775079,XC,2026-03-05,MAR,THU,False,,EDB,1804,1803.0,DAR,2010.0,2009.0,-1.0,2011,2011.0,0.0,190.0,BHM,2328.0,2336.0,8.0,True
202603066775461,XC,2026-03-06,MAR,FRI,False,,NCL,518,518.0,DAR,550.0,549.0,-1.0,552,552.0,0.0,50.0,BHM,828.0,835.0,7.0,True
202603066775196,XC,2026-03-06,MAR,FRI,False,,NCL,623,625.0,DAR,652.0,654.0,2.0,654,655.0,1.0,50.0,BHM,928.0,934.0,6.0,True
202603066775192,XC,2026-03-06,MAR,FRI,False,,NCL,640,640.0,DAR,709.0,708.0,-1.0,710,710.0,0.0,50.0,BHM,1004.0,1009.0,5.0,True
202603066775082,XC,2026-03-06,MAR,FRI,False,,EDB,602,602.0,DAR,810.0,808.0,-2.0,811,810.0,-1.0,190.0,BHM,1106.0,1110.0,4.0,True
202603066775198,XC,2026-03-06,MAR,FRI,False,,NCL,835,834.0,DAR,904.0,905.0,1.0,906,906.0,0.0,50.0,BHM,1127.0,1125.0,-2.0,False
202603066775118,XC,2026-03-06,MAR,FRI,False,,GLC,648,647.0,DAR,1010.0,1008.0,-2.0,1011,1010.0,-1.0,228.0,BHM,1306.0,1309.0,3.0,True
202603066775200,XC,2026-03-06,MAR,FRI,False,904.0,NCL,1033,1033.0,DAR,1104.0,1110.0,6.0,1105,1113.0,8.0,50.0,BHM,1328.0,1331.0,3.0,True
202603066775088,XC,2026-03-06,MAR,FRI,False,536.0,EDB,1005,1004.0,DAR,1210.0,1210.0,0.0,1213,1213.0,0.0,190.0,BHM,1506.0,1520.0,14.0,True
202603066775202,XC,2026-03-06,MAR,FRI,False,,NCL,1233,1233.0,DAR,1303.0,1302.0,-1.0,1305,1305.0,0.0,50.0,BHM,1528.0,1529.0,1.0,True
202603066775091,XC,2026-03-06,MAR,FRI,False,,EDB,1205,1204.0,DAR,1410.0,1409.0,-1.0,1412,1411.0,-1.0,190.0,BHM,1706.0,1705.0,-1.0,False
202603066775204,XC,2026-03-06,MAR,FRI,False,,NCL,1434,1433.0,DAR,1504.0,1503.0,-1.0,1506,1506.0,0.0,50.0,BHM,1727.0,1730.0,3.0,True
202603066775096,XC,2026-03-06,MAR,FRI,False,,EDB,1404,1403.0,DAR,1610.0,1608.0,-2.0,1611,1611.0,0.0,190.0,BHM,1907.0,1905.0,-2.0,False
202603066775190,XC,2026-03-06,MAR,FRI,False,913.0,NCL,1634,1647.0,DAR,1704.0,1718.0,14.0,1705,1721.0,16.0,50.0,BHM,1931.0,1959.0,28.0,True
202603066775102,XC,2026-03-06,MAR,FRI,False,,EDB,1605,1604.0,DAR,1810.0,1809.0,-1.0,1812,1811.0,-1.0,190.0,BHM,2107.0,2104.0,-3.0,False
202603066775187,XC,2026-03-06,MAR,FRI,False,,NCL,1833,1833.0,DAR,1904.0,1901.0,-3.0,1906,1906.0,0.0,50.0,BHM,2126.0,2130.0,4.0,True
202603066775079,XC,2026-03-06,MAR,FRI,False,,EDB,1804,1804.0,DAR,2010.0,2009.0,-1.0,2011,2012.0,1.0,190.0,BHM,2328.0,2327.0,-1.0,False
202603096775461,XC,2026-03-09,MAR,MON,False,,NCL,518,517.0,DAR,550.0,550.0,0.0,552,552.0,0.0,50.0,BHM,828.0,835.0,7.0,True
202603096775196,XC,2026-03-09,MAR,MON,False,,NCL,623,623.0,DAR,652.0,654.0,2.0,654,656.0,2.0,50.0,BHM,928.0,934.0,6.0,True
202603096775192,XC,2026-03-09,MAR,MON,False,,NCL,640,640.0,DAR,709.0,709.0,0.0,710,711.0,1.0,50.0,BHM,1004.0,1003.0,-1.0,False
202603096775082,XC,2026-03-09,MAR,MON,False,,EDB,602,602.0,DAR,810.0,810.0,0.0,811,812.0,1.0,190.0,BHM,1106.0,1104.0,-2.0,False
202603096775198,XC,2026-03-09,MAR,MON,False,,NCL,835,836.0,DAR,904.0,905.0,1.0,906,907.0,1.0,50.0,BHM,1127.0,1131.0,4.0,True
202603096775118,XC,2026-03-09,MAR,MON,False,574.0,GLC,648,,DAR,1010.0,1019.0,9.0,1011,1022.0,11.0,228.0,BHM,1306.0,1313.0,7.0,True
202603096775200,XC,2026-03-09,MAR,MON,False,547.0,NCL,1033,1035.0,DAR,1104.0,1106.0,2.0,1105,1108.0,3.0,50.0,BHM,1328.0,1342.0,14.0,True
202603096775088,XC,2026-03-09,MAR,MON,False,,EDB,1005,1004.0,DAR,1210.0,1210.0,0.0,1213,1213.0,0.0,190.0,BHM,1506.0,1512.0,6.0,True
202603096775202,XC,2026-03-09,MAR,MON,False,,NCL,1233,1233.0,DAR,1303.0,1303.0,0.0,1305,1306.0,1.0,50.0,BHM,1528.0,1527.0,-1.0,False
202603096775091,XC,2026-03-09,MAR,MON,False,904.0,EDB,1205,1204.0,DAR,1410.0,1410.0,0.0,1412,1411.0,-1.0,190.0,BHM,1706.0,1714.0,8.0,True
202603096775204,XC,2026-03-09,MAR,MON,False,904.0,NCL,1434,1437.0,DAR,1504.0,1510.0,6.0,1506,1512.0,6.0,50.0,BHM,1727.0,1748.0,21.0,True
202603096775096,XC,2026-03-09,MAR,MON,False,,EDB,1404,1403.0,DAR,1610.0,1608.0,-2.0,1611,1610.0,-1.0,190.0,BHM,1907.0,1906.0,-1.0,False
202603096775190,XC,2026-03-09,MAR,MON,False,,NCL,1634,1633.0,DAR,1704.0,1702.0,-2.0,1705,1704.0,-1.0,50.0,BHM,1931.0,1932.0,1.0,True
202603096775102,XC,2026-03-09,MAR,MON,False,,EDB,1605,1605.0,DAR,1810.0,1809.0,-1.0,1812,1812.0,0.0,190.0,BHM,2107.0,2105.0,-2.0,False
202603096775187,XC,2026-03-09,MAR,MON,False,,NCL,1833,1833.0,DAR,1904.0,1902.0,-2.0,1906,1906.0,0.0,50.0,BHM,2126.0,2124.0,-2.0,False
202603096775079,XC,2026-03-09,MAR,MON,False,904.0,EDB,1804,1804.0,DAR,2010.0,2021.0,11.0,2011,2023.0,12.0,190.0,BHM,2328.0,2326.0,-2.0,False
202603106775461,XC,2026-03-10,MAR,TUE,False,,NCL,518,517.0,DAR,550.0,549.0,-1.0,552,553.0,1.0,50.0,BHM,828.0,834.0,6.0,True
202603106775196,XC,2026-03-10,MAR,TUE,False,,NCL,623,624.0,DAR,652.0,653.0,1.0,654,655.0,1.0,50.0,BHM,928.0,931.0,3.0,True
202603106775192,XC,2026-03-10,MAR,TUE,False,576.0,NCL,640,640.0,DAR,709.0,709.0,0.0,710,710.0,0.0,50.0,BHM,1004.0,1003.0,-1.0,False
202603106775082,XC,2026-03-10,MAR,TUE,False,904.0,EDB,602,602.0,DAR,810.0,809.0,-1.0,811,811.0,0.0,190.0,BHM,1106.0,1107.0,1.0,True
202603106775198,XC,2026-03-10,MAR,TUE,False,,NCL,835,836.0,DAR,904.0,903.0,-1.0,906,906.0,0.0,50.0,BHM,1127.0,1126.0,-1.0,False
202603106775118,XC,2026-03-10,MAR,TUE,False,887.0,GLC,648,,DAR,1010.0,1016.0,6.0,1011,1019.0,8.0,228.0,BHM,1306.0,1319.0,13.0,True
202603106775200,XC,2026-03-10,MAR,TUE,False,,NCL,1033,1035.0,DAR,1104.0,1106.0,2.0,1105,1108.0,3.0,50.0,BHM,1328.0,1331.0,3.0,True
202603106775088,XC,2026-03-10,MAR,TUE,False,,EDB,1005,1004.0,DAR,1210.0,1208.0,-2.0,1213,1213.0,0.0,190.0,BHM,1506.0,1507.0,1.0,True
202603106775202,XC,2026-03-10,MAR,TUE,False,,NCL,1233,1233.0,DAR,1303.0,1300.0,-3.0,1305,1305.0,0.0,50.0,BHM,1528.0,1532.0,4.0,True
202603106775091,XC,2026-03-10,MAR,TUE,False,,EDB,1205,1204.0,DAR,1410.0,1413.0,3.0,1412,1416.0,4.0,190.0,BHM,1706.0,1707.0,1.0,True
202603106775204,XC,2026-03-10,MAR,TUE,False,576.0,NCL,1434,1434.0,DAR,1504.0,1501.0,-3.0,1506,1506.0,0.0,50.0,BHM,1727.0,1802.0,35.0,True
202603106775096,XC,2026-03-10,MAR,TUE,False,,EDB,1404,1404.0,DAR,1610.0,1607.0,-3.0,1611,1610.0,-1.0,190.0,BHM,1907.0,1906.0,-1.0,False
202603106775190,XC,2026-03-10,MAR,TUE,False,,NCL,1634,1634.0,DAR,1704.0,1702.0,-2.0,1705,1705.0,0.0,50.0,BHM,1931.0,1931.0,0.0,False
202603106775102,XC,2026-03-10,MAR,TUE,False,,EDB,1605,1604.0,DAR,1810.0,1808.0,-2.0,1812,1812.0,0.0,190.0,BHM,2107.0,2105.0,-2.0,False
202603106775187,XC,2026-03-10,MAR,TUE,False,,NCL,1833,1838.0,DAR,1904.0,1906.0,2.0,1906,1908.0,2.0,50.0,BHM,2126.0,2133.0,7.0,True
202603106775079,XC,2026-03-10,MAR,TUE,False,650.0,EDB,1804,1814.0,DAR,2010.0,2020.0,10.0,2011,2023.0,12.0,190.0,BHM,2328.0,2327.0,-1.0,False
202603116775461,XC,2026-03-11,MAR,WED,False,,NCL,518,518.0,DAR,550.0,547.0,-3.0,552,552.0,0.0,50.0,BHM,828.0,831.0,3.0,True
202603116775196,XC,2026-03-11,MAR,WED,False,,NCL,623,623.0,DAR,652.0,651.0,-1.0,654,654.0,0.0,50.0,BHM,928.0,927.0,-1.0,False
202603116775192,XC,2026-03-11,MAR,WED,False,,NCL,640,640.0,DAR,709.0,707.0,-2.0,710,710.0,0.0,50.0,BHM,1004.0,1002.0,-2.0,False
202603116775082,XC,2026-03-11,MAR,WED,False,,EDB,602,601.0,DAR,810.0,808.0,-2.0,811,811.0,0.0,190.0,BHM,1106.0,1106.0,0.0,False
202603116775118,XC,2026-03-11,MAR,WED,False,,GLC,648,,DAR,1010.0,1007.0,-3.0,1011,1011.0,0.0,228.0,BHM,1306.0,1311.0,5.0,True
202603116775200,XC,2026-03-11,MAR,WED,False,,NCL,1033,1033.0,DAR,1104.0,1101.0,-3.0,1105,1105.0,0.0,50.0,BHM,1328.0,1331.0,3.0,True
202603116775088,XC,2026-03-11,MAR,WED,False,,EDB,1005,1004.0,DAR,1210.0,1208.0,-2.0,1213,1213.0,0.0,190.0,BHM,1506.0,1506.0,0.0,False
202603116775202,XC,2026-03-11,MAR,WED,False,,NCL,1233,1233.0,DAR,1303.0,1300.0,-3.0,1305,1304.0,-1.0,50.0,BHM,1528.0,1527.0,-1.0,False
202603116775091,XC,2026-03-11,MAR,WED,False,,EDB,1205,1204.0,DAR,1410.0,1408.0,-2.0,1412,1413.0,1.0,190.0,BHM,1706.0,1705.0,-1.0,False
202603116775204,XC,2026-03-11,MAR,WED,False,904.0,NCL,1434,1434.0,DAR,1504.0,1508.0,4.0,1506,1511.0,5.0,50.0,BHM,1727.0,1733.0,6.0,True
202603116775096,XC,2026-03-11,MAR,WED,False,904.0,EDB,1404,1403.0,DAR,1610.0,1607.0,-3.0,1611,1610.0,-1.0,190.0,BHM,1907.0,1907.0,0.0,False
202603116775190,XC,2026-03-11,MAR,WED,False,,NCL,1634,1634.0,DAR,1704.0,1703.0,-1.0,1705,1706.0,1.0,50.0,BHM,1931.0,1933.0,2.0,True
202603116775102,XC,2026-03-11,MAR,WED,False,,EDB,1605,1605.0,DAR,1810.0,1808.0,-2.0,1812,1812.0,0.0,190.0,BHM,2107.0,2106.0,-1.0,False
202603116775187,XC,2026-03-11,MAR,WED,False,910.0,NCL,1833,1834.0,DAR,1904.0,1903.0,-1.0,1906,1906.0,0.0,50.0,BHM,2126.0,2211.0,45.0,True
202603116775079,XC,2026-03-11,MAR,WED,False,,EDB,1804,1803.0,DAR,2010.0,2009.0,-1.0,2011,2011.0,0.0,190.0,BHM,2328.0,2336.0,8.0,True
202603126775461,XC,2026-03-12,MAR,THU,False,,NCL,518,517.0,DAR,550.0,553.0,3.0,552,557.0,5.0,50.0,BHM,828.0,829.0,1.0,True
202603126775196,XC,2026-03-12,MAR,THU,False,,NCL,623,623.0,DAR,652.0,652.0,0.0,654,655.0,1.0,50.0,BHM,928.0,926.0,-2.0,False
202603126775192,XC,2026-03-12,MAR,THU,False,,NCL,640,640.0,DAR,709.0,708.0,-1.0,710,712.0,2.0,50.0,BHM,1004.0,1011.0,7.0,True
202603126775082,XC,2026-03-12,MAR,THU,False,574.0,EDB,602,602.0,DAR,810.0,811.0,1.0,811,814.0,3.0,190.0,BHM,1106.0,1105.0,-1.0,False
202603126775198,XC,2026-03-12,MAR,THU,False,,NCL,835,835.0,DAR,904.0,903.0,-1.0,906,906.0,0.0,50.0,BHM,1127.0,1127.0,0.0,False
202603126775118,XC,2026-03-12,MAR,THU,False,832.0,GLC,648,,DAR,1010.0,1012.0,2.0,1011,1015.0,4.0,228.0,BHM,1306.0,1319.0,13.0,True
202603126775200,XC,2026-03-12,MAR,THU,False,656.0,NCL,1033,1035.0,DAR,1104.0,1104.0,0.0,1105,1107.0,2.0,50.0,BHM,1328.0,1333.0,5.0,True
202603126775088,XC,2026-03-12,MAR,THU,False,832.0,EDB,1005,1004.0,DAR,1210.0,1209.0,-1.0,1213,1213.0,0.0,190.0,BHM,1506.0,1533.0,27.0,True
202603126775202,XC,2026-03-12,MAR,THU,False,904.0,NCL,1233,1233.0,DAR,1303.0,1306.0,3.0,1305,1309.0,4.0,50.0,BHM,1528.0,1536.0,8.0,True
202603126775091,XC,2026-03-12,MAR,THU,False,,EDB,1205,1204.0,DAR,1410.0,1409.0,-1.0,1412,1412.0,0.0,190.0,BHM,1706.0,1706.0,0.0,False
202603126775204,XC,2026-03-12,MAR,THU,False,904.0,NCL,1434,1436.0,DAR,1504.0,1504.0,0.0,1506,1506.0,0.0,50.0,BHM,1727.0,1749.0,22.0,True
202603126775096,XC,2026-03-12,MAR,THU,False,908.0,EDB,1404,1403.0,DAR,1610.0,1607.0,-3.0,1611,1611.0,0.0,190.0,BHM,1907.0,1911.0,4.0,True
202603126775190,XC,2026-03-12,MAR,THU,False,,NCL,1634,1635.0,DAR,1704.0,1703.0,-1.0,1705,1706.0,1.0,50.0,BHM,1931.0,1937.0,6.0,True
202603126775102,XC,2026-03-12,MAR,THU,False,,EDB,1605,1606.0,DAR,1810.0,1809.0,-1.0,1812,1812.0,0.0,190.0,BHM,2107.0,2135.0,28.0,True
202603126775187,XC,2026-03-12,MAR,THU,False,832.0,NCL,1833,1832.0,DAR,1904.0,1902.0,-2.0,1906,1907.0,1.0,50.0,BHM,2126.0,2209.0,43.0,True
202603126775079,XC,2026-03-12,MAR,THU,False,,EDB,1804,1804.0,DAR,2010.0,2007.0,-3.0,2011,2010.0,-1.0,190.0,BHM,2328.0,2327.0,-1.0,False
202603136775461,XC,2026-03-13,MAR,FRI,False,,NCL,518,518.0,DAR,550.0,547.0,-3.0,552,552.0,0.0,50.0,BHM,828.0,830.0,2.0,True
202603136775196,XC,2026-03-13,MAR,FRI,False,,NCL,623,623.0,DAR,652.0,650.0,-2.0,654,654.0,0.0,50.0,BHM,928.0,927.0,-1.0,False
202603136775192,XC,2026-03-13,MAR,FRI,False,,NCL,640,640.0,DAR,709.0,707.0,-2.0,710,710.0,0.0,50.0,BHM,1004.0,1004.0,0.0,False
202603136775082,XC,2026-03-13,MAR,FRI,False,,EDB,602,602.0,DAR,810.0,808.0,-2.0,811,810.0,-1.0,190.0,BHM,1106.0,1112.0,6.0,True
202603136775198,XC,2026-03-13,MAR,FRI,False,,NCL,835,835.0,DAR,904.0,903.0,-1.0,906,907.0,1.0,50.0,BHM,1127.0,1130.0,3.0,True
202603136775118,XC,2026-03-13,MAR,FRI,False,,EDB,808,807.0,DAR,1010.0,1006.0,-4.0,1011,1011.0,0.0,190.0,BHM,1306.0,1307.0,1.0,True
202603136775200,XC,2026-03-13,MAR,FRI,False,,NCL,1033,1033.0,DAR,1104.0,1102.0,-2.0,1105,1107.0,2.0,50.0,BHM,1328.0,1333.0,5.0,True
202603136775088,XC,2026-03-13,MAR,FRI,False,,EDB,1005,1004.0,DAR,1210.0,1209.0,-1.0,1213,1213.0,0.0,190.0,BHM,1506.0,1509.0,3.0,True
202603136775202,XC,2026-03-13,MAR,FRI,False,,NCL,1233,1233.0,DAR,1303.0,1302.0,-1.0,1305,1306.0,1.0,50.0,BHM,1528.0,1525.0,-3.0,False
202603136775091,XC,2026-03-13,MAR,FRI,False,,EDB,1205,1204.0,DAR,1410.0,1407.0,-3.0,1412,1411.0,-1.0,190.0,BHM,1706.0,1711.0,5.0,True
202603136775204,XC,2026-03-13,MAR,FRI,False,895.0,NCL,1434,1444.0,DAR,1504.0,1515.0,11.0,1506,1518.0,12.0,50.0,BHM,1727.0,1748.0,21.0,True
202603136775096,XC,2026-03-13,MAR,FRI,False,,EDB,1404,1403.0,DAR,1610.0,1608.0,-2.0,1611,1611.0,0.0,190.0,BHM,1907.0,1904.0,-3.0,False
202603136775102,XC,2026-03-13,MAR,FRI,False,,EDB,1605,1608.0,DAR,1810.0,1808.0,-2.0,1812,1811.0,-1.0,190.0,BHM,2107.0,2108.0,1.0,True
202603136775187,XC,2026-03-13,MAR,FRI,False,,NCL,1833,1835.0,DAR,1904.0,1905.0,1.0,1906,1908.0,2.0,50.0,BHM,2126.0,2138.0,12.0,True
202603136775079,XC,2026-03-13,MAR,FRI,False,,EDB,1804,1803.0,DAR,2010.0,2007.0,-3.0,2011,2010.0,-1.0,190.0,BHM,2328.0,2332.0,4.0,True
202603166775461,XC,2026-03-16,MAR,MON,False,,NCL,518,518.0,DAR,550.0,549.0,-1.0,552,552.0,0.0,50.0,BHM,828.0,828.0,0.0,False
202603166775196,XC,2026-03-16,MAR,MON,False,574.0,NCL,623,631.0,DAR,652.0,700.0,8.0,654,703.0,9.0,50.0,BHM,928.0,929.0,1.0,True
202603166775192,XC,2026-03-16,MAR,MON,False,,NCL,640,640.0,DAR,709.0,708.0,-1.0,710,712.0,2.0,50.0,BHM,1004.0,1004.0,0.0,False
202603166775082,XC,2026-03-16,MAR,MON,False,,EDB,602,602.0,DAR,810.0,814.0,4.0,811,818.0,7.0,190.0,BHM,1106.0,1120.0,14.0,True
202603166775198,XC,2026-03-16,MAR,MON,False,,NCL,835,835.0,DAR,904.0,902.0,-2.0,906,906.0,0.0,50.0,BHM,1127.0,1131.0,4.0,True
202603166775118,XC,2026-03-16,MAR,MON,False,,EDB,808,807.0,DAR,1010.0,1007.0,-3.0,1011,1011.0,0.0,190.0,BHM,1306.0,1308.0,2.0,True
202603166775088,XC,2026-03-16,MAR,MON,False,,EDB,1005,1004.0,DAR,1210.0,1208.0,-2.0,1213,1213.0,0.0,190.0,BHM,1506.0,1518.0,12.0,True
202603166775202,XC,2026-03-16,MAR,MON,False,574.0,NCL,1233,1235.0,DAR,1303.0,1305.0,2.0,1305,1310.0,5.0,50.0,BHM,1528.0,1558.0,30.0,True
202603166775091,XC,2026-03-16,MAR,MON,False,,EDB,1205,1204.0,DAR,1410.0,1407.0,-3.0,1412,1411.0,-1.0,190.0,BHM,1706.0,1708.0,2.0,True
202603166775204,XC,2026-03-16,MAR,MON,False,,NCL,1434,1434.0,DAR,1504.0,1504.0,0.0,1506,1507.0,1.0,50.0,BHM,1727.0,1726.0,-1.0,False
202603166775096,XC,2026-03-16,MAR,MON,False,573.0,EDB,1404,1404.0,DAR,1610.0,1609.0,-1.0,1611,1612.0,1.0,190.0,BHM,1907.0,1954.0,47.0,True
202603166775190,XC,2026-03-16,MAR,MON,False,573.0,NCL,1634,1634.0,DAR,1704.0,1702.0,-2.0,1705,1707.0,2.0,50.0,BHM,1931.0,2003.0,32.0,True
202603166775102,XC,2026-03-16,MAR,MON,False,,EDB,1605,1605.0,DAR,1810.0,1810.0,0.0,1812,1814.0,2.0,190.0,BHM,2107.0,2110.0,3.0,True
202603166775187,XC,2026-03-16,MAR,MON,False,,NCL,1833,1841.0,DAR,1904.0,1910.0,6.0,1906,1913.0,7.0,50.0,BHM,2126.0,2133.0,7.0,True
202603166775079,XC,2026-03-16,MAR,MON,False,,EDB,1804,1803.0,DAR,2010.0,2007.0,-3.0,2011,2010.0,-1.0,190.0,BHM,2328.0,2325.0,-3.0,False
202603176775461,XC,2026-03-17,MAR,TUE,False,,NCL,518,518.0,DAR,550.0,547.0,-3.0,552,552.0,0.0,50.0,BHM,828.0,831.0,3.0,True
202603176775196,XC,2026-03-17,MAR,TUE,False,,NCL,623,625.0,DAR,652.0,652.0,0.0,654,655.0,1.0,50.0,BHM,928.0,927.0,-1.0,False
202603176775192,XC,2026-03-17,MAR,TUE,False,,NCL,640,640.0,DAR,709.0,709.0,0.0,710,712.0,2.0,50.0,BHM,1004.0,1004.0,0.0,False
202603176775082,XC,2026-03-17,MAR,TUE,False,576.0,EDB,602,601.0,DAR,810.0,817.0,7.0,811,820.0,9.0,190.0,BHM,1106.0,1128.0,22.0,True
202603176775198,XC,2026-03-17,MAR,TUE,False,,NCL,835,836.0,DAR,904.0,905.0,1.0,906,907.0,1.0,50.0,BHM,1127.0,1132.0,5.0,True
202603176775118,XC,2026-03-17,MAR,TUE,False,,EDB,808,807.0,DAR,1010.0,1014.0,4.0,1011,1018.0,7.0,190.0,BHM,1306.0,1310.0,4.0,True
202603176775200,XC,2026-03-17,MAR,TUE,False,,NCL,1033,1033.0,DAR,1104.0,1102.0,-2.0,1105,1105.0,0.0,50.0,BHM,1328.0,1329.0,1.0,True
202603176775088,XC,2026-03-17,MAR,TUE,False,,EDB,1005,1004.0,DAR,1210.0,1210.0,0.0,1213,1214.0,1.0,190.0,BHM,1506.0,1518.0,12.0,True
202603176775202,XC,2026-03-17,MAR,TUE,False,896.0,NCL,1233,1233.0,DAR,1303.0,1304.0,1.0,1305,1306.0,1.0,50.0,BHM,1528.0,1538.0,10.0,True
202603176775091,XC,2026-03-17,MAR,TUE,False,,EDB,1205,1204.0,DAR,1410.0,1409.0,-1.0,1412,1412.0,0.0,190.0,BHM,1706.0,1711.0,5.0,True
202603176775204,XC,2026-03-17,MAR,TUE,False,895.0,NCL,1434,1435.0,DAR,1504.0,1502.0,-2.0,1506,1507.0,1.0,50.0,BHM,1727.0,1759.0,32.0,True
202603176775096,XC,2026-03-17,MAR,TUE,False,896.0,EDB,1404,1403.0,DAR,1610.0,1614.0,4.0,1611,1617.0,6.0,190.0,BHM,1907.0,1922.0,15.0,True
202603176775190,XC,2026-03-17,MAR,TUE,False,896.0,NCL,1634,1635.0,DAR,1704.0,1704.0,0.0,1705,1709.0,4.0,50.0,BHM,1931.0,1940.0,9.0,True
202603176775102,XC,2026-03-17,MAR,TUE,False,895.0,EDB,1605,1605.0,DAR,1810.0,1825.0,15.0,1812,1830.0,18.0,190.0,BHM,2107.0,2128.0,21.0,True
202603176775187,XC,2026-03-17,MAR,TUE,False,,NCL,1833,1833.0,DAR,1904.0,1902.0,-2.0,1906,1905.0,-1.0,50.0,BHM,2126.0,2133.0,7.0,True
202603176775079,XC,2026-03-17,MAR,TUE,False,,EDB,1804,1804.0,DAR,2010.0,2017.0,7.0,2011,2021.0,10.0,190.0,BHM,2328.0,2325.0,-3.0,False
202603186775461,XC,2026-03-18,MAR,WED,False,,NCL,518,518.0,DAR,550.0,547.0,-3.0,552,552.0,0.0,50.0,BHM,828.0,831.0,3.0,True
202603186775196,XC,2026-03-18,MAR,WED,False,,NCL,623,623.0,DAR,652.0,651.0,-1.0,654,654.0,0.0,50.0,BHM,928.0,927.0,-1.0,False
202603186775192,XC,2026-03-18,MAR,WED,False,,NCL,640,640.0,DAR,709.0,708.0,-1.0,710,711.0,1.0,50.0,BHM,1004.0,1005.0,1.0,True
202603186775082,XC,2026-03-18,MAR,WED,False,895.0,EDB,602,602.0,DAR,810.0,807.0,-3.0,811,810.0,-1.0,190.0,BHM,1106.0,1112.0,6.0,True
202603186775198,XC,2026-03-18,MAR,WED,False,,NCL,835,842.0,DAR,904.0,908.0,4.0,906,911.0,5.0,50.0,BHM,1127.0,1136.0,9.0,True
202603186775118,XC,2026-03-18,MAR,WED,False,,EDB,808,807.0,DAR,1010.0,1007.0,-3.0,1011,1010.0,-1.0,190.0,BHM,1306.0,1310.0,4.0,True
202603186775200,XC,2026-03-18,MAR,WED,False,,NCL,1033,1035.0,DAR,1104.0,1104.0,0.0,1105,1107.0,2.0,50.0,BHM,1328.0,1333.0,5.0,True
202603186775088,XC,2026-03-18,MAR,WED,False,,EDB,1005,1004.0,DAR,1210.0,1208.0,-2.0,1213,1213.0,0.0,190.0,BHM,1506.0,1508.0,2.0,True
202603186775202,XC,2026-03-18,MAR,WED,False,,NCL,1233,1235.0,DAR,1303.0,1305.0,2.0,1305,1309.0,4.0,50.0,BHM,1528.0,1530.0,2.0,True
202603186775091,XC,2026-03-18,MAR,WED,False,,EDB,1205,1204.0,DAR,1410.0,1408.0,-2.0,1412,1411.0,-1.0,190.0,BHM,1706.0,1710.0,4.0,True
202603186775204,XC,2026-03-18,MAR,WED,False,,NCL,1434,1434.0,DAR,1504.0,1502.0,-2.0,1506,1506.0,0.0,50.0,BHM,1727.0,1729.0,2.0,True
202603186775096,XC,2026-03-18,MAR,WED,False,576.0,EDB,1404,1403.0,DAR,1610.0,1609.0,-1.0,1611,1612.0,1.0,190.0,BHM,1907.0,1950.0,43.0,True
202603186775190,XC,2026-03-18,MAR,WED,False,576.0,NCL,1634,1634.0,DAR,1704.0,1725.0,21.0,1705,1730.0,25.0,50.0,BHM,1931.0,2006.0,35.0,True
202603186775102,XC,2026-03-18,MAR,WED,False,,EDB,1605,1604.0,DAR,1810.0,1808.0,-2.0,1812,1811.0,-1.0,190.0,BHM,2107.0,2108.0,1.0,True
202603186775187,XC,2026-03-18,MAR,WED,False,887.0,NCL,1833,1847.0,DAR,1904.0,1920.0,16.0,1906,1927.0,21.0,50.0,BHM,2126.0,2208.0,42.0,True
202603186775079,XC,2026-03-18,MAR,WED,False,,EDB,1804,1804.0,DAR,2010.0,2010.0,0.0,2011,2013.0,2.0,190.0,BHM,2328.0,2335.0,7.0,True
202603196775461,XC,2026-03-19,MAR,THU,False,,NCL,518,518.0,DAR,550.0,546.0,-4.0,552,551.0,-1.0,50.0,BHM,828.0,828.0,0.0,False
202603196775196,XC,2026-03-19,MAR,THU,False,,NCL,623,623.0,DAR,652.0,651.0,-1.0,654,654.0,0.0,50.0,BHM,928.0,925.0,-3.0,False
202603196775192,XC,2026-03-19,MAR,THU,False,,NCL,640,640.0,DAR,709.0,707.0,-2.0,710,710.0,0.0,50.0,BHM,1004.0,1006.0,2.0,True
202603196775082,XC,2026-03-19,MAR,THU,False,904.0,EDB,602,601.0,DAR,810.0,807.0,-3.0,811,811.0,0.0,190.0,BHM,1106.0,1119.0,13.0,True
202603196775198,XC,2026-03-19,MAR,THU,False,,NCL,835,834.0,DAR,904.0,903.0,-1.0,906,906.0,0.0,50.0,BHM,1127.0,1129.0,2.0,True
202603196775118,XC,2026-03-19,MAR,THU,False,579.0,EDB,808,822.0,DAR,1010.0,1038.0,28.0,1011,1043.0,32.0,190.0,BHM,1306.0,1400.0,54.0,True
202603196775200,XC,2026-03-19,MAR,THU,False,,NCL,1033,1035.0,DAR,1104.0,1103.0,-1.0,1105,1107.0,2.0,50.0,BHM,1328.0,1328.0,0.0,False
202603196775088,XC,2026-03-19,MAR,THU,False,,EDB,1005,1004.0,DAR,1210.0,1208.0,-2.0,1213,1213.0,0.0,190.0,BHM,1506.0,1509.0,3.0,True
202603196775202,XC,2026-03-19,MAR,THU,False,,NCL,1233,1233.0,DAR,1303.0,1301.0,-2.0,1305,1305.0,0.0,50.0,BHM,1528.0,1530.0,2.0,True
202603196775091,XC,2026-03-19,MAR,THU,False,,EDB,1205,1205.0,DAR,1410.0,1407.0,-3.0,1412,1411.0,-1.0,190.0,BHM,1706.0,1704.0,-2.0,False
202603196775204,XC,2026-03-19,MAR,THU,False,,NCL,1434,1434.0,DAR,1504.0,1503.0,-1.0,1506,1506.0,0.0,50.0,BHM,1727.0,1730.0,3.0,True
202603196775096,XC,2026-03-19,MAR,THU,False,,EDB,1404,1404.0,DAR,1610.0,1609.0,-1.0,1611,1613.0,2.0,190.0,BHM,1907.0,1921.0,14.0,True
202603196775190,XC,2026-03-19,MAR,THU,False,,NCL,1634,1635.0,DAR,1704.0,1701.0,-3.0,1705,1705.0,0.0,50.0,BHM,1931.0,1937.0,6.0,True
202603196775102,XC,2026-03-19,MAR,THU,False,,EDB,1605,1604.0,DAR,1810.0,1808.0,-2.0,1812,1812.0,0.0,190.0,BHM,2107.0,2111.0,4.0,True
202603196775187,XC,2026-03-19,MAR,THU,False,,NCL,1833,1836.0,DAR,1904.0,1903.0,-1.0,1906,1906.0,0.0,50.0,BHM,2126.0,2133.0,7.0,True
202603196775079,XC,2026-03-19,MAR,THU,False,910.0,EDB,1804,1804.0,DAR,2010.0,2036.0,26.0,2011,2039.0,28.0,190.0,BHM,2328.0,2338.0,10.0,True
202603206775196,XC,2026-03-20,MAR,FRI,False,,NCL,623,625.0,DAR,652.0,653.0,1.0,654,655.0,1.0,50.0,BHM,928.0,928.0,0.0,False
202603206775192,XC,2026-03-20,MAR,FRI,False,,NCL,640,640.0,DAR,709.0,707.0,-2.0,710,709.0,-1.0,50.0,BHM,1004.0,1003.0,-1.0,False
202603206775082,XC,2026-03-20,MAR,FRI,False,,EDB,602,601.0,DAR,810.0,808.0,-2.0,811,811.0,0.0,190.0,BHM,1106.0,1110.0,4.0,True
202603206775198,XC,2026-03-20,MAR,FRI,False,,NCL,835,836.0,DAR,904.0,904.0,0.0,906,907.0,1.0,50.0,BHM,1127.0,1131.0,4.0,True
202603206775118,XC,2026-03-20,MAR,FRI,False,,EDB,808,807.0,DAR,1010.0,1007.0,-3.0,1011,1013.0,2.0,190.0,BHM,1306.0,1306.0,0.0,False
202603206775200,XC,2026-03-20,MAR,FRI,False,,NCL,1033,1036.0,DAR,1104.0,1104.0,0.0,1105,1108.0,3.0,50.0,BHM,1328.0,1325.0,-3.0,False
202603206775088,XC,2026-03-20,MAR,FRI,False,886.0,EDB,1005,1004.0,DAR,1210.0,1208.0,-2.0,1213,1213.0,0.0,190.0,BHM,1506.0,1507.0,1.0,True
202603206775202,XC,2026-03-20,MAR,FRI,False,,NCL,1233,1234.0,DAR,1303.0,1305.0,2.0,1305,1308.0,3.0,50.0,BHM,1528.0,1530.0,2.0,True
202603206775091,XC,2026-03-20,MAR,FRI,False,,EDB,1205,1204.0,DAR,1410.0,1407.0,-3.0,1412,1411.0,-1.0,190.0,BHM,1706.0,1707.0,1.0,True
202603206775204,XC,2026-03-20,MAR,FRI,False,,NCL,1434,1436.0,DAR,1504.0,1505.0,1.0,1506,1509.0,3.0,50.0,BHM,1727.0,1732.0,5.0,True
202603206775096,XC,2026-03-20,MAR,FRI,False,,EDB,1404,1403.0,DAR,1610.0,1608.0,-2.0,1611,1611.0,0.0,190.0,BHM,1907.0,1908.0,1.0,True
202603206775190,XC,2026-03-20,MAR,FRI,False,,NCL,1634,1636.0,DAR,1704.0,1707.0,3.0,1705,1711.0,6.0,50.0,BHM,1931.0,1933.0,2.0,True
202603206775102,XC,2026-03-20,MAR,FRI,False,,EDB,1605,1606.0,DAR,1810.0,1808.0,-2.0,1812,1812.0,0.0,190.0,BHM,2107.0,2113.0,6.0,True
202603206775187,XC,2026-03-20,MAR,FRI,False,,NCL,1833,1835.0,DAR,1904.0,1902.0,-2.0,1906,1905.0,-1.0,50.0,BHM,2126.0,2125.0,-1.0,False
202603206775079,XC,2026-03-20,MAR,FRI,False,,EDB,1804,1804.0,DAR,2010.0,2006.0,-4.0,2011,2011.0,0.0,190.0,BHM,2328.0,2330.0,2.0,True
202603236775461,XC,2026-03-23,MAR,MON,False,,NCL,518,518.0,DAR,550.0,546.0,-4.0,552,552.0,0.0,50.0,BHM,828.0,832.0,4.0,True
202603236775196,XC,2026-03-23,MAR,MON,False,,NCL,623,623.0,DAR,652.0,651.0,-1.0,654,655.0,1.0,50.0,BHM,928.0,925.0,-3.0,False
202603236775192,XC,2026-03-23,MAR,MON,False,,NCL,640,639.0,DAR,709.0,708.0,-1.0,710,713.0,3.0,50.0,BHM,1004.0,1006.0,2.0,True
202603236775082,XC,2026-03-23,MAR,MON,False,,EDB,602,602.0,DAR,810.0,808.0,-2.0,811,811.0,0.0,190.0,BHM,1106.0,1111.0,5.0,True
202603236775198,XC,2026-03-23,MAR,MON,False,,NCL,835,835.0,DAR,904.0,903.0,-1.0,906,906.0,0.0,50.0,BHM,1127.0,1127.0,0.0,False
202603236775118,XC,2026-03-23,MAR,MON,False,,EDB,808,807.0,DAR,1010.0,1007.0,-3.0,1011,1010.0,-1.0,190.0,BHM,1306.0,1312.0,6.0,True
202603236775200,XC,2026-03-23,MAR,MON,False,,NCL,1033,1039.0,DAR,1104.0,1109.0,5.0,1105,1112.0,7.0,50.0,BHM,1328.0,1332.0,4.0,True
202603236775088,XC,2026-03-23,MAR,MON,False,,EDB,1005,1005.0,DAR,1210.0,1209.0,-1.0,1213,1213.0,0.0,190.0,BHM,1506.0,1506.0,0.0,False
202603236775202,XC,2026-03-23,MAR,MON,False,904.0,NCL,1233,1233.0,DAR,1303.0,1303.0,0.0,1305,1305.0,0.0,50.0,BHM,1528.0,1531.0,3.0,True
202603236775091,XC,2026-03-23,MAR,MON,False,,EDB,1205,1204.0,DAR,1410.0,1408.0,-2.0,1412,1411.0,-1.0,190.0,BHM,1706.0,1708.0,2.0,True
202603236775094,XC,2026-03-23,MAR,MON,False,904.0,EDB,1305,,DAR,1510.0,1510.0,0.0,1512,1513.0,1.0,190.0,BHM,1807.0,1806.0,-1.0,False
202603236775096,XC,2026-03-23,MAR,MON,False,895.0,EDB,1404,1403.0,DAR,1610.0,1608.0,-2.0,1611,1611.0,0.0,190.0,BHM,1907.0,1910.0,3.0,True
202603236775190,XC,2026-03-23,MAR,MON,False,895.0,NCL,1634,1634.0,DAR,1704.0,1706.0,2.0,1705,1709.0,4.0,50.0,BHM,1931.0,1935.0,4.0,True
202603236775102,XC,2026-03-23,MAR,MON,False,,EDB,1605,1604.0,DAR,1810.0,1807.0,-3.0,1812,1811.0,-1.0,190.0,BHM,2107.0,2106.0,-1.0,False
202603236775187,XC,2026-03-23,MAR,MON,False,,NCL,1833,1833.0,DAR,1904.0,2115.0,131.0,1906,2119.0,133.0,50.0,BHM,2126.0,2341.0,135.0,True
202603236775079,XC,2026-03-23,MAR,MON,False,777.0,EDB,1804,1803.0,DAR,2010.0,2130.0,80.0,2011,2132.0,81.0,190.0,BHM,2328.0,8.0,-1400.0,False
202603246775461,XC,2026-03-24,MAR,TUE,False,,NCL,518,518.0,DAR,550.0,546.0,-4.0,552,551.0,-1.0,50.0,BHM,828.0,829.0,1.0,True
202603246775196,XC,2026-03-24,MAR,TUE,False,547.0,NCL,623,624.0,DAR,652.0,653.0,1.0,654,656.0,2.0,50.0,BHM,928.0,926.0,-2.0,False
202603246775192,XC,2026-03-24,MAR,TUE,False,,NCL,640,640.0,DAR,709.0,708.0,-1.0,710,711.0,1.0,50.0,BHM,1004.0,1003.0,-1.0,False
202603246775118,XC,2026-03-24,MAR,TUE,False,,EDB,808,807.0,DAR,1010.0,1007.0,-3.0,1011,1012.0,1.0,190.0,BHM,1306.0,1308.0,2.0,True
202603246775088,XC,2026-03-24,MAR,TUE,False,832.0,EDB,1005,1005.0,DAR,1210.0,1208.0,-2.0,1213,1212.0,-1.0,190.0,BHM,1506.0,1521.0,15.0,True
202603246775202,XC,2026-03-24,MAR,TUE,False,,NCL,1233,1233.0,DAR,1303.0,1300.0,-3.0,1305,1305.0,0.0,50.0,BHM,1528.0,1530.0,2.0,True
202603246775091,XC,2026-03-24,MAR,TUE,False,547.0,EDB,1205,1204.0,DAR,1410.0,1421.0,11.0,1412,1425.0,13.0,190.0,BHM,1706.0,1728.0,22.0,True
202603246775204,XC,2026-03-24,MAR,TUE,False,543.0,NCL,1434,1435.0,DAR,1504.0,1502.0,-2.0,1506,1506.0,0.0,50.0,BHM,1727.0,1741.0,14.0,True
202603246775096,XC,2026-03-24,MAR,TUE,False,,EDB,1404,1403.0,DAR,1610.0,1608.0,-2.0,1611,1610.0,-1.0,190.0,BHM,1907.0,1907.0,0.0,False
202603246775190,XC,2026-03-24,MAR,TUE,False,543.0,NCL,1634,1634.0,DAR,1704.0,1701.0,-3.0,1705,1705.0,0.0,50.0,BHM,1931.0,1941.0,10.0,True
202603246775102,XC,2026-03-24,MAR,TUE,False,655.0,EDB,1605,1604.0,DAR,1810.0,1808.0,-2.0,1812,1811.0,-1.0,190.0,BHM,2107.0,2144.0,37.0,True
202603246775187,XC,2026-03-24,MAR,TUE,False,655.0,NCL,1833,1834.0,DAR,1904.0,1903.0,-1.0,1906,1906.0,0.0,50.0,BHM,2126.0,2200.0,34.0,True
202603246775079,XC,2026-03-24,MAR,TUE,False,,EDB,1804,1804.0,DAR,2010.0,2007.0,-3.0,2011,2011.0,0.0,190.0,BHM,2328.0,2342.0,14.0,True
202603256775461,XC,2026-03-25,MAR,WED,False,832.0,NCL,518,518.0,DAR,550.0,547.0,-3.0,552,552.0,0.0,50.0,BHM,828.0,843.0,15.0,True
202603256775196,XC,2026-03-25,MAR,WED,False,832.0,NCL,623,624.0,DAR,652.0,652.0,0.0,654,656.0,2.0,50.0,BHM,928.0,946.0,18.0,True
202603256775192,XC,2026-03-25,MAR,WED,False,,NCL,640,640.0,DAR,709.0,707.0,-2.0,710,710.0,0.0,50.0,BHM,1004.0,1004.0,0.0,False
202603256775082,XC,2026-03-25,MAR,WED,False,,EDB,602,602.0,DAR,810.0,807.0,-3.0,811,810.0,-1.0,190.0,BHM,1106.0,1110.0,4.0,True
202603256775198,XC,2026-03-25,MAR,WED,False,832.0,NCL,835,835.0,DAR,904.0,903.0,-1.0,906,906.0,0.0,50.0,BHM,1127.0,1200.0,33.0,True
202603256775118,XC,2026-03-25,MAR,WED,False,,GLC,648,647.0,DAR,1010.0,1007.0,-3.0,1011,1010.0,-1.0,228.0,BHM,1306.0,1315.0,9.0,True
202603256775200,XC,2026-03-25,MAR,WED,False,,NCL,1033,1034.0,DAR,1104.0,1102.0,-2.0,1105,1107.0,2.0,50.0,BHM,1328.0,1329.0,1.0,True
202603256775088,XC,2026-03-25,MAR,WED,False,574.0,EDB,1005,1005.0,DAR,1210.0,1208.0,-2.0,1213,1212.0,-1.0,190.0,BHM,1506.0,1528.0,22.0,True
202603256775202,XC,2026-03-25,MAR,WED,False,,NCL,1233,1233.0,DAR,1303.0,1302.0,-1.0,1305,1305.0,0.0,50.0,BHM,1528.0,1532.0,4.0,True
202603256775091,XC,2026-03-25,MAR,WED,False,579.0,EDB,1205,1204.0,DAR,1410.0,1410.0,0.0,1412,1413.0,1.0,190.0,BHM,1706.0,1801.0,55.0,True
202603256775204,XC,2026-03-25,MAR,WED,False,895.0,NCL,1434,1434.0,DAR,1504.0,1508.0,4.0,1506,1511.0,5.0,50.0,BHM,1727.0,1803.0,36.0,True
202603256775096,XC,2026-03-25,MAR,WED,False,,EDB,1404,1403.0,DAR,1610.0,1607.0,-3.0,1611,1611.0,0.0,190.0,BHM,1907.0,1907.0,0.0,False
202603256775190,XC,2026-03-25,MAR,WED,False,,NCL,1634,1634.0,DAR,1704.0,1702.0,-2.0,1705,1705.0,0.0,50.0,BHM,1931.0,1932.0,1.0,True
202603256775102,XC,2026-03-25,MAR,WED,False,,EDB,1605,1605.0,DAR,1810.0,1808.0,-2.0,1812,1811.0,-1.0,190.0,BHM,2107.0,2106.0,-1.0,False
202603256775187,XC,2026-03-25,MAR,WED,False,,NCL,1833,1834.0,DAR,1904.0,1902.0,-2.0,1906,1906.0,0.0,50.0,BHM,2126.0,2129.0,3.0,True
202603256775079,XC,2026-03-25,MAR,WED,False,,EDB,1804,1803.0,DAR,2010.0,2007.0,-3.0,2011,2010.0,-1.0,190.0,BHM,2328.0,2331.0,3.0,True
202603266775461,XC,2026-03-26,MAR,THU,False,832.0,NCL,518,518.0,DAR,550.0,547.0,-3.0,552,552.0,0.0,50.0,BHM,828.0,925.0,57.0,True
202603266775196,XC,2026-03-26,MAR,THU,False,832.0,NCL,623,623.0,DAR,652.0,650.0,-2.0,654,654.0,0.0,50.0,BHM,928.0,959.0,31.0,True
202603266775192,XC,2026-03-26,MAR,THU,False,,NCL,640,640.0,DAR,709.0,707.0,-2.0,710,710.0,0.0,50.0,BHM,1004.0,1016.0,12.0,True
202603266775082,XC,2026-03-26,MAR,THU,False,538.0,EDB,602,602.0,DAR,810.0,806.0,-4.0,811,810.0,-1.0,190.0,BHM,1106.0,1117.0,11.0,True
202603266775198,XC,2026-03-26,MAR,THU,False,733.0,NCL,835,835.0,DAR,904.0,902.0,-2.0,906,906.0,0.0,50.0,BHM,1127.0,1134.0,7.0,True
202603266775118,XC,2026-03-26,MAR,THU,False,,GLC,648,647.0,DAR,1010.0,1008.0,-2.0,1011,1012.0,1.0,228.0,BHM,1306.0,1308.0,2.0,True
202603266775200,XC,2026-03-26,MAR,THU,False,536.0,NCL,1033,1034.0,DAR,1104.0,1101.0,-3.0,1105,1105.0,0.0,50.0,BHM,1328.0,1457.0,89.0,True
202603266775088,XC,2026-03-26,MAR,THU,False,904.0,EDB,1005,1005.0,DAR,1210.0,1208.0,-2.0,1213,1213.0,0.0,190.0,BHM,1506.0,1520.0,14.0,True
202603266775202,XC,2026-03-26,MAR,THU,False,,NCL,1233,1233.0,DAR,1303.0,1301.0,-2.0,1305,1305.0,0.0,50.0,BHM,1528.0,1535.0,7.0,True
202603266775091,XC,2026-03-26,MAR,THU,False,576.0,EDB,1205,1204.0,DAR,1410.0,1408.0,-2.0,1412,1413.0,1.0,190.0,BHM,1706.0,1712.0,6.0,True
202603266775204,XC,2026-03-26,MAR,THU,False,,NCL,1434,1436.0,DAR,1504.0,1503.0,-1.0,1506,1506.0,0.0,50.0,BHM,1727.0,1727.0,0.0,False
202603266775096,XC,2026-03-26,MAR,THU,False,776.0,EDB,1404,1404.0,DAR,1610.0,1608.0,-2.0,1611,1611.0,0.0,190.0,BHM,1907.0,1907.0,0.0,False
202603266775190,XC,2026-03-26,MAR,THU,False,910.0,NCL,1634,1634.0,DAR,1704.0,1702.0,-2.0,1705,1705.0,0.0,50.0,BHM,1931.0,1950.0,19.0,True
202603266775102,XC,2026-03-26,MAR,THU,False,,EDB,1605,1605.0,DAR,1810.0,1807.0,-3.0,1812,1812.0,0.0,190.0,BHM,2107.0,2107.0,0.0,False
202603266775079,XC,2026-03-26,MAR,THU,False,887.0,EDB,1804,1804.0,DAR,2010.0,2006.0,-4.0,2011,2010.0,-1.0,190.0,BHM,2328.0,2328.0,0.0,False
202603276775461,XC,2026-03-27,MAR,FRI,False,,NCL,518,518.0,DAR,550.0,552.0,2.0,552,600.0,8.0,50.0,BHM,828.0,828.0,0.0,False
202603276775196,XC,2026-03-27,MAR,FRI,False,832.0,NCL,623,623.0,DAR,652.0,654.0,2.0,654,657.0,3.0,50.0,BHM,928.0,928.0,0.0,False
202603276775192,XC,2026-03-27,MAR,FRI,False,832.0,NCL,640,640.0,DAR,709.0,712.0,3.0,710,715.0,5.0,50.0,BHM,1004.0,1003.0,-1.0,False
202603276775082,XC,2026-03-27,MAR,FRI,False,832.0,EDB,602,602.0,DAR,810.0,820.0,10.0,811,825.0,14.0,190.0,BHM,1106.0,1120.0,14.0,True
202603276775118,XC,2026-03-27,MAR,FRI,False,904.0,GLC,648,648.0,DAR,1010.0,1007.0,-3.0,1011,1010.0,-1.0,228.0,BHM,1306.0,1308.0,2.0,True
202603276775200,XC,2026-03-27,MAR,FRI,False,895.0,NCL,1033,1033.0,DAR,1104.0,1101.0,-3.0,1105,1105.0,0.0,50.0,BHM,1328.0,1333.0,5.0,True
202603276775088,XC,2026-03-27,MAR,FRI,False,574.0,EDB,1005,1004.0,DAR,1210.0,1208.0,-2.0,1213,1213.0,0.0,190.0,BHM,1506.0,1526.0,20.0,True
202603276775202,XC,2026-03-27,MAR,FRI,False,,NCL,1233,1233.0,DAR,1303.0,1303.0,0.0,1305,1306.0,1.0,50.0,BHM,1528.0,1537.0,9.0,True
202603276775091,XC,2026-03-27,MAR,FRI,False,824.0,EDB,1205,1204.0,DAR,1410.0,1408.0,-2.0,1412,1412.0,0.0,190.0,BHM,1706.0,1734.0,28.0,True
202603276775204,XC,2026-03-27,MAR,FRI,False,824.0,NCL,1434,1436.0,DAR,1504.0,1503.0,-1.0,1506,1506.0,0.0,50.0,BHM,1727.0,1744.0,17.0,True
202603276775096,XC,2026-03-27,MAR,FRI,False,,EDB,1404,1404.0,DAR,1610.0,1608.0,-2.0,1611,1612.0,1.0,190.0,BHM,1907.0,1908.0,1.0,True
202603276775190,XC,2026-03-27,MAR,FRI,False,,NCL,1634,1634.0,DAR,1704.0,1701.0,-3.0,1705,1705.0,0.0,50.0,BHM,1931.0,1931.0,0.0,False
202603276775102,XC,2026-03-27,MAR,FRI,False,,EDB,1605,1604.0,DAR,1810.0,1807.0,-3.0,1812,1812.0,0.0,190.0,BHM,2107.0,2107.0,0.0,False
202603276775079,XC,2026-03-27,MAR,FRI,False,,EDB,1804,1804.0,DAR,2010.0,2010.0,0.0,2011,2013.0,2.0,190.0,BHM,2328.0,2326.0,-2.0,False
202603306775461,XC,2026-03-30,MAR,MON,False,654.0,NCL,518,518.0,DAR,550.0,547.0,-3.0,552,557.0,5.0,50.0,BHM,828.0,842.0,14.0,True
202603306775196,XC,2026-03-30,MAR,MON,False,,NCL,623,623.0,DAR,652.0,651.0,-1.0,654,656.0,2.0,50.0,BHM,928.0,929.0,1.0,True
202603306775192,XC,2026-03-30,MAR,MON,False,,NCL,640,640.0,DAR,709.0,708.0,-1.0,710,713.0,3.0,50.0,BHM,1004.0,1008.0,4.0,True
202603306775082,XC,2026-03-30,MAR,MON,False,,EDB,602,602.0,DAR,810.0,811.0,1.0,811,814.0,3.0,190.0,BHM,1106.0,1109.0,3.0,True
202603306775198,XC,2026-03-30,MAR,MON,False,,NCL,835,835.0,DAR,904.0,903.0,-1.0,906,907.0,1.0,50.0,BHM,1127.0,1130.0,3.0,True
202603306775118,XC,2026-03-30,MAR,MON,False,574.0,GLC,648,648.0,DAR,1010.0,1007.0,-3.0,1011,1010.0,-1.0,228.0,BHM,1306.0,1332.0,26.0,True
202603306775200,XC,2026-03-30,MAR,MON,False,552.0,NCL,1033,1035.0,DAR,1104.0,1103.0,-1.0,1105,1106.0,1.0,50.0,BHM,1328.0,1337.0,9.0,True
202603306775088,XC,2026-03-30,MAR,MON,False,886.0,EDB,1005,1004.0,DAR,1210.0,1208.0,-2.0,1213,1213.0,0.0,190.0,BHM,1506.0,1533.0,27.0,True
202603306775202,XC,2026-03-30,MAR,MON,False,573.0,NCL,1233,1233.0,DAR,1303.0,1301.0,-2.0,1305,1305.0,0.0,50.0,BHM,1528.0,1536.0,8.0,True
202603306775091,XC,2026-03-30,MAR,MON,False,,EDB,1205,1205.0,DAR,1410.0,1409.0,-1.0,1412,1412.0,0.0,190.0,BHM,1706.0,1711.0,5.0,True
202603306775204,XC,2026-03-30,MAR,MON,False,,NCL,1434,1436.0,DAR,1504.0,1506.0,2.0,1506,1510.0,4.0,50.0,BHM,1727.0,1728.0,1.0,True
202603306775096,XC,2026-03-30,MAR,MON,False,,EDB,1404,1403.0,DAR,1610.0,1611.0,1.0,1611,1614.0,3.0,190.0,BHM,1907.0,1904.0,-3.0,False
202603306775190,XC,2026-03-30,MAR,MON,False,,NCL,1634,1634.0,DAR,1704.0,1702.0,-2.0,1705,1705.0,0.0,50.0,BHM,1931.0,1926.0,-5.0,False
202603306775102,XC,2026-03-30,MAR,MON,False,,EDB,1605,1611.0,DAR,1810.0,1810.0,0.0,1812,1813.0,1.0,190.0,BHM,2107.0,2106.0,-1.0,False
202603306775187,XC,2026-03-30,MAR,MON,False,,NCL,1833,1837.0,DAR,1904.0,1906.0,2.0,1906,1909.0,3.0,50.0,BHM,2126.0,2126.0,0.0,False
202603306775079,XC,2026-03-30,MAR,MON,False,,EDB,1804,1804.0,DAR,2010.0,2007.0,-3.0,2011,2010.0,-1.0,190.0,BHM,2328.0,2332.0,4.0,True
202603316775461,XC,2026-03-31,MAR,TUE,False,,NCL,518,518.0,DAR,550.0,547.0,-3.0,552,552.0,0.0,50.0,BHM,828.0,830.0,2.0,True
202603316775196,XC,2026-03-31,MAR,TUE,False,,NCL,623,623.0,DAR,652.0,650.0,-2.0,654,654.0,0.0,50.0,BHM,928.0,925.0,-3.0,False
202603316775192,XC,2026-03-31,MAR,TUE,False,832.0,NCL,640,640.0,DAR,709.0,707.0,-2.0,710,710.0,0.0,50.0,BHM,1004.0,1006.0,2.0,True
202603316775082,XC,2026-03-31,MAR,TUE,False,,EDB,602,602.0,DAR,810.0,808.0,-2.0,811,811.0,0.0,190.0,BHM,1106.0,1107.0,1.0,True
202603316775198,XC,2026-03-31,MAR,TUE,False,,NCL,835,835.0,DAR,904.0,902.0,-2.0,906,906.0,0.0,50.0,BHM,1127.0,1125.0,-2.0,False
202603316775118,XC,2026-03-31,MAR,TUE,False,,GLC,648,647.0,DAR,1010.0,1007.0,-3.0,1011,1011.0,0.0,228.0,BHM,1306.0,1311.0,5.0,True
202603316775200,XC,2026-03-31,MAR,TUE,False,705.0,NCL,1033,1033.0,DAR,1104.0,1100.0,-4.0,1105,1105.0,0.0,50.0,BHM,1328.0,1400.0,32.0,True
202603316775088,XC,2026-03-31,MAR,TUE,False,,EDB,1005,1004.0,DAR,1210.0,1208.0,-2.0,1213,1213.0,0.0,190.0,BHM,1506.0,1507.0,1.0,True
202603316775202,XC,2026-03-31,MAR,TUE,False,,NCL,1233,1233.0,DAR,1303.0,1301.0,-2.0,1305,1305.0,0.0,50.0,BHM,1528.0,1529.0,1.0,True
202603316775091,XC,2026-03-31,MAR,TUE,False,,EDB,1205,1204.0,DAR,1410.0,1408.0,-2.0,1412,1412.0,0.0,190.0,BHM,1706.0,1705.0,-1.0,False
202603316775204,XC,2026-03-31,MAR,TUE,False,,NCL,1434,1434.0,DAR,1504.0,1502.0,-2.0,1506,1506.0,0.0,50.0,BHM,1727.0,1731.0,4.0,True
202603316775096,XC,2026-03-31,MAR,TUE,False,,EDB,1404,1403.0,DAR,1610.0,1607.0,-3.0,1611,1610.0,-1.0,190.0,BHM,1907.0,1906.0,-1.0,False
202603316775190,XC,2026-03-31,MAR,TUE,False,,NCL,1634,1634.0,DAR,1704.0,1708.0,4.0,1705,1711.0,6.0,50.0,BHM,1931.0,1930.0,-1.0,False
202603316775102,XC,2026-03-31,MAR,TUE,False,,EDB,1605,1605.0,DAR,1810.0,1808.0,-2.0,1812,1812.0,0.0,190.0,BHM,2107.0,2108.0,1.0,True
202603316775187,XC,2026-03-31,MAR,TUE,False,,NCL,1833,1833.0,DAR,1904.0,1905.0,1.0,1906,1907.0,1.0,50.0,BHM,2126.0,2129.0,3.0,True
202603316775079,XC,2026-03-31,MAR,TUE,False,,EDB,1804,1804.0,DAR,2010.0,2007.0,-3.0,2011,2010.0,-1.0,190.0,BHM,2328.0,2326.0,-2.0,False
202604016775461,XC,2026-04-01,APR,WED,False,,NCL,518,518.0,DAR,550.0,548.0,-2.0,552,552.0,0.0,50.0,BHM,828.0,828.0,0.0,False
202604016775196,XC,2026-04-01,APR,WED,False,896.0,NCL,623,623.0,DAR,652.0,652.0,0.0,654,655.0,1.0,50.0,BHM,928.0,942.0,14.0,True
202604016775192,XC,2026-04-01,APR,WED,False,,NCL,640,640.0,DAR,709.0,707.0,-2.0,710,710.0,0.0,50.0,BHM,1004.0,1005.0,1.0,True
202604016775082,XC,2026-04-01,APR,WED,False,,EDB,602,602.0,DAR,810.0,807.0,-3.0,811,810.0,-1.0,190.0,BHM,1106.0,1105.0,-1.0,False
202604016775198,XC,2026-04-01,APR,WED,False,,NCL,835,835.0,DAR,904.0,903.0,-1.0,906,906.0,0.0,50.0,BHM,1127.0,1131.0,4.0,True
202604016775118,XC,2026-04-01,APR,WED,False,579.0,GLC,648,649.0,DAR,1010.0,1007.0,-3.0,1011,1011.0,0.0,228.0,BHM,1306.0,1317.0,11.0,True
202604016775200,XC,2026-04-01,APR,WED,False,,NCL,1033,1033.0,DAR,1104.0,1101.0,-3.0,1105,1104.0,-1.0,50.0,BHM,1328.0,1332.0,4.0,True
202604016775088,XC,2026-04-01,APR,WED,False,,EDB,1005,1004.0,DAR,1210.0,1208.0,-2.0,1213,1213.0,0.0,190.0,BHM,1506.0,1506.0,0.0,False
202604016775202,XC,2026-04-01,APR,WED,False,,NCL,1233,1236.0,DAR,1303.0,1306.0,3.0,1305,1309.0,4.0,50.0,BHM,1528.0,1537.0,9.0,True
202604016775091,XC,2026-04-01,APR,WED,False,,EDB,1205,1204.0,DAR,1410.0,1408.0,-2.0,1412,1411.0,-1.0,190.0,BHM,1706.0,1705.0,-1.0,False
202604016775204,XC,2026-04-01,APR,WED,False,,NCL,1434,1434.0,DAR,1504.0,1503.0,-1.0,1506,1506.0,0.0,50.0,BHM,1727.0,1728.0,1.0,True
202604016775096,XC,2026-04-01,APR,WED,False,705.0,EDB,1404,1403.0,DAR,1610.0,1608.0,-2.0,1611,1612.0,1.0,190.0,BHM,1907.0,1909.0,2.0,True
202604016775190,XC,2026-04-01,APR,WED,False,,NCL,1634,1634.0,DAR,1704.0,1702.0,-2.0,1705,1704.0,-1.0,50.0,BHM,1931.0,1933.0,2.0,True
202604016775102,XC,2026-04-01,APR,WED,False,777.0,EDB,1605,1605.0,DAR,1810.0,1807.0,-3.0,1812,1812.0,0.0,190.0,BHM,2107.0,2129.0,22.0,True
202604016775187,XC,2026-04-01,APR,WED,False,,NCL,1833,1836.0,DAR,1904.0,1905.0,1.0,1906,1906.0,0.0,50.0,BHM,2126.0,2134.0,8.0,True
202604016775079,XC,2026-04-01,APR,WED,False,777.0,EDB,1804,1803.0,DAR,2010.0,2007.0,-3.0,2011,2011.0,0.0,190.0,BHM,2328.0,2327.0,-1.0,False
202604026775461,XC,2026-04-02,APR,THU,False,,NCL,518,518.0,DAR,550.0,549.0,-1.0,552,552.0,0.0,50.0,BHM,828.0,829.0,1.0,True
202604026775196,XC,2026-04-02,APR,THU,False,,NCL,623,623.0,DAR,652.0,650.0,-2.0,654,654.0,0.0,50.0,BHM,928.0,930.0,2.0,True
202604026775192,XC,2026-04-02,APR,THU,False,,NCL,640,640.0,DAR,709.0,708.0,-1.0,710,711.0,1.0,50.0,BHM,1004.0,1004.0,0.0,False
202604026775082,XC,2026-04-02,APR,THU,False,,EDB,602,602.0,DAR,810.0,807.0,-3.0,811,812.0,1.0,190.0,BHM,1106.0,1107.0,1.0,True
202604026775198,XC,2026-04-02,APR,THU,False,,NCL,835,836.0,DAR,904.0,903.0,-1.0,906,906.0,0.0,50.0,BHM,1127.0,1127.0,0.0,False
202604026775118,XC,2026-04-02,APR,THU,False,904.0,GLC,648,648.0,DAR,1010.0,1008.0,-2.0,1011,1013.0,2.0,228.0,BHM,1306.0,1318.0,12.0,True
202604026775200,XC,2026-04-02,APR,THU,False,,NCL,1033,1033.0,DAR,1104.0,1103.0,-1.0,1105,1106.0,1.0,50.0,BHM,1328.0,1330.0,2.0,True
202604026775088,XC,2026-04-02,APR,THU,False,,EDB,1005,1005.0,DAR,1210.0,1208.0,-2.0,1213,1213.0,0.0,190.0,BHM,1506.0,1512.0,6.0,True
202604026775202,XC,2026-04-02,APR,THU,False,,NCL,1233,1234.0,DAR,1303.0,1311.0,8.0,1305,1315.0,10.0,50.0,BHM,1528.0,1534.0,6.0,True
202604026775091,XC,2026-04-02,APR,THU,False,576.0,EDB,1205,1204.0,DAR,1410.0,1418.0,8.0,1412,1421.0,9.0,190.0,BHM,1706.0,1712.0,6.0,True
202604026775204,XC,2026-04-02,APR,THU,False,,NCL,1434,1434.0,DAR,1504.0,1502.0,-2.0,1506,1506.0,0.0,50.0,BHM,1727.0,1729.0,2.0,True
202604026775096,XC,2026-04-02,APR,THU,False,910.0,EDB,1404,1415.0,DAR,1610.0,1619.0,9.0,1611,1622.0,11.0,190.0,BHM,1907.0,1934.0,27.0,True
202604026775190,XC,2026-04-02,APR,THU,False,,NCL,1634,1634.0,DAR,1704.0,1701.0,-3.0,1705,1705.0,0.0,50.0,BHM,1931.0,1925.0,-6.0,False
202604026775102,XC,2026-04-02,APR,THU,False,,EDB,1605,1605.0,DAR,1810.0,1807.0,-3.0,1812,1812.0,0.0,190.0,BHM,2107.0,2106.0,-1.0,False
202604026775079,XC,2026-04-02,APR,THU,False,,EDB,1804,1804.0,DAR,2010.0,2025.0,15.0,2011,2029.0,18.0,190.0,BHM,2328.0,2325.0,-3.0,False
202604036775461,XC,2026-04-03,APR,FRI,False,,NCL,518,518.0,DAR,550.0,547.0,-3.0,552,551.0,-1.0,50.0,BHM,828.0,828.0,0.0,False
202604036775196,XC,2026-04-03,APR,FRI,False,,NCL,623,623.0,DAR,652.0,650.0,-2.0,654,654.0,0.0,50.0,BHM,928.0,925.0,-3.0,False
202604036775192,XC,2026-04-03,APR,FRI,False,,NCL,640,640.0,DAR,709.0,708.0,-1.0,710,711.0,1.0,50.0,BHM,1004.0,1003.0,-1.0,False
202604036775082,XC,2026-04-03,APR,FRI,False,,EDB,602,602.0,DAR,810.0,807.0,-3.0,811,811.0,0.0,190.0,BHM,1106.0,1106.0,0.0,False
202604036775198,XC,2026-04-03,APR,FRI,False,705.0,NCL,835,835.0,DAR,904.0,901.0,-3.0,906,905.0,-1.0,50.0,BHM,1127.0,1144.0,17.0,True
202604036775118,XC,2026-04-03,APR,FRI,False,,GLC,648,647.0,DAR,1010.0,1011.0,1.0,1011,1015.0,4.0,228.0,BHM,1306.0,1304.0,-2.0,False
202604036775200,XC,2026-04-03,APR,FRI,False,,NCL,1033,1037.0,DAR,1104.0,1105.0,1.0,1105,1109.0,4.0,50.0,BHM,1328.0,1333.0,5.0,True
202604036775088,XC,2026-04-03,APR,FRI,False,501.0,EDB,1005,1004.0,DAR,1210.0,1225.0,15.0,1213,1228.0,15.0,190.0,BHM,1506.0,1516.0,10.0,True
202604036774726,XC,2026-04-03,APR,FRI,False,501.0,ABD,820,820.0,DAR,1310.0,1359.0,49.0,1311,1402.0,51.0,293.0,BHM,1604.0,1632.0,28.0,True
202604036775091,XC,2026-04-03,APR,FRI,False,586.0,EDB,1205,1205.0,DAR,1410.0,1418.0,8.0,1412,1421.0,9.0,190.0,BHM,1706.0,1736.0,30.0,True
202604036775204,XC,2026-04-03,APR,FRI,False,,NCL,1434,1434.0,DAR,1504.0,1504.0,0.0,1506,1506.0,0.0,50.0,BHM,1727.0,1738.0,11.0,True
202604036775096,XC,2026-04-03,APR,FRI,False,,EDB,1404,1404.0,DAR,1610.0,1607.0,-3.0,1611,1611.0,0.0,190.0,BHM,1907.0,1905.0,-2.0,False
202604036775190,XC,2026-04-03,APR,FRI,False,,NCL,1634,1638.0,DAR,1704.0,1706.0,2.0,1705,1709.0,4.0,50.0,BHM,1931.0,1932.0,1.0,True
202604036775102,XC,2026-04-03,APR,FRI,False,,EDB,1605,1606.0,DAR,1810.0,1808.0,-2.0,1812,1812.0,0.0,190.0,BHM,2107.0,2108.0,1.0,True
202604036775079,XC,2026-04-03,APR,FRI,False,,EDB,1804,1803.0,DAR,2010.0,2018.0,8.0,2011,2021.0,10.0,190.0,BHM,2328.0,2327.0,-1.0,False
202604046775197,XC,2026-04-04,APR,SAT,False,,NCL,622,622.0,DAR,651.0,655.0,4.0,653,658.0,5.0,50.0,BHM,927.0,931.0,4.0,True
202604046775193,XC,2026-04-04,APR,SAT,False,,NCL,640,640.0,DAR,709.0,707.0,-2.0,710,710.0,0.0,50.0,BHM,1006.0,1005.0,-1.0,False
202604046775083,XC,2026-04-04,APR,SAT,False,,EDB,602,601.0,DAR,810.0,808.0,-2.0,811,811.0,0.0,190.0,BHM,1106.0,1107.0,1.0,True
202604046775085,XC,2026-04-04,APR,SAT,False,,EDB,703,703.0,DAR,910.0,915.0,5.0,912,918.0,6.0,190.0,BHM,1207.0,1204.0,-3.0,False
202604046775119,XC,2026-04-04,APR,SAT,False,,EDB,808,807.0,DAR,1010.0,1009.0,-1.0,1011,1014.0,3.0,190.0,BHM,1306.0,1307.0,1.0,True
202604046775120,XC,2026-04-04,APR,SAT,False,,EDB,905,904.0,DAR,1110.0,1110.0,0.0,1111,1115.0,4.0,190.0,BHM,1404.0,1406.0,2.0,True
202604046775089,XC,2026-04-04,APR,SAT,False,,EDB,1005,1014.0,DAR,1210.0,1211.0,1.0,1211,1214.0,3.0,190.0,BHM,1505.0,1505.0,0.0,False
202604046775063,XC,2026-04-04,APR,SAT,False,,DEE,933,933.0,DAR,1310.0,1310.0,0.0,1311,1314.0,3.0,,BHM,1604.0,1606.0,2.0,True
202604046775092,XC,2026-04-04,APR,SAT,False,,EDB,1206,1206.0,DAR,1410.0,1412.0,2.0,1412,1415.0,3.0,190.0,BHM,1706.0,1706.0,0.0,False
202604046775095,XC,2026-04-04,APR,SAT,False,,EDB,1305,1304.0,DAR,1510.0,1508.0,-2.0,1512,1512.0,0.0,190.0,BHM,1804.0,1810.0,6.0,True
202604046775097,XC,2026-04-04,APR,SAT,False,,EDB,1404,1403.0,DAR,1610.0,1609.0,-1.0,1612,1613.0,1.0,190.0,BHM,1905.0,1909.0,4.0,True
202604046775100,XC,2026-04-04,APR,SAT,False,,EDB,1504,1503.0,DAR,1708.0,1706.0,-2.0,1711,1710.0,-1.0,190.0,BHM,2005.0,2003.0,-2.0,False
202604046775103,XC,2026-04-04,APR,SAT,False,576.0,EDB,1605,1607.0,DAR,1809.0,1823.0,14.0,1811,1826.0,15.0,190.0,BHM,2106.0,2108.0,2.0,True
202604046775081,XC,2026-04-04,APR,SAT,False,,EDB,1705,1704.0,DAR,1910.0,1908.0,-2.0,1911,1912.0,1.0,190.0,BHM,2232.0,2233.0,1.0,True
202604046775080,XC,2026-04-04,APR,SAT,False,,EDB,1804,1803.0,DAR,2010.0,2013.0,3.0,2011,2016.0,5.0,190.0,BHM,2307.0,2307.0,0.0,False
202604056775195,XC,2026-04-05,APR,SUN,False,,NCL,936,938.0,DAR,1005.0,1011.0,6.0,1006,1015.0,9.0,50.0,BHM,1305.0,1312.0,7.0,True
202604056775086,XC,2026-04-05,APR,SUN,False,810.0,EDB,908,908.0,DAR,1109.0,1139.0,30.0,1111,1143.0,32.0,190.0,BHM,1404.0,1414.0,10.0,True
202604056775087,XC,2026-04-05,APR,SUN,False,526.0,EDB,1008,1013.0,DAR,1209.0,1222.0,13.0,1210,1225.0,15.0,190.0,BHM,1506.0,1507.0,1.0,True
202604056775090,XC,2026-04-05,APR,SUN,False,,EDB,1107,1107.0,DAR,1309.0,1307.0,-2.0,1310,1311.0,1.0,190.0,BHM,1604.0,1603.0,-1.0,False
202604056775122,XC,2026-04-05,APR,SUN,False,,EDB,1205,,DAR,1410.0,1429.0,19.0,1411,1432.0,21.0,190.0,BHM,1706.0,1705.0,-1.0,False
202604056775093,XC,2026-04-05,APR,SUN,False,,EDB,1305,1305.0,DAR,1509.0,1511.0,2.0,1511,1514.0,3.0,190.0,BHM,1804.0,1803.0,-1.0,False
202604056775064,XC,2026-04-05,APR,SUN,False,,DEE,1222,,DAR,1609.0,1613.0,4.0,1610,1616.0,6.0,,BHM,1904.0,1908.0,4.0,True
202604056775099,XC,2026-04-05,APR,SUN,False,,EDB,1505,1504.0,DAR,1710.0,1708.0,-2.0,1712,1712.0,0.0,190.0,BHM,2004.0,2004.0,0.0,False
202604056775101,XC,2026-04-05,APR,SUN,False,895.0,EDB,1607,1607.0,DAR,1811.0,1810.0,-1.0,1812,1813.0,1.0,190.0,BHM,2106.0,2106.0,0.0,False
202604056775104,XC,2026-04-05,APR,SUN,False,,EDB,1705,1705.0,DAR,1909.0,1914.0,5.0,1911,1917.0,6.0,190.0,BHM,2208.0,2210.0,2.0,True
202604056775078,XC,2026-04-05,APR,SUN,False,705.0,EDB,1805,1809.0,DAR,2007.0,2026.0,19.0,2009,2031.0,22.0,190.0,BHM,2309.0,2309.0,0.0,False
202604066775461,XC,2026-04-06,APR,MON,False,,NCL,518,518.0,DAR,550.0,547.0,-3.0,552,552.0,0.0,50.0,BHM,828.0,827.0,-1.0,False
202604066775196,XC,2026-04-06,APR,MON,False,,NCL,623,623.0,DAR,652.0,650.0,-2.0,654,654.0,0.0,50.0,BHM,928.0,929.0,1.0,True
202604066775192,XC,2026-04-06,APR,MON,False,,NCL,640,640.0,DAR,709.0,708.0,-1.0,710,711.0,1.0,50.0,BHM,1004.0,1003.0,-1.0,False
202604066775082,XC,2026-04-06,APR,MON,False,,EDB,602,602.0,DAR,810.0,807.0,-3.0,811,810.0,-1.0,190.0,BHM,1106.0,1104.0,-2.0,False
202604066775198,XC,2026-04-06,APR,MON,False,,NCL,835,835.0,DAR,904.0,903.0,-1.0,906,908.0,2.0,50.0,BHM,1127.0,1128.0,1.0,True
202604066775118,XC,2026-04-06,APR,MON,False,,EDB,808,807.0,DAR,1010.0,1006.0,-4.0,1011,1010.0,-1.0,190.0,BHM,1306.0,1307.0,1.0,True
202604066775200,XC,2026-04-06,APR,MON,False,,NCL,1033,1035.0,DAR,1104.0,1104.0,0.0,1105,1108.0,3.0,50.0,BHM,1328.0,1335.0,7.0,True
202604066775088,XC,2026-04-06,APR,MON,False,,EDB,1005,1004.0,DAR,1210.0,1208.0,-2.0,1213,1213.0,0.0,190.0,BHM,1506.0,1517.0,11.0,True
202604066774726,XC,2026-04-06,APR,MON,False,,ABD,820,821.0,DAR,1310.0,1307.0,-3.0,1311,1312.0,1.0,293.0,BHM,1604.0,1603.0,-1.0,False
202604066775091,XC,2026-04-06,APR,MON,False,,EDB,1205,1204.0,DAR,1410.0,1410.0,0.0,1412,1413.0,1.0,190.0,BHM,1706.0,1711.0,5.0,True
202604066775204,XC,2026-04-06,APR,MON,False,832.0,NCL,1434,1438.0,DAR,1504.0,1508.0,4.0,1506,1512.0,6.0,50.0,BHM,1727.0,1737.0,10.0,True
202604066775096,XC,2026-04-06,APR,MON,False,,EDB,1404,1404.0,DAR,1610.0,1609.0,-1.0,1611,1612.0,1.0,190.0,BHM,1907.0,1908.0,1.0,True
202604066775190,XC,2026-04-06,APR,MON,False,,NCL,1634,1634.0,DAR,1704.0,1704.0,0.0,1705,1708.0,3.0,50.0,BHM,1931.0,1930.0,-1.0,False
202604066775102,XC,2026-04-06,APR,MON,False,776.0,EDB,1605,1606.0,DAR,1810.0,1809.0,-1.0,1812,1812.0,0.0,190.0,BHM,2107.0,2126.0,19.0,True
202604066775187,XC,2026-04-06,APR,MON,False,,NCL,1833,1834.0,DAR,1904.0,1907.0,3.0,1906,1909.0,3.0,50.0,BHM,2126.0,2134.0,8.0,True
202604066775079,XC,2026-04-06,APR,MON,False,,EDB,1804,1804.0,DAR,2010.0,2007.0,-3.0,2011,2010.0,-1.0,190.0,BHM,2328.0,2325.0,-3.0,False
202604086775196,XC,2026-04-08,APR,WED,False,,NCL,623,623.0,DAR,652.0,649.0,-3.0,654,654.0,0.0,50.0,BHM,928.0,925.0,-3.0,False
202604086775192,XC,2026-04-08,APR,WED,False,,NCL,640,640.0,DAR,709.0,707.0,-2.0,710,710.0,0.0,50.0,BHM,1004.0,1003.0,-1.0,False
202604086775082,XC,2026-04-08,APR,WED,False,,EDB,602,601.0,DAR,810.0,808.0,-2.0,811,811.0,0.0,190.0,BHM,1106.0,1106.0,0.0,False
202604086775118,XC,2026-04-08,APR,WED,False,574.0,GLC,648,647.0,DAR,1010.0,1007.0,-3.0,1011,1012.0,1.0,228.0,BHM,1306.0,1306.0,0.0,False
202604086775200,XC,2026-04-08,APR,WED,False,,NCL,1033,1034.0,DAR,1104.0,1105.0,1.0,1105,1108.0,3.0,50.0,BHM,1328.0,1332.0,4.0,True
202604086775088,XC,2026-04-08,APR,WED,False,,EDB,1005,1005.0,DAR,1210.0,1208.0,-2.0,1213,1213.0,0.0,190.0,BHM,1506.0,1507.0,1.0,True
202604086775202,XC,2026-04-08,APR,WED,False,,NCL,1233,1234.0,DAR,1303.0,1303.0,0.0,1305,1307.0,2.0,50.0,BHM,1528.0,1530.0,2.0,True
202604086775091,XC,2026-04-08,APR,WED,False,576.0,EDB,1205,1204.0,DAR,1410.0,1409.0,-1.0,1412,1413.0,1.0,190.0,BHM,1706.0,1712.0,6.0,True
202604086775204,XC,2026-04-08,APR,WED,False,832.0,NCL,1434,1434.0,DAR,1504.0,1506.0,2.0,1506,1509.0,3.0,50.0,BHM,1727.0,1733.0,6.0,True
202604086775096,XC,2026-04-08,APR,WED,False,895.0,EDB,1404,1404.0,DAR,1610.0,1609.0,-1.0,1611,1612.0,1.0,190.0,BHM,1907.0,1927.0,20.0,True
202604086775190,XC,2026-04-08,APR,WED,False,,NCL,1634,1634.0,DAR,1704.0,1702.0,-2.0,1705,1706.0,1.0,50.0,BHM,1931.0,1929.0,-2.0,False
202604086775102,XC,2026-04-08,APR,WED,False,,EDB,1605,1605.0,DAR,1810.0,1808.0,-2.0,1812,1811.0,-1.0,190.0,BHM,2107.0,2105.0,-2.0,False
202604086775187,XC,2026-04-08,APR,WED,False,,NCL,1833,1834.0,DAR,1904.0,1908.0,4.0,1906,1911.0,5.0,50.0,BHM,2126.0,2127.0,1.0,True
202604086775079,XC,2026-04-08,APR,WED,False,904.0,EDB,1804,1804.0,DAR,2010.0,2006.0,-4.0,2011,2011.0,0.0,190.0,BHM,2328.0,2331.0,3.0,True
202604096775461,XC,2026-04-09,APR,THU,False,501.0,NCL,518,518.0,DAR,550.0,547.0,-3.0,552,551.0,-1.0,50.0,BHM,828.0,855.0,27.0,True
202604096775196,XC,2026-04-09,APR,THU,False,,NCL,623,623.0,DAR,652.0,650.0,-2.0,654,654.0,0.0,50.0,BHM,928.0,928.0,0.0,False
202604096775192,XC,2026-04-09,APR,THU,False,895.0,NCL,640,640.0,DAR,709.0,708.0,-1.0,710,710.0,0.0,50.0,BHM,1004.0,1009.0,5.0,True
202604096775082,XC,2026-04-09,APR,THU,False,,EDB,602,602.0,DAR,810.0,808.0,-2.0,811,812.0,1.0,190.0,BHM,1106.0,1106.0,0.0,False
202604096775198,XC,2026-04-09,APR,THU,False,,NCL,835,835.0,DAR,904.0,902.0,-2.0,906,906.0,0.0,50.0,BHM,1127.0,1129.0,2.0,True
202604096775118,XC,2026-04-09,APR,THU,False,,GLC,648,647.0,DAR,1010.0,1007.0,-3.0,1011,1011.0,0.0,228.0,BHM,1306.0,1315.0,9.0,True
202604096775200,XC,2026-04-09,APR,THU,False,576.0,NCL,1033,,DAR,1104.0,1124.0,20.0,1105,1126.0,21.0,50.0,BHM,1328.0,1342.0,14.0,True
202604096775088,XC,2026-04-09,APR,THU,False,,EDB,1005,1004.0,DAR,1210.0,1208.0,-2.0,1213,1213.0,0.0,190.0,BHM,1506.0,1508.0,2.0,True
202604096775202,XC,2026-04-09,APR,THU,False,,NCL,1233,1234.0,DAR,1303.0,1301.0,-2.0,1305,1306.0,1.0,50.0,BHM,1528.0,1530.0,2.0,True
202604096775091,XC,2026-04-09,APR,THU,False,,EDB,1205,1205.0,DAR,1410.0,1408.0,-2.0,1412,1412.0,0.0,190.0,BHM,1706.0,1709.0,3.0,True
202604096775204,XC,2026-04-09,APR,THU,False,,NCL,1434,1438.0,DAR,1504.0,1506.0,2.0,1506,1509.0,3.0,50.0,BHM,1727.0,1726.0,-1.0,False
202604096775096,XC,2026-04-09,APR,THU,False,,EDB,1404,1403.0,DAR,1610.0,1609.0,-1.0,1611,1613.0,2.0,190.0,BHM,1907.0,1905.0,-2.0,False
202604096775190,XC,2026-04-09,APR,THU,False,,NCL,1634,1634.0,DAR,1704.0,1701.0,-3.0,1705,1705.0,0.0,50.0,BHM,1931.0,1929.0,-2.0,False
202604096775102,XC,2026-04-09,APR,THU,False,,EDB,1605,1605.0,DAR,1810.0,1808.0,-2.0,1812,1811.0,-1.0,190.0,BHM,2107.0,2107.0,0.0,False
202604096775079,XC,2026-04-09,APR,THU,False,,EDB,1804,1803.0,DAR,2010.0,2019.0,9.0,2011,2022.0,11.0,190.0,BHM,2328.0,2328.0,0.0,False
202604106775461,XC,2026-04-10,APR,FRI,False,,NCL,518,518.0,DAR,550.0,547.0,-3.0,552,552.0,0.0,50.0,BHM,828.0,829.0,1.0,True
202604106775196,XC,2026-04-10,APR,FRI,False,,NCL,623,630.0,DAR,652.0,659.0,7.0,654,702.0,8.0,50.0,BHM,928.0,930.0,2.0,True
202604106775192,XC,2026-04-10,APR,FRI,False,,NCL,640,640.0,DAR,709.0,706.0,-3.0,710,709.0,-1.0,50.0,BHM,1004.0,1004.0,0.0,False
202604106775082,XC,2026-04-10,APR,FRI,False,,EDB,602,602.0,DAR,810.0,807.0,-3.0,811,810.0,-1.0,190.0,BHM,1106.0,1107.0,1.0,True
202604106775198,XC,2026-04-10,APR,FRI,False,,NCL,835,835.0,DAR,904.0,902.0,-2.0,906,906.0,0.0,50.0,BHM,1127.0,1127.0,0.0,False
202604106775118,XC,2026-04-10,APR,FRI,False,,GLC,648,647.0,DAR,1010.0,1006.0,-4.0,1011,1010.0,-1.0,228.0,BHM,1306.0,1315.0,9.0,True
202604106775200,XC,2026-04-10,APR,FRI,False,,NCL,1033,1033.0,DAR,1104.0,1102.0,-2.0,1105,1105.0,0.0,50.0,BHM,1328.0,1330.0,2.0,True
202604106775088,XC,2026-04-10,APR,FRI,False,895.0,EDB,1005,1005.0,DAR,1210.0,1207.0,-3.0,1213,1213.0,0.0,190.0,BHM,1506.0,1509.0,3.0,True
202604106775202,XC,2026-04-10,APR,FRI,False,,NCL,1233,1232.0,DAR,1303.0,1303.0,0.0,1305,1305.0,0.0,50.0,BHM,1528.0,1527.0,-1.0,False
202604106775091,XC,2026-04-10,APR,FRI,False,576.0,EDB,1205,1204.0,DAR,1410.0,1410.0,0.0,1412,1413.0,1.0,190.0,BHM,1706.0,1722.0,16.0,True
202604106775204,XC,2026-04-10,APR,FRI,False,,NCL,1434,1434.0,DAR,1504.0,1501.0,-3.0,1506,1505.0,-1.0,50.0,BHM,1727.0,1733.0,6.0,True
202604106775096,XC,2026-04-10,APR,FRI,False,,EDB,1404,1404.0,DAR,1610.0,1608.0,-2.0,1611,1611.0,0.0,190.0,BHM,1907.0,1906.0,-1.0,False
202604106775190,XC,2026-04-10,APR,FRI,False,,NCL,1634,1634.0,DAR,1704.0,1705.0,1.0,1705,1708.0,3.0,50.0,BHM,1931.0,1932.0,1.0,True
202604106775102,XC,2026-04-10,APR,FRI,False,547.0,EDB,1605,1605.0,DAR,1810.0,1838.0,28.0,1812,1840.0,28.0,190.0,BHM,2107.0,2132.0,25.0,True
202604106775187,XC,2026-04-10,APR,FRI,False,904.0,NCL,1833,1837.0,DAR,1904.0,1910.0,6.0,1906,1913.0,7.0,50.0,BHM,2126.0,2200.0,34.0,True
202604106775079,XC,2026-04-10,APR,FRI,False,,EDB,1804,1805.0,DAR,2010.0,2006.0,-4.0,2011,2011.0,0.0,190.0,BHM,2328.0,2332.0,4.0,True
202604116775197,XC,2026-04-11,APR,SAT,False,,NCL,622,622.0,DAR,651.0,651.0,0.0,653,654.0,1.0,50.0,BHM,927.0,926.0,-1.0,False
202604116775193,XC,2026-04-11,APR,SAT,False,,NCL,640,640.0,DAR,709.0,708.0,-1.0,710,711.0,1.0,50.0,BHM,1006.0,1015.0,9.0,True
202604116775083,XC,2026-04-11,APR,SAT,False,650.0,EDB,602,602.0,DAR,810.0,808.0,-2.0,811,811.0,0.0,190.0,BHM,1106.0,1107.0,1.0,True
202604116775199,XC,2026-04-11,APR,SAT,False,,NCL,835,835.0,DAR,904.0,904.0,0.0,906,907.0,1.0,50.0,BHM,1127.0,1128.0,1.0,True
202604116775119,XC,2026-04-11,APR,SAT,False,895.0,GLC,648,648.0,DAR,1010.0,1029.0,19.0,1011,1032.0,21.0,228.0,BHM,1306.0,1409.0,63.0,True
202604116775201,XC,2026-04-11,APR,SAT,False,,NCL,1035,1038.0,DAR,1104.0,1107.0,3.0,1106,1111.0,5.0,50.0,BHM,1328.0,1346.0,18.0,True
202604116775089,XC,2026-04-11,APR,SAT,False,,EDB,1005,1005.0,DAR,1210.0,1207.0,-3.0,1211,1211.0,0.0,190.0,BHM,1505.0,1508.0,3.0,True
202604116775203,XC,2026-04-11,APR,SAT,False,,NCL,1234,1234.0,DAR,1304.0,1303.0,-1.0,1306,1306.0,0.0,50.0,BHM,1527.0,1526.0,-1.0,False
202604116775092,XC,2026-04-11,APR,SAT,False,,EDB,1205,1205.0,DAR,1410.0,1408.0,-2.0,1412,1412.0,0.0,190.0,BHM,1706.0,1705.0,-1.0,False
202604116775205,XC,2026-04-11,APR,SAT,False,,NCL,1433,1435.0,DAR,1503.0,1513.0,10.0,1505,1520.0,15.0,50.0,BHM,1727.0,1733.0,6.0,True
202604116775097,XC,2026-04-11,APR,SAT,False,,EDB,1404,1404.0,DAR,1613.0,1608.0,-5.0,1613,1613.0,0.0,190.0,BHM,1905.0,1915.0,10.0,True
202604116775103,XC,2026-04-11,APR,SAT,False,,EDB,1605,1604.0,DAR,1809.0,1806.0,-3.0,1811,1811.0,0.0,190.0,BHM,2106.0,2113.0,7.0,True
202604116775188,XC,2026-04-11,APR,SAT,False,,NCL,1833,1833.0,DAR,1903.0,1901.0,-2.0,1905,1905.0,0.0,50.0,BHM,2126.0,2131.0,5.0,True
202604116775080,XC,2026-04-11,APR,SAT,False,,EDB,1804,1804.0,DAR,2010.0,2028.0,18.0,2011,2033.0,22.0,190.0,BHM,2307.0,2337.0,30.0,True
202604126775195,XC,2026-04-12,APR,SUN,False,,NCL,936,936.0,DAR,1005.0,1004.0,-1.0,1006,1006.0,0.0,50.0,BHM,1305.0,1306.0,1.0,True
202604126775086,XC,2026-04-12,APR,SUN,False,,EDB,908,908.0,DAR,1109.0,1107.0,-2.0,1111,1111.0,0.0,190.0,BHM,1404.0,1404.0,0.0,False
202604126775087,XC,2026-04-12,APR,SUN,False,,EDB,1008,1008.0,DAR,1209.0,1207.0,-2.0,1210,1210.0,0.0,190.0,BHM,1506.0,1513.0,7.0,True
202604126775090,XC,2026-04-12,APR,SUN,False,,EDB,1107,1107.0,DAR,1309.0,1307.0,-2.0,1310,1311.0,1.0,190.0,BHM,1604.0,1605.0,1.0,True
202604126775122,XC,2026-04-12,APR,SUN,False,,GLC,1055,,DAR,1410.0,1411.0,1.0,1411,1414.0,3.0,228.0,BHM,1706.0,1711.0,5.0,True
202604126775093,XC,2026-04-12,APR,SUN,False,,EDB,1305,1305.0,DAR,1509.0,1507.0,-2.0,1511,1511.0,0.0,190.0,BHM,1804.0,1806.0,2.0,True
202604126775064,XC,2026-04-12,APR,SUN,False,,DEE,1222,,DAR,1609.0,1607.0,-2.0,1610,1610.0,0.0,,BHM,1904.0,1909.0,5.0,True
202604126775099,XC,2026-04-12,APR,SUN,False,,EDB,1505,1505.0,DAR,1710.0,1709.0,-1.0,1712,1713.0,1.0,190.0,BHM,2004.0,2004.0,0.0,False
202604126775101,XC,2026-04-12,APR,SUN,False,,EDB,1607,,DAR,1811.0,1806.0,-5.0,1812,1812.0,0.0,190.0,BHM,2106.0,2105.0,-1.0,False
202604126775186,XC,2026-04-12,APR,SUN,False,,NCL,1833,1833.0,DAR,1902.0,1901.0,-1.0,1904,1904.0,0.0,50.0,BHM,2124.0,2127.0,3.0,True
202604126775078,XC,2026-04-12,APR,SUN,False,,EDB,1805,1805.0,DAR,2007.0,2005.0,-2.0,2009,2009.0,0.0,190.0,BHM,2309.0,2315.0,6.0,True
202604136775461,XC,2026-04-13,APR,MON,False,685.0,NCL,518,518.0,DAR,550.0,547.0,-3.0,552,551.0,-1.0,50.0,BHM,828.0,846.0,18.0,True
202604136775196,XC,2026-04-13,APR,MON,False,,NCL,623,623.0,DAR,652.0,651.0,-1.0,654,655.0,1.0,50.0,BHM,928.0,929.0,1.0,True
202604136775192,XC,2026-04-13,APR,MON,False,536.0,NCL,640,640.0,DAR,709.0,709.0,0.0,710,712.0,2.0,50.0,BHM,1004.0,1011.0,7.0,True
202604136775082,XC,2026-04-13,APR,MON,False,,EDB,602,601.0,DAR,810.0,807.0,-3.0,811,811.0,0.0,190.0,BHM,1106.0,1110.0,4.0,True
202604136775198,XC,2026-04-13,APR,MON,False,,NCL,835,834.0,DAR,904.0,903.0,-1.0,906,905.0,-1.0,50.0,BHM,1127.0,1127.0,0.0,False
202604136775118,XC,2026-04-13,APR,MON,False,,GLC,648,648.0,DAR,1010.0,1007.0,-3.0,1011,1011.0,0.0,228.0,BHM,1306.0,1306.0,0.0,False
202604136775200,XC,2026-04-13,APR,MON,False,,NCL,1033,1033.0,DAR,1104.0,1103.0,-1.0,1105,1105.0,0.0,50.0,BHM,1328.0,1330.0,2.0,True
202604136775088,XC,2026-04-13,APR,MON,False,,EDB,1005,1004.0,DAR,1210.0,1209.0,-1.0,1213,1213.0,0.0,190.0,BHM,1506.0,1512.0,6.0,True
202604136775202,XC,2026-04-13,APR,MON,False,,NCL,1233,1236.0,DAR,1303.0,1306.0,3.0,1305,1308.0,3.0,50.0,BHM,1528.0,1530.0,2.0,True
202604136775091,XC,2026-04-13,APR,MON,False,895.0,EDB,1205,1204.0,DAR,1410.0,1409.0,-1.0,1412,1412.0,0.0,190.0,BHM,1706.0,1708.0,2.0,True
202604136775204,XC,2026-04-13,APR,MON,False,,NCL,1434,1434.0,DAR,1504.0,1504.0,0.0,1506,1509.0,3.0,50.0,BHM,1727.0,1739.0,12.0,True
202604136775096,XC,2026-04-13,APR,MON,False,,EDB,1404,1404.0,DAR,1610.0,1607.0,-3.0,1611,1611.0,0.0,190.0,BHM,1907.0,1913.0,6.0,True
202604136775190,XC,2026-04-13,APR,MON,False,,NCL,1634,1635.0,DAR,1704.0,1705.0,1.0,1705,1709.0,4.0,50.0,BHM,1931.0,1937.0,6.0,True
202604136775102,XC,2026-04-13,APR,MON,False,,EDB,1605,1607.0,DAR,1810.0,1808.0,-2.0,1812,1812.0,0.0,190.0,BHM,2107.0,2109.0,2.0,True
202604136775187,XC,2026-04-13,APR,MON,False,904.0,NCL,1833,1834.0,DAR,1904.0,1903.0,-1.0,1906,1907.0,1.0,50.0,BHM,2126.0,2137.0,11.0,True
202604136775079,XC,2026-04-13,APR,MON,False,880.0,EDB,1804,1804.0,DAR,2010.0,2009.0,-1.0,2011,2013.0,2.0,190.0,BHM,2328.0,2327.0,-1.0,False
202604146775461,XC,2026-04-14,APR,TUE,False,,NCL,518,518.0,DAR,550.0,547.0,-3.0,552,551.0,-1.0,50.0,BHM,828.0,831.0,3.0,True
202604146775196,XC,2026-04-14,APR,TUE,False,,NCL,623,623.0,DAR,652.0,651.0,-1.0,654,654.0,0.0,50.0,BHM,928.0,928.0,0.0,False
202604146775192,XC,2026-04-14,APR,TUE,False,,NCL,640,640.0,DAR,709.0,708.0,-1.0,710,711.0,1.0,50.0,BHM,1004.0,1003.0,-1.0,False
202604146775082,XC,2026-04-14,APR,TUE,False,,EDB,602,602.0,DAR,810.0,809.0,-1.0,811,812.0,1.0,190.0,BHM,1106.0,1104.0,-2.0,False
202604146775198,XC,2026-04-14,APR,TUE,False,,NCL,835,835.0,DAR,904.0,903.0,-1.0,906,906.0,0.0,50.0,BHM,1127.0,1128.0,1.0,True
202604146775118,XC,2026-04-14,APR,TUE,False,895.0,GLC,648,648.0,DAR,1010.0,1007.0,-3.0,1011,1011.0,0.0,228.0,BHM,1306.0,1321.0,15.0,True
202604146775200,XC,2026-04-14,APR,TUE,False,,NCL,1033,1033.0,DAR,1104.0,1102.0,-2.0,1105,1106.0,1.0,50.0,BHM,1328.0,1334.0,6.0,True
202604146775088,XC,2026-04-14,APR,TUE,False,576.0,EDB,1005,1005.0,DAR,1210.0,1207.0,-3.0,1213,1213.0,0.0,190.0,BHM,1506.0,1528.0,22.0,True
202604146775202,XC,2026-04-14,APR,TUE,False,,NCL,1233,1233.0,DAR,1303.0,1306.0,3.0,1305,1310.0,5.0,50.0,BHM,1528.0,1530.0,2.0,True
202604146775091,XC,2026-04-14,APR,TUE,False,894.0,EDB,1205,1205.0,DAR,1410.0,1408.0,-2.0,1412,1411.0,-1.0,190.0,BHM,1706.0,1706.0,0.0,False
202604146775204,XC,2026-04-14,APR,TUE,False,576.0,NCL,1434,1434.0,DAR,1504.0,1502.0,-2.0,1506,1505.0,-1.0,50.0,BHM,1727.0,1728.0,1.0,True
202604146775096,XC,2026-04-14,APR,TUE,False,,EDB,1404,1403.0,DAR,1610.0,1608.0,-2.0,1611,1611.0,0.0,190.0,BHM,1907.0,1905.0,-2.0,False
202604146775190,XC,2026-04-14,APR,TUE,False,,NCL,1634,1638.0,DAR,1704.0,1708.0,4.0,1705,1711.0,6.0,50.0,BHM,1931.0,1935.0,4.0,True
202604146775102,XC,2026-04-14,APR,TUE,False,,EDB,1605,1605.0,DAR,1810.0,1808.0,-2.0,1812,1812.0,0.0,190.0,BHM,2107.0,2115.0,8.0,True
202604146775187,XC,2026-04-14,APR,TUE,False,576.0,NCL,1833,1846.0,DAR,1904.0,1912.0,8.0,1906,1915.0,9.0,50.0,BHM,2126.0,2148.0,22.0,True
202604146775079,XC,2026-04-14,APR,TUE,False,,EDB,1804,1804.0,DAR,2010.0,2008.0,-2.0,2011,2011.0,0.0,190.0,BHM,2328.0,2344.0,16.0,True
202604156775461,XC,2026-04-15,APR,WED,False,,NCL,518,518.0,DAR,550.0,548.0,-2.0,552,551.0,-1.0,50.0,BHM,828.0,830.0,2.0,True
202604156775196,XC,2026-04-15,APR,WED,False,,NCL,623,623.0,DAR,652.0,650.0,-2.0,654,654.0,0.0,50.0,BHM,928.0,925.0,-3.0,False
202604156775192,XC,2026-04-15,APR,WED,False,,NCL,640,640.0,DAR,709.0,708.0,-1.0,710,711.0,1.0,50.0,BHM,1004.0,1005.0,1.0,True
202604156775082,XC,2026-04-15,APR,WED,False,,EDB,602,602.0,DAR,810.0,808.0,-2.0,811,811.0,0.0,190.0,BHM,1106.0,1111.0,5.0,True
202604156775198,XC,2026-04-15,APR,WED,False,,NCL,835,836.0,DAR,904.0,902.0,-2.0,906,905.0,-1.0,50.0,BHM,1127.0,1126.0,-1.0,False
202604156775118,XC,2026-04-15,APR,WED,False,,GLC,648,648.0,DAR,1010.0,1007.0,-3.0,1011,1011.0,0.0,228.0,BHM,1306.0,1311.0,5.0,True
202604156775200,XC,2026-04-15,APR,WED,False,,NCL,1033,1034.0,DAR,1104.0,1103.0,-1.0,1105,1106.0,1.0,50.0,BHM,1328.0,1331.0,3.0,True
202604156775088,XC,2026-04-15,APR,WED,False,,EDB,1005,1004.0,DAR,1210.0,1208.0,-2.0,1213,1213.0,0.0,190.0,BHM,1506.0,1510.0,4.0,True
202604156775202,XC,2026-04-15,APR,WED,False,904.0,NCL,1233,1236.0,DAR,1303.0,1304.0,1.0,1305,1307.0,2.0,50.0,BHM,1528.0,1537.0,9.0,True
202604156775091,XC,2026-04-15,APR,WED,False,,EDB,1205,1206.0,DAR,1410.0,1411.0,1.0,1412,1414.0,2.0,190.0,BHM,1706.0,1707.0,1.0,True
202604156775204,XC,2026-04-15,APR,WED,False,895.0,NCL,1434,1434.0,DAR,1504.0,1514.0,10.0,1506,1517.0,11.0,50.0,BHM,1727.0,1735.0,8.0,True
202604156775096,XC,2026-04-15,APR,WED,False,,EDB,1404,1404.0,DAR,1610.0,1609.0,-1.0,1611,1612.0,1.0,190.0,BHM,1907.0,1916.0,9.0,True
202604156775190,XC,2026-04-15,APR,WED,False,,NCL,1634,1634.0,DAR,1704.0,1702.0,-2.0,1705,1705.0,0.0,50.0,BHM,1931.0,1933.0,2.0,True
202604156775102,XC,2026-04-15,APR,WED,False,895.0,EDB,1605,1605.0,DAR,1810.0,1807.0,-3.0,1812,1812.0,0.0,190.0,BHM,2107.0,2106.0,-1.0,False
202604156775187,XC,2026-04-15,APR,WED,False,547.0,NCL,1833,1835.0,DAR,1904.0,1905.0,1.0,1906,1908.0,2.0,50.0,BHM,2126.0,2136.0,10.0,True
202604156775079,XC,2026-04-15,APR,WED,False,,EDB,1804,1804.0,DAR,2010.0,2011.0,1.0,2011,2014.0,3.0,190.0,BHM,2328.0,2339.0,11.0,True
202604166775461,XC,2026-04-16,APR,THU,False,,NCL,518,518.0,DAR,550.0,546.0,-4.0,552,551.0,-1.0,50.0,BHM,828.0,829.0,1.0,True
202604166775196,XC,2026-04-16,APR,THU,False,,NCL,623,625.0,DAR,652.0,652.0,0.0,654,654.0,0.0,50.0,BHM,928.0,925.0,-3.0,False
202604166775192,XC,2026-04-16,APR,THU,False,,NCL,640,640.0,DAR,709.0,708.0,-1.0,710,712.0,2.0,50.0,BHM,1004.0,1006.0,2.0,True
202604166775082,XC,2026-04-16,APR,THU,False,,EDB,602,605.0,DAR,810.0,807.0,-3.0,811,811.0,0.0,190.0,BHM,1106.0,1105.0,-1.0,False
202604166775198,XC,2026-04-16,APR,THU,False,,NCL,835,835.0,DAR,904.0,903.0,-1.0,906,906.0,0.0,50.0,BHM,1127.0,1125.0,-2.0,False
202604166775118,XC,2026-04-16,APR,THU,False,,GLC,648,648.0,DAR,1010.0,1008.0,-2.0,1011,1012.0,1.0,228.0,BHM,1306.0,1309.0,3.0,True
202604166775200,XC,2026-04-16,APR,THU,False,,NCL,1033,1034.0,DAR,1104.0,1103.0,-1.0,1105,1106.0,1.0,50.0,BHM,1328.0,1330.0,2.0,True
202604166775088,XC,2026-04-16,APR,THU,False,,EDB,1005,1004.0,DAR,1210.0,1208.0,-2.0,1213,1213.0,0.0,190.0,BHM,1506.0,1511.0,5.0,True
202604166775202,XC,2026-04-16,APR,THU,False,,NCL,1233,1233.0,DAR,1303.0,1301.0,-2.0,1305,1305.0,0.0,50.0,BHM,1528.0,1529.0,1.0,True
202604166775091,XC,2026-04-16,APR,THU,False,579.0,EDB,1205,1206.0,DAR,1410.0,1408.0,-2.0,1412,1411.0,-1.0,190.0,BHM,1706.0,1713.0,7.0,True
202604166775204,XC,2026-04-16,APR,THU,False,871.0,NCL,1434,1436.0,DAR,1504.0,1510.0,6.0,1506,1513.0,7.0,50.0,BHM,1727.0,1741.0,14.0,True
202604166775096,XC,2026-04-16,APR,THU,False,,EDB,1404,1403.0,DAR,1610.0,1610.0,0.0,1611,1614.0,3.0,190.0,BHM,1907.0,1907.0,0.0,False
202604166775190,XC,2026-04-16,APR,THU,False,,NCL,1634,1634.0,DAR,1704.0,1704.0,0.0,1705,1707.0,2.0,50.0,BHM,1931.0,1935.0,4.0,True
202604166775102,XC,2026-04-16,APR,THU,False,,EDB,1605,1605.0,DAR,1810.0,1808.0,-2.0,1812,1812.0,0.0,190.0,BHM,2107.0,2109.0,2.0,True
202604166775187,XC,2026-04-16,APR,THU,False,,NCL,1833,1833.0,DAR,1904.0,1901.0,-3.0,1906,1905.0,-1.0,50.0,BHM,2126.0,2127.0,1.0,True
202604166775079,XC,2026-04-16,APR,THU,False,,EDB,1804,1804.0,DAR,2010.0,2013.0,3.0,2011,2017.0,6.0,190.0,BHM,2328.0,2329.0,1.0,True
202604176775461,XC,2026-04-17,APR,FRI,False,,NCL,518,518.0,DAR,550.0,547.0,-3.0,552,552.0,0.0,50.0,BHM,828.0,833.0,5.0,True
202604176775196,XC,2026-04-17,APR,FRI,False,,NCL,623,623.0,DAR,652.0,652.0,0.0,654,655.0,1.0,50.0,BHM,928.0,926.0,-2.0,False
202604176775192,XC,2026-04-17,APR,FRI,False,650.0,NCL,640,716.0,DAR,709.0,743.0,34.0,710,746.0,36.0,50.0,BHM,1004.0,1027.0,23.0,True
202604176775198,XC,2026-04-17,APR,FRI,False,,NCL,835,835.0,DAR,904.0,904.0,0.0,906,907.0,1.0,50.0,BHM,1127.0,1127.0,0.0,False
202604176775118,XC,2026-04-17,APR,FRI,False,908.0,GLC,648,647.0,DAR,1010.0,1021.0,11.0,1011,1024.0,13.0,228.0,BHM,1306.0,1310.0,4.0,True
202604176775200,XC,2026-04-17,APR,FRI,False,576.0,NCL,1033,1041.0,DAR,1104.0,1112.0,8.0,1105,1115.0,10.0,50.0,BHM,1328.0,1403.0,35.0,True
202604176775088,XC,2026-04-17,APR,FRI,False,895.0,EDB,1005,1006.0,DAR,1210.0,1207.0,-3.0,1213,1213.0,0.0,190.0,BHM,1506.0,1518.0,12.0,True
202604176775202,XC,2026-04-17,APR,FRI,False,,NCL,1233,1233.0,DAR,1303.0,1301.0,-2.0,1305,1306.0,1.0,50.0,BHM,1528.0,1529.0,1.0,True
202604176775091,XC,2026-04-17,APR,FRI,False,,EDB,1205,1204.0,DAR,1410.0,1407.0,-3.0,1412,1412.0,0.0,190.0,BHM,1706.0,1713.0,7.0,True
202604176775204,XC,2026-04-17,APR,FRI,False,,NCL,1434,1435.0,DAR,1504.0,1504.0,0.0,1506,1507.0,1.0,50.0,BHM,1727.0,1741.0,14.0,True
202604176775096,XC,2026-04-17,APR,FRI,False,,EDB,1404,1403.0,DAR,1610.0,1609.0,-1.0,1611,1613.0,2.0,190.0,BHM,1907.0,1912.0,5.0,True
202604176775190,XC,2026-04-17,APR,FRI,False,,NCL,1634,1638.0,DAR,1704.0,1705.0,1.0,1705,1708.0,3.0,50.0,BHM,1931.0,1933.0,2.0,True
202604176775102,XC,2026-04-17,APR,FRI,False,,EDB,1605,,DAR,1810.0,1807.0,-3.0,1812,1811.0,-1.0,190.0,BHM,2107.0,2108.0,1.0,True
202604176775187,XC,2026-04-17,APR,FRI,False,,NCL,1833,1833.0,DAR,1904.0,1904.0,0.0,1906,1907.0,1.0,50.0,BHM,2126.0,2129.0,3.0,True
202604176775079,XC,2026-04-17,APR,FRI,False,,EDB,1804,1804.0,DAR,2010.0,2007.0,-3.0,2011,2010.0,-1.0,190.0,BHM,2328.0,2328.0,0.0,False
202604186775197,XC,2026-04-18,APR,SAT,False,,NCL,622,623.0,DAR,651.0,651.0,0.0,653,655.0,2.0,50.0,BHM,927.0,927.0,0.0,False
202604186775193,XC,2026-04-18,APR,SAT,False,576.0,NCL,640,640.0,DAR,709.0,709.0,0.0,710,712.0,2.0,50.0,BHM,1006.0,1007.0,1.0,True
202604186775083,XC,2026-04-18,APR,SAT,False,,EDB,602,602.0,DAR,810.0,808.0,-2.0,811,811.0,0.0,190.0,BHM,1106.0,1107.0,1.0,True
202604186775199,XC,2026-04-18,APR,SAT,False,,NCL,835,835.0,DAR,904.0,903.0,-1.0,906,906.0,0.0,50.0,BHM,1127.0,1128.0,1.0,True
202604186775119,XC,2026-04-18,APR,SAT,False,,GLC,648,648.0,DAR,1010.0,1009.0,-1.0,1011,1014.0,3.0,228.0,BHM,1306.0,1305.0,-1.0,False
202604186775201,XC,2026-04-18,APR,SAT,False,904.0,NCL,1035,1035.0,DAR,1104.0,1105.0,1.0,1106,1110.0,4.0,50.0,BHM,1328.0,1359.0,31.0,True
202604186775089,XC,2026-04-18,APR,SAT,False,,EDB,1005,1004.0,DAR,1210.0,1208.0,-2.0,1211,1213.0,2.0,190.0,BHM,1505.0,1516.0,11.0,True
202604186775203,XC,2026-04-18,APR,SAT,False,,NCL,1234,1236.0,DAR,1304.0,1306.0,2.0,1306,1309.0,3.0,50.0,BHM,1527.0,1527.0,0.0,False
202604186775092,XC,2026-04-18,APR,SAT,False,,EDB,1205,1205.0,DAR,1410.0,1408.0,-2.0,1412,1414.0,2.0,190.0,BHM,1706.0,1712.0,6.0,True
202604186775205,XC,2026-04-18,APR,SAT,False,,NCL,1433,1434.0,DAR,1503.0,1502.0,-1.0,1505,1508.0,3.0,50.0,BHM,1727.0,1732.0,5.0,True
202604186775097,XC,2026-04-18,APR,SAT,False,574.0,EDB,1404,1403.0,DAR,1613.0,1630.0,17.0,1613,1635.0,22.0,190.0,BHM,1905.0,1933.0,28.0,True
202604186775191,XC,2026-04-18,APR,SAT,False,,NCL,1633,1633.0,DAR,1703.0,1701.0,-2.0,1704,1704.0,0.0,50.0,BHM,1925.0,1939.0,14.0,True
202604186775103,XC,2026-04-18,APR,SAT,False,,EDB,1605,1605.0,DAR,1809.0,1807.0,-2.0,1811,1811.0,0.0,190.0,BHM,2106.0,2108.0,2.0,True
202604186775188,XC,2026-04-18,APR,SAT,False,,NCL,1833,1833.0,DAR,1903.0,1901.0,-2.0,1905,1908.0,3.0,50.0,BHM,2126.0,2129.0,3.0,True
202604186775080,XC,2026-04-18,APR,SAT,False,,EDB,1804,1803.0,DAR,2010.0,2010.0,0.0,2011,2018.0,7.0,190.0,BHM,2307.0,2308.0,1.0,True
202604196775195,XC,2026-04-19,APR,SUN,False,,NCL,936,937.0,DAR,1005.0,1005.0,0.0,1006,1008.0,2.0,50.0,BHM,1305.0,1313.0,8.0,True
202604196775086,XC,2026-04-19,APR,SUN,False,,EDB,908,910.0,DAR,1109.0,1107.0,-2.0,1111,1111.0,0.0,190.0,BHM,1404.0,1405.0,1.0,True
202604196775087,XC,2026-04-19,APR,SUN,False,,EDB,1008,1007.0,DAR,1209.0,1211.0,2.0,1210,1214.0,4.0,190.0,BHM,1506.0,1513.0,7.0,True
202604196775090,XC,2026-04-19,APR,SUN,False,,EDB,1107,1107.0,DAR,1309.0,1311.0,2.0,1310,1315.0,5.0,190.0,BHM,1604.0,1613.0,9.0,True
202604196775122,XC,2026-04-19,APR,SUN,False,,GLC,1055,1054.0,DAR,1410.0,1413.0,3.0,1411,1416.0,5.0,228.0,BHM,1706.0,1714.0,8.0,True
202604196775093,XC,2026-04-19,APR,SUN,False,,EDB,1305,1305.0,DAR,1509.0,1506.0,-3.0,1511,1510.0,-1.0,190.0,BHM,1804.0,1809.0,5.0,True
202604196775064,XC,2026-04-19,APR,SUN,False,,DEE,1222,,DAR,1609.0,1610.0,1.0,1610,1613.0,3.0,,BHM,1904.0,1910.0,6.0,True
202604196775099,XC,2026-04-19,APR,SUN,False,,EDB,1505,1504.0,DAR,1710.0,1712.0,2.0,1712,1716.0,4.0,190.0,BHM,2004.0,2003.0,-1.0,False
202604196775101,XC,2026-04-19,APR,SUN,False,,EDB,1607,1607.0,DAR,1811.0,1809.0,-2.0,1812,1813.0,1.0,190.0,BHM,2106.0,2105.0,-1.0,False
202604196775186,XC,2026-04-19,APR,SUN,False,,NCL,1833,1833.0,DAR,1902.0,1902.0,0.0,1904,1905.0,1.0,50.0,BHM,2124.0,2126.0,2.0,True
202604196775078,XC,2026-04-19,APR,SUN,False,887.0,EDB,1805,1805.0,DAR,2007.0,2015.0,8.0,2009,2019.0,10.0,190.0,BHM,2309.0,2307.0,-2.0,False
202604206775461,XC,2026-04-20,APR,MON,False,,NCL,518,518.0,DAR,550.0,547.0,-3.0,552,552.0,0.0,50.0,BHM,828.0,831.0,3.0,True
202604206775196,XC,2026-04-20,APR,MON,False,,NCL,623,623.0,DAR,652.0,651.0,-1.0,654,655.0,1.0,50.0,BHM,928.0,926.0,-2.0,False
202604206775192,XC,2026-04-20,APR,MON,False,,NCL,640,640.0,DAR,709.0,707.0,-2.0,710,712.0,2.0,50.0,BHM,1004.0,1003.0,-1.0,False
202604206775082,XC,2026-04-20,APR,MON,False,,EDB,602,601.0,DAR,810.0,808.0,-2.0,811,815.0,4.0,190.0,BHM,1106.0,1107.0,1.0,True
202604206775084,XC,2026-04-20,APR,MON,False,573.0,EDB,703,703.0,DAR,910.0,927.0,17.0,912,934.0,22.0,190.0,BHM,1204.0,1237.0,33.0,True
202604206775118,XC,2026-04-20,APR,MON,False,,GLC,648,648.0,DAR,1010.0,1009.0,-1.0,1011,1013.0,2.0,228.0,BHM,1306.0,1309.0,3.0,True
202604206775200,XC,2026-04-20,APR,MON,False,,NCL,1033,1033.0,DAR,1104.0,1102.0,-2.0,1105,1107.0,2.0,50.0,BHM,1328.0,1328.0,0.0,False
202604206775088,XC,2026-04-20,APR,MON,False,904.0,EDB,1005,1004.0,DAR,1210.0,1221.0,11.0,1213,1225.0,12.0,190.0,BHM,1506.0,1526.0,20.0,True
202604206775202,XC,2026-04-20,APR,MON,False,,NCL,1233,1233.0,DAR,1303.0,1301.0,-2.0,1305,1305.0,0.0,50.0,BHM,1528.0,1530.0,2.0,True
202604206775091,XC,2026-04-20,APR,MON,False,,EDB,1205,1204.0,DAR,1410.0,1412.0,2.0,1412,1415.0,3.0,190.0,BHM,1706.0,1708.0,2.0,True
202604206775204,XC,2026-04-20,APR,MON,False,,NCL,1434,1434.0,DAR,1504.0,1502.0,-2.0,1506,1506.0,0.0,50.0,BHM,1727.0,1727.0,0.0,False
202604206775096,XC,2026-04-20,APR,MON,False,547.0,EDB,1404,1403.0,DAR,1610.0,1623.0,13.0,1611,1627.0,16.0,190.0,BHM,1907.0,1928.0,21.0,True
202604206775190,XC,2026-04-20,APR,MON,False,576.0,NCL,1634,1634.0,DAR,1704.0,1701.0,-3.0,1705,1705.0,0.0,50.0,BHM,1931.0,1940.0,9.0,True
202604206775102,XC,2026-04-20,APR,MON,False,,EDB,1605,1604.0,DAR,1810.0,1808.0,-2.0,1812,1812.0,0.0,190.0,BHM,2107.0,2105.0,-2.0,False
202604206775187,XC,2026-04-20,APR,MON,False,,NCL,1833,1833.0,DAR,1904.0,1903.0,-1.0,1906,1906.0,0.0,50.0,BHM,2126.0,2129.0,3.0,True
202604206775079,XC,2026-04-20,APR,MON,False,,EDB,1804,1804.0,DAR,2010.0,2008.0,-2.0,2011,2011.0,0.0,190.0,BHM,2328.0,2327.0,-1.0,False
202604216775461,XC,2026-04-21,APR,TUE,False,,NCL,518,518.0,DAR,550.0,547.0,-3.0,552,552.0,0.0,50.0,BHM,828.0,832.0,4.0,True
202604216775196,XC,2026-04-21,APR,TUE,False,,NCL,623,623.0,DAR,652.0,652.0,0.0,654,655.0,1.0,50.0,BHM,928.0,932.0,4.0,True
202604216775192,XC,2026-04-21,APR,TUE,False,904.0,NCL,640,640.0,DAR,709.0,707.0,-2.0,710,712.0,2.0,50.0,BHM,1004.0,1007.0,3.0,True
202604216775082,XC,2026-04-21,APR,TUE,False,895.0,EDB,602,601.0,DAR,810.0,808.0,-2.0,811,812.0,1.0,190.0,BHM,1106.0,1117.0,11.0,True
202604216775198,XC,2026-04-21,APR,TUE,False,,NCL,835,835.0,DAR,904.0,903.0,-1.0,906,906.0,0.0,50.0,BHM,1127.0,1128.0,1.0,True
202604216775118,XC,2026-04-21,APR,TUE,False,,GLC,648,647.0,DAR,1010.0,1007.0,-3.0,1011,1010.0,-1.0,228.0,BHM,1306.0,1305.0,-1.0,False
202604216775200,XC,2026-04-21,APR,TUE,False,,NCL,1033,1033.0,DAR,1104.0,1103.0,-1.0,1105,1106.0,1.0,50.0,BHM,1328.0,1329.0,1.0,True
202604216775088,XC,2026-04-21,APR,TUE,False,887.0,EDB,1005,1004.0,DAR,1210.0,1207.0,-3.0,1213,1213.0,0.0,190.0,BHM,1506.0,1508.0,2.0,True
202604216775202,XC,2026-04-21,APR,TUE,False,,NCL,1233,1233.0,DAR,1303.0,1300.0,-3.0,1305,1305.0,0.0,50.0,BHM,1528.0,1532.0,4.0,True
202604216775091,XC,2026-04-21,APR,TUE,False,832.0,EDB,1205,1204.0,DAR,1410.0,1414.0,4.0,1412,1418.0,6.0,190.0,BHM,1706.0,1705.0,-1.0,False
202604216775204,XC,2026-04-21,APR,TUE,False,,NCL,1434,1434.0,DAR,1504.0,1502.0,-2.0,1506,1506.0,0.0,50.0,BHM,1727.0,1726.0,-1.0,False
202604216775096,XC,2026-04-21,APR,TUE,False,,EDB,1404,1403.0,DAR,1610.0,1608.0,-2.0,1611,1612.0,1.0,190.0,BHM,1907.0,1907.0,0.0,False
202604216775190,XC,2026-04-21,APR,TUE,False,,NCL,1634,1634.0,DAR,1704.0,1701.0,-3.0,1705,1706.0,1.0,50.0,BHM,1931.0,1931.0,0.0,False
202604216775102,XC,2026-04-21,APR,TUE,False,,EDB,1605,1605.0,DAR,1810.0,1808.0,-2.0,1812,1812.0,0.0,190.0,BHM,2107.0,2129.0,22.0,True
202604216775187,XC,2026-04-21,APR,TUE,False,,NCL,1833,1833.0,DAR,1904.0,1902.0,-2.0,1906,1907.0,1.0,50.0,BHM,2126.0,2134.0,8.0,True
202604216775079,XC,2026-04-21,APR,TUE,False,,EDB,1804,1804.0,DAR,2010.0,2007.0,-3.0,2011,2010.0,-1.0,190.0,BHM,2328.0,2326.0,-2.0,False
202604226775461,XC,2026-04-22,APR,WED,False,,NCL,518,517.0,DAR,550.0,548.0,-2.0,552,552.0,0.0,50.0,BHM,828.0,832.0,4.0,True
202604226775196,XC,2026-04-22,APR,WED,False,,NCL,623,623.0,DAR,652.0,650.0,-2.0,654,654.0,0.0,50.0,BHM,928.0,930.0,2.0,True
202604226775192,XC,2026-04-22,APR,WED,False,,NCL,640,640.0,DAR,709.0,707.0,-2.0,710,709.0,-1.0,50.0,BHM,1004.0,1006.0,2.0,True
202604226775082,XC,2026-04-22,APR,WED,False,,EDB,602,602.0,DAR,810.0,810.0,0.0,811,814.0,3.0,190.0,BHM,1106.0,1108.0,2.0,True
202604226775198,XC,2026-04-22,APR,WED,False,,NCL,835,835.0,DAR,904.0,904.0,0.0,906,907.0,1.0,50.0,BHM,1127.0,1127.0,0.0,False
202604226775118,XC,2026-04-22,APR,WED,False,,GLC,648,647.0,DAR,1010.0,1007.0,-3.0,1011,1012.0,1.0,228.0,BHM,1306.0,1313.0,7.0,True
202604226775200,XC,2026-04-22,APR,WED,False,,NCL,1033,1033.0,DAR,1104.0,1100.0,-4.0,1105,1105.0,0.0,50.0,BHM,1328.0,1333.0,5.0,True
202604226775088,XC,2026-04-22,APR,WED,False,,EDB,1005,1004.0,DAR,1210.0,1208.0,-2.0,1213,1213.0,0.0,190.0,BHM,1506.0,1508.0,2.0,True
202604226775202,XC,2026-04-22,APR,WED,False,,NCL,1233,1233.0,DAR,1303.0,1301.0,-2.0,1305,1305.0,0.0,50.0,BHM,1528.0,1528.0,0.0,False
202604226775091,XC,2026-04-22,APR,WED,False,,EDB,1205,1205.0,DAR,1410.0,1408.0,-2.0,1412,1412.0,0.0,190.0,BHM,1706.0,1713.0,7.0,True
202604226775204,XC,2026-04-22,APR,WED,False,,NCL,1434,1434.0,DAR,1504.0,1502.0,-2.0,1506,1506.0,0.0,50.0,BHM,1727.0,1728.0,1.0,True
202604226775096,XC,2026-04-22,APR,WED,False,576.0,EDB,1404,1403.0,DAR,1610.0,1615.0,5.0,1611,1618.0,7.0,190.0,BHM,1907.0,1922.0,15.0,True
202604226775190,XC,2026-04-22,APR,WED,False,,NCL,1634,1634.0,DAR,1704.0,1702.0,-2.0,1705,1705.0,0.0,50.0,BHM,1931.0,1935.0,4.0,True
202604226775102,XC,2026-04-22,APR,WED,False,,EDB,1605,1604.0,DAR,1810.0,1808.0,-2.0,1812,1811.0,-1.0,190.0,BHM,2107.0,2105.0,-2.0,False
202604226775187,XC,2026-04-22,APR,WED,False,,NCL,1833,1833.0,DAR,1904.0,1903.0,-1.0,1906,1906.0,0.0,50.0,BHM,2126.0,2130.0,4.0,True
202604226775079,XC,2026-04-22,APR,WED,False,,EDB,1804,1804.0,DAR,2010.0,2007.0,-3.0,2011,2011.0,0.0,190.0,BHM,2328.0,2327.0,-1.0,False
202604236775461,XC,2026-04-23,APR,THU,False,,NCL,518,518.0,DAR,550.0,547.0,-3.0,552,552.0,0.0,50.0,BHM,828.0,830.0,2.0,True
202604236775196,XC,2026-04-23,APR,THU,False,,NCL,623,624.0,DAR,652.0,650.0,-2.0,654,654.0,0.0,50.0,BHM,928.0,925.0,-3.0,False
202604236775192,XC,2026-04-23,APR,THU,False,,NCL,640,640.0,DAR,709.0,707.0,-2.0,710,711.0,1.0,50.0,BHM,1004.0,1004.0,0.0,False
202604236775082,XC,2026-04-23,APR,THU,False,832.0,EDB,602,602.0,DAR,810.0,815.0,5.0,811,820.0,9.0,190.0,BHM,1106.0,1105.0,-1.0,False
202604236775198,XC,2026-04-23,APR,THU,False,,NCL,835,838.0,DAR,904.0,908.0,4.0,906,911.0,5.0,50.0,BHM,1127.0,1133.0,6.0,True
202604236775118,XC,2026-04-23,APR,THU,False,,GLC,648,648.0,DAR,1010.0,1010.0,0.0,1011,1013.0,2.0,228.0,BHM,1306.0,1309.0,3.0,True
202604236775200,XC,2026-04-23,APR,THU,False,526.0,NCL,1033,1040.0,DAR,1104.0,1106.0,2.0,1105,1110.0,5.0,50.0,BHM,1328.0,1335.0,7.0,True
202604236775088,XC,2026-04-23,APR,THU,False,,EDB,1005,1004.0,DAR,1210.0,1209.0,-1.0,1213,1213.0,0.0,190.0,BHM,1506.0,1509.0,3.0,True
202604236775202,XC,2026-04-23,APR,THU,False,,NCL,1233,1233.0,DAR,1303.0,1301.0,-2.0,1305,1305.0,0.0,50.0,BHM,1528.0,1529.0,1.0,True
202604236775091,XC,2026-04-23,APR,THU,False,,EDB,1205,1204.0,DAR,1410.0,1407.0,-3.0,1412,1411.0,-1.0,190.0,BHM,1706.0,1708.0,2.0,True
202604236775204,XC,2026-04-23,APR,THU,False,776.0,NCL,1434,1434.0,DAR,1504.0,1504.0,0.0,1506,1508.0,2.0,50.0,BHM,1727.0,1755.0,28.0,True
202604236775096,XC,2026-04-23,APR,THU,False,,EDB,1404,1403.0,DAR,1610.0,1608.0,-2.0,1611,1611.0,0.0,190.0,BHM,1907.0,1911.0,4.0,True
202604236775190,XC,2026-04-23,APR,THU,False,,NCL,1634,1634.0,DAR,1704.0,1702.0,-2.0,1705,1707.0,2.0,50.0,BHM,1931.0,1931.0,0.0,False
202604236775102,XC,2026-04-23,APR,THU,False,,EDB,1605,1605.0,DAR,1810.0,1808.0,-2.0,1812,1812.0,0.0,190.0,BHM,2107.0,2108.0,1.0,True
202604236775187,XC,2026-04-23,APR,THU,False,,NCL,1833,1836.0,DAR,1904.0,1909.0,5.0,1906,1911.0,5.0,50.0,BHM,2126.0,2126.0,0.0,False
202604236775079,XC,2026-04-23,APR,THU,False,,EDB,1804,1803.0,DAR,2010.0,2007.0,-3.0,2011,2010.0,-1.0,190.0,BHM,2328.0,2326.0,-2.0,False
202604246775461,XC,2026-04-24,APR,FRI,False,,NCL,518,518.0,DAR,550.0,547.0,-3.0,552,552.0,0.0,50.0,BHM,828.0,832.0,4.0,True
202604246775196,XC,2026-04-24,APR,FRI,False,,NCL,623,623.0,DAR,652.0,649.0,-3.0,654,653.0,-1.0,50.0,BHM,928.0,932.0,4.0,True
202604246775192,XC,2026-04-24,APR,FRI,False,,NCL,640,640.0,DAR,709.0,708.0,-1.0,710,710.0,0.0,50.0,BHM,1004.0,1004.0,0.0,False
202604246775082,XC,2026-04-24,APR,FRI,False,,EDB,602,603.0,DAR,810.0,809.0,-1.0,811,812.0,1.0,190.0,BHM,1106.0,1126.0,20.0,True
202604246775198,XC,2026-04-24,APR,FRI,False,,NCL,835,835.0,DAR,904.0,902.0,-2.0,906,906.0,0.0,50.0,BHM,1127.0,1134.0,7.0,True
202604246775118,XC,2026-04-24,APR,FRI,False,,GLC,648,647.0,DAR,1010.0,1012.0,2.0,1011,1016.0,5.0,228.0,BHM,1306.0,1311.0,5.0,True
202604246775200,XC,2026-04-24,APR,FRI,False,,NCL,1033,1036.0,DAR,1104.0,1105.0,1.0,1105,1108.0,3.0,50.0,BHM,1328.0,1332.0,4.0,True
202604246775088,XC,2026-04-24,APR,FRI,False,,EDB,1005,1005.0,DAR,1210.0,1209.0,-1.0,1213,1213.0,0.0,190.0,BHM,1506.0,1507.0,1.0,True
202604246775202,XC,2026-04-24,APR,FRI,False,,NCL,1233,1233.0,DAR,1303.0,1303.0,0.0,1305,1307.0,2.0,50.0,BHM,1528.0,1526.0,-2.0,False
202604246775091,XC,2026-04-24,APR,FRI,False,,EDB,1205,1204.0,DAR,1410.0,1408.0,-2.0,1412,1411.0,-1.0,190.0,BHM,1706.0,1716.0,10.0,True
202604246775204,XC,2026-04-24,APR,FRI,False,911.0,NCL,1434,1436.0,DAR,1504.0,1503.0,-1.0,1506,1506.0,0.0,50.0,BHM,1727.0,1753.0,26.0,True
202604246775096,XC,2026-04-24,APR,FRI,False,,EDB,1404,1403.0,DAR,1610.0,1608.0,-2.0,1611,1611.0,0.0,190.0,BHM,1907.0,1909.0,2.0,True
202604246775190,XC,2026-04-24,APR,FRI,False,,NCL,1634,1634.0,DAR,1704.0,1702.0,-2.0,1705,1706.0,1.0,50.0,BHM,1931.0,1934.0,3.0,True
202604246775102,XC,2026-04-24,APR,FRI,False,908.0,EDB,1605,1605.0,DAR,1810.0,1807.0,-3.0,1812,1811.0,-1.0,190.0,BHM,2107.0,2118.0,11.0,True
202604246775187,XC,2026-04-24,APR,FRI,False,576.0,NCL,1833,1833.0,DAR,1904.0,1903.0,-1.0,1906,1907.0,1.0,50.0,BHM,2126.0,2149.0,23.0,True
202604246775079,XC,2026-04-24,APR,FRI,False,,EDB,1804,1804.0,DAR,2010.0,2007.0,-3.0,2011,2010.0,-1.0,190.0,BHM,2328.0,2328.0,0.0,False
202604256775197,XC,2026-04-25,APR,SAT,False,895.0,NCL,622,622.0,DAR,651.0,649.0,-2.0,653,653.0,0.0,50.0,BHM,927.0,929.0,2.0,True
202604256775193,XC,2026-04-25,APR,SAT,False,,NCL,640,640.0,DAR,709.0,707.0,-2.0,710,710.0,0.0,50.0,BHM,1006.0,1007.0,1.0,True
202604256775083,XC,2026-04-25,APR,SAT,False,574.0,EDB,602,602.0,DAR,810.0,820.0,10.0,811,823.0,12.0,190.0,BHM,1106.0,1131.0,25.0,True
202604256775199,XC,2026-04-25,APR,SAT,False,535.0,NCL,835,835.0,DAR,904.0,901.0,-3.0,906,906.0,0.0,50.0,BHM,1127.0,1137.0,10.0,True
202604256775119,XC,2026-04-25,APR,SAT,False,,GLC,648,648.0,DAR,1010.0,1009.0,-1.0,1011,1012.0,1.0,228.0,BHM,1306.0,1334.0,28.0,True
202604256775201,XC,2026-04-25,APR,SAT,False,832.0,NCL,1035,1035.0,DAR,1104.0,1104.0,0.0,1106,1107.0,1.0,50.0,BHM,1328.0,1355.0,27.0,True
202604256775089,XC,2026-04-25,APR,SAT,False,,EDB,1005,1005.0,DAR,1210.0,1207.0,-3.0,1211,1211.0,0.0,190.0,BHM,1505.0,1509.0,4.0,True
202604256775203,XC,2026-04-25,APR,SAT,False,,NCL,1234,1234.0,DAR,1304.0,1302.0,-2.0,1306,1306.0,0.0,50.0,BHM,1527.0,1525.0,-2.0,False
202604256775092,XC,2026-04-25,APR,SAT,False,536.0,EDB,1205,1205.0,DAR,1410.0,1409.0,-1.0,1412,1413.0,1.0,190.0,BHM,1706.0,1711.0,5.0,True
202604256775097,XC,2026-04-25,APR,SAT,False,904.0,EDB,1404,1403.0,DAR,1610.0,1608.0,-2.0,1612,1612.0,0.0,190.0,BHM,1905.0,1927.0,22.0,True
202604256775191,XC,2026-04-25,APR,SAT,False,,NCL,1633,1633.0,DAR,1703.0,1703.0,0.0,1704,1706.0,2.0,50.0,BHM,1925.0,1953.0,28.0,True
202604256775103,XC,2026-04-25,APR,SAT,False,,EDB,1605,1605.0,DAR,1809.0,1807.0,-2.0,1811,1811.0,0.0,190.0,BHM,2106.0,2108.0,2.0,True
202604256775188,XC,2026-04-25,APR,SAT,False,,NCL,1833,1836.0,DAR,1903.0,1904.0,1.0,1905,1908.0,3.0,50.0,BHM,2126.0,2130.0,4.0,True
202604256775080,XC,2026-04-25,APR,SAT,False,,EDB,1804,1804.0,DAR,2010.0,2012.0,2.0,2011,2016.0,5.0,190.0,BHM,2307.0,2313.0,6.0,True
202604266775195,XC,2026-04-26,APR,SUN,False,,NCL,936,936.0,DAR,1005.0,1004.0,-1.0,1006,1007.0,1.0,50.0,BHM,1305.0,1305.0,0.0,False
202604266775086,XC,2026-04-26,APR,SUN,False,,EDB,908,908.0,DAR,1109.0,1108.0,-1.0,1111,1111.0,0.0,190.0,BHM,1404.0,1407.0,3.0,True
202604266775090,XC,2026-04-26,APR,SUN,False,,EDB,1107,1106.0,DAR,1309.0,1312.0,3.0,1310,1315.0,5.0,190.0,BHM,1604.0,1608.0,4.0,True
202604266775122,XC,2026-04-26,APR,SUN,False,,GLC,1055,1055.0,DAR,1410.0,1409.0,-1.0,1411,1412.0,1.0,228.0,BHM,1706.0,1712.0,6.0,True
202604266775093,XC,2026-04-26,APR,SUN,False,,EDB,1305,1305.0,DAR,1509.0,1507.0,-2.0,1511,1511.0,0.0,190.0,BHM,1804.0,1804.0,0.0,False
202604266775064,XC,2026-04-26,APR,SUN,False,651.0,DEE,1222,,DAR,1609.0,1626.0,17.0,1610,1629.0,19.0,,BHM,1904.0,1926.0,22.0,True
202604266775099,XC,2026-04-26,APR,SUN,False,,EDB,1505,1505.0,DAR,1710.0,1708.0,-2.0,1712,1712.0,0.0,190.0,BHM,2004.0,2007.0,3.0,True
202604266775101,XC,2026-04-26,APR,SUN,False,,EDB,1607,1607.0,DAR,1811.0,1806.0,-5.0,1812,1812.0,0.0,190.0,BHM,2106.0,2106.0,0.0,False
202604266775078,XC,2026-04-26,APR,SUN,False,,EDB,1805,1805.0,DAR,2007.0,2008.0,1.0,2009,2010.0,1.0,190.0,BHM,2309.0,2308.0,-1.0,False
202604276775461,XC,2026-04-27,APR,MON,False,,NCL,518,518.0,DAR,550.0,547.0,-3.0,552,552.0,0.0,50.0,BHM,828.0,829.0,1.0,True
202604276775196,XC,2026-04-27,APR,MON,False,,NCL,623,623.0,DAR,652.0,651.0,-1.0,654,654.0,0.0,50.0,BHM,928.0,928.0,0.0,False
202604276775192,XC,2026-04-27,APR,MON,False,,NCL,640,640.0,DAR,709.0,708.0,-1.0,710,711.0,1.0,50.0,BHM,1004.0,1002.0,-2.0,False
202604276775082,XC,2026-04-27,APR,MON,False,,EDB,602,602.0,DAR,810.0,807.0,-3.0,811,811.0,0.0,190.0,BHM,1106.0,1113.0,7.0,True
202604276775198,XC,2026-04-27,APR,MON,False,,NCL,835,835.0,DAR,904.0,902.0,-2.0,906,906.0,0.0,50.0,BHM,1127.0,1129.0,2.0,True
202604276775118,XC,2026-04-27,APR,MON,False,,GLC,648,648.0,DAR,1010.0,1008.0,-2.0,1011,1012.0,1.0,228.0,BHM,1306.0,1309.0,3.0,True
202604276775200,XC,2026-04-27,APR,MON,False,,NCL,1033,1033.0,DAR,1104.0,1101.0,-3.0,1105,1105.0,0.0,50.0,BHM,1328.0,1334.0,6.0,True
202604276775088,XC,2026-04-27,APR,MON,False,,EDB,1005,1004.0,DAR,1210.0,1208.0,-2.0,1213,1213.0,0.0,190.0,BHM,1506.0,1506.0,0.0,False
202604276775202,XC,2026-04-27,APR,MON,False,,NCL,1233,1233.0,DAR,1303.0,1303.0,0.0,1305,1309.0,4.0,50.0,BHM,1528.0,1525.0,-3.0,False
202604276775091,XC,2026-04-27,APR,MON,False,,EDB,1205,1204.0,DAR,1410.0,1407.0,-3.0,1412,1411.0,-1.0,190.0,BHM,1706.0,1708.0,2.0,True
202604276775204,XC,2026-04-27,APR,MON,False,,NCL,1434,1434.0,DAR,1504.0,1502.0,-2.0,1506,1506.0,0.0,50.0,BHM,1727.0,1733.0,6.0,True
202604276775096,XC,2026-04-27,APR,MON,False,,EDB,1404,1403.0,DAR,1612.0,1607.0,-5.0,1613,1611.0,-2.0,190.0,BHM,1907.0,1905.0,-2.0,False
202604276775190,XC,2026-04-27,APR,MON,False,,NCL,1634,1634.0,DAR,1704.0,1701.0,-3.0,1705,1705.0,0.0,50.0,BHM,1931.0,1936.0,5.0,True
202604276775102,XC,2026-04-27,APR,MON,False,,EDB,1605,1604.0,DAR,1811.0,1807.0,-4.0,1812,1812.0,0.0,190.0,BHM,2107.0,2107.0,0.0,False
202604276775187,XC,2026-04-27,APR,MON,False,,NCL,1833,1836.0,DAR,1904.0,1902.0,-2.0,1906,1906.0,0.0,50.0,BHM,2126.0,2138.0,12.0,True
202604276775079,XC,2026-04-27,APR,MON,False,887.0,EDB,1804,1804.0,DAR,2010.0,2007.0,-3.0,2011,2011.0,0.0,190.0,BHM,2328.0,2329.0,1.0,True
202604286775461,XC,2026-04-28,APR,TUE,False,,NCL,518,518.0,DAR,550.0,547.0,-3.0,552,552.0,0.0,50.0,BHM,828.0,834.0,6.0,True
202604286775196,XC,2026-04-28,APR,TUE,False,,NCL,623,624.0,DAR,652.0,651.0,-1.0,654,654.0,0.0,50.0,BHM,928.0,930.0,2.0,True
202604286775192,XC,2026-04-28,APR,TUE,False,,NCL,640,639.0,DAR,709.0,708.0,-1.0,710,711.0,1.0,50.0,BHM,1004.0,1004.0,0.0,False
202604286775082,XC,2026-04-28,APR,TUE,False,,EDB,602,602.0,DAR,810.0,808.0,-2.0,811,811.0,0.0,190.0,BHM,1106.0,1106.0,0.0,False
202604286775198,XC,2026-04-28,APR,TUE,False,,NCL,835,838.0,DAR,904.0,907.0,3.0,906,909.0,3.0,50.0,BHM,1127.0,1131.0,4.0,True
202604286775118,XC,2026-04-28,APR,TUE,False,896.0,GLC,648,739.0,DAR,1010.0,1100.0,50.0,1011,1103.0,52.0,228.0,BHM,1306.0,1336.0,30.0,True
202604286775200,XC,2026-04-28,APR,TUE,False,,NCL,1033,1035.0,DAR,1104.0,1106.0,2.0,1105,1109.0,4.0,50.0,BHM,1328.0,1327.0,-1.0,False
202604286775088,XC,2026-04-28,APR,TUE,False,,EDB,1005,1004.0,DAR,1210.0,1208.0,-2.0,1213,1213.0,0.0,190.0,BHM,1506.0,1510.0,4.0,True
202604286775202,XC,2026-04-28,APR,TUE,False,,NCL,1233,1233.0,DAR,1303.0,1302.0,-1.0,1305,1305.0,0.0,50.0,BHM,1528.0,1527.0,-1.0,False
202604286775091,XC,2026-04-28,APR,TUE,False,,EDB,1205,1204.0,DAR,1410.0,1407.0,-3.0,1412,1411.0,-1.0,190.0,BHM,1706.0,1711.0,5.0,True
202604286775204,XC,2026-04-28,APR,TUE,False,,NCL,1434,1435.0,DAR,1504.0,1503.0,-1.0,1506,1506.0,0.0,50.0,BHM,1727.0,1730.0,3.0,True
202604286775096,XC,2026-04-28,APR,TUE,False,,EDB,1404,1403.0,DAR,1612.0,1611.0,-1.0,1613,1616.0,3.0,190.0,BHM,1907.0,1906.0,-1.0,False
202604286775190,XC,2026-04-28,APR,TUE,False,,NCL,1634,1635.0,DAR,1704.0,1703.0,-1.0,1705,1706.0,1.0,50.0,BHM,1931.0,1931.0,0.0,False
202604286775102,XC,2026-04-28,APR,TUE,False,,EDB,1605,1605.0,DAR,1811.0,1809.0,-2.0,1812,1812.0,0.0,190.0,BHM,2107.0,2105.0,-2.0,False
202604286775187,XC,2026-04-28,APR,TUE,False,,NCL,1833,1833.0,DAR,1904.0,1903.0,-1.0,1906,1906.0,0.0,50.0,BHM,2126.0,2124.0,-2.0,False
202604286775079,XC,2026-04-28,APR,TUE,False,576.0,EDB,1804,1803.0,DAR,2010.0,2018.0,8.0,2011,2021.0,10.0,190.0,BHM,2328.0,3.0,-1405.0,False
202604296775461,XC,2026-04-29,APR,WED,False,,NCL,518,518.0,DAR,550.0,546.0,-4.0,552,551.0,-1.0,50.0,BHM,828.0,828.0,0.0,False
202604296775196,XC,2026-04-29,APR,WED,False,,NCL,623,623.0,DAR,652.0,652.0,0.0,654,655.0,1.0,50.0,BHM,928.0,933.0,5.0,True
202604296775192,XC,2026-04-29,APR,WED,False,,NCL,640,640.0,DAR,709.0,707.0,-2.0,710,710.0,0.0,50.0,BHM,1004.0,1004.0,0.0,False
202604296775082,XC,2026-04-29,APR,WED,False,,EDB,602,602.0,DAR,810.0,808.0,-2.0,811,811.0,0.0,190.0,BHM,1106.0,1107.0,1.0,True
202604296775198,XC,2026-04-29,APR,WED,False,,NCL,835,835.0,DAR,904.0,903.0,-1.0,906,906.0,0.0,50.0,BHM,1127.0,1129.0,2.0,True
202604296775118,XC,2026-04-29,APR,WED,False,895.0,GLC,648,648.0,DAR,1010.0,1009.0,-1.0,1011,1014.0,3.0,228.0,BHM,1306.0,1316.0,10.0,True
202604296775200,XC,2026-04-29,APR,WED,False,,NCL,1033,1037.0,DAR,1104.0,1108.0,4.0,1105,1111.0,6.0,50.0,BHM,1328.0,1332.0,4.0,True
202604296775088,XC,2026-04-29,APR,WED,False,,EDB,1005,1004.0,DAR,1210.0,1208.0,-2.0,1213,1213.0,0.0,190.0,BHM,1506.0,1504.0,-2.0,False
202604296775202,XC,2026-04-29,APR,WED,False,,NCL,1233,1237.0,DAR,1303.0,1305.0,2.0,1305,1308.0,3.0,50.0,BHM,1528.0,1531.0,3.0,True
202604296775091,XC,2026-04-29,APR,WED,False,574.0,EDB,1205,1204.0,DAR,1410.0,1407.0,-3.0,1412,1411.0,-1.0,190.0,BHM,1706.0,1708.0,2.0,True
202604296775204,XC,2026-04-29,APR,WED,False,,NCL,1434,1435.0,DAR,1504.0,1505.0,1.0,1506,1508.0,2.0,50.0,BHM,1727.0,1735.0,8.0,True
202604296775096,XC,2026-04-29,APR,WED,False,,EDB,1404,1403.0,DAR,1612.0,1611.0,-1.0,1613,1615.0,2.0,190.0,BHM,1907.0,1907.0,0.0,False
202604296775190,XC,2026-04-29,APR,WED,False,,NCL,1634,1634.0,DAR,1704.0,1701.0,-3.0,1705,1704.0,-1.0,50.0,BHM,1931.0,1935.0,4.0,True
202604296775102,XC,2026-04-29,APR,WED,False,,EDB,1605,1605.0,DAR,1811.0,1807.0,-4.0,1812,1812.0,0.0,190.0,BHM,2107.0,2115.0,8.0,True
202604296775187,XC,2026-04-29,APR,WED,False,,NCL,1833,1835.0,DAR,1904.0,1903.0,-1.0,1906,1906.0,0.0,50.0,BHM,2126.0,2129.0,3.0,True
202604296775079,XC,2026-04-29,APR,WED,False,576.0,EDB,1804,1805.0,DAR,2010.0,2020.0,10.0,2011,2023.0,12.0,190.0,BHM,2328.0,2358.0,30.0,True
202604306775461,XC,2026-04-30,APR,THU,False,,NCL,518,518.0,DAR,550.0,546.0,-4.0,552,551.0,-1.0,50.0,BHM,828.0,831.0,3.0,True
202604306775196,XC,2026-04-30,APR,THU,False,,NCL,623,623.0,DAR,652.0,649.0,-3.0,654,653.0,-1.0,50.0,BHM,928.0,927.0,-1.0,False
202604306775192,XC,2026-04-30,APR,THU,False,,NCL,640,639.0,DAR,709.0,708.0,-1.0,710,710.0,0.0,50.0,BHM,1004.0,1008.0,4.0,True
202604306775082,XC,2026-04-30,APR,THU,False,,EDB,602,602.0,DAR,810.0,808.0,-2.0,811,811.0,0.0,190.0,BHM,1106.0,1113.0,7.0,True
202604306775198,XC,2026-04-30,APR,THU,False,896.0,NCL,835,836.0,DAR,904.0,904.0,0.0,906,907.0,1.0,50.0,BHM,1127.0,1158.0,31.0,True
202604306775118,XC,2026-04-30,APR,THU,False,,GLC,648,648.0,DAR,1010.0,1008.0,-2.0,1011,1012.0,1.0,228.0,BHM,1306.0,1313.0,7.0,True
202604306775200,XC,2026-04-30,APR,THU,False,,NCL,1033,1038.0,DAR,1104.0,1105.0,1.0,1105,1109.0,4.0,50.0,BHM,1328.0,1326.0,-2.0,False
202604306775088,XC,2026-04-30,APR,THU,False,886.0,EDB,1005,1004.0,DAR,1210.0,1208.0,-2.0,1213,1213.0,0.0,190.0,BHM,1506.0,1509.0,3.0,True
202604306775202,XC,2026-04-30,APR,THU,False,,NCL,1233,1233.0,DAR,1303.0,1300.0,-3.0,1305,1304.0,-1.0,50.0,BHM,1528.0,1527.0,-1.0,False
202604306775091,XC,2026-04-30,APR,THU,False,,EDB,1205,1204.0,DAR,1410.0,1408.0,-2.0,1412,1411.0,-1.0,190.0,BHM,1706.0,1712.0,6.0,True
202604306775204,XC,2026-04-30,APR,THU,False,,NCL,1434,1436.0,DAR,1504.0,1503.0,-1.0,1506,1506.0,0.0,50.0,BHM,1727.0,1730.0,3.0,True
202604306775096,XC,2026-04-30,APR,THU,False,,EDB,1404,1403.0,DAR,1612.0,1609.0,-3.0,1613,1613.0,0.0,190.0,BHM,1907.0,1911.0,4.0,True
202604306775190,XC,2026-04-30,APR,THU,False,,NCL,1634,1635.0,DAR,1704.0,1704.0,0.0,1705,1707.0,2.0,50.0,BHM,1931.0,1931.0,0.0,False
202604306775102,XC,2026-04-30,APR,THU,False,,EDB,1605,1605.0,DAR,1811.0,1809.0,-2.0,1812,1812.0,0.0,190.0,BHM,2107.0,2106.0,-1.0,False
202604306775079,XC,2026-04-30,APR,THU,False,,EDB,1804,1803.0,DAR,2010.0,2006.0,-4.0,2011,2010.0,-1.0,190.0,BHM,2328.0,2325.0,-3.0,False
202605016775461,XC,2026-05-01,MAY,FRI,False,,NCL,518,518.0,DAR,550.0,546.0,-4.0,552,551.0,-1.0,50.0,BHM,828.0,830.0,2.0,True
202605016775196,XC,2026-05-01,MAY,FRI,False,,NCL,623,625.0,DAR,652.0,652.0,0.0,654,654.0,0.0,50.0,BHM,928.0,925.0,-3.0,False
202605016775192,XC,2026-05-01,MAY,FRI,False,,NCL,640,639.0,DAR,709.0,707.0,-2.0,710,710.0,0.0,50.0,BHM,1004.0,1004.0,0.0,False
202605016775082,XC,2026-05-01,MAY,FRI,False,,EDB,602,602.0,DAR,810.0,807.0,-3.0,811,810.0,-1.0,190.0,BHM,1106.0,1105.0,-1.0,False
202605016775198,XC,2026-05-01,MAY,FRI,False,,NCL,835,835.0,DAR,904.0,902.0,-2.0,906,906.0,0.0,50.0,BHM,1127.0,1128.0,1.0,True
202605016775118,XC,2026-05-01,MAY,FRI,False,,GLC,648,648.0,DAR,1010.0,1007.0,-3.0,1011,1010.0,-1.0,228.0,BHM,1306.0,1308.0,2.0,True
202605016775200,XC,2026-05-01,MAY,FRI,False,,NCL,1033,1033.0,DAR,1104.0,1102.0,-2.0,1105,1105.0,0.0,50.0,BHM,1328.0,1332.0,4.0,True
202605016775088,XC,2026-05-01,MAY,FRI,False,,EDB,1005,1004.0,DAR,1210.0,1208.0,-2.0,1213,1213.0,0.0,190.0,BHM,1506.0,1517.0,11.0,True
202605016775202,XC,2026-05-01,MAY,FRI,False,896.0,NCL,1233,1233.0,DAR,1303.0,1305.0,2.0,1305,1308.0,3.0,50.0,BHM,1528.0,1603.0,35.0,True
202605016775091,XC,2026-05-01,MAY,FRI,False,896.0,EDB,1205,1204.0,DAR,1410.0,1408.0,-2.0,1412,1412.0,0.0,190.0,BHM,1706.0,1747.0,41.0,True
202605016775204,XC,2026-05-01,MAY,FRI,False,,NCL,1434,1434.0,DAR,1504.0,1505.0,1.0,1506,1511.0,5.0,50.0,BHM,1727.0,1731.0,4.0,True
202605016775096,XC,2026-05-01,MAY,FRI,False,895.0,EDB,1404,1403.0,DAR,1612.0,1628.0,16.0,1613,1631.0,18.0,190.0,BHM,1907.0,1937.0,30.0,True
202605016775102,XC,2026-05-01,MAY,FRI,False,811.0,EDB,1605,1605.0,DAR,1811.0,1839.0,28.0,1812,1843.0,31.0,190.0,BHM,2107.0,2140.0,33.0,True
202605016775187,XC,2026-05-01,MAY,FRI,False,811.0,NCL,1833,,DAR,,,,1906,1907.0,1.0,50.0,BHM,2126.0,2204.0,38.0,True
202605016775079,XC,2026-05-01,MAY,FRI,False,811.0,EDB,1804,1816.0,DAR,2010.0,2030.0,20.0,2011,2034.0,23.0,190.0,BHM,2328.0,2335.0,7.0,True
202605056775461,XC,2026-05-05,MAY,TUE,False,,NCL,518,518.0,DAR,550.0,547.0,-3.0,552,552.0,0.0,50.0,BHM,828.0,833.0,5.0,True
202605056775196,XC,2026-05-05,MAY,TUE,False,,NCL,623,623.0,DAR,652.0,650.0,-2.0,654,653.0,-1.0,50.0,BHM,928.0,926.0,-2.0,False
202605056775192,XC,2026-05-05,MAY,TUE,False,,NCL,640,640.0,DAR,709.0,708.0,-1.0,710,711.0,1.0,50.0,BHM,1004.0,1003.0,-1.0,False
202605056775082,XC,2026-05-05,MAY,TUE,False,,EDB,602,601.0,DAR,810.0,807.0,-3.0,811,810.0,-1.0,190.0,BHM,1106.0,1105.0,-1.0,False
202605056775198,XC,2026-05-05,MAY,TUE,False,,NCL,835,835.0,DAR,904.0,902.0,-2.0,906,906.0,0.0,50.0,BHM,1127.0,1129.0,2.0,True
202605056775118,XC,2026-05-05,MAY,TUE,False,,GLC,648,647.0,DAR,1010.0,1007.0,-3.0,1011,1012.0,1.0,228.0,BHM,1306.0,1309.0,3.0,True
202605056775200,XC,2026-05-05,MAY,TUE,False,,NCL,1033,1033.0,DAR,1104.0,1102.0,-2.0,1105,1106.0,1.0,50.0,BHM,1328.0,1332.0,4.0,True
202605056775088,XC,2026-05-05,MAY,TUE,False,904.0,EDB,1005,1004.0,DAR,1210.0,1208.0,-2.0,1213,1213.0,0.0,190.0,BHM,1506.0,1516.0,10.0,True
202605056775202,XC,2026-05-05,MAY,TUE,False,,NCL,1233,1233.0,DAR,1303.0,1301.0,-2.0,1305,1305.0,0.0,50.0,BHM,1528.0,1532.0,4.0,True
202605056775091,XC,2026-05-05,MAY,TUE,False,,EDB,1205,1204.0,DAR,1410.0,1409.0,-1.0,1412,1414.0,2.0,190.0,BHM,1706.0,1705.0,-1.0,False
202605056775204,XC,2026-05-05,MAY,TUE,False,,NCL,1434,1434.0,DAR,1504.0,1502.0,-2.0,1506,1506.0,0.0,50.0,BHM,1727.0,1730.0,3.0,True
202605056775096,XC,2026-05-05,MAY,TUE,False,,EDB,1404,1403.0,DAR,1610.0,1607.0,-3.0,1611,1610.0,-1.0,190.0,BHM,1907.0,1904.0,-3.0,False
202605056775190,XC,2026-05-05,MAY,TUE,False,,NCL,1634,1634.0,DAR,1704.0,1702.0,-2.0,1705,1706.0,1.0,50.0,BHM,1931.0,1932.0,1.0,True
202605056775102,XC,2026-05-05,MAY,TUE,False,,EDB,1605,1605.0,DAR,1810.0,1807.0,-3.0,1812,1811.0,-1.0,190.0,BHM,2107.0,2105.0,-2.0,False
202605056775079,XC,2026-05-05,MAY,TUE,False,,EDB,1804,1804.0,DAR,2010.0,2006.0,-4.0,2011,2010.0,-1.0,190.0,BHM,2328.0,2328.0,0.0,False
202605066775461,XC,2026-05-06,MAY,WED,False,,NCL,518,518.0,DAR,550.0,546.0,-4.0,552,551.0,-1.0,50.0,BHM,828.0,836.0,8.0,True
202605066775192,XC,2026-05-06,MAY,WED,False,895.0,NCL,640,642.0,DAR,709.0,711.0,2.0,710,714.0,4.0,50.0,BHM,1004.0,1024.0,20.0,True
202605066775082,XC,2026-05-06,MAY,WED,False,,EDB,602,602.0,DAR,810.0,808.0,-2.0,811,811.0,0.0,190.0,BHM,1106.0,1114.0,8.0,True
202605066775084,XC,2026-05-06,MAY,WED,False,,EDB,703,702.0,DAR,910.0,912.0,2.0,912,915.0,3.0,190.0,BHM,1204.0,1209.0,5.0,True
202605066775118,XC,2026-05-06,MAY,WED,False,,GLC,648,647.0,DAR,1010.0,1007.0,-3.0,1011,1011.0,0.0,228.0,BHM,1306.0,1305.0,-1.0,False
202605066775200,XC,2026-05-06,MAY,WED,False,,NCL,1033,1034.0,DAR,1104.0,1103.0,-1.0,1105,1106.0,1.0,50.0,BHM,1328.0,1329.0,1.0,True
202605066775088,XC,2026-05-06,MAY,WED,False,,EDB,1005,1004.0,DAR,1210.0,1208.0,-2.0,1213,1213.0,0.0,190.0,BHM,1506.0,1505.0,-1.0,False
202605066775091,XC,2026-05-06,MAY,WED,False,,EDB,1205,1204.0,DAR,1410.0,1408.0,-2.0,1412,1411.0,-1.0,190.0,BHM,1706.0,1707.0,1.0,True
202605066775204,XC,2026-05-06,MAY,WED,False,895.0,NCL,1434,1436.0,DAR,1504.0,1503.0,-1.0,1506,1505.0,-1.0,50.0,BHM,1727.0,1738.0,11.0,True
202605066775096,XC,2026-05-06,MAY,WED,False,,EDB,1404,1403.0,DAR,1610.0,1609.0,-1.0,1611,1612.0,1.0,190.0,BHM,1907.0,1906.0,-1.0,False
202605066775190,XC,2026-05-06,MAY,WED,False,,NCL,1634,1634.0,DAR,1704.0,1701.0,-3.0,1705,1705.0,0.0,50.0,BHM,1931.0,1929.0,-2.0,False
202605066775102,XC,2026-05-06,MAY,WED,False,,EDB,1605,1605.0,DAR,1810.0,1808.0,-2.0,1812,1812.0,0.0,190.0,BHM,2107.0,2105.0,-2.0,False
202605066775187,XC,2026-05-06,MAY,WED,False,,NCL,1833,1835.0,DAR,1904.0,1903.0,-1.0,1906,1906.0,0.0,50.0,BHM,2126.0,2126.0,0.0,False
202605066775079,XC,2026-05-06,MAY,WED,False,,EDB,1804,1803.0,DAR,2010.0,2007.0,-3.0,2011,2011.0,0.0,190.0,BHM,2328.0,2328.0,0.0,False
202605076775461,XC,2026-05-07,MAY,THU,False,,NCL,518,518.0,DAR,550.0,548.0,-2.0,552,553.0,1.0,50.0,BHM,828.0,830.0,2.0,True
202605076775196,XC,2026-05-07,MAY,THU,False,,NCL,623,623.0,DAR,652.0,650.0,-2.0,654,654.0,0.0,50.0,BHM,928.0,929.0,1.0,True
202605076775192,XC,2026-05-07,MAY,THU,False,832.0,NCL,640,640.0,DAR,709.0,707.0,-2.0,710,710.0,0.0,50.0,BHM,1004.0,1004.0,0.0,False
202605076775082,XC,2026-05-07,MAY,THU,False,,EDB,602,602.0,DAR,810.0,808.0,-2.0,811,811.0,0.0,190.0,BHM,1106.0,1111.0,5.0,True
202605076775118,XC,2026-05-07,MAY,THU,False,581.0,GLC,648,647.0,DAR,1010.0,1011.0,1.0,1011,1014.0,3.0,228.0,BHM,1306.0,1315.0,9.0,True
202605076775200,XC,2026-05-07,MAY,THU,False,,NCL,1033,1034.0,DAR,1104.0,1103.0,-1.0,1105,1106.0,1.0,50.0,BHM,1328.0,1334.0,6.0,True
202605076775088,XC,2026-05-07,MAY,THU,False,895.0,EDB,1005,1004.0,DAR,1210.0,1210.0,0.0,1213,1214.0,1.0,190.0,BHM,1506.0,1526.0,20.0,True
202605076775202,XC,2026-05-07,MAY,THU,False,,NCL,1233,1233.0,DAR,1303.0,1302.0,-1.0,1305,1305.0,0.0,50.0,BHM,1528.0,1534.0,6.0,True
202605076775091,XC,2026-05-07,MAY,THU,False,,EDB,1205,1204.0,DAR,1410.0,1408.0,-2.0,1412,1411.0,-1.0,190.0,BHM,1706.0,1708.0,2.0,True
202605076775204,XC,2026-05-07,MAY,THU,False,576.0,NCL,1434,1436.0,DAR,1504.0,1504.0,0.0,1506,1506.0,0.0,50.0,BHM,1727.0,1802.0,35.0,True
202605076775096,XC,2026-05-07,MAY,THU,False,,EDB,1404,1403.0,DAR,1610.0,1608.0,-2.0,1611,1612.0,1.0,190.0,BHM,1907.0,1909.0,2.0,True
202605076775190,XC,2026-05-07,MAY,THU,False,,NCL,1634,1636.0,DAR,1704.0,1703.0,-1.0,1705,1706.0,1.0,50.0,BHM,1931.0,1932.0,1.0,True
202605076775102,XC,2026-05-07,MAY,THU,False,,EDB,1605,1605.0,DAR,1810.0,1812.0,2.0,1812,1815.0,3.0,190.0,BHM,2107.0,2108.0,1.0,True
202605076775187,XC,2026-05-07,MAY,THU,False,576.0,NCL,1833,1851.0,DAR,1904.0,1922.0,18.0,1906,1926.0,20.0,50.0,BHM,2126.0,2203.0,37.0,True
202605076775079,XC,2026-05-07,MAY,THU,False,,EDB,1804,1804.0,DAR,2010.0,2006.0,-4.0,2011,2010.0,-1.0,190.0,BHM,2328.0,2330.0,2.0,True
202605086775461,XC,2026-05-08,MAY,FRI,False,832.0,NCL,518,518.0,DAR,550.0,547.0,-3.0,552,551.0,-1.0,50.0,BHM,828.0,835.0,7.0,True
202605086775196,XC,2026-05-08,MAY,FRI,False,563.0,NCL,623,623.0,DAR,652.0,651.0,-1.0,654,654.0,0.0,50.0,BHM,928.0,927.0,-1.0,False
202605086775192,XC,2026-05-08,MAY,FRI,False,,NCL,640,640.0,DAR,709.0,708.0,-1.0,710,712.0,2.0,50.0,BHM,1004.0,1005.0,1.0,True
202605086775082,XC,2026-05-08,MAY,FRI,False,,EDB,602,601.0,DAR,810.0,808.0,-2.0,811,811.0,0.0,190.0,BHM,1106.0,1109.0,3.0,True
202605086775198,XC,2026-05-08,MAY,FRI,False,,NCL,835,836.0,DAR,904.0,906.0,2.0,906,909.0,3.0,50.0,BHM,1127.0,1125.0,-2.0,False
202605086775118,XC,2026-05-08,MAY,FRI,False,,GLC,648,647.0,DAR,1010.0,1007.0,-3.0,1011,1011.0,0.0,228.0,BHM,1306.0,1308.0,2.0,True
202605086775200,XC,2026-05-08,MAY,FRI,False,,NCL,1033,1033.0,DAR,1104.0,1102.0,-2.0,1105,1105.0,0.0,50.0,BHM,1328.0,1331.0,3.0,True
202605086775088,XC,2026-05-08,MAY,FRI,False,705.0,EDB,1005,1004.0,DAR,1210.0,1208.0,-2.0,1213,1213.0,0.0,190.0,BHM,1506.0,1512.0,6.0,True
202605086775202,XC,2026-05-08,MAY,FRI,False,,NCL,1233,1233.0,DAR,1303.0,1301.0,-2.0,1305,1305.0,0.0,50.0,BHM,1528.0,1528.0,0.0,False
202605086775091,XC,2026-05-08,MAY,FRI,False,,EDB,1205,1204.0,DAR,1410.0,1408.0,-2.0,1412,1412.0,0.0,190.0,BHM,1706.0,1708.0,2.0,True
202605086775204,XC,2026-05-08,MAY,FRI,False,,NCL,1434,1434.0,DAR,1504.0,1507.0,3.0,1506,1511.0,5.0,50.0,BHM,1727.0,1737.0,10.0,True
202605086775096,XC,2026-05-08,MAY,FRI,False,895.0,EDB,1404,1403.0,DAR,1610.0,1609.0,-1.0,1611,1612.0,1.0,190.0,BHM,1907.0,1920.0,13.0,True
202605086775190,XC,2026-05-08,MAY,FRI,False,,NCL,1634,1634.0,DAR,1704.0,1701.0,-3.0,1705,1704.0,-1.0,50.0,BHM,1931.0,1934.0,3.0,True
202605086775102,XC,2026-05-08,MAY,FRI,False,,EDB,1605,1605.0,DAR,1810.0,1811.0,1.0,1812,1814.0,2.0,190.0,BHM,2107.0,2106.0,-1.0,False
202605086775187,XC,2026-05-08,MAY,FRI,False,576.0,NCL,1833,1834.0,DAR,1904.0,1917.0,13.0,1906,1920.0,14.0,50.0,BHM,2126.0,2146.0,20.0,True
202605086775079,XC,2026-05-08,MAY,FRI,False,911.0,EDB,1804,1804.0,DAR,2010.0,2019.0,9.0,2011,2022.0,11.0,190.0,BHM,2328.0,2342.0,14.0,True
202605096775193,XC,2026-05-09,MAY,SAT,False,895.0,NCL,640,640.0,DAR,709.0,708.0,-1.0,710,711.0,1.0,50.0,BHM,1006.0,1023.0,17.0,True
202605096775083,XC,2026-05-09,MAY,SAT,False,,EDB,602,601.0,DAR,810.0,807.0,-3.0,811,811.0,0.0,190.0,BHM,1106.0,1107.0,1.0,True
202605096775085,XC,2026-05-09,MAY,SAT,False,,EDB,703,703.0,DAR,910.0,909.0,-1.0,912,912.0,0.0,190.0,BHM,1207.0,1209.0,2.0,True
202605096775119,XC,2026-05-09,MAY,SAT,False,904.0,EDB,808,807.0,DAR,1010.0,1016.0,6.0,1011,1019.0,8.0,190.0,BHM,1306.0,1329.0,23.0,True
202605096775120,XC,2026-05-09,MAY,SAT,False,,EDB,905,904.0,DAR,1110.0,1107.0,-3.0,1111,1111.0,0.0,190.0,BHM,1404.0,1411.0,7.0,True
202605096775089,XC,2026-05-09,MAY,SAT,False,574.0,EDB,1005,1005.0,DAR,1210.0,1217.0,7.0,1211,1222.0,11.0,190.0,BHM,1505.0,1536.0,31.0,True
202605096775092,XC,2026-05-09,MAY,SAT,False,501.0,EDB,1205,1205.0,DAR,1410.0,1409.0,-1.0,1412,1412.0,0.0,190.0,BHM,1706.0,1720.0,14.0,True
202605096775095,XC,2026-05-09,MAY,SAT,False,,EDB,1305,1304.0,DAR,1510.0,1509.0,-1.0,1512,1512.0,0.0,190.0,BHM,1804.0,1807.0,3.0,True
202605096775097,XC,2026-05-09,MAY,SAT,False,895.0,EDB,1404,1405.0,DAR,1610.0,1609.0,-1.0,1612,1612.0,0.0,190.0,BHM,1905.0,1916.0,11.0,True
202605096775100,XC,2026-05-09,MAY,SAT,False,704.0,EDB,1504,1503.0,DAR,1708.0,1726.0,18.0,1711,1729.0,18.0,190.0,BHM,2007.0,2026.0,19.0,True
202605096775103,XC,2026-05-09,MAY,SAT,False,,EDB,1605,1605.0,DAR,1809.0,1808.0,-1.0,1811,1811.0,0.0,190.0,BHM,2106.0,2105.0,-1.0,False
202605096775081,XC,2026-05-09,MAY,SAT,False,705.0,EDB,1705,1704.0,DAR,1910.0,1906.0,-4.0,1911,1910.0,-1.0,190.0,BHM,2232.0,2234.0,2.0,True
202605096775080,XC,2026-05-09,MAY,SAT,False,,EDB,1804,1803.0,DAR,2010.0,2007.0,-3.0,2011,2011.0,0.0,190.0,BHM,2307.0,2333.0,26.0,True
202605106775195,XC,2026-05-10,MAY,SUN,False,,NCL,936,937.0,DAR,1005.0,1006.0,1.0,1006,1008.0,2.0,50.0,BHM,1305.0,1314.0,9.0,True
202605106775086,XC,2026-05-10,MAY,SUN,False,832.0,EDB,908,908.0,DAR,1109.0,1112.0,3.0,1111,1115.0,4.0,190.0,BHM,1404.0,1417.0,13.0,True
202605106775087,XC,2026-05-10,MAY,SUN,False,,EDB,1008,1009.0,DAR,1209.0,1208.0,-1.0,1210,1212.0,2.0,190.0,BHM,1506.0,1515.0,9.0,True
202605106775090,XC,2026-05-10,MAY,SUN,False,,EDB,1107,1106.0,DAR,1309.0,1311.0,2.0,1310,1313.0,3.0,190.0,BHM,1604.0,1606.0,2.0,True
202605106775122,XC,2026-05-10,MAY,SUN,False,904.0,EDB,1205,1205.0,DAR,1410.0,1417.0,7.0,1411,1419.0,8.0,190.0,BHM,1706.0,1728.0,22.0,True
202605106775093,XC,2026-05-10,MAY,SUN,False,,EDB,1305,1305.0,DAR,1509.0,1508.0,-1.0,1511,1511.0,0.0,190.0,BHM,1804.0,1804.0,0.0,False
202605106775064,XC,2026-05-10,MAY,SUN,False,,DEE,1222,1222.0,DAR,1609.0,1607.0,-2.0,1610,1610.0,0.0,,BHM,1904.0,1909.0,5.0,True
202605106775099,XC,2026-05-10,MAY,SUN,False,895.0,EDB,1505,1504.0,DAR,1710.0,1725.0,15.0,1712,1727.0,15.0,190.0,BHM,2004.0,2026.0,22.0,True
202605106775101,XC,2026-05-10,MAY,SUN,False,,EDB,1607,1607.0,DAR,1811.0,1808.0,-3.0,1812,1812.0,0.0,190.0,BHM,2106.0,2106.0,0.0,False
202605106775104,XC,2026-05-10,MAY,SUN,False,,EDB,1705,1705.0,DAR,1909.0,1908.0,-1.0,1911,1911.0,0.0,190.0,BHM,2208.0,2210.0,2.0,True
202605106775078,XC,2026-05-10,MAY,SUN,False,654.0,EDB,1805,1807.0,DAR,2007.0,2006.0,-1.0,2009,2008.0,-1.0,190.0,BHM,2309.0,2334.0,25.0,True
202605116775461,XC,2026-05-11,MAY,MON,False,,NCL,518,518.0,DAR,550.0,547.0,-3.0,552,552.0,0.0,50.0,BHM,828.0,834.0,6.0,True
202605116775196,XC,2026-05-11,MAY,MON,False,,NCL,623,623.0,DAR,652.0,651.0,-1.0,654,654.0,0.0,50.0,BHM,928.0,928.0,0.0,False
202605116775192,XC,2026-05-11,MAY,MON,False,,NCL,640,640.0,DAR,709.0,708.0,-1.0,710,712.0,2.0,50.0,BHM,1004.0,1006.0,2.0,True
202605116775082,XC,2026-05-11,MAY,MON,False,,EDB,602,602.0,DAR,810.0,807.0,-3.0,811,811.0,0.0,190.0,BHM,1106.0,1111.0,5.0,True
202605116775198,XC,2026-05-11,MAY,MON,False,,NCL,835,835.0,DAR,904.0,902.0,-2.0,906,906.0,0.0,50.0,BHM,1127.0,1128.0,1.0,True
202605116775118,XC,2026-05-11,MAY,MON,False,,GLC,648,,DAR,1010.0,1007.0,-3.0,1011,1011.0,0.0,228.0,BHM,1306.0,1310.0,4.0,True
202605116775088,XC,2026-05-11,MAY,MON,False,,EDB,1005,1004.0,DAR,1210.0,1208.0,-2.0,1213,1213.0,0.0,190.0,BHM,1506.0,1508.0,2.0,True
202605116775202,XC,2026-05-11,MAY,MON,False,,NCL,1233,1235.0,DAR,1303.0,1303.0,0.0,1305,1306.0,1.0,50.0,BHM,1528.0,1530.0,2.0,True
202605116775091,XC,2026-05-11,MAY,MON,False,,EDB,1205,1204.0,DAR,1410.0,1408.0,-2.0,1412,1412.0,0.0,190.0,BHM,1706.0,1710.0,4.0,True
202605116775204,XC,2026-05-11,MAY,MON,False,,NCL,1434,1434.0,DAR,1504.0,1501.0,-3.0,1506,1506.0,0.0,50.0,BHM,1727.0,1727.0,0.0,False
202605116775096,XC,2026-05-11,MAY,MON,False,,EDB,1404,1403.0,DAR,1610.0,1607.0,-3.0,1611,1611.0,0.0,190.0,BHM,1907.0,1913.0,6.0,True
202605116775190,XC,2026-05-11,MAY,MON,False,,NCL,1634,1634.0,DAR,1704.0,1701.0,-3.0,1705,1704.0,-1.0,50.0,BHM,1931.0,1932.0,1.0,True
202605116775102,XC,2026-05-11,MAY,MON,False,,EDB,1605,1605.0,DAR,1810.0,1807.0,-3.0,1812,1811.0,-1.0,190.0,BHM,2107.0,2107.0,0.0,False
202605116775187,XC,2026-05-11,MAY,MON,False,,NCL,1833,1832.0,DAR,1904.0,1905.0,1.0,1906,1907.0,1.0,50.0,BHM,2126.0,2125.0,-1.0,False
202605116775079,XC,2026-05-11,MAY,MON,False,,EDB,1804,1804.0,DAR,2010.0,2006.0,-4.0,2011,2011.0,0.0,190.0,BHM,2328.0,2336.0,8.0,True
202605126775461,XC,2026-05-12,MAY,TUE,False,,NCL,518,518.0,DAR,550.0,547.0,-3.0,552,552.0,0.0,50.0,BHM,828.0,838.0,10.0,True
202605126775196,XC,2026-05-12,MAY,TUE,False,,NCL,623,623.0,DAR,652.0,651.0,-1.0,654,654.0,0.0,50.0,BHM,928.0,925.0,-3.0,False
202605126775192,XC,2026-05-12,MAY,TUE,False,,NCL,640,640.0,DAR,709.0,708.0,-1.0,710,711.0,1.0,50.0,BHM,1004.0,1004.0,0.0,False
202605126775082,XC,2026-05-12,MAY,TUE,False,,EDB,602,602.0,DAR,810.0,808.0,-2.0,811,811.0,0.0,190.0,BHM,1106.0,1110.0,4.0,True
202605126775198,XC,2026-05-12,MAY,TUE,False,,NCL,835,835.0,DAR,904.0,903.0,-1.0,906,906.0,0.0,50.0,BHM,1127.0,1125.0,-2.0,False
202605126775118,XC,2026-05-12,MAY,TUE,False,895.0,GLC,648,647.0,DAR,1010.0,1007.0,-3.0,1011,1011.0,0.0,228.0,BHM,1306.0,1325.0,19.0,True
202605126775200,XC,2026-05-12,MAY,TUE,False,,NCL,1033,1033.0,DAR,1104.0,1101.0,-3.0,1105,1105.0,0.0,50.0,BHM,1328.0,1332.0,4.0,True
202605126775088,XC,2026-05-12,MAY,TUE,False,,EDB,1005,1005.0,DAR,1210.0,1208.0,-2.0,1213,1212.0,-1.0,190.0,BHM,1506.0,1509.0,3.0,True
202605126775091,XC,2026-05-12,MAY,TUE,False,911.0,EDB,1205,1204.0,DAR,1410.0,1408.0,-2.0,1412,1412.0,0.0,190.0,BHM,1706.0,1705.0,-1.0,False
202605126775204,XC,2026-05-12,MAY,TUE,False,,NCL,1434,1435.0,DAR,1504.0,1505.0,1.0,1506,1506.0,0.0,50.0,BHM,1727.0,1727.0,0.0,False
202605126775096,XC,2026-05-12,MAY,TUE,False,,EDB,1404,1403.0,DAR,1610.0,1607.0,-3.0,1611,1611.0,0.0,190.0,BHM,1907.0,1907.0,0.0,False
202605126775190,XC,2026-05-12,MAY,TUE,False,,NCL,1634,1634.0,DAR,1704.0,1703.0,-1.0,1705,1706.0,1.0,50.0,BHM,1931.0,1931.0,0.0,False
202605126775102,XC,2026-05-12,MAY,TUE,False,,EDB,1605,1604.0,DAR,1810.0,1816.0,6.0,1812,1819.0,7.0,190.0,BHM,2107.0,2105.0,-2.0,False
202605126775187,XC,2026-05-12,MAY,TUE,False,,NCL,1833,1838.0,DAR,1904.0,1910.0,6.0,1906,1912.0,6.0,50.0,BHM,2126.0,2134.0,8.0,True
202605126775079,XC,2026-05-12,MAY,TUE,False,,EDB,1804,1804.0,DAR,2010.0,2008.0,-2.0,2011,2012.0,1.0,190.0,BHM,2328.0,2329.0,1.0,True
202605136775461,XC,2026-05-13,MAY,WED,False,,NCL,518,518.0,DAR,550.0,548.0,-2.0,552,552.0,0.0,50.0,BHM,828.0,832.0,4.0,True
202605136775196,XC,2026-05-13,MAY,WED,False,,NCL,623,623.0,DAR,652.0,650.0,-2.0,654,654.0,0.0,50.0,BHM,928.0,930.0,2.0,True
202605136775192,XC,2026-05-13,MAY,WED,False,,NCL,640,640.0,DAR,709.0,707.0,-2.0,710,711.0,1.0,50.0,BHM,1004.0,1004.0,0.0,False
202605136775082,XC,2026-05-13,MAY,WED,False,,EDB,602,601.0,DAR,810.0,807.0,-3.0,811,811.0,0.0,190.0,BHM,1106.0,1106.0,0.0,False
202605136775198,XC,2026-05-13,MAY,WED,False,895.0,NCL,835,835.0,DAR,904.0,904.0,0.0,906,906.0,0.0,50.0,BHM,1127.0,1145.0,18.0,True
202605136775118,XC,2026-05-13,MAY,WED,False,,GLC,648,647.0,DAR,1010.0,1008.0,-2.0,1011,1011.0,0.0,228.0,BHM,1306.0,1308.0,2.0,True
202605136775200,XC,2026-05-13,MAY,WED,False,,NCL,1033,1034.0,DAR,1104.0,1103.0,-1.0,1105,1106.0,1.0,50.0,BHM,1328.0,1332.0,4.0,True
202605136775088,XC,2026-05-13,MAY,WED,False,,EDB,1005,1005.0,DAR,1210.0,1208.0,-2.0,1213,1213.0,0.0,190.0,BHM,1506.0,1506.0,0.0,False
202605136775202,XC,2026-05-13,MAY,WED,False,,NCL,1233,1233.0,DAR,1303.0,1305.0,2.0,1305,1309.0,4.0,50.0,BHM,1528.0,1531.0,3.0,True
202605136775091,XC,2026-05-13,MAY,WED,False,,EDB,1205,1204.0,DAR,1410.0,1408.0,-2.0,1412,1412.0,0.0,190.0,BHM,1706.0,1709.0,3.0,True
202605136775204,XC,2026-05-13,MAY,WED,False,,NCL,1434,1434.0,DAR,1504.0,1503.0,-1.0,1506,1506.0,0.0,50.0,BHM,1727.0,1730.0,3.0,True
202605136775096,XC,2026-05-13,MAY,WED,False,536.0,EDB,1404,1403.0,DAR,1610.0,1610.0,0.0,1611,1613.0,2.0,190.0,BHM,1907.0,1920.0,13.0,True
202605136775190,XC,2026-05-13,MAY,WED,False,,NCL,1634,1634.0,DAR,1704.0,1702.0,-2.0,1705,1707.0,2.0,50.0,BHM,1931.0,1932.0,1.0,True
202605136775102,XC,2026-05-13,MAY,WED,False,,EDB,1605,1605.0,DAR,1810.0,1813.0,3.0,1812,1816.0,4.0,190.0,BHM,2107.0,2125.0,18.0,True
202605136775187,XC,2026-05-13,MAY,WED,False,895.0,NCL,1833,1833.0,DAR,1904.0,1902.0,-2.0,1906,1907.0,1.0,50.0,BHM,2126.0,2145.0,19.0,True
202605136775079,XC,2026-05-13,MAY,WED,False,832.0,EDB,1804,1804.0,DAR,2010.0,2023.0,13.0,2011,2026.0,15.0,190.0,BHM,2328.0,2328.0,0.0,False
202605146775461,XC,2026-05-14,MAY,THU,False,,NCL,518,518.0,DAR,550.0,547.0,-3.0,552,552.0,0.0,50.0,BHM,828.0,834.0,6.0,True
202605146775196,XC,2026-05-14,MAY,THU,False,,NCL,623,623.0,DAR,652.0,650.0,-2.0,654,653.0,-1.0,50.0,BHM,928.0,926.0,-2.0,False
202605146775192,XC,2026-05-14,MAY,THU,False,,NCL,640,640.0,DAR,709.0,707.0,-2.0,710,710.0,0.0,50.0,BHM,1004.0,1005.0,1.0,True
202605146775082,XC,2026-05-14,MAY,THU,False,,EDB,602,602.0,DAR,810.0,808.0,-2.0,811,811.0,0.0,190.0,BHM,1106.0,1106.0,0.0,False
202605146775198,XC,2026-05-14,MAY,THU,False,,NCL,835,839.0,DAR,904.0,906.0,2.0,906,909.0,3.0,50.0,BHM,1127.0,1127.0,0.0,False
202605146775118,XC,2026-05-14,MAY,THU,False,,GLC,648,647.0,DAR,1010.0,1012.0,2.0,1011,1015.0,4.0,228.0,BHM,1306.0,1306.0,0.0,False
202605146775200,XC,2026-05-14,MAY,THU,False,,NCL,1033,1037.0,DAR,1104.0,1105.0,1.0,1105,1109.0,4.0,50.0,BHM,1328.0,1329.0,1.0,True
202605146775088,XC,2026-05-14,MAY,THU,False,832.0,EDB,1005,1004.0,DAR,1210.0,1223.0,13.0,1213,1226.0,13.0,190.0,BHM,1506.0,1510.0,4.0,True
202605146775202,XC,2026-05-14,MAY,THU,False,,NCL,1233,1239.0,DAR,1303.0,1308.0,5.0,1305,1312.0,7.0,50.0,BHM,1528.0,1531.0,3.0,True
202605146775091,XC,2026-05-14,MAY,THU,False,832.0,EDB,1205,1204.0,DAR,1410.0,1422.0,12.0,1412,1426.0,14.0,190.0,BHM,1706.0,1717.0,11.0,True
202605146775204,XC,2026-05-14,MAY,THU,False,,NCL,1434,1437.0,DAR,1504.0,1505.0,1.0,1506,1507.0,1.0,50.0,BHM,1727.0,1733.0,6.0,True
202605146775096,XC,2026-05-14,MAY,THU,False,,EDB,1404,1403.0,DAR,1610.0,1612.0,2.0,1611,1615.0,4.0,190.0,BHM,1907.0,1907.0,0.0,False
202605146775190,XC,2026-05-14,MAY,THU,False,,NCL,1634,1637.0,DAR,1704.0,1704.0,0.0,1705,1707.0,2.0,50.0,BHM,1931.0,1928.0,-3.0,False
202605146775102,XC,2026-05-14,MAY,THU,False,528.0,EDB,1605,1605.0,DAR,1810.0,1823.0,13.0,1812,1825.0,13.0,190.0,BHM,2107.0,2106.0,-1.0,False
202605146775187,XC,2026-05-14,MAY,THU,False,,NCL,1833,1833.0,DAR,1904.0,1901.0,-3.0,1906,1906.0,0.0,50.0,BHM,2126.0,2132.0,6.0,True
202605146775079,XC,2026-05-14,MAY,THU,False,832.0,EDB,1804,1804.0,DAR,2010.0,2023.0,13.0,2011,2026.0,15.0,190.0,BHM,2328.0,2329.0,1.0,True
202605156775461,XC,2026-05-15,MAY,FRI,False,,NCL,518,518.0,DAR,550.0,548.0,-2.0,552,552.0,0.0,50.0,BHM,828.0,830.0,2.0,True
202605156775196,XC,2026-05-15,MAY,FRI,False,,NCL,623,623.0,DAR,652.0,653.0,1.0,654,657.0,3.0,50.0,BHM,928.0,926.0,-2.0,False
202605156775192,XC,2026-05-15,MAY,FRI,False,,NCL,640,639.0,DAR,709.0,708.0,-1.0,710,710.0,0.0,50.0,BHM,1004.0,1004.0,0.0,False
202605156775082,XC,2026-05-15,MAY,FRI,False,895.0,EDB,602,601.0,DAR,810.0,808.0,-2.0,811,811.0,0.0,190.0,BHM,1106.0,1200.0,54.0,True
202605156775198,XC,2026-05-15,MAY,FRI,False,535.0,NCL,835,835.0,DAR,904.0,904.0,0.0,906,906.0,0.0,50.0,BHM,1127.0,1206.0,39.0,True
202605156775118,XC,2026-05-15,MAY,FRI,False,832.0,GLC,648,647.0,DAR,1010.0,1026.0,16.0,1011,1029.0,18.0,228.0,BHM,1306.0,1329.0,23.0,True
202605156775200,XC,2026-05-15,MAY,FRI,False,,NCL,1033,1037.0,DAR,1104.0,1106.0,2.0,1105,1108.0,3.0,50.0,BHM,1328.0,1333.0,5.0,True
202605156775088,XC,2026-05-15,MAY,FRI,False,904.0,EDB,1005,1004.0,DAR,1210.0,1209.0,-1.0,1213,1212.0,-1.0,190.0,BHM,1506.0,1516.0,10.0,True
202605156775202,XC,2026-05-15,MAY,FRI,False,536.0,NCL,1233,1233.0,DAR,1303.0,1302.0,-1.0,1305,1305.0,0.0,50.0,BHM,1528.0,1532.0,4.0,True
202605156775091,XC,2026-05-15,MAY,FRI,False,,EDB,1205,1204.0,DAR,1410.0,1408.0,-2.0,1412,1412.0,0.0,190.0,BHM,1706.0,1707.0,1.0,True
202605156775204,XC,2026-05-15,MAY,FRI,False,,NCL,1434,1434.0,DAR,1504.0,1501.0,-3.0,1506,1506.0,0.0,50.0,BHM,1727.0,1727.0,0.0,False
202605156775096,XC,2026-05-15,MAY,FRI,False,824.0,EDB,1404,1403.0,DAR,1610.0,1607.0,-3.0,1611,1611.0,0.0,190.0,BHM,1907.0,1907.0,0.0,False
202605156775190,XC,2026-05-15,MAY,FRI,False,,NCL,1634,1634.0,DAR,1704.0,1701.0,-3.0,1705,1704.0,-1.0,50.0,BHM,1931.0,1930.0,-1.0,False
202605156775102,XC,2026-05-15,MAY,FRI,False,908.0,EDB,1605,1605.0,DAR,1810.0,1807.0,-3.0,1812,1812.0,0.0,190.0,BHM,2107.0,2114.0,7.0,True
202605156775187,XC,2026-05-15,MAY,FRI,False,,NCL,1833,1833.0,DAR,1904.0,1900.0,-4.0,1906,1905.0,-1.0,50.0,BHM,2126.0,2137.0,11.0,True
202605156775079,XC,2026-05-15,MAY,FRI,False,824.0,EDB,1804,1803.0,DAR,2010.0,2007.0,-3.0,2011,2011.0,0.0,190.0,BHM,2328.0,2357.0,29.0,True
202605166775193,XC,2026-05-16,MAY,SAT,False,,NCL,640,640.0,DAR,709.0,708.0,-1.0,710,711.0,1.0,50.0,BHM,1006.0,1011.0,5.0,True
202605166775083,XC,2026-05-16,MAY,SAT,False,,EDB,602,601.0,DAR,810.0,807.0,-3.0,811,811.0,0.0,190.0,BHM,1106.0,1105.0,-1.0,False
202605166775085,XC,2026-05-16,MAY,SAT,False,,EDB,703,703.0,DAR,910.0,909.0,-1.0,912,912.0,0.0,190.0,BHM,1207.0,1206.0,-1.0,False
202605166775119,XC,2026-05-16,MAY,SAT,False,,EDB,808,807.0,DAR,1010.0,1008.0,-2.0,1011,1013.0,2.0,190.0,BHM,1306.0,1310.0,4.0,True
202605166775120,XC,2026-05-16,MAY,SAT,False,,EDB,905,904.0,DAR,1110.0,1108.0,-2.0,1111,1111.0,0.0,190.0,BHM,1404.0,1404.0,0.0,False
202605166775089,XC,2026-05-16,MAY,SAT,False,,EDB,1005,1004.0,DAR,1210.0,1207.0,-3.0,1211,1211.0,0.0,190.0,BHM,1505.0,1510.0,5.0,True
202605166775063,XC,2026-05-16,MAY,SAT,False,895.0,DEE,933,933.0,DAR,1310.0,1323.0,13.0,1311,1327.0,16.0,,BHM,1604.0,1625.0,21.0,True
202605166775092,XC,2026-05-16,MAY,SAT,False,,EDB,1205,1205.0,DAR,1410.0,1409.0,-1.0,1412,1412.0,0.0,190.0,BHM,1706.0,1716.0,10.0,True
202605166775095,XC,2026-05-16,MAY,SAT,False,,EDB,1305,1304.0,DAR,1510.0,1508.0,-2.0,1512,1512.0,0.0,190.0,BHM,1804.0,1818.0,14.0,True
202605166775097,XC,2026-05-16,MAY,SAT,False,,EDB,1404,1403.0,DAR,1610.0,1607.0,-3.0,1612,1611.0,-1.0,190.0,BHM,1905.0,1913.0,8.0,True
202605166775100,XC,2026-05-16,MAY,SAT,False,,EDB,1504,1503.0,DAR,1708.0,1706.0,-2.0,1711,1710.0,-1.0,190.0,BHM,2005.0,2004.0,-1.0,False
202605166775103,XC,2026-05-16,MAY,SAT,False,526.0,EDB,1605,1605.0,DAR,1809.0,1808.0,-1.0,1811,1812.0,1.0,190.0,BHM,2106.0,2127.0,21.0,True
202605166775081,XC,2026-05-16,MAY,SAT,False,,EDB,1705,1704.0,DAR,1910.0,1907.0,-3.0,1911,1911.0,0.0,190.0,BHM,2232.0,2232.0,0.0,False
202605166775080,XC,2026-05-16,MAY,SAT,False,910.0,EDB,1804,1804.0,DAR,2010.0,2017.0,7.0,2011,2021.0,10.0,190.0,BHM,2307.0,2337.0,30.0,True
202605178729869,XC,2026-05-17,MAY,SUN,False,,NCL,830,831.0,DAR,901.0,859.0,-2.0,904,904.0,0.0,50.0,BHM,1207.0,1206.0,-1.0,False
202605178729874,XC,2026-05-17,MAY,SUN,False,,NCL,936,936.0,DAR,1005.0,1003.0,-2.0,1006,1006.0,0.0,50.0,BHM,1305.0,1307.0,2.0,True
202605177101147,XC,2026-05-17,MAY,SUN,False,,EDB,908,907.0,DAR,1109.0,1108.0,-1.0,1111,1112.0,1.0,190.0,BHM,1404.0,1407.0,3.0,True
202605178729886,XC,2026-05-17,MAY,SUN,False,,EDB,1008,1008.0,DAR,1209.0,1205.0,-4.0,1210,1210.0,0.0,190.0,BHM,1506.0,1510.0,4.0,True
202605177101152,XC,2026-05-17,MAY,SUN,False,,EDB,1107,1106.0,DAR,1309.0,1311.0,2.0,1310,1315.0,5.0,190.0,BHM,1604.0,1605.0,1.0,True
202605177101155,XC,2026-05-17,MAY,SUN,False,832.0,EDB,1205,1204.0,DAR,1410.0,1410.0,0.0,1411,1413.0,2.0,190.0,BHM,1706.0,1748.0,42.0,True
202605177101163,XC,2026-05-17,MAY,SUN,False,,EDB,1305,1305.0,DAR,1509.0,1506.0,-3.0,1511,1511.0,0.0,190.0,BHM,1804.0,1840.0,36.0,True
202605178729913,XC,2026-05-17,MAY,SUN,False,896.0,EDB,1505,1504.0,DAR,1710.0,1708.0,-2.0,1712,1756.0,44.0,190.0,BHM,2004.0,2140.0,96.0,True
202605178729915,XC,2026-05-17,MAY,SUN,False,887.0,EDB,1607,1607.0,DAR,1811.0,1807.0,-4.0,1812,1812.0,0.0,190.0,BHM,2106.0,2213.0,67.0,True
202605178729918,XC,2026-05-17,MAY,SUN,False,526.0,EDB,1705,,DAR,1909.0,1909.0,0.0,1911,1911.0,0.0,190.0,BHM,2208.0,2343.0,95.0,True
202605177100843,XC,2026-05-17,MAY,SUN,False,908.0,EDB,1805,1805.0,DAR,2007.0,2018.0,11.0,2009,2021.0,12.0,190.0,BHM,2309.0,59.0,-1330.0,False
202605187101176,XC,2026-05-18,MAY,MON,False,832.0,NCL,518,518.0,DAR,550.0,549.0,-1.0,552,552.0,0.0,50.0,BHM,828.0,844.0,16.0,True
202605188729925,XC,2026-05-18,MAY,MON,False,832.0,NCL,623,623.0,DAR,652.0,651.0,-1.0,654,654.0,0.0,50.0,BHM,928.0,950.0,22.0,True
202605187101140,XC,2026-05-18,MAY,MON,False,,NCL,640,640.0,DAR,709.0,707.0,-2.0,710,710.0,0.0,50.0,BHM,1004.0,1016.0,12.0,True
202605188729862,XC,2026-05-18,MAY,MON,False,,EDB,602,604.0,DAR,810.0,808.0,-2.0,811,811.0,0.0,190.0,BHM,1106.0,1106.0,0.0,False
202605187101180,XC,2026-05-18,MAY,MON,False,,NCL,835,835.0,DAR,904.0,903.0,-1.0,906,906.0,0.0,50.0,BHM,1127.0,1126.0,-1.0,False
202605188729873,XC,2026-05-18,MAY,MON,False,,GLC,648,648.0,DAR,1010.0,1007.0,-3.0,1011,1012.0,1.0,228.0,BHM,1306.0,1312.0,6.0,True
202605187101184,XC,2026-05-18,MAY,MON,False,,NCL,1034,1034.0,DAR,1104.0,1104.0,0.0,1105,1107.0,2.0,50.0,BHM,1328.0,1335.0,7.0,True
202605188729884,XC,2026-05-18,MAY,MON,False,,EDB,1005,1004.0,DAR,1210.0,1208.0,-2.0,1213,1213.0,0.0,190.0,BHM,1506.0,1513.0,7.0,True
202605187101154,XC,2026-05-18,MAY,MON,False,,EDB,1205,1204.0,DAR,1410.0,1408.0,-2.0,1411,1413.0,2.0,190.0,BHM,1706.0,1710.0,4.0,True
202605187166824,XC,2026-05-18,MAY,MON,False,557.0,NCL,1634,1643.0,DAR,1703.0,1712.0,9.0,1705,1716.0,11.0,50.0,BHM,1931.0,1956.0,25.0,True
202605187101169,XC,2026-05-18,MAY,MON,False,887.0,EDB,1605,1605.0,DAR,1810.0,1809.0,-1.0,1812,1813.0,1.0,190.0,BHM,2107.0,2135.0,28.0,True
202605187100842,XC,2026-05-18,MAY,MON,False,637.0,EDB,1804,1804.0,DAR,2009.0,2015.0,6.0,2011,2018.0,7.0,190.0,BHM,2328.0,2338.0,10.0,True
202605197101176,XC,2026-05-19,MAY,TUE,False,904.0,NCL,518,518.0,DAR,550.0,547.0,-3.0,552,552.0,0.0,50.0,BHM,828.0,831.0,3.0,True
202605198729925,XC,2026-05-19,MAY,TUE,False,,NCL,623,623.0,DAR,652.0,650.0,-2.0,654,654.0,0.0,50.0,BHM,928.0,931.0,3.0,True
202605197101140,XC,2026-05-19,MAY,TUE,False,,NCL,640,640.0,DAR,709.0,708.0,-1.0,710,712.0,2.0,50.0,BHM,1004.0,1003.0,-1.0,False
202605198729862,XC,2026-05-19,MAY,TUE,False,,EDB,602,602.0,DAR,810.0,809.0,-1.0,811,813.0,2.0,190.0,BHM,1106.0,1108.0,2.0,True
202605197101180,XC,2026-05-19,MAY,TUE,False,,NCL,835,835.0,DAR,904.0,902.0,-2.0,906,906.0,0.0,50.0,BHM,1127.0,1127.0,0.0,False
202605198729873,XC,2026-05-19,MAY,TUE,False,,GLC,648,648.0,DAR,1010.0,1010.0,0.0,1011,1014.0,3.0,228.0,BHM,1306.0,1320.0,14.0,True
202605197101184,XC,2026-05-19,MAY,TUE,False,831.0,NCL,1034,1034.0,DAR,1104.0,1103.0,-1.0,1105,1107.0,2.0,50.0,BHM,1328.0,1347.0,19.0,True
202605198729884,XC,2026-05-19,MAY,TUE,False,831.0,EDB,1005,1006.0,DAR,1210.0,1209.0,-1.0,1213,1212.0,-1.0,190.0,BHM,1506.0,1517.0,11.0,True
202605198729935,XC,2026-05-19,MAY,TUE,False,831.0,NCL,1233,1246.0,DAR,1303.0,1317.0,14.0,1305,1319.0,14.0,50.0,BHM,1528.0,1544.0,16.0,True
202605197101154,XC,2026-05-19,MAY,TUE,False,,EDB,1205,1204.0,DAR,1410.0,1411.0,1.0,1411,1415.0,4.0,190.0,BHM,1706.0,1723.0,17.0,True
202605198729937,XC,2026-05-19,MAY,TUE,False,,NCL,1434,1434.0,DAR,1504.0,1504.0,0.0,1506,1507.0,1.0,50.0,BHM,1727.0,1737.0,10.0,True
202605198729909,XC,2026-05-19,MAY,TUE,False,573.0,EDB,1404,1403.0,DAR,1610.0,1610.0,0.0,1611,1614.0,3.0,190.0,BHM,1907.0,1909.0,2.0,True
202605197166824,XC,2026-05-19,MAY,TUE,False,,NCL,1634,1635.0,DAR,1703.0,1702.0,-1.0,1705,1705.0,0.0,50.0,BHM,1931.0,1933.0,2.0,True
202605197101169,XC,2026-05-19,MAY,TUE,False,,EDB,1605,1606.0,DAR,1810.0,1807.0,-3.0,1812,1811.0,-1.0,190.0,BHM,2107.0,2106.0,-1.0,False
202605197100914,XC,2026-05-19,MAY,TUE,False,,NCL,1833,,DAR,,,,1906,1906.0,0.0,50.0,BHM,2126.0,2135.0,9.0,True
202605197100842,XC,2026-05-19,MAY,TUE,False,887.0,EDB,1804,1804.0,DAR,2009.0,2006.0,-3.0,2011,2010.0,-1.0,190.0,BHM,2328.0,2335.0,7.0,True
202605207101176,XC,2026-05-20,MAY,WED,False,,NCL,518,518.0,DAR,550.0,548.0,-2.0,552,552.0,0.0,50.0,BHM,828.0,836.0,8.0,True
202605208729925,XC,2026-05-20,MAY,WED,False,,NCL,623,623.0,DAR,652.0,650.0,-2.0,654,654.0,0.0,50.0,BHM,928.0,926.0,-2.0,False
202605207101140,XC,2026-05-20,MAY,WED,False,,NCL,640,640.0,DAR,709.0,707.0,-2.0,710,710.0,0.0,50.0,BHM,1004.0,1005.0,1.0,True
202605208729862,XC,2026-05-20,MAY,WED,False,,EDB,602,601.0,DAR,810.0,808.0,-2.0,811,812.0,1.0,190.0,BHM,1106.0,1115.0,9.0,True
202605207101180,XC,2026-05-20,MAY,WED,False,832.0,NCL,835,835.0,DAR,904.0,902.0,-2.0,906,906.0,0.0,50.0,BHM,1127.0,1146.0,19.0,True
202605208729873,XC,2026-05-20,MAY,WED,False,832.0,GLC,648,647.0,DAR,1010.0,1008.0,-2.0,1011,1012.0,1.0,228.0,BHM,1306.0,1332.0,26.0,True
202605207101184,XC,2026-05-20,MAY,WED,False,904.0,NCL,1034,1039.0,DAR,1104.0,1106.0,2.0,1105,1109.0,4.0,50.0,BHM,1328.0,1357.0,29.0,True
202605208729884,XC,2026-05-20,MAY,WED,False,557.0,EDB,1005,1004.0,DAR,1210.0,1208.0,-2.0,1213,1213.0,0.0,190.0,BHM,1506.0,1509.0,3.0,True
202605208729935,XC,2026-05-20,MAY,WED,False,526.0,NCL,1233,1234.0,DAR,1303.0,1302.0,-1.0,1305,1305.0,0.0,50.0,BHM,1528.0,1527.0,-1.0,False
202605207101154,XC,2026-05-20,MAY,WED,False,,EDB,1205,1205.0,DAR,1410.0,1408.0,-2.0,1411,1412.0,1.0,190.0,BHM,1706.0,1707.0,1.0,True
202605208729937,XC,2026-05-20,MAY,WED,False,,NCL,1434,1433.0,DAR,1504.0,1502.0,-2.0,1506,1506.0,0.0,50.0,BHM,1727.0,1730.0,3.0,True
202605208729909,XC,2026-05-20,MAY,WED,False,,EDB,1404,1403.0,DAR,1610.0,1608.0,-2.0,1611,1611.0,0.0,190.0,BHM,1907.0,1907.0,0.0,False
202605207166824,XC,2026-05-20,MAY,WED,False,,NCL,1634,1636.0,DAR,1703.0,1705.0,2.0,1705,1708.0,3.0,50.0,BHM,1931.0,1932.0,1.0,True
202605207101169,XC,2026-05-20,MAY,WED,False,,EDB,1605,1605.0,DAR,1810.0,1807.0,-3.0,1812,1812.0,0.0,190.0,BHM,2107.0,2105.0,-2.0,False
202605207100914,XC,2026-05-20,MAY,WED,False,,NCL,1833,1833.0,DAR,1904.0,1902.0,-2.0,1906,1906.0,0.0,50.0,BHM,2126.0,2129.0,3.0,True
202605207100842,XC,2026-05-20,MAY,WED,False,576.0,EDB,1804,1804.0,DAR,2009.0,2055.0,46.0,2011,2058.0,47.0,190.0,BHM,2328.0,2347.0,19.0,True
202605217101176,XC,2026-05-21,MAY,THU,False,576.0,NCL,518,518.0,DAR,550.0,548.0,-2.0,552,552.0,0.0,50.0,BHM,828.0,835.0,7.0,True
202605218729925,XC,2026-05-21,MAY,THU,False,,NCL,623,623.0,DAR,652.0,650.0,-2.0,654,654.0,0.0,50.0,BHM,928.0,929.0,1.0,True
202605217101140,XC,2026-05-21,MAY,THU,False,,NCL,640,640.0,DAR,709.0,708.0,-1.0,710,712.0,2.0,50.0,BHM,1004.0,1007.0,3.0,True
202605218729862,XC,2026-05-21,MAY,THU,False,,EDB,602,602.0,DAR,810.0,809.0,-1.0,811,813.0,2.0,190.0,BHM,1106.0,1108.0,2.0,True
202605217101180,XC,2026-05-21,MAY,THU,False,573.0,NCL,835,835.0,DAR,904.0,902.0,-2.0,906,907.0,1.0,50.0,BHM,1127.0,1202.0,35.0,True
202605218729873,XC,2026-05-21,MAY,THU,False,,GLC,648,647.0,DAR,1010.0,1008.0,-2.0,1011,1012.0,1.0,228.0,BHM,1306.0,1312.0,6.0,True
202605217101184,XC,2026-05-21,MAY,THU,False,,NCL,1034,1036.0,DAR,1104.0,1103.0,-1.0,1105,1107.0,2.0,50.0,BHM,1328.0,1330.0,2.0,True
202605218729884,XC,2026-05-21,MAY,THU,False,904.0,EDB,1005,1004.0,DAR,1210.0,1209.0,-1.0,1213,1213.0,0.0,190.0,BHM,1506.0,1514.0,8.0,True
202605218729935,XC,2026-05-21,MAY,THU,False,,NCL,1233,1234.0,DAR,1303.0,1302.0,-1.0,1305,1305.0,0.0,50.0,BHM,1528.0,1532.0,4.0,True
202605217101154,XC,2026-05-21,MAY,THU,False,,EDB,1205,1205.0,DAR,1410.0,1407.0,-3.0,1411,1411.0,0.0,190.0,BHM,1706.0,1711.0,5.0,True
202605218729937,XC,2026-05-21,MAY,THU,False,,NCL,1434,1438.0,DAR,1504.0,1507.0,3.0,1506,1510.0,4.0,50.0,BHM,1727.0,1736.0,9.0,True
202605218729909,XC,2026-05-21,MAY,THU,False,,EDB,1404,1403.0,DAR,1610.0,1609.0,-1.0,1611,1613.0,2.0,190.0,BHM,1907.0,1912.0,5.0,True
202605217166824,XC,2026-05-21,MAY,THU,False,,NCL,1634,1634.0,DAR,1703.0,1703.0,0.0,1705,1707.0,2.0,50.0,BHM,1931.0,1933.0,2.0,True
202605217101169,XC,2026-05-21,MAY,THU,False,,EDB,1605,1605.0,DAR,1810.0,1807.0,-3.0,1812,1812.0,0.0,190.0,BHM,2107.0,2116.0,9.0,True
202605217100914,XC,2026-05-21,MAY,THU,False,895.0,NCL,1833,1836.0,DAR,1904.0,1908.0,4.0,1906,1912.0,6.0,50.0,BHM,2126.0,2138.0,12.0,True
202605217100842,XC,2026-05-21,MAY,THU,False,913.0,EDB,1804,1803.0,DAR,2009.0,2025.0,16.0,2011,2029.0,18.0,190.0,BHM,2328.0,2348.0,20.0,True
202605227101176,XC,2026-05-22,MAY,FRI,False,,NCL,518,518.0,DAR,550.0,547.0,-3.0,552,552.0,0.0,50.0,BHM,828.0,834.0,6.0,True
202605228729925,XC,2026-05-22,MAY,FRI,False,832.0,NCL,623,623.0,DAR,652.0,651.0,-1.0,654,654.0,0.0,50.0,BHM,928.0,941.0,13.0,True
202605227101140,XC,2026-05-22,MAY,FRI,False,,NCL,640,639.0,DAR,709.0,706.0,-3.0,710,710.0,0.0,50.0,BHM,1004.0,1006.0,2.0,True
202605228729862,XC,2026-05-22,MAY,FRI,False,,EDB,602,602.0,DAR,810.0,808.0,-2.0,811,812.0,1.0,190.0,BHM,1106.0,1118.0,12.0,True
202605227101180,XC,2026-05-22,MAY,FRI,False,526.0,NCL,835,834.0,DAR,904.0,902.0,-2.0,906,906.0,0.0,50.0,BHM,1127.0,1141.0,14.0,True
202605228729873,XC,2026-05-22,MAY,FRI,False,895.0,GLC,648,647.0,DAR,1010.0,1008.0,-2.0,1011,1012.0,1.0,228.0,BHM,1306.0,1326.0,20.0,True
202605227101184,XC,2026-05-22,MAY,FRI,False,908.0,NCL,1034,1034.0,DAR,1104.0,1103.0,-1.0,1105,1108.0,3.0,50.0,BHM,1328.0,1336.0,8.0,True
202605228729884,XC,2026-05-22,MAY,FRI,False,685.0,EDB,1005,1004.0,DAR,1210.0,1216.0,6.0,1213,1226.0,13.0,190.0,BHM,1506.0,1613.0,67.0,True
202605227101154,XC,2026-05-22,MAY,FRI,False,811.0,EDB,1205,1204.0,DAR,1410.0,1431.0,21.0,1411,1434.0,23.0,190.0,BHM,1706.0,1735.0,29.0,True
202605228729937,XC,2026-05-22,MAY,FRI,False,811.0,NCL,1434,1433.0,DAR,1504.0,1516.0,12.0,1506,1519.0,13.0,50.0,BHM,1727.0,1806.0,39.0,True
202605228729909,XC,2026-05-22,MAY,FRI,False,,EDB,1404,1403.0,DAR,1610.0,1616.0,6.0,1611,1620.0,9.0,190.0,BHM,1907.0,1926.0,19.0,True
202605227101169,XC,2026-05-22,MAY,FRI,False,811.0,EDB,1605,1605.0,DAR,1810.0,1904.0,54.0,1812,1908.0,56.0,190.0,BHM,2107.0,2209.0,62.0,True
202605227100914,XC,2026-05-22,MAY,FRI,False,811.0,NCL,1833,1914.0,DAR,1904.0,1953.0,49.0,1906,1956.0,50.0,50.0,BHM,2126.0,2243.0,77.0,True
202605227100842,XC,2026-05-22,MAY,FRI,False,727.0,EDB,1804,1822.0,DAR,2009.0,2033.0,24.0,2011,2034.0,23.0,190.0,BHM,2328.0,2351.0,23.0,True
202605267101176,XC,2026-05-26,MAY,TUE,False,895.0,NCL,518,518.0,DAR,550.0,548.0,-2.0,552,552.0,0.0,50.0,BHM,828.0,840.0,12.0,True
202605268729925,XC,2026-05-26,MAY,TUE,False,,NCL,623,623.0,DAR,652.0,652.0,0.0,654,654.0,0.0,50.0,BHM,928.0,934.0,6.0,True
202605267101140,XC,2026-05-26,MAY,TUE,False,776.0,NCL,640,640.0,DAR,709.0,709.0,0.0,710,711.0,1.0,50.0,BHM,1004.0,1017.0,13.0,True
202605268729862,XC,2026-05-26,MAY,TUE,False,,EDB,602,602.0,DAR,810.0,809.0,-1.0,811,811.0,0.0,190.0,BHM,1106.0,1114.0,8.0,True
202605267101180,XC,2026-05-26,MAY,TUE,False,,NCL,835,835.0,DAR,904.0,904.0,0.0,906,907.0,1.0,50.0,BHM,1127.0,1133.0,6.0,True
202605268729873,XC,2026-05-26,MAY,TUE,False,574.0,GLC,648,648.0,DAR,1010.0,1009.0,-1.0,1011,1011.0,0.0,228.0,BHM,1306.0,1340.0,34.0,True
202605267101184,XC,2026-05-26,MAY,TUE,False,832.0,NCL,1034,1040.0,DAR,1104.0,1113.0,9.0,1105,1115.0,10.0,50.0,BHM,1328.0,1344.0,16.0,True
202605268729884,XC,2026-05-26,MAY,TUE,False,,EDB,1005,1004.0,DAR,1210.0,1211.0,1.0,1213,1213.0,0.0,190.0,BHM,1506.0,1554.0,48.0,True
202605268729935,XC,2026-05-26,MAY,TUE,False,574.0,NCL,1233,1235.0,DAR,1303.0,1315.0,12.0,1305,1317.0,12.0,50.0,BHM,1528.0,1557.0,29.0,True
202605267101154,XC,2026-05-26,MAY,TUE,False,,EDB,1205,1204.0,DAR,1410.0,1409.0,-1.0,1411,1412.0,1.0,190.0,BHM,1706.0,1725.0,19.0,True
202605268729937,XC,2026-05-26,MAY,TUE,False,895.0,NCL,1434,1434.0,DAR,1504.0,1504.0,0.0,1506,1506.0,0.0,50.0,BHM,1727.0,1819.0,52.0,True
202605268729909,XC,2026-05-26,MAY,TUE,False,,EDB,1404,1404.0,DAR,1610.0,1609.0,-1.0,1611,1612.0,1.0,190.0,BHM,1907.0,1937.0,30.0,True
202605267166824,XC,2026-05-26,MAY,TUE,False,,NCL,1634,1640.0,DAR,1703.0,1712.0,9.0,1705,1714.0,9.0,50.0,BHM,1931.0,2017.0,46.0,True
202605267101169,XC,2026-05-26,MAY,TUE,False,886.0,EDB,1605,1605.0,DAR,1810.0,1812.0,2.0,1812,1814.0,2.0,190.0,BHM,2107.0,2201.0,54.0,True
202605267100842,XC,2026-05-26,MAY,TUE,False,574.0,EDB,1804,1803.0,DAR,2009.0,2034.0,25.0,2011,2036.0,25.0,190.0,BHM,2328.0,40.0,-1368.0,False
202605277101176,XC,2026-05-27,MAY,WED,False,,NCL,518,518.0,DAR,550.0,548.0,-2.0,552,552.0,0.0,50.0,BHM,828.0,839.0,11.0,True
202605278729925,XC,2026-05-27,MAY,WED,False,,NCL,623,623.0,DAR,652.0,652.0,0.0,654,654.0,0.0,50.0,BHM,928.0,929.0,1.0,True
202605277101140,XC,2026-05-27,MAY,WED,False,,NCL,640,640.0,DAR,709.0,710.0,1.0,710,712.0,2.0,50.0,BHM,1004.0,1016.0,12.0,True
202605278729862,XC,2026-05-27,MAY,WED,False,,EDB,602,602.0,DAR,810.0,808.0,-2.0,811,811.0,0.0,190.0,BHM,1106.0,1111.0,5.0,True
202605278729873,XC,2026-05-27,MAY,WED,False,895.0,GLC,648,648.0,DAR,1010.0,1010.0,0.0,1011,1013.0,2.0,228.0,BHM,1306.0,1323.0,17.0,True
202605277101184,XC,2026-05-27,MAY,WED,False,,NCL,1034,1034.0,DAR,1104.0,1105.0,1.0,1105,1107.0,2.0,50.0,BHM,1328.0,1335.0,7.0,True
202605278729884,XC,2026-05-27,MAY,WED,False,,EDB,1005,1004.0,DAR,1210.0,1211.0,1.0,1213,1213.0,0.0,190.0,BHM,1506.0,1512.0,6.0,True
202605278729935,XC,2026-05-27,MAY,WED,False,,NCL,1233,1234.0,DAR,1303.0,1302.0,-1.0,1305,1305.0,0.0,50.0,BHM,1528.0,1532.0,4.0,True
202605277101154,XC,2026-05-27,MAY,WED,False,574.0,EDB,1205,1204.0,DAR,1410.0,1412.0,2.0,1411,1416.0,5.0,190.0,BHM,1706.0,1804.0,58.0,True
202605278729937,XC,2026-05-27,MAY,WED,False,,NCL,1434,1433.0,DAR,1504.0,1504.0,0.0,1506,1507.0,1.0,50.0,BHM,1727.0,1731.0,4.0,True
202605278729909,XC,2026-05-27,MAY,WED,False,895.0,EDB,1404,1403.0,DAR,1610.0,1608.0,-2.0,1611,1611.0,0.0,190.0,BHM,1907.0,1924.0,17.0,True
202605277166824,XC,2026-05-27,MAY,WED,False,547.0,NCL,1634,1634.0,DAR,1703.0,1704.0,1.0,1705,1706.0,1.0,50.0,BHM,1931.0,2006.0,35.0,True
202605277101169,XC,2026-05-27,MAY,WED,False,579.0,EDB,1605,1651.0,DAR,1810.0,1902.0,52.0,1812,1904.0,52.0,190.0,BHM,2107.0,2203.0,56.0,True
202605277100914,XC,2026-05-27,MAY,WED,False,650.0,NCL,1833,1852.0,DAR,1904.0,1923.0,19.0,1906,1925.0,19.0,50.0,BHM,2126.0,2153.0,27.0,True
202605277100842,XC,2026-05-27,MAY,WED,False,579.0,EDB,1804,1819.0,DAR,2009.0,2028.0,19.0,2011,2031.0,20.0,190.0,BHM,2328.0,2340.0,12.0,True
202605287101140,XC,2026-05-28,MAY,THU,False,501.0,NCL,640,640.0,DAR,709.0,710.0,1.0,710,712.0,2.0,50.0,BHM,1004.0,1102.0,58.0,True
202605288729862,XC,2026-05-28,MAY,THU,False,895.0,EDB,602,602.0,DAR,810.0,809.0,-1.0,811,811.0,0.0,190.0,BHM,1106.0,1130.0,24.0,True
202605287101180,XC,2026-05-28,MAY,THU,False,574.0,NCL,835,835.0,DAR,904.0,906.0,2.0,906,908.0,2.0,50.0,BHM,1127.0,1155.0,28.0,True
202605288729873,XC,2026-05-28,MAY,THU,False,570.0,GLC,648,648.0,DAR,1010.0,1027.0,17.0,1011,1029.0,18.0,228.0,BHM,1306.0,1349.0,43.0,True
202605287101184,XC,2026-05-28,MAY,THU,False,895.0,NCL,1034,1042.0,DAR,1104.0,1114.0,10.0,1105,1116.0,11.0,50.0,BHM,1328.0,1404.0,36.0,True
202605288729884,XC,2026-05-28,MAY,THU,False,904.0,EDB,1005,1004.0,DAR,1210.0,1210.0,0.0,1213,1213.0,0.0,190.0,BHM,1506.0,1531.0,25.0,True
202605288729935,XC,2026-05-28,MAY,THU,False,,NCL,1233,1233.0,DAR,1303.0,1306.0,3.0,1305,1308.0,3.0,50.0,BHM,1528.0,1533.0,5.0,True
202605287101154,XC,2026-05-28,MAY,THU,False,576.0,EDB,1205,1204.0,DAR,1410.0,1409.0,-1.0,1411,1412.0,1.0,190.0,BHM,1706.0,1733.0,27.0,True
202605288729909,XC,2026-05-28,MAY,THU,False,,EDB,1404,1403.0,DAR,1610.0,1612.0,2.0,1611,1614.0,3.0,190.0,BHM,1907.0,1924.0,17.0,True
202605287166824,XC,2026-05-28,MAY,THU,False,,NCL,1634,1634.0,DAR,1703.0,1703.0,0.0,1705,1705.0,0.0,50.0,BHM,1931.0,1949.0,18.0,True
202605287101169,XC,2026-05-28,MAY,THU,False,,EDB,1605,1611.0,DAR,1810.0,1845.0,35.0,1812,1847.0,35.0,190.0,BHM,2107.0,2141.0,34.0,True
202605287100914,XC,2026-05-28,MAY,THU,False,536.0,NCL,1833,1839.0,DAR,1904.0,1908.0,4.0,1906,1910.0,4.0,50.0,BHM,2126.0,2148.0,22.0,True
202605287100842,XC,2026-05-28,MAY,THU,False,895.0,EDB,1804,1803.0,DAR,2009.0,2008.0,-1.0,2011,2010.0,-1.0,190.0,BHM,2328.0,2341.0,13.0,True
202605297101176,XC,2026-05-29,MAY,FRI,False,,NCL,518,517.0,DAR,550.0,548.0,-2.0,552,551.0,-1.0,50.0,BHM,828.0,830.0,2.0,True
202605298729925,XC,2026-05-29,MAY,FRI,False,895.0,NCL,623,623.0,DAR,652.0,652.0,0.0,654,654.0,0.0,50.0,BHM,928.0,930.0,2.0,True
202605297101140,XC,2026-05-29,MAY,FRI,False,,NCL,640,640.0,DAR,709.0,709.0,0.0,710,711.0,1.0,50.0,BHM,1004.0,1004.0,0.0,False
202605298729862,XC,2026-05-29,MAY,FRI,False,,EDB,602,602.0,DAR,810.0,808.0,-2.0,811,811.0,0.0,190.0,BHM,1106.0,1109.0,3.0,True
202605297101180,XC,2026-05-29,MAY,FRI,False,576.0,NCL,835,835.0,DAR,904.0,903.0,-1.0,906,906.0,0.0,50.0,BHM,1127.0,1135.0,8.0,True
202605298729873,XC,2026-05-29,MAY,FRI,False,,GLC,648,648.0,DAR,1010.0,1011.0,1.0,1011,1014.0,3.0,228.0,BHM,1306.0,1321.0,15.0,True
202605297101184,XC,2026-05-29,MAY,FRI,False,,NCL,1034,1035.0,DAR,1104.0,1106.0,2.0,1105,1108.0,3.0,50.0,BHM,1328.0,1332.0,4.0,True
202605298729884,XC,2026-05-29,MAY,FRI,False,,EDB,1005,1004.0,DAR,1210.0,1210.0,0.0,1213,1213.0,0.0,190.0,BHM,1506.0,1514.0,8.0,True
202605298729935,XC,2026-05-29,MAY,FRI,False,,NCL,1233,1236.0,DAR,1303.0,1306.0,3.0,1305,1309.0,4.0,50.0,BHM,1528.0,1532.0,4.0,True
202605297101154,XC,2026-05-29,MAY,FRI,False,,EDB,1205,1205.0,DAR,1410.0,1411.0,1.0,1411,1414.0,3.0,190.0,BHM,1706.0,1714.0,8.0,True
202605298729937,XC,2026-05-29,MAY,FRI,False,895.0,NCL,1434,1443.0,DAR,1504.0,1512.0,8.0,1506,1516.0,10.0,50.0,BHM,1727.0,1738.0,11.0,True
202605298729909,XC,2026-05-29,MAY,FRI,False,,EDB,1404,1403.0,DAR,1610.0,1616.0,6.0,1611,1618.0,7.0,190.0,BHM,1907.0,1934.0,27.0,True
202605297166824,XC,2026-05-29,MAY,FRI,False,,NCL,1634,1635.0,DAR,1703.0,1704.0,1.0,1705,1706.0,1.0,50.0,BHM,1931.0,1939.0,8.0,True
202605297101169,XC,2026-05-29,MAY,FRI,False,,EDB,1605,1605.0,DAR,1810.0,1810.0,0.0,1812,1814.0,2.0,190.0,BHM,2107.0,2109.0,2.0,True
202605297100914,XC,2026-05-29,MAY,FRI,False,,NCL,1833,1833.0,DAR,1904.0,1904.0,0.0,1906,1907.0,1.0,50.0,BHM,2126.0,2137.0,11.0,True
202605297100842,XC,2026-05-29,MAY,FRI,False,,EDB,1804,1805.0,DAR,2009.0,2009.0,0.0,2011,2011.0,0.0,190.0,BHM,2328.0,2327.0,-1.0,False
202605308729924,XC,2026-05-30,MAY,SAT,False,,NCL,622,622.0,DAR,651.0,651.0,0.0,653,656.0,3.0,50.0,BHM,927.0,926.0,-1.0,False
202605307101141,XC,2026-05-30,MAY,SAT,False,,NCL,640,640.0,DAR,709.0,708.0,-1.0,710,710.0,0.0,50.0,BHM,1004.0,1010.0,6.0,True
202605307101146,XC,2026-05-30,MAY,SAT,False,,EDB,602,601.0,DAR,810.0,809.0,-1.0,811,811.0,0.0,190.0,BHM,1106.0,1105.0,-1.0,False
202605308729872,XC,2026-05-30,MAY,SAT,False,,GLC,648,,DAR,1010.0,1009.0,-1.0,1011,1013.0,2.0,228.0,BHM,1306.0,1310.0,4.0,True
202605307101183,XC,2026-05-30,MAY,SAT,False,,NCL,1035,1035.0,DAR,1104.0,1105.0,1.0,1106,1107.0,1.0,50.0,BHM,1328.0,1334.0,6.0,True
202605308729885,XC,2026-05-30,MAY,SAT,False,,EDB,1005,1004.0,DAR,1210.0,1211.0,1.0,1211,1213.0,2.0,190.0,BHM,1505.0,1519.0,14.0,True
202605308729934,XC,2026-05-30,MAY,SAT,False,574.0,NCL,1234,1237.0,DAR,1304.0,1307.0,3.0,1306,1309.0,3.0,50.0,BHM,1527.0,1600.0,33.0,True
202605307101156,XC,2026-05-30,MAY,SAT,False,559.0,EDB,1205,1204.0,DAR,1410.0,1410.0,0.0,1411,1412.0,1.0,190.0,BHM,1706.0,1736.0,30.0,True
202605307101164,XC,2026-05-30,MAY,SAT,False,,EDB,1404,1403.0,DAR,1611.0,1616.0,5.0,1612,1619.0,7.0,190.0,BHM,1905.0,1919.0,14.0,True
202605307166825,XC,2026-05-30,MAY,SAT,False,,NCL,1633,1633.0,DAR,1703.0,1709.0,6.0,1704,1712.0,8.0,50.0,BHM,1925.0,1950.0,25.0,True
202605307101168,XC,2026-05-30,MAY,SAT,False,,EDB,1605,1605.0,DAR,1809.0,1808.0,-1.0,1811,1813.0,2.0,190.0,BHM,2106.0,2116.0,10.0,True
202605307100916,XC,2026-05-30,MAY,SAT,False,,NCL,1833,1839.0,DAR,1903.0,1911.0,8.0,1905,1913.0,8.0,50.0,BHM,2126.0,2146.0,20.0,True
202605307100846,XC,2026-05-30,MAY,SAT,False,,EDB,1804,1804.0,DAR,2009.0,2010.0,1.0,2011,2012.0,1.0,190.0,BHM,2307.0,2328.0,21.0,True
202605318729874,XC,2026-05-31,MAY,SUN,False,,NCL,830,830.0,DAR,901.0,901.0,0.0,904,904.0,0.0,50.0,BHM,1306.0,1307.0,1.0,True
202605317101147,XC,2026-05-31,MAY,SUN,False,908.0,NCL,936,936.0,DAR,1005.0,1007.0,2.0,1006,1009.0,3.0,50.0,BHM,1404.0,1410.0,6.0,True
202605318729886,XC,2026-05-31,MAY,SUN,False,895.0,EDB,908,908.0,DAR,1109.0,1112.0,3.0,1111,1114.0,3.0,190.0,BHM,1506.0,1510.0,4.0,True
202605317101152,XC,2026-05-31,MAY,SUN,False,648.0,EDB,1008,1008.0,DAR,1209.0,1214.0,5.0,1210,1216.0,6.0,190.0,BHM,1604.0,1605.0,1.0,True
202605317101155,XC,2026-05-31,MAY,SUN,False,,EDB,1107,1106.0,DAR,1309.0,1309.0,0.0,1310,1311.0,1.0,190.0,BHM,1706.0,1709.0,3.0,True
202605317101163,XC,2026-05-31,MAY,SUN,False,,EDB,1205,1204.0,DAR,1410.0,1409.0,-1.0,1411,1411.0,0.0,190.0,BHM,1804.0,1803.0,-1.0,False
202605317101165,XC,2026-05-31,MAY,SUN,False,,EDB,1305,1305.0,DAR,1509.0,1509.0,0.0,1511,1511.0,0.0,190.0,BHM,1904.0,1904.0,0.0,False
202605318729913,XC,2026-05-31,MAY,SUN,False,,DEE,1222,1222.0,DAR,1609.0,1610.0,1.0,1610,1612.0,2.0,,BHM,2004.0,2012.0,8.0,True
202605318729915,XC,2026-05-31,MAY,SUN,False,648.0,EDB,1505,1505.0,DAR,1710.0,1724.0,14.0,1712,1727.0,15.0,190.0,BHM,2106.0,2106.0,0.0,False
202605318729918,XC,2026-05-31,MAY,SUN,False,,EDB,1607,1608.0,DAR,1811.0,1807.0,-4.0,1812,1812.0,0.0,190.0,BHM,2208.0,2208.0,0.0,False
202605317561961,XC,2026-05-31,MAY,SUN,False,,EDB,1705,1705.0,DAR,1909.0,1910.0,1.0,1911,1912.0,1.0,190.0,BHM,2243.0,2242.0,-1.0,False
202605317100843,XC,2026-05-31,MAY,SUN,False,777.0,EDB,1805,1806.0,DAR,2007.0,2011.0,4.0,2009,2014.0,5.0,190.0,BHM,2325.0,105.0,-1340.0,False
202606017101176,XC,2026-06-01,JUN,MON,False,,NCL,518,518.0,DAR,550.0,549.0,-1.0,552,552.0,0.0,50.0,BHM,828.0,843.0,15.0,True
202606018729925,XC,2026-06-01,JUN,MON,False,,NCL,623,625.0,DAR,652.0,654.0,2.0,654,655.0,1.0,50.0,BHM,928.0,931.0,3.0,True
202606017101140,XC,2026-06-01,JUN,MON,False,,NCL,640,640.0,DAR,709.0,710.0,1.0,710,713.0,3.0,50.0,BHM,1004.0,1009.0,5.0,True
202606018729862,XC,2026-06-01,JUN,MON,False,,EDB,602,602.0,DAR,810.0,809.0,-1.0,811,811.0,0.0,190.0,BHM,1106.0,1114.0,8.0,True
202606017101180,XC,2026-06-01,JUN,MON,False,,NCL,835,835.0,DAR,904.0,903.0,-1.0,906,906.0,0.0,50.0,BHM,1127.0,1126.0,-1.0,False
202606018729873,XC,2026-06-01,JUN,MON,False,,GLC,648,648.0,DAR,1010.0,1010.0,0.0,1011,1012.0,1.0,228.0,BHM,1306.0,1310.0,4.0,True
202606017101184,XC,2026-06-01,JUN,MON,False,573.0,NCL,1034,1034.0,DAR,1104.0,1106.0,2.0,1105,1109.0,4.0,50.0,BHM,1328.0,1359.0,31.0,True
202606018729884,XC,2026-06-01,JUN,MON,False,,EDB,1005,1004.0,DAR,1210.0,1209.0,-1.0,1213,1213.0,0.0,190.0,BHM,1506.0,1508.0,2.0,True
202606018729935,XC,2026-06-01,JUN,MON,False,,NCL,1233,1233.0,DAR,1303.0,1303.0,0.0,1305,1305.0,0.0,50.0,BHM,1528.0,1537.0,9.0,True
202606017101154,XC,2026-06-01,JUN,MON,False,,EDB,1205,1205.0,DAR,1410.0,1409.0,-1.0,1411,1411.0,0.0,190.0,BHM,1706.0,1739.0,33.0,True
202606018729937,XC,2026-06-01,JUN,MON,False,,NCL,1434,1435.0,DAR,1504.0,1504.0,0.0,1506,1506.0,0.0,50.0,BHM,1727.0,1752.0,25.0,True
202606018729909,XC,2026-06-01,JUN,MON,False,,EDB,1404,1403.0,DAR,1610.0,1609.0,-1.0,1611,1611.0,0.0,190.0,BHM,1907.0,1909.0,2.0,True
202606017166824,XC,2026-06-01,JUN,MON,False,895.0,NCL,1634,1642.0,DAR,1703.0,1713.0,10.0,1705,1715.0,10.0,50.0,BHM,1931.0,1939.0,8.0,True
202606017101169,XC,2026-06-01,JUN,MON,False,,EDB,1605,1605.0,DAR,1810.0,1809.0,-1.0,1812,1812.0,0.0,190.0,BHM,2107.0,2106.0,-1.0,False
202606017100914,XC,2026-06-01,JUN,MON,False,904.0,NCL,1833,1836.0,DAR,1904.0,1908.0,4.0,1906,1909.0,3.0,50.0,BHM,2126.0,2141.0,15.0,True
202606017100842,XC,2026-06-01,JUN,MON,False,895.0,EDB,1804,1817.0,DAR,2009.0,2023.0,14.0,2011,2025.0,14.0,190.0,BHM,2328.0,2327.0,-1.0,False
202606027101176,XC,2026-06-02,JUN,TUE,False,,NCL,518,518.0,DAR,550.0,549.0,-1.0,552,552.0,0.0,50.0,BHM,828.0,831.0,3.0,True
202606028729925,XC,2026-06-02,JUN,TUE,False,574.0,NCL,623,623.0,DAR,652.0,654.0,2.0,654,706.0,12.0,50.0,BHM,928.0,938.0,10.0,True
202606027101140,XC,2026-06-02,JUN,TUE,False,,NCL,640,640.0,DAR,709.0,709.0,0.0,710,714.0,4.0,50.0,BHM,1004.0,1006.0,2.0,True
202606028729862,XC,2026-06-02,JUN,TUE,False,904.0,EDB,602,602.0,DAR,810.0,809.0,-1.0,811,811.0,0.0,190.0,BHM,1106.0,1110.0,4.0,True
202606027101180,XC,2026-06-02,JUN,TUE,False,,NCL,835,834.0,DAR,904.0,903.0,-1.0,906,906.0,0.0,50.0,BHM,1127.0,1127.0,0.0,False
202606028729873,XC,2026-06-02,JUN,TUE,False,904.0,GLC,648,647.0,DAR,1010.0,1012.0,2.0,1011,1014.0,3.0,228.0,BHM,1306.0,1317.0,11.0,True
202606027101184,XC,2026-06-02,JUN,TUE,False,,NCL,1034,1039.0,DAR,1104.0,1109.0,5.0,1105,1111.0,6.0,50.0,BHM,1328.0,1332.0,4.0,True
202606028729884,XC,2026-06-02,JUN,TUE,False,,EDB,1005,1007.0,DAR,1210.0,1209.0,-1.0,1213,1213.0,0.0,190.0,BHM,1506.0,1505.0,-1.0,False
202606027101154,XC,2026-06-02,JUN,TUE,False,,EDB,1205,1204.0,DAR,1410.0,1411.0,1.0,1411,1413.0,2.0,190.0,BHM,1706.0,1708.0,2.0,True
202606028729937,XC,2026-06-02,JUN,TUE,False,,NCL,1434,1433.0,DAR,1504.0,1503.0,-1.0,1506,1506.0,0.0,50.0,BHM,1727.0,1726.0,-1.0,False
202606028729909,XC,2026-06-02,JUN,TUE,False,887.0,EDB,1404,1403.0,DAR,1610.0,1609.0,-1.0,1611,1611.0,0.0,190.0,BHM,1907.0,1911.0,4.0,True
202606027166824,XC,2026-06-02,JUN,TUE,False,656.0,NCL,1634,1633.0,DAR,1703.0,1703.0,0.0,1705,1705.0,0.0,50.0,BHM,1931.0,1953.0,22.0,True
202606027101169,XC,2026-06-02,JUN,TUE,False,,EDB,1605,1605.0,DAR,1810.0,1817.0,7.0,1812,1819.0,7.0,190.0,BHM,2107.0,2105.0,-2.0,False
202606027100914,XC,2026-06-02,JUN,TUE,False,576.0,NCL,1833,1842.0,DAR,1904.0,1920.0,16.0,1906,1924.0,18.0,50.0,BHM,2126.0,2204.0,38.0,True
202606037101176,XC,2026-06-03,JUN,WED,False,812.0,NCL,518,518.0,DAR,550.0,549.0,-1.0,552,552.0,0.0,50.0,BHM,828.0,831.0,3.0,True
202606038729925,XC,2026-06-03,JUN,WED,False,812.0,NCL,623,623.0,DAR,652.0,652.0,0.0,654,654.0,0.0,50.0,BHM,928.0,933.0,5.0,True
202606037101140,XC,2026-06-03,JUN,WED,False,576.0,NCL,640,640.0,DAR,709.0,710.0,1.0,710,712.0,2.0,50.0,BHM,1004.0,1012.0,8.0,True
202606038729862,XC,2026-06-03,JUN,WED,False,,EDB,602,601.0,DAR,810.0,811.0,1.0,811,814.0,3.0,190.0,BHM,1106.0,1117.0,11.0,True
202606037101180,XC,2026-06-03,JUN,WED,False,,NCL,835,840.0,DAR,904.0,908.0,4.0,906,909.0,3.0,50.0,BHM,1127.0,1131.0,4.0,True
202606038729873,XC,2026-06-03,JUN,WED,False,576.0,GLC,648,648.0,DAR,1010.0,1011.0,1.0,1011,1013.0,2.0,228.0,BHM,1306.0,1309.0,3.0,True
202606038729884,XC,2026-06-03,JUN,WED,False,,EDB,1005,1004.0,DAR,1210.0,1209.0,-1.0,1213,1213.0,0.0,190.0,BHM,1506.0,1507.0,1.0,True
202606038729935,XC,2026-06-03,JUN,WED,False,832.0,NCL,1233,1233.0,DAR,1303.0,1303.0,0.0,1305,1305.0,0.0,50.0,BHM,1528.0,1541.0,13.0,True
202606037101154,XC,2026-06-03,JUN,WED,False,,EDB,1205,1204.0,DAR,1410.0,1410.0,0.0,1411,1413.0,2.0,190.0,BHM,1706.0,1706.0,0.0,False
202606038729937,XC,2026-06-03,JUN,WED,False,832.0,NCL,1434,1433.0,DAR,1504.0,1504.0,0.0,1506,1506.0,0.0,50.0,BHM,1727.0,1749.0,22.0,True
202606038729909,XC,2026-06-03,JUN,WED,False,,EDB,1404,1403.0,DAR,1610.0,1615.0,5.0,1611,1617.0,6.0,190.0,BHM,1907.0,1908.0,1.0,True
202606037166824,XC,2026-06-03,JUN,WED,False,,NCL,1634,1633.0,DAR,1703.0,1703.0,0.0,1705,1705.0,0.0,50.0,BHM,1931.0,1932.0,1.0,True
202606037101169,XC,2026-06-03,JUN,WED,False,535.0,EDB,1605,1614.0,DAR,1810.0,1822.0,12.0,1812,1824.0,12.0,190.0,BHM,2107.0,2120.0,13.0,True
202606037100842,XC,2026-06-03,JUN,WED,False,,EDB,1804,1803.0,DAR,2009.0,2010.0,1.0,2011,2012.0,1.0,190.0,BHM,2328.0,2328.0,0.0,False
202606047101176,XC,2026-06-04,JUN,THU,False,,NCL,518,517.0,DAR,550.0,548.0,-2.0,552,552.0,0.0,50.0,BHM,828.0,832.0,4.0,True
202606048729925,XC,2026-06-04,JUN,THU,False,,NCL,623,623.0,DAR,652.0,653.0,1.0,654,655.0,1.0,50.0,BHM,928.0,926.0,-2.0,False
202606047101140,XC,2026-06-04,JUN,THU,False,,NCL,640,640.0,DAR,709.0,709.0,0.0,710,711.0,1.0,50.0,BHM,1004.0,1005.0,1.0,True
202606048729862,XC,2026-06-04,JUN,THU,False,904.0,EDB,602,601.0,DAR,810.0,808.0,-2.0,811,810.0,-1.0,190.0,BHM,1106.0,1108.0,2.0,True
202606047101180,XC,2026-06-04,JUN,THU,False,,NCL,835,835.0,DAR,904.0,904.0,0.0,906,906.0,0.0,50.0,BHM,1127.0,1138.0,11.0,True
202606048729873,XC,2026-06-04,JUN,THU,False,895.0,GLC,648,648.0,DAR,1010.0,1008.0,-2.0,1011,1012.0,1.0,228.0,BHM,1306.0,1314.0,8.0,True
202606047101184,XC,2026-06-04,JUN,THU,False,,NCL,1034,1034.0,DAR,1104.0,1105.0,1.0,1105,1109.0,4.0,50.0,BHM,1328.0,1331.0,3.0,True
202606048729884,XC,2026-06-04,JUN,THU,False,,EDB,1005,1004.0,DAR,1210.0,1209.0,-1.0,1213,1213.0,0.0,190.0,BHM,1506.0,1505.0,-1.0,False
202606048729935,XC,2026-06-04,JUN,THU,False,,NCL,1233,1232.0,DAR,1303.0,1303.0,0.0,1305,1305.0,0.0,50.0,BHM,1528.0,1527.0,-1.0,False
202606047101154,XC,2026-06-04,JUN,THU,False,,EDB,1205,1205.0,DAR,1410.0,1409.0,-1.0,1411,1411.0,0.0,190.0,BHM,1706.0,1708.0,2.0,True
202606048729937,XC,2026-06-04,JUN,THU,False,,NCL,1434,1435.0,DAR,1504.0,1513.0,9.0,1506,1515.0,9.0,50.0,BHM,1727.0,1736.0,9.0,True
202606048729909,XC,2026-06-04,JUN,THU,False,,EDB,1404,1403.0,DAR,1610.0,1610.0,0.0,1611,1612.0,1.0,190.0,BHM,1907.0,1909.0,2.0,True
202606047101169,XC,2026-06-04,JUN,THU,False,,EDB,1605,1605.0,DAR,1810.0,1817.0,7.0,1812,1820.0,8.0,190.0,BHM,2107.0,2104.0,-3.0,False
202606047100914,XC,2026-06-04,JUN,THU,False,,NCL,1833,1832.0,DAR,1904.0,1901.0,-3.0,1906,1905.0,-1.0,50.0,BHM,2126.0,2128.0,2.0,True
202606047100842,XC,2026-06-04,JUN,THU,False,,EDB,1804,1803.0,DAR,2009.0,2011.0,2.0,2011,2013.0,2.0,190.0,BHM,2328.0,2327.0,-1.0,False
202606057101176,XC,2026-06-05,JUN,FRI,False,,NCL,518,518.0,DAR,550.0,548.0,-2.0,552,552.0,0.0,50.0,BHM,828.0,828.0,0.0,False
202606058729925,XC,2026-06-05,JUN,FRI,False,,NCL,623,623.0,DAR,652.0,652.0,0.0,654,654.0,0.0,50.0,BHM,928.0,926.0,-2.0,False
202606057101140,XC,2026-06-05,JUN,FRI,False,,NCL,640,640.0,DAR,709.0,708.0,-1.0,710,712.0,2.0,50.0,BHM,1004.0,1004.0,0.0,False
202606058729862,XC,2026-06-05,JUN,FRI,False,,EDB,602,601.0,DAR,810.0,809.0,-1.0,811,811.0,0.0,190.0,BHM,1106.0,1107.0,1.0,True
202606057101180,XC,2026-06-05,JUN,FRI,False,,NCL,835,834.0,DAR,904.0,903.0,-1.0,906,906.0,0.0,50.0,BHM,1127.0,1126.0,-1.0,False
202606058729873,XC,2026-06-05,JUN,FRI,False,,GLC,648,648.0,DAR,1010.0,1011.0,1.0,1011,1013.0,2.0,228.0,BHM,1306.0,1308.0,2.0,True
202606057101184,XC,2026-06-05,JUN,FRI,False,,NCL,1034,1036.0,DAR,1104.0,1107.0,3.0,1105,1109.0,4.0,50.0,BHM,1328.0,1342.0,14.0,True
202606058729884,XC,2026-06-05,JUN,FRI,False,895.0,EDB,1005,1004.0,DAR,1210.0,1225.0,15.0,1213,1227.0,14.0,190.0,BHM,1506.0,1526.0,20.0,True
202606058729935,XC,2026-06-05,JUN,FRI,False,,NCL,1233,1233.0,DAR,1303.0,1302.0,-1.0,1305,1306.0,1.0,50.0,BHM,1528.0,1537.0,9.0,True
202606057101154,XC,2026-06-05,JUN,FRI,False,,EDB,1205,1204.0,DAR,1410.0,1410.0,0.0,1411,1412.0,1.0,190.0,BHM,1706.0,1709.0,3.0,True
202606058729937,XC,2026-06-05,JUN,FRI,False,573.0,NCL,1434,1434.0,DAR,1504.0,1504.0,0.0,1506,1506.0,0.0,50.0,BHM,1727.0,1735.0,8.0,True
202606058729909,XC,2026-06-05,JUN,FRI,False,,EDB,1404,1403.0,DAR,1610.0,1610.0,0.0,1611,1613.0,2.0,190.0,BHM,1907.0,1906.0,-1.0,False
202606057166824,XC,2026-06-05,JUN,FRI,False,,NCL,1634,1634.0,DAR,1703.0,1704.0,1.0,1705,1706.0,1.0,50.0,BHM,1931.0,1932.0,1.0,True
202606057101169,XC,2026-06-05,JUN,FRI,False,,EDB,1605,1605.0,DAR,1810.0,1809.0,-1.0,1812,1812.0,0.0,190.0,BHM,2107.0,2104.0,-3.0,False
202606057100914,XC,2026-06-05,JUN,FRI,False,,NCL,1833,1836.0,DAR,1904.0,1907.0,3.0,1906,1909.0,3.0,50.0,BHM,2126.0,2126.0,0.0,False
202606057100842,XC,2026-06-05,JUN,FRI,False,,EDB,1804,1804.0,DAR,2009.0,2011.0,2.0,2011,2014.0,3.0,190.0,BHM,2328.0,2330.0,2.0,True
202606067101141,XC,2026-06-06,JUN,SAT,False,,NCL,640,640.0,DAR,709.0,709.0,0.0,710,712.0,2.0,50.0,BHM,957.0,1004.0,7.0,True
202606067101146,XC,2026-06-06,JUN,SAT,False,,EDB,602,601.0,DAR,810.0,809.0,-1.0,811,811.0,0.0,190.0,BHM,1057.0,1059.0,2.0,True
202606068729867,XC,2026-06-06,JUN,SAT,False,,EDB,703,703.0,DAR,910.0,913.0,3.0,912,915.0,3.0,190.0,BHM,1159.0,1207.0,8.0,True
202606068729872,XC,2026-06-06,JUN,SAT,False,904.0,GLC,648,,DAR,1010.0,1009.0,-1.0,1011,1012.0,1.0,228.0,BHM,1257.0,1304.0,7.0,True
202606068729878,XC,2026-06-06,JUN,SAT,False,,GLC,748,748.0,DAR,1110.0,1109.0,-1.0,1111,1111.0,0.0,228.0,BHM,1357.0,1359.0,2.0,True
202606068729885,XC,2026-06-06,JUN,SAT,False,,EDB,1005,1004.0,DAR,1210.0,1210.0,0.0,1211,1212.0,1.0,190.0,BHM,1459.0,1520.0,21.0,True
202606067101151,XC,2026-06-06,JUN,SAT,False,,ABD,820,820.0,DAR,1310.0,1308.0,-2.0,1311,1311.0,0.0,293.0,BHM,1557.0,1602.0,5.0,True
202606067101156,XC,2026-06-06,JUN,SAT,False,,EDB,1205,1204.0,DAR,1410.0,1409.0,-1.0,1411,1411.0,0.0,190.0,BHM,1657.0,1721.0,24.0,True
202606067101162,XC,2026-06-06,JUN,SAT,False,887.0,EDB,1305,1305.0,DAR,1510.0,1511.0,1.0,1512,1513.0,1.0,190.0,BHM,1757.0,1828.0,31.0,True
202606067101164,XC,2026-06-06,JUN,SAT,False,,EDB,1404,1403.0,DAR,1611.0,1608.0,-3.0,1612,1611.0,-1.0,190.0,BHM,1857.0,1858.0,1.0,True
202606067101167,XC,2026-06-06,JUN,SAT,False,904.0,EDB,1504,1504.0,DAR,1708.0,1724.0,16.0,1711,1728.0,17.0,190.0,BHM,1957.0,2021.0,24.0,True
202606067101168,XC,2026-06-06,JUN,SAT,False,,EDB,1605,1605.0,DAR,1809.0,1808.0,-1.0,1811,1811.0,0.0,190.0,BHM,2057.0,2057.0,0.0,False
202606067100913,XC,2026-06-06,JUN,SAT,False,576.0,EDB,1705,1704.0,DAR,1910.0,1925.0,15.0,1911,1927.0,16.0,190.0,BHM,2252.0,2254.0,2.0,True
202606067100846,XC,2026-06-06,JUN,SAT,False,,EDB,1804,1804.0,DAR,2009.0,2006.0,-3.0,2011,2011.0,0.0,190.0,BHM,2322.0,2337.0,15.0,True
202606078729869,XC,2026-06-07,JUN,SUN,False,,NCL,830,830.0,DAR,901.0,901.0,0.0,904,904.0,0.0,50.0,BHM,1151.0,1156.0,5.0,True
202606077101147,XC,2026-06-07,JUN,SUN,False,,EDB,908,908.0,DAR,1109.0,1110.0,1.0,1111,1113.0,2.0,190.0,BHM,1351.0,1356.0,5.0,True
202606078729886,XC,2026-06-07,JUN,SUN,False,,EDB,1008,1008.0,DAR,1209.0,1209.0,0.0,1210,1212.0,2.0,190.0,BHM,1451.0,1457.0,6.0,True
202606077101152,XC,2026-06-07,JUN,SUN,False,,EDB,1107,1107.0,DAR,1309.0,1308.0,-1.0,1310,1311.0,1.0,190.0,BHM,1551.0,1556.0,5.0,True
202606077101155,XC,2026-06-07,JUN,SUN,False,526.0,GLC,1055,,DAR,1410.0,1423.0,13.0,1411,1426.0,15.0,228.0,BHM,1651.0,1713.0,22.0,True
202606077101163,XC,2026-06-07,JUN,SUN,False,,EDB,1305,1305.0,DAR,1509.0,1508.0,-1.0,1511,1510.0,-1.0,190.0,BHM,1751.0,1751.0,0.0,False
202606077101165,XC,2026-06-07,JUN,SUN,False,,DEE,1222,1222.0,DAR,1609.0,1610.0,1.0,1610,1613.0,3.0,,BHM,1851.0,1853.0,2.0,True
202606078729913,XC,2026-06-07,JUN,SUN,False,,EDB,1505,1504.0,DAR,1710.0,1709.0,-1.0,1712,1712.0,0.0,190.0,BHM,1951.0,1951.0,0.0,False
202606078729915,XC,2026-06-07,JUN,SUN,False,,EDB,1607,1607.0,DAR,1811.0,1810.0,-1.0,1812,1812.0,0.0,190.0,BHM,2053.0,2053.0,0.0,False
202606078729918,XC,2026-06-07,JUN,SUN,False,,EDB,1705,,DAR,1909.0,1912.0,3.0,1911,1913.0,2.0,190.0,BHM,2151.0,2157.0,6.0,True
202606077100843,XC,2026-06-07,JUN,SUN,False,907.0,EDB,1805,1804.0,DAR,2007.0,2006.0,-1.0,2009,2008.0,-1.0,190.0,BHM,2319.0,2320.0,1.0,True
202606087101176,XC,2026-06-08,JUN,MON,False,904.0,NCL,518,517.0,DAR,550.0,548.0,-2.0,552,552.0,0.0,50.0,BHM,828.0,833.0,5.0,True
202606088729925,XC,2026-06-08,JUN,MON,False,,NCL,623,623.0,DAR,652.0,651.0,-1.0,654,654.0,0.0,50.0,BHM,928.0,930.0,2.0,True
202606087101140,XC,2026-06-08,JUN,MON,False,,NCL,640,640.0,DAR,709.0,709.0,0.0,710,711.0,1.0,50.0,BHM,1004.0,1006.0,2.0,True
202606088729862,XC,2026-06-08,JUN,MON,False,,EDB,602,601.0,DAR,810.0,809.0,-1.0,811,812.0,1.0,190.0,BHM,1106.0,1110.0,4.0,True
202606087101180,XC,2026-06-08,JUN,MON,False,,NCL,835,835.0,DAR,904.0,905.0,1.0,906,907.0,1.0,50.0,BHM,1127.0,1135.0,8.0,True
202606088729873,XC,2026-06-08,JUN,MON,False,871.0,GLC,648,648.0,DAR,1010.0,1010.0,0.0,1011,1012.0,1.0,228.0,BHM,1306.0,1309.0,3.0,True
202606087101184,XC,2026-06-08,JUN,MON,False,,NCL,1034,1034.0,DAR,1104.0,1104.0,0.0,1105,1106.0,1.0,50.0,BHM,1328.0,1329.0,1.0,True
202606088729884,XC,2026-06-08,JUN,MON,False,,EDB,1005,1004.0,DAR,1210.0,1211.0,1.0,1213,1213.0,0.0,190.0,BHM,1506.0,1533.0,27.0,True
202606087101154,XC,2026-06-08,JUN,MON,False,824.0,EDB,1205,1204.0,DAR,1410.0,1409.0,-1.0,1411,1411.0,0.0,190.0,BHM,1706.0,1708.0,2.0,True
202606088729937,XC,2026-06-08,JUN,MON,False,,NCL,1434,1439.0,DAR,1504.0,1509.0,5.0,1506,1511.0,5.0,50.0,BHM,1727.0,1728.0,1.0,True
202606088729909,XC,2026-06-08,JUN,MON,False,,EDB,1404,1403.0,DAR,1610.0,1611.0,1.0,1611,1614.0,3.0,190.0,BHM,1907.0,1907.0,0.0,False
202606087166824,XC,2026-06-08,JUN,MON,False,,NCL,1634,1634.0,DAR,1703.0,1703.0,0.0,1705,1705.0,0.0,50.0,BHM,1931.0,1930.0,-1.0,False
202606087101169,XC,2026-06-08,JUN,MON,False,,EDB,1605,1605.0,DAR,1810.0,1809.0,-1.0,1812,1812.0,0.0,190.0,BHM,2107.0,2104.0,-3.0,False
202606087100842,XC,2026-06-08,JUN,MON,False,,EDB,1804,1804.0,DAR,2009.0,2008.0,-1.0,2011,2011.0,0.0,190.0,BHM,2328.0,2328.0,0.0,False
202606097101176,XC,2026-06-09,JUN,TUE,False,,NCL,518,518.0,DAR,550.0,549.0,-1.0,552,551.0,-1.0,50.0,BHM,828.0,829.0,1.0,True
202606098729925,XC,2026-06-09,JUN,TUE,False,,NCL,623,623.0,DAR,652.0,652.0,0.0,654,654.0,0.0,50.0,BHM,928.0,931.0,3.0,True
202606097101140,XC,2026-06-09,JUN,TUE,False,,NCL,640,640.0,DAR,709.0,710.0,1.0,710,712.0,2.0,50.0,BHM,1004.0,1005.0,1.0,True
202606098729862,XC,2026-06-09,JUN,TUE,False,,EDB,602,601.0,DAR,810.0,808.0,-2.0,811,810.0,-1.0,190.0,BHM,1106.0,1109.0,3.0,True
202606097101180,XC,2026-06-09,JUN,TUE,False,,NCL,835,835.0,DAR,904.0,904.0,0.0,906,906.0,0.0,50.0,BHM,1127.0,1127.0,0.0,False
202606098729873,XC,2026-06-09,JUN,TUE,False,,GLC,648,648.0,DAR,1010.0,1008.0,-2.0,1011,1011.0,0.0,228.0,BHM,1306.0,1306.0,0.0,False
202606097101184,XC,2026-06-09,JUN,TUE,False,,NCL,1034,1035.0,DAR,1104.0,1104.0,0.0,1105,1106.0,1.0,50.0,BHM,1328.0,1327.0,-1.0,False
202606098729884,XC,2026-06-09,JUN,TUE,False,,EDB,1005,1004.0,DAR,1210.0,1212.0,2.0,1213,1213.0,0.0,190.0,BHM,1506.0,1509.0,3.0,True
202606098729935,XC,2026-06-09,JUN,TUE,False,,NCL,1233,1232.0,DAR,1303.0,1303.0,0.0,1305,1306.0,1.0,50.0,BHM,1528.0,1527.0,-1.0,False
202606097101154,XC,2026-06-09,JUN,TUE,False,,EDB,1205,1204.0,DAR,1410.0,1409.0,-1.0,1411,1415.0,4.0,190.0,BHM,1706.0,1708.0,2.0,True
202606098729937,XC,2026-06-09,JUN,TUE,False,,NCL,1434,1434.0,DAR,1504.0,1503.0,-1.0,1506,1506.0,0.0,50.0,BHM,1727.0,1725.0,-2.0,False
202606098729909,XC,2026-06-09,JUN,TUE,False,,EDB,1404,1403.0,DAR,1610.0,1608.0,-2.0,1611,1611.0,0.0,190.0,BHM,1907.0,1911.0,4.0,True
202606097166824,XC,2026-06-09,JUN,TUE,False,,NCL,1634,1634.0,DAR,1703.0,1704.0,1.0,1705,1706.0,1.0,50.0,BHM,1931.0,1932.0,1.0,True
202606097101169,XC,2026-06-09,JUN,TUE,False,,EDB,1605,1605.0,DAR,1810.0,1809.0,-1.0,1812,1812.0,0.0,190.0,BHM,2107.0,2107.0,0.0,False
202606097100914,XC,2026-06-09,JUN,TUE,False,,NCL,1833,1833.0,DAR,1904.0,1903.0,-1.0,1906,1906.0,0.0,50.0,BHM,2126.0,2129.0,3.0,True
202606097100842,XC,2026-06-09,JUN,TUE,False,,EDB,1804,1803.0,DAR,2009.0,2007.0,-2.0,2011,2011.0,0.0,190.0,BHM,2328.0,2328.0,0.0,False
202606107101176,XC,2026-06-10,JUN,WED,False,,NCL,518,518.0,DAR,550.0,549.0,-1.0,552,552.0,0.0,50.0,BHM,828.0,833.0,5.0,True
202606108729925,XC,2026-06-10,JUN,WED,False,,NCL,623,623.0,DAR,652.0,652.0,0.0,654,654.0,0.0,50.0,BHM,928.0,929.0,1.0,True
202606107101140,XC,2026-06-10,JUN,WED,False,545.0,NCL,640,640.0,DAR,709.0,708.0,-1.0,710,710.0,0.0,50.0,BHM,1004.0,1008.0,4.0,True
202606108729862,XC,2026-06-10,JUN,WED,False,,EDB,602,602.0,DAR,810.0,809.0,-1.0,811,811.0,0.0,190.0,BHM,1106.0,1106.0,0.0,False
202606107101180,XC,2026-06-10,JUN,WED,False,,NCL,835,834.0,DAR,904.0,903.0,-1.0,906,907.0,1.0,50.0,BHM,1127.0,1133.0,6.0,True
202606108729873,XC,2026-06-10,JUN,WED,False,,GLC,648,648.0,DAR,1010.0,1007.0,-3.0,1011,1011.0,0.0,228.0,BHM,1306.0,1308.0,2.0,True
202606107101184,XC,2026-06-10,JUN,WED,False,894.0,NCL,1034,1034.0,DAR,1104.0,1103.0,-1.0,1105,1108.0,3.0,50.0,BHM,1328.0,1336.0,8.0,True
202606108729884,XC,2026-06-10,JUN,WED,False,,EDB,1005,1005.0,DAR,1210.0,1209.0,-1.0,1213,1214.0,1.0,190.0,BHM,1506.0,1511.0,5.0,True
202606108729935,XC,2026-06-10,JUN,WED,False,579.0,NCL,1233,1243.0,DAR,1303.0,1311.0,8.0,1305,1314.0,9.0,50.0,BHM,1528.0,1559.0,31.0,True
202606107101154,XC,2026-06-10,JUN,WED,False,,EDB,1205,1204.0,DAR,1410.0,1408.0,-2.0,1411,1412.0,1.0,190.0,BHM,1706.0,1724.0,18.0,True
202606108729937,XC,2026-06-10,JUN,WED,False,,NCL,1434,1434.0,DAR,1504.0,1503.0,-1.0,1506,1506.0,0.0,50.0,BHM,1727.0,1735.0,8.0,True
202606108729909,XC,2026-06-10,JUN,WED,False,,EDB,1404,1403.0,DAR,1610.0,1606.0,-4.0,1611,1611.0,0.0,190.0,BHM,1907.0,1907.0,0.0,False
202606107166824,XC,2026-06-10,JUN,WED,False,,NCL,1634,1636.0,DAR,1703.0,1705.0,2.0,1705,1708.0,3.0,50.0,BHM,1931.0,1932.0,1.0,True
202606107101169,XC,2026-06-10,JUN,WED,False,,EDB,1605,,DAR,1810.0,1808.0,-2.0,1812,1812.0,0.0,190.0,BHM,2107.0,2113.0,6.0,True
202606107100914,XC,2026-06-10,JUN,WED,False,,NCL,1833,1833.0,DAR,1904.0,1901.0,-3.0,1906,1906.0,0.0,50.0,BHM,2126.0,2129.0,3.0,True
202606107100842,XC,2026-06-10,JUN,WED,False,,EDB,1804,1803.0,DAR,2009.0,2006.0,-3.0,2011,2011.0,0.0,190.0,BHM,2328.0,2331.0,3.0,True
202606117101176,XC,2026-06-11,JUN,THU,False,,NCL,518,518.0,DAR,550.0,547.0,-3.0,552,552.0,0.0,50.0,BHM,828.0,830.0,2.0,True
202606118729925,XC,2026-06-11,JUN,THU,False,,NCL,623,623.0,DAR,652.0,650.0,-2.0,654,654.0,0.0,50.0,BHM,928.0,928.0,0.0,False
202606117101140,XC,2026-06-11,JUN,THU,False,,NCL,640,640.0,DAR,709.0,707.0,-2.0,710,711.0,1.0,50.0,BHM,1004.0,1009.0,5.0,True
202606118729862,XC,2026-06-11,JUN,THU,False,,EDB,602,601.0,DAR,810.0,808.0,-2.0,811,811.0,0.0,190.0,BHM,1106.0,1105.0,-1.0,False
202606117101180,XC,2026-06-11,JUN,THU,False,,NCL,835,835.0,DAR,904.0,903.0,-1.0,906,908.0,2.0,50.0,BHM,1127.0,1130.0,3.0,True
202606118729873,XC,2026-06-11,JUN,THU,False,904.0,GLC,648,648.0,DAR,1010.0,1009.0,-1.0,1011,1012.0,1.0,228.0,BHM,1306.0,1321.0,15.0,True
202606117101184,XC,2026-06-11,JUN,THU,False,894.0,NCL,1034,1034.0,DAR,1104.0,1104.0,0.0,1105,1107.0,2.0,50.0,BHM,1328.0,1335.0,7.0,True
202606118729884,XC,2026-06-11,JUN,THU,False,895.0,EDB,1005,1004.0,DAR,1210.0,1209.0,-1.0,1213,1213.0,0.0,190.0,BHM,1506.0,1533.0,27.0,True
202606118729935,XC,2026-06-11,JUN,THU,False,896.0,NCL,1233,1233.0,DAR,1303.0,1302.0,-1.0,1305,1305.0,0.0,50.0,BHM,1528.0,1538.0,10.0,True
202606117101154,XC,2026-06-11,JUN,THU,False,895.0,EDB,1205,1205.0,DAR,1410.0,1410.0,0.0,1411,1413.0,2.0,190.0,BHM,1706.0,1736.0,30.0,True
202606118729937,XC,2026-06-11,JUN,THU,False,896.0,NCL,1434,1433.0,DAR,1504.0,1501.0,-3.0,1506,1507.0,1.0,50.0,BHM,1727.0,1740.0,13.0,True
202606118729909,XC,2026-06-11,JUN,THU,False,,EDB,1404,1403.0,DAR,1610.0,1609.0,-1.0,1611,1611.0,0.0,190.0,BHM,1907.0,1910.0,3.0,True
202606117166824,XC,2026-06-11,JUN,THU,False,,NCL,1634,1633.0,DAR,1703.0,1703.0,0.0,1705,1705.0,0.0,50.0,BHM,1931.0,1932.0,1.0,True
202606117101169,XC,2026-06-11,JUN,THU,False,,EDB,1605,1605.0,DAR,1810.0,1809.0,-1.0,1812,1812.0,0.0,190.0,BHM,2107.0,2106.0,-1.0,False
202606117100914,XC,2026-06-11,JUN,THU,False,,NCL,1833,1835.0,DAR,1904.0,1906.0,2.0,1906,1908.0,2.0,50.0,BHM,2126.0,2132.0,6.0,True
202606117100842,XC,2026-06-11,JUN,THU,False,,EDB,1804,1804.0,DAR,2009.0,2009.0,0.0,2011,2011.0,0.0,190.0,BHM,2328.0,2326.0,-2.0,False
202606127101176,XC,2026-06-12,JUN,FRI,False,,NCL,518,518.0,DAR,550.0,548.0,-2.0,552,552.0,0.0,50.0,BHM,828.0,834.0,6.0,True
202606128729925,XC,2026-06-12,JUN,FRI,False,,NCL,623,623.0,DAR,652.0,652.0,0.0,654,654.0,0.0,50.0,BHM,928.0,927.0,-1.0,False
202606127101140,XC,2026-06-12,JUN,FRI,False,,NCL,640,640.0,DAR,709.0,708.0,-1.0,710,710.0,0.0,50.0,BHM,1004.0,1002.0,-2.0,False
202606128729862,XC,2026-06-12,JUN,FRI,False,,EDB,602,602.0,DAR,810.0,809.0,-1.0,811,811.0,0.0,190.0,BHM,1106.0,1117.0,11.0,True
202606127101180,XC,2026-06-12,JUN,FRI,False,,NCL,835,835.0,DAR,904.0,903.0,-1.0,906,906.0,0.0,50.0,BHM,1127.0,1133.0,6.0,True
202606128729873,XC,2026-06-12,JUN,FRI,False,,GLC,648,648.0,DAR,1010.0,1011.0,1.0,1011,1014.0,3.0,228.0,BHM,1306.0,1305.0,-1.0,False
202606127101184,XC,2026-06-12,JUN,FRI,False,,NCL,1034,1034.0,DAR,1104.0,1102.0,-2.0,1105,1105.0,0.0,50.0,BHM,1328.0,1330.0,2.0,True
202606128729884,XC,2026-06-12,JUN,FRI,False,,EDB,1005,1004.0,DAR,1210.0,1210.0,0.0,1213,1213.0,0.0,190.0,BHM,1506.0,1513.0,7.0,True
202606128729935,XC,2026-06-12,JUN,FRI,False,,NCL,1233,1235.0,DAR,1303.0,1303.0,0.0,1305,1306.0,1.0,50.0,BHM,1528.0,1527.0,-1.0,False
202606127101154,XC,2026-06-12,JUN,FRI,False,,EDB,1205,1204.0,DAR,1410.0,1410.0,0.0,1411,1413.0,2.0,190.0,BHM,1706.0,1710.0,4.0,True
202606128729937,XC,2026-06-12,JUN,FRI,False,,NCL,1434,1443.0,DAR,1504.0,1511.0,7.0,1506,1513.0,7.0,50.0,BHM,1727.0,1728.0,1.0,True
202606128729909,XC,2026-06-12,JUN,FRI,False,895.0,EDB,1404,1403.0,DAR,1610.0,1609.0,-1.0,1611,1612.0,1.0,190.0,BHM,1907.0,1923.0,16.0,True
202606127166824,XC,2026-06-12,JUN,FRI,False,,NCL,1634,1634.0,DAR,1703.0,1705.0,2.0,1705,1706.0,1.0,50.0,BHM,1931.0,1937.0,6.0,True
202606127101169,XC,2026-06-12,JUN,FRI,False,895.0,EDB,1605,1605.0,DAR,1810.0,1811.0,1.0,1812,1813.0,1.0,190.0,BHM,2107.0,2127.0,20.0,True
202606127100914,XC,2026-06-12,JUN,FRI,False,895.0,NCL,1833,1838.0,DAR,1904.0,1909.0,5.0,1906,1911.0,5.0,50.0,BHM,2126.0,2135.0,9.0,True
202606127100842,XC,2026-06-12,JUN,FRI,False,887.0,EDB,1804,1803.0,DAR,2009.0,2007.0,-2.0,2011,2011.0,0.0,190.0,BHM,2328.0,2332.0,4.0,True
202606137101141,XC,2026-06-13,JUN,SAT,False,,NCL,640,640.0,DAR,709.0,709.0,0.0,710,711.0,1.0,50.0,BHM,957.0,1011.0,14.0,True
202606137101146,XC,2026-06-13,JUN,SAT,False,,EDB,602,601.0,DAR,810.0,808.0,-2.0,811,811.0,0.0,190.0,BHM,1057.0,1100.0,3.0,True
202606138729867,XC,2026-06-13,JUN,SAT,False,536.0,EDB,703,703.0,DAR,910.0,909.0,-1.0,912,912.0,0.0,190.0,BHM,1157.0,1221.0,24.0,True
202606138729872,XC,2026-06-13,JUN,SAT,False,,GLC,648,648.0,DAR,1010.0,1009.0,-1.0,1011,1014.0,3.0,228.0,BHM,1257.0,1302.0,5.0,True
202606138729878,XC,2026-06-13,JUN,SAT,False,908.0,GLC,748,748.0,DAR,1110.0,1108.0,-2.0,1111,1113.0,2.0,228.0,BHM,1357.0,1402.0,5.0,True
202606138729885,XC,2026-06-13,JUN,SAT,False,,EDB,1005,1004.0,DAR,1210.0,1210.0,0.0,1211,1213.0,2.0,190.0,BHM,1457.0,1502.0,5.0,True
202606137101151,XC,2026-06-13,JUN,SAT,False,832.0,ABD,820,820.0,DAR,1310.0,1310.0,0.0,1311,1313.0,2.0,293.0,BHM,1557.0,1613.0,16.0,True
202606137101156,XC,2026-06-13,JUN,SAT,False,895.0,EDB,1205,1204.0,DAR,1410.0,1410.0,0.0,1411,1412.0,1.0,190.0,BHM,1657.0,1721.0,24.0,True
202606137101162,XC,2026-06-13,JUN,SAT,False,574.0,EDB,1305,1305.0,DAR,1510.0,1529.0,19.0,1512,1531.0,19.0,190.0,BHM,1757.0,1820.0,23.0,True
202606137101164,XC,2026-06-13,JUN,SAT,False,896.0,EDB,1404,1403.0,DAR,1611.0,1609.0,-2.0,1612,1612.0,0.0,190.0,BHM,1857.0,2018.0,81.0,True
202606137101167,XC,2026-06-13,JUN,SAT,False,,EDB,1504,1503.0,DAR,1708.0,1710.0,2.0,1711,1712.0,1.0,190.0,BHM,1957.0,2025.0,28.0,True
202606137101168,XC,2026-06-13,JUN,SAT,False,896.0,EDB,1605,1605.0,DAR,1809.0,1819.0,10.0,1811,1820.0,9.0,190.0,BHM,2057.0,2141.0,44.0,True
202606137100913,XC,2026-06-13,JUN,SAT,False,,EDB,1705,1704.0,DAR,1910.0,1908.0,-2.0,1911,1911.0,0.0,190.0,BHM,2252.0,2255.0,3.0,True
202606137100846,XC,2026-06-13,JUN,SAT,False,,EDB,1804,1803.0,DAR,2009.0,2009.0,0.0,2011,2012.0,1.0,190.0,BHM,2322.0,2324.0,2.0,True
202606148729869,XC,2026-06-14,JUN,SUN,False,,NCL,830,830.0,DAR,901.0,902.0,1.0,904,905.0,1.0,50.0,BHM,1151.0,1156.0,5.0,True
202606148729874,XC,2026-06-14,JUN,SUN,False,,NCL,936,936.0,DAR,1005.0,1005.0,0.0,1006,1007.0,1.0,50.0,BHM,1251.0,1254.0,3.0,True
202606148729886,XC,2026-06-14,JUN,SUN,False,685.0,EDB,1008,1008.0,DAR,1209.0,1209.0,0.0,1210,1211.0,1.0,190.0,BHM,1451.0,1517.0,26.0,True
202606147101152,XC,2026-06-14,JUN,SUN,False,,EDB,1107,1106.0,DAR,1309.0,1311.0,2.0,1310,1314.0,4.0,190.0,BHM,1551.0,1554.0,3.0,True
202606147101163,XC,2026-06-14,JUN,SUN,False,,EDB,1305,1305.0,DAR,1509.0,1507.0,-2.0,1511,1511.0,0.0,190.0,BHM,1751.0,1755.0,4.0,True
202606148729913,XC,2026-06-14,JUN,SUN,False,,EDB,1505,1504.0,DAR,1710.0,1710.0,0.0,1712,1712.0,0.0,190.0,BHM,1951.0,1957.0,6.0,True
202606148729915,XC,2026-06-14,JUN,SUN,False,,EDB,1607,1607.0,DAR,1811.0,1808.0,-3.0,1812,1812.0,0.0,190.0,BHM,2053.0,2055.0,2.0,True
202606148729918,XC,2026-06-14,JUN,SUN,False,,EDB,1705,,DAR,1909.0,1908.0,-1.0,1911,1910.0,-1.0,190.0,BHM,2151.0,2153.0,2.0,True
202606147100843,XC,2026-06-14,JUN,SUN,False,,EDB,1805,1805.0,DAR,2007.0,2008.0,1.0,2009,2011.0,2.0,190.0,BHM,2319.0,2324.0,5.0,True
202606157101176,XC,2026-06-15,JUN,MON,False,696.0,NCL,518,517.0,DAR,550.0,607.0,17.0,552,619.0,27.0,50.0,BHM,828.0,855.0,27.0,True
202606158729925,XC,2026-06-15,JUN,MON,False,,NCL,623,623.0,DAR,652.0,651.0,-1.0,654,654.0,0.0,50.0,BHM,928.0,926.0,-2.0,False
202606157101140,XC,2026-06-15,JUN,MON,False,,NCL,640,641.0,DAR,709.0,711.0,2.0,710,713.0,3.0,50.0,BHM,1004.0,1006.0,2.0,True
202606158729862,XC,2026-06-15,JUN,MON,False,904.0,EDB,602,602.0,DAR,810.0,808.0,-2.0,811,811.0,0.0,190.0,BHM,1106.0,1119.0,13.0,True
202606157101180,XC,2026-06-15,JUN,MON,False,,NCL,835,834.0,DAR,904.0,903.0,-1.0,906,906.0,0.0,50.0,BHM,1127.0,1134.0,7.0,True
202606158729873,XC,2026-06-15,JUN,MON,False,,GLC,648,648.0,DAR,1010.0,1010.0,0.0,1011,1015.0,4.0,228.0,BHM,1306.0,1312.0,6.0,True
202606157101184,XC,2026-06-15,JUN,MON,False,,NCL,1034,1035.0,DAR,1104.0,1105.0,1.0,1105,1108.0,3.0,50.0,BHM,1328.0,1328.0,0.0,False
202606158729884,XC,2026-06-15,JUN,MON,False,,EDB,1005,1004.0,DAR,1210.0,1209.0,-1.0,1213,1213.0,0.0,190.0,BHM,1506.0,1509.0,3.0,True
202606158729935,XC,2026-06-15,JUN,MON,False,,NCL,1233,1234.0,DAR,1303.0,1303.0,0.0,1305,1305.0,0.0,50.0,BHM,1528.0,1536.0,8.0,True
202606157101154,XC,2026-06-15,JUN,MON,False,,EDB,1205,1204.0,DAR,1410.0,1410.0,0.0,1411,1412.0,1.0,190.0,BHM,1706.0,1707.0,1.0,True
202606158729937,XC,2026-06-15,JUN,MON,False,,NCL,1434,1433.0,DAR,1504.0,1504.0,0.0,1506,1506.0,0.0,50.0,BHM,1727.0,1728.0,1.0,True
202606158729909,XC,2026-06-15,JUN,MON,False,,EDB,1404,1403.0,DAR,1610.0,1611.0,1.0,1611,1613.0,2.0,190.0,BHM,1907.0,1919.0,12.0,True
202606157166824,XC,2026-06-15,JUN,MON,False,,NCL,1634,1635.0,DAR,1703.0,1704.0,1.0,1705,1706.0,1.0,50.0,BHM,1931.0,1939.0,8.0,True
202606157101169,XC,2026-06-15,JUN,MON,False,,EDB,1605,1604.0,DAR,1810.0,1809.0,-1.0,1812,1812.0,0.0,190.0,BHM,2107.0,2108.0,1.0,True
202606157100914,XC,2026-06-15,JUN,MON,False,895.0,NCL,1833,1832.0,DAR,1904.0,1904.0,0.0,1906,1907.0,1.0,50.0,BHM,2126.0,2155.0,29.0,True
202606157100842,XC,2026-06-15,JUN,MON,False,,EDB,1804,1804.0,DAR,2009.0,2007.0,-2.0,2011,2011.0,0.0,190.0,BHM,2328.0,2328.0,0.0,False
202606167101176,XC,2026-06-16,JUN,TUE,False,,NCL,518,517.0,DAR,550.0,548.0,-2.0,552,552.0,0.0,50.0,BHM,828.0,829.0,1.0,True
202606168729925,XC,2026-06-16,JUN,TUE,False,,NCL,623,623.0,DAR,652.0,652.0,0.0,654,654.0,0.0,50.0,BHM,928.0,928.0,0.0,False
202606167101140,XC,2026-06-16,JUN,TUE,False,895.0,NCL,640,640.0,DAR,709.0,709.0,0.0,710,710.0,0.0,50.0,BHM,1004.0,1011.0,7.0,True
202606168729862,XC,2026-06-16,JUN,TUE,False,,EDB,602,602.0,DAR,810.0,809.0,-1.0,811,812.0,1.0,190.0,BHM,1106.0,1115.0,9.0,True
202606167101180,XC,2026-06-16,JUN,TUE,False,,NCL,835,834.0,DAR,904.0,904.0,0.0,906,906.0,0.0,50.0,BHM,1127.0,1128.0,1.0,True
202606168729873,XC,2026-06-16,JUN,TUE,False,,GLC,648,648.0,DAR,1010.0,1009.0,-1.0,1011,1012.0,1.0,228.0,BHM,1306.0,1308.0,2.0,True
202606167101184,XC,2026-06-16,JUN,TUE,False,,NCL,1034,1034.0,DAR,1104.0,1104.0,0.0,1105,1107.0,2.0,50.0,BHM,1328.0,1332.0,4.0,True
202606168729884,XC,2026-06-16,JUN,TUE,False,574.0,EDB,1005,1004.0,DAR,1210.0,1211.0,1.0,1213,1214.0,1.0,190.0,BHM,1506.0,1522.0,16.0,True
202606168729935,XC,2026-06-16,JUN,TUE,False,,NCL,1233,1234.0,DAR,1303.0,1303.0,0.0,1305,1307.0,2.0,50.0,BHM,1528.0,1529.0,1.0,True
202606167101154,XC,2026-06-16,JUN,TUE,False,,EDB,1205,1204.0,DAR,1410.0,1409.0,-1.0,1411,1412.0,1.0,190.0,BHM,1706.0,1709.0,3.0,True
202606167101161,XC,2026-06-16,JUN,TUE,False,895.0,EDB,1305,1304.0,DAR,1510.0,1510.0,0.0,1512,1512.0,0.0,190.0,BHM,1807.0,1807.0,0.0,False
202606168729909,XC,2026-06-16,JUN,TUE,False,,EDB,1404,1403.0,DAR,1610.0,1608.0,-2.0,1611,1611.0,0.0,190.0,BHM,1907.0,1914.0,7.0,True
202606167166824,XC,2026-06-16,JUN,TUE,False,,NCL,1634,1636.0,DAR,1703.0,1706.0,3.0,1705,1707.0,2.0,50.0,BHM,1931.0,1933.0,2.0,True
202606167101169,XC,2026-06-16,JUN,TUE,False,,EDB,1605,1604.0,DAR,1810.0,1809.0,-1.0,1812,1812.0,0.0,190.0,BHM,2107.0,2107.0,0.0,False
202606167100914,XC,2026-06-16,JUN,TUE,False,767.0,NCL,1833,1833.0,DAR,1904.0,1905.0,1.0,1906,1907.0,1.0,50.0,BHM,2126.0,2213.0,47.0,True
202606167100842,XC,2026-06-16,JUN,TUE,False,,EDB,1804,1804.0,DAR,2009.0,2007.0,-2.0,2011,2011.0,0.0,190.0,BHM,2328.0,2327.0,-1.0,False
202606177101176,XC,2026-06-17,JUN,WED,False,,NCL,518,517.0,DAR,550.0,549.0,-1.0,552,552.0,0.0,50.0,BHM,828.0,832.0,4.0,True
202606178729925,XC,2026-06-17,JUN,WED,False,,NCL,623,623.0,DAR,652.0,652.0,0.0,654,654.0,0.0,50.0,BHM,928.0,927.0,-1.0,False
202606177101140,XC,2026-06-17,JUN,WED,False,,NCL,640,640.0,DAR,709.0,709.0,0.0,710,711.0,1.0,50.0,BHM,1004.0,1005.0,1.0,True
202606178729862,XC,2026-06-17,JUN,WED,False,,EDB,602,602.0,DAR,810.0,809.0,-1.0,811,812.0,1.0,190.0,BHM,1106.0,1107.0,1.0,True
202606177101180,XC,2026-06-17,JUN,WED,False,,NCL,835,835.0,DAR,904.0,904.0,0.0,906,906.0,0.0,50.0,BHM,1127.0,1128.0,1.0,True
202606178729873,XC,2026-06-17,JUN,WED,False,904.0,GLC,648,648.0,DAR,1010.0,1010.0,0.0,1011,1014.0,3.0,228.0,BHM,1306.0,1310.0,4.0,True
202606177101184,XC,2026-06-17,JUN,WED,False,685.0,NCL,1034,1034.0,DAR,1104.0,1103.0,-1.0,1105,1106.0,1.0,50.0,BHM,1328.0,1332.0,4.0,True
202606178729884,XC,2026-06-17,JUN,WED,False,,EDB,1005,1004.0,DAR,1210.0,1211.0,1.0,1213,1214.0,1.0,190.0,BHM,1506.0,1509.0,3.0,True
202606178729935,XC,2026-06-17,JUN,WED,False,,NCL,1233,1234.0,DAR,1303.0,1305.0,2.0,1305,1308.0,3.0,50.0,BHM,1528.0,1529.0,1.0,True
202606177101154,XC,2026-06-17,JUN,WED,False,,EDB,1205,1204.0,DAR,1410.0,1409.0,-1.0,1411,1412.0,1.0,190.0,BHM,1706.0,1706.0,0.0,False
202606178729937,XC,2026-06-17,JUN,WED,False,,NCL,1434,1434.0,DAR,1504.0,1503.0,-1.0,1506,1506.0,0.0,50.0,BHM,1727.0,1732.0,5.0,True
202606178729909,XC,2026-06-17,JUN,WED,False,,EDB,1404,1403.0,DAR,1610.0,1609.0,-1.0,1611,1611.0,0.0,190.0,BHM,1907.0,1909.0,2.0,True
202606177166824,XC,2026-06-17,JUN,WED,False,,NCL,1634,1634.0,DAR,1703.0,1704.0,1.0,1705,1705.0,0.0,50.0,BHM,1931.0,1932.0,1.0,True
202606177101169,XC,2026-06-17,JUN,WED,False,,EDB,1605,1613.0,DAR,1810.0,1823.0,13.0,1812,1825.0,13.0,190.0,BHM,2107.0,2105.0,-2.0,False
202606177100914,XC,2026-06-17,JUN,WED,False,,NCL,1833,1834.0,DAR,1904.0,1908.0,4.0,1906,1910.0,4.0,50.0,BHM,2126.0,2141.0,15.0,True
202606177100842,XC,2026-06-17,JUN,WED,False,,EDB,1804,1805.0,DAR,2009.0,2007.0,-2.0,2011,2010.0,-1.0,190.0,BHM,2328.0,2341.0,13.0,True
202606188729925,XC,2026-06-18,JUN,THU,False,547.0,NCL,623,630.0,DAR,652.0,701.0,9.0,654,703.0,9.0,50.0,BHM,928.0,926.0,-2.0,False
202606187101140,XC,2026-06-18,JUN,THU,False,,NCL,640,640.0,DAR,709.0,709.0,0.0,710,711.0,1.0,50.0,BHM,1004.0,1008.0,4.0,True
202606188729862,XC,2026-06-18,JUN,THU,False,832.0,EDB,602,602.0,DAR,810.0,809.0,-1.0,811,811.0,0.0,190.0,BHM,1106.0,1105.0,-1.0,False
202606187101180,XC,2026-06-18,JUN,THU,False,832.0,NCL,835,834.0,DAR,904.0,903.0,-1.0,906,906.0,0.0,50.0,BHM,1127.0,1201.0,34.0,True
202606188729873,XC,2026-06-18,JUN,THU,False,908.0,GLC,648,648.0,DAR,1010.0,1013.0,3.0,1011,1016.0,5.0,228.0,BHM,1306.0,1325.0,19.0,True
202606187101184,XC,2026-06-18,JUN,THU,False,,NCL,1034,1035.0,DAR,1104.0,1104.0,0.0,1105,1106.0,1.0,50.0,BHM,1328.0,1335.0,7.0,True
202606188729884,XC,2026-06-18,JUN,THU,False,,EDB,1005,1004.0,DAR,1210.0,1212.0,2.0,1213,1214.0,1.0,190.0,BHM,1506.0,1511.0,5.0,True
202606188729935,XC,2026-06-18,JUN,THU,False,,NCL,1233,1234.0,DAR,1303.0,1304.0,1.0,1305,1306.0,1.0,50.0,BHM,1528.0,1530.0,2.0,True
202606187101154,XC,2026-06-18,JUN,THU,False,,EDB,1205,1204.0,DAR,1410.0,1409.0,-1.0,1411,1411.0,0.0,190.0,BHM,1706.0,1714.0,8.0,True
202606188729937,XC,2026-06-18,JUN,THU,False,,NCL,1434,1437.0,DAR,1504.0,1505.0,1.0,1506,1507.0,1.0,50.0,BHM,1727.0,1736.0,9.0,True
202606188729909,XC,2026-06-18,JUN,THU,False,,EDB,1404,1403.0,DAR,1610.0,1609.0,-1.0,1611,1612.0,1.0,190.0,BHM,1907.0,1915.0,8.0,True
202606187166824,XC,2026-06-18,JUN,THU,False,,NCL,1634,1634.0,DAR,1703.0,1703.0,0.0,1705,1705.0,0.0,50.0,BHM,1931.0,1929.0,-2.0,False
202606187101169,XC,2026-06-18,JUN,THU,False,,EDB,1605,1604.0,DAR,1810.0,1810.0,0.0,1812,1812.0,0.0,190.0,BHM,2107.0,2109.0,2.0,True
202606187100914,XC,2026-06-18,JUN,THU,False,,NCL,1833,1835.0,DAR,1904.0,1909.0,5.0,1906,1911.0,5.0,50.0,BHM,2126.0,2135.0,9.0,True
202606187100842,XC,2026-06-18,JUN,THU,False,,EDB,1804,1803.0,DAR,2009.0,2012.0,3.0,2011,2014.0,3.0,190.0,BHM,2328.0,2339.0,11.0,True
202606197101176,XC,2026-06-19,JUN,FRI,False,,NCL,518,522.0,DAR,550.0,557.0,7.0,552,559.0,7.0,50.0,BHM,828.0,829.0,1.0,True
202606198729925,XC,2026-06-19,JUN,FRI,False,886.0,NCL,623,631.0,DAR,652.0,701.0,9.0,654,703.0,9.0,50.0,BHM,928.0,929.0,1.0,True
202606197101140,XC,2026-06-19,JUN,FRI,False,,NCL,640,640.0,DAR,709.0,708.0,-1.0,710,710.0,0.0,50.0,BHM,1004.0,1017.0,13.0,True
202606198729862,XC,2026-06-19,JUN,FRI,False,,EDB,602,602.0,DAR,810.0,810.0,0.0,811,812.0,1.0,190.0,BHM,1106.0,1107.0,1.0,True
202606197101180,XC,2026-06-19,JUN,FRI,False,832.0,NCL,835,834.0,DAR,904.0,904.0,0.0,906,906.0,0.0,50.0,BHM,1127.0,1158.0,31.0,True
202606198729873,XC,2026-06-19,JUN,FRI,False,,GLC,648,648.0,DAR,1010.0,1011.0,1.0,1011,1013.0,2.0,228.0,BHM,1306.0,1315.0,9.0,True
202606197101184,XC,2026-06-19,JUN,FRI,False,,NCL,1034,1035.0,DAR,1104.0,1105.0,1.0,1105,1107.0,2.0,50.0,BHM,1328.0,1330.0,2.0,True
202606198729884,XC,2026-06-19,JUN,FRI,False,886.0,EDB,1005,1004.0,DAR,1210.0,1209.0,-1.0,1213,1213.0,0.0,190.0,BHM,1506.0,1536.0,30.0,True
202606198729935,XC,2026-06-19,JUN,FRI,False,896.0,NCL,1233,1232.0,DAR,1303.0,1303.0,0.0,1305,1305.0,0.0,50.0,BHM,1528.0,1540.0,12.0,True
202606197101154,XC,2026-06-19,JUN,FRI,False,,EDB,1205,1204.0,DAR,1410.0,1409.0,-1.0,1411,1411.0,0.0,190.0,BHM,1706.0,1713.0,7.0,True
202606198729937,XC,2026-06-19,JUN,FRI,False,,NCL,1434,1437.0,DAR,1504.0,1506.0,2.0,1506,1508.0,2.0,50.0,BHM,1727.0,1735.0,8.0,True
202606198729909,XC,2026-06-19,JUN,FRI,False,,EDB,1404,1404.0,DAR,1610.0,1609.0,-1.0,1611,1611.0,0.0,190.0,BHM,1907.0,1913.0,6.0,True
202606197166824,XC,2026-06-19,JUN,FRI,False,,NCL,1634,1633.0,DAR,1703.0,1703.0,0.0,1705,1705.0,0.0,50.0,BHM,1931.0,1932.0,1.0,True
202606197101169,XC,2026-06-19,JUN,FRI,False,573.0,EDB,1605,1604.0,DAR,1810.0,1810.0,0.0,1812,1812.0,0.0,190.0,BHM,2107.0,2113.0,6.0,True
202606197100914,XC,2026-06-19,JUN,FRI,False,,NCL,1833,1840.0,DAR,1904.0,1908.0,4.0,1906,1910.0,4.0,50.0,BHM,2126.0,2126.0,0.0,False
202606197100842,XC,2026-06-19,JUN,FRI,False,895.0,EDB,1804,1803.0,DAR,2009.0,2008.0,-1.0,2011,2011.0,0.0,190.0,BHM,2328.0,2330.0,2.0,True
202606208729924,XC,2026-06-20,JUN,SAT,False,777.0,NCL,622,621.0,DAR,651.0,650.0,-1.0,653,653.0,0.0,50.0,BHM,927.0,940.0,13.0,True
202606207101141,XC,2026-06-20,JUN,SAT,False,,NCL,640,640.0,DAR,709.0,709.0,0.0,710,710.0,0.0,50.0,BHM,1004.0,1003.0,-1.0,False
202606207101146,XC,2026-06-20,JUN,SAT,False,,EDB,602,602.0,DAR,810.0,809.0,-1.0,811,811.0,0.0,190.0,BHM,1106.0,1107.0,1.0,True
202606208729867,XC,2026-06-20,JUN,SAT,False,,EDB,703,703.0,DAR,910.0,910.0,0.0,912,913.0,1.0,190.0,BHM,1207.0,1217.0,10.0,True
202606208729872,XC,2026-06-20,JUN,SAT,False,832.0,GLC,648,649.0,DAR,1010.0,1010.0,0.0,1011,1013.0,2.0,228.0,BHM,1306.0,1310.0,4.0,True
202606208729878,XC,2026-06-20,JUN,SAT,False,,GLC,748,748.0,DAR,1110.0,1108.0,-2.0,1111,1111.0,0.0,228.0,BHM,1404.0,1410.0,6.0,True
202606208729885,XC,2026-06-20,JUN,SAT,False,,EDB,1005,1004.0,DAR,1210.0,1208.0,-2.0,1211,1210.0,-1.0,190.0,BHM,1505.0,1513.0,8.0,True
202606207101151,XC,2026-06-20,JUN,SAT,False,,ABD,820,820.0,DAR,1310.0,1308.0,-2.0,1311,1311.0,0.0,293.0,BHM,1604.0,1610.0,6.0,True
202606207101156,XC,2026-06-20,JUN,SAT,False,,EDB,1205,1204.0,DAR,1410.0,1411.0,1.0,1411,1413.0,2.0,190.0,BHM,1706.0,1710.0,4.0,True
202606207101162,XC,2026-06-20,JUN,SAT,False,,EDB,1305,1304.0,DAR,1510.0,1509.0,-1.0,1512,1512.0,0.0,190.0,BHM,1804.0,1804.0,0.0,False
202606207101164,XC,2026-06-20,JUN,SAT,False,,EDB,1404,1403.0,DAR,1611.0,1609.0,-2.0,1612,1611.0,-1.0,190.0,BHM,1905.0,1906.0,1.0,True
202606207101167,XC,2026-06-20,JUN,SAT,False,895.0,EDB,1504,1503.0,DAR,1708.0,1722.0,14.0,1711,1724.0,13.0,190.0,BHM,2005.0,2003.0,-2.0,False
202606207101168,XC,2026-06-20,JUN,SAT,False,,EDB,1605,1605.0,DAR,1809.0,1809.0,0.0,1811,1811.0,0.0,190.0,BHM,2106.0,2109.0,3.0,True
202606207100913,XC,2026-06-20,JUN,SAT,False,,EDB,1705,1704.0,DAR,1910.0,1909.0,-1.0,1911,1911.0,0.0,190.0,BHM,2232.0,2238.0,6.0,True
202606207100846,XC,2026-06-20,JUN,SAT,False,,EDB,1804,1803.0,DAR,2009.0,2007.0,-2.0,2011,2010.0,-1.0,190.0,BHM,2307.0,2308.0,1.0,True
202606218729886,XC,2026-06-21,JUN,SUN,False,,EDB,1008,1007.0,DAR,1209.0,1226.0,17.0,1210,1229.0,19.0,190.0,BHM,1506.0,1521.0,15.0,True
202606217101155,XC,2026-06-21,JUN,SUN,False,,GLC,1055,1055.0,DAR,1410.0,1410.0,0.0,1411,1412.0,1.0,228.0,BHM,1706.0,1716.0,10.0,True
202606217101163,XC,2026-06-21,JUN,SUN,False,,EDB,1305,1305.0,DAR,1509.0,1508.0,-1.0,1511,1510.0,-1.0,190.0,BHM,1804.0,1805.0,1.0,True
202606217101165,XC,2026-06-21,JUN,SUN,False,,DEE,1222,,DAR,1609.0,1623.0,14.0,1610,1625.0,15.0,,BHM,1903.0,1910.0,7.0,True
202606218729915,XC,2026-06-21,JUN,SUN,False,,EDB,1607,1606.0,DAR,1811.0,1809.0,-2.0,1812,1812.0,0.0,190.0,BHM,2106.0,2105.0,-1.0,False
202606218729918,XC,2026-06-21,JUN,SUN,False,,EDB,1705,1705.0,DAR,1909.0,1910.0,1.0,1911,1912.0,1.0,190.0,BHM,2208.0,2208.0,0.0,False
202606217100843,XC,2026-06-21,JUN,SUN,False,,EDB,1805,,DAR,2007.0,2008.0,1.0,2009,2010.0,1.0,190.0,BHM,2309.0,2309.0,0.0,False
202606227101176,XC,2026-06-22,JUN,MON,False,909.0,NCL,518,517.0,DAR,550.0,548.0,-2.0,552,552.0,0.0,50.0,BHM,828.0,846.0,18.0,True
202606228729925,XC,2026-06-22,JUN,MON,False,,NCL,623,626.0,DAR,652.0,655.0,3.0,654,656.0,2.0,50.0,BHM,928.0,931.0,3.0,True
202606227101140,XC,2026-06-22,JUN,MON,False,685.0,NCL,640,640.0,DAR,709.0,708.0,-1.0,710,710.0,0.0,50.0,BHM,1004.0,1009.0,5.0,True
202606228729862,XC,2026-06-22,JUN,MON,False,,EDB,602,601.0,DAR,810.0,808.0,-2.0,811,811.0,0.0,190.0,BHM,1106.0,1107.0,1.0,True
202606227101180,XC,2026-06-22,JUN,MON,False,,NCL,835,834.0,DAR,904.0,904.0,0.0,906,906.0,0.0,50.0,BHM,1127.0,1145.0,18.0,True
202606228729873,XC,2026-06-22,JUN,MON,False,,GLC,648,648.0,DAR,1010.0,1012.0,2.0,1011,1014.0,3.0,228.0,BHM,1306.0,1310.0,4.0,True
202606227101184,XC,2026-06-22,JUN,MON,False,588.0,NCL,1034,1034.0,DAR,1104.0,1107.0,3.0,1105,1110.0,5.0,50.0,BHM,1328.0,1408.0,40.0,True
202606228729884,XC,2026-06-22,JUN,MON,False,547.0,EDB,1005,1004.0,DAR,1210.0,1212.0,2.0,1213,1214.0,1.0,190.0,BHM,1506.0,1557.0,51.0,True
202606227101154,XC,2026-06-22,JUN,MON,False,574.0,EDB,1205,1204.0,DAR,1410.0,1427.0,17.0,1411,1429.0,18.0,190.0,BHM,1706.0,1745.0,39.0,True
202606228729937,XC,2026-06-22,JUN,MON,False,895.0,NCL,1434,1439.0,DAR,1504.0,1509.0,5.0,1506,1511.0,5.0,50.0,BHM,1727.0,1807.0,40.0,True
202606228729909,XC,2026-06-22,JUN,MON,False,777.0,EDB,1404,1416.0,DAR,1610.0,1641.0,31.0,1611,1643.0,32.0,190.0,BHM,1907.0,1957.0,50.0,True
202606227166824,XC,2026-06-22,JUN,MON,False,909.0,NCL,1634,1634.0,DAR,1703.0,1706.0,3.0,1705,1708.0,3.0,50.0,BHM,1931.0,1951.0,20.0,True
202606227101169,XC,2026-06-22,JUN,MON,False,547.0,EDB,1605,1615.0,DAR,1810.0,1836.0,26.0,1812,1838.0,26.0,190.0,BHM,2107.0,2133.0,26.0,True
202606227100914,XC,2026-06-22,JUN,MON,False,,NCL,1833,1835.0,DAR,1904.0,1907.0,3.0,1906,1909.0,3.0,50.0,BHM,2126.0,2136.0,10.0,True
202606227100842,XC,2026-06-22,JUN,MON,False,895.0,EDB,1804,1804.0,DAR,2009.0,2019.0,10.0,2011,2021.0,10.0,190.0,BHM,2328.0,2331.0,3.0,True
202606237101176,XC,2026-06-23,JUN,TUE,False,,NCL,518,518.0,DAR,550.0,548.0,-2.0,552,552.0,0.0,50.0,BHM,828.0,829.0,1.0,True
202606238729925,XC,2026-06-23,JUN,TUE,False,,NCL,623,623.0,DAR,652.0,651.0,-1.0,654,653.0,-1.0,50.0,BHM,928.0,934.0,6.0,True
202606237101140,XC,2026-06-23,JUN,TUE,False,,NCL,640,640.0,DAR,709.0,709.0,0.0,710,710.0,0.0,50.0,BHM,1004.0,1009.0,5.0,True
202606238729862,XC,2026-06-23,JUN,TUE,False,,EDB,602,602.0,DAR,810.0,809.0,-1.0,811,811.0,0.0,190.0,BHM,1106.0,1109.0,3.0,True
202606237101180,XC,2026-06-23,JUN,TUE,False,,NCL,835,835.0,DAR,904.0,905.0,1.0,906,907.0,1.0,50.0,BHM,1127.0,1130.0,3.0,True
202606238729873,XC,2026-06-23,JUN,TUE,False,896.0,GLC,648,647.0,DAR,1010.0,1022.0,12.0,1011,1024.0,13.0,228.0,BHM,1306.0,1344.0,38.0,True
202606237101184,XC,2026-06-23,JUN,TUE,False,895.0,NCL,1034,1034.0,DAR,1104.0,1103.0,-1.0,1105,1105.0,0.0,50.0,BHM,1328.0,1346.0,18.0,True
202606238729884,XC,2026-06-23,JUN,TUE,False,,EDB,1005,1004.0,DAR,1210.0,1209.0,-1.0,1213,1213.0,0.0,190.0,BHM,1506.0,1508.0,2.0,True
202606238729935,XC,2026-06-23,JUN,TUE,False,,NCL,1233,1233.0,DAR,1303.0,1302.0,-1.0,1305,1306.0,1.0,50.0,BHM,1528.0,1531.0,3.0,True
202606237101154,XC,2026-06-23,JUN,TUE,False,896.0,EDB,1205,1204.0,DAR,1410.0,1409.0,-1.0,1411,1411.0,0.0,190.0,BHM,1706.0,1727.0,21.0,True
202606238729937,XC,2026-06-23,JUN,TUE,False,,NCL,1434,1434.0,DAR,1504.0,1505.0,1.0,1506,1507.0,1.0,50.0,BHM,1727.0,1738.0,11.0,True
202606238729909,XC,2026-06-23,JUN,TUE,False,,EDB,1404,1403.0,DAR,1610.0,1609.0,-1.0,1611,1611.0,0.0,190.0,BHM,1907.0,1905.0,-2.0,False
202606237101169,XC,2026-06-23,JUN,TUE,False,,EDB,1605,1605.0,DAR,1810.0,1811.0,1.0,1812,1812.0,0.0,190.0,BHM,2107.0,2109.0,2.0,True
202606237100914,XC,2026-06-23,JUN,TUE,False,,NCL,1833,1840.0,DAR,1904.0,1910.0,6.0,1906,1912.0,6.0,50.0,BHM,2126.0,2137.0,11.0,True
202606237100842,XC,2026-06-23,JUN,TUE,False,887.0,EDB,1804,1803.0,DAR,2009.0,2007.0,-2.0,2011,2011.0,0.0,190.0,BHM,2328.0,2329.0,1.0,True
202606247101176,XC,2026-06-24,JUN,WED,False,543.0,NCL,518,518.0,DAR,550.0,548.0,-2.0,552,552.0,0.0,50.0,BHM,828.0,835.0,7.0,True
202606247101140,XC,2026-06-24,JUN,WED,False,,NCL,640,640.0,DAR,709.0,710.0,1.0,710,712.0,2.0,50.0,BHM,1004.0,1014.0,10.0,True
202606248729873,XC,2026-06-24,JUN,WED,False,700.0,GLC,648,648.0,DAR,1010.0,1028.0,18.0,1011,1030.0,19.0,228.0,BHM,1306.0,1335.0,29.0,True
202606248729884,XC,2026-06-24,JUN,WED,False,574.0,EDB,1005,1022.0,DAR,1210.0,1229.0,19.0,1213,1231.0,18.0,190.0,BHM,1506.0,1545.0,39.0,True
202606247101154,XC,2026-06-24,JUN,WED,False,574.0,EDB,1205,1204.0,DAR,1410.0,1409.0,-1.0,1411,1411.0,0.0,190.0,BHM,1706.0,1739.0,33.0,True
202606248729909,XC,2026-06-24,JUN,WED,False,904.0,EDB,1404,1403.0,DAR,1610.0,1615.0,5.0,1611,1618.0,7.0,190.0,BHM,1907.0,1929.0,22.0,True
202606247101169,XC,2026-06-24,JUN,WED,False,,EDB,1605,1605.0,DAR,1810.0,1809.0,-1.0,1812,1812.0,0.0,190.0,BHM,2107.0,2108.0,1.0,True
202606247100842,XC,2026-06-24,JUN,WED,False,,EDB,1804,1805.0,DAR,2009.0,2021.0,12.0,2011,2023.0,12.0,190.0,BHM,2328.0,2332.0,4.0,True
202606258729925,XC,2026-06-25,JUN,THU,False,,NCL,623,620.0,DAR,652.0,651.0,-1.0,654,653.0,-1.0,50.0,BHM,928.0,933.0,5.0,True
202606257101140,XC,2026-06-25,JUN,THU,False,,NCL,640,640.0,DAR,709.0,709.0,0.0,710,711.0,1.0,50.0,BHM,1004.0,1014.0,10.0,True
202606258729862,XC,2026-06-25,JUN,THU,False,895.0,EDB,602,602.0,DAR,810.0,809.0,-1.0,811,812.0,1.0,190.0,BHM,1106.0,1121.0,15.0,True
202606258729873,XC,2026-06-25,JUN,THU,False,895.0,GLC,648,647.0,DAR,1010.0,1010.0,0.0,1011,1013.0,2.0,228.0,BHM,1306.0,1307.0,1.0,True
202606258729884,XC,2026-06-25,JUN,THU,False,,EDB,1005,1005.0,DAR,1210.0,1209.0,-1.0,1213,1213.0,0.0,190.0,BHM,1506.0,1514.0,8.0,True
202606257101154,XC,2026-06-25,JUN,THU,False,904.0,EDB,1205,1204.0,DAR,1410.0,1410.0,0.0,1411,1412.0,1.0,190.0,BHM,1706.0,1714.0,8.0,True
202606258729909,XC,2026-06-25,JUN,THU,False,,EDB,1404,1403.0,DAR,1610.0,1611.0,1.0,1611,1613.0,2.0,190.0,BHM,1907.0,1912.0,5.0,True
202606257101166,XC,2026-06-25,JUN,THU,False,,EDB,1504,1506.0,DAR,1708.0,1722.0,14.0,1711,1724.0,13.0,190.0,BHM,2007.0,2020.0,13.0,True
202606257101169,XC,2026-06-25,JUN,THU,False,,EDB,1605,1606.0,DAR,1810.0,1809.0,-1.0,1812,1812.0,0.0,190.0,BHM,2107.0,2109.0,2.0,True
202606257100842,XC,2026-06-25,JUN,THU,False,895.0,EDB,1804,1804.0,DAR,2009.0,2011.0,2.0,2011,2013.0,2.0,190.0,BHM,2328.0,2331.0,3.0,True
202606268729925,XC,2026-06-26,JUN,FRI,False,,NCL,623,623.0,DAR,652.0,652.0,0.0,654,654.0,0.0,50.0,BHM,928.0,937.0,9.0,True
202606267101140,XC,2026-06-26,JUN,FRI,False,,NCL,640,640.0,DAR,709.0,709.0,0.0,710,711.0,1.0,50.0,BHM,1004.0,1008.0,4.0,True
202606268729862,XC,2026-06-26,JUN,FRI,False,808.0,EDB,602,602.0,DAR,810.0,820.0,10.0,811,822.0,11.0,190.0,BHM,1106.0,1113.0,7.0,True
202606268729873,XC,2026-06-26,JUN,FRI,False,808.0,GLC,648,648.0,DAR,1010.0,1117.0,67.0,1011,1120.0,69.0,228.0,BHM,1306.0,1402.0,56.0,True
202606268729884,XC,2026-06-26,JUN,FRI,False,808.0,EDB,1005,1033.0,DAR,1210.0,1248.0,38.0,1213,1250.0,37.0,190.0,BHM,1506.0,1630.0,84.0,True
202606267101154,XC,2026-06-26,JUN,FRI,False,896.0,EDB,1205,,DAR,1410.0,1414.0,4.0,1411,1417.0,6.0,190.0,BHM,1706.0,1717.0,11.0,True
202606268729909,XC,2026-06-26,JUN,FRI,False,911.0,EDB,1404,1406.0,DAR,1610.0,1610.0,0.0,1611,1613.0,2.0,190.0,BHM,1907.0,2027.0,80.0,True
202606278729924,XC,2026-06-27,JUN,SAT,False,,NCL,622,622.0,DAR,651.0,651.0,0.0,653,653.0,0.0,50.0,BHM,927.0,928.0,1.0,True
202606277101141,XC,2026-06-27,JUN,SAT,False,,NCL,640,640.0,DAR,709.0,708.0,-1.0,710,710.0,0.0,50.0,BHM,1004.0,1008.0,4.0,True
202606277101146,XC,2026-06-27,JUN,SAT,False,,EDB,602,601.0,DAR,810.0,809.0,-1.0,811,811.0,0.0,190.0,BHM,1106.0,1113.0,7.0,True
202606277101179,XC,2026-06-27,JUN,SAT,False,,NCL,835,835.0,DAR,904.0,904.0,0.0,906,906.0,0.0,50.0,BHM,1127.0,1130.0,3.0,True
202606278729872,XC,2026-06-27,JUN,SAT,False,832.0,GLC,648,647.0,DAR,1010.0,1009.0,-1.0,1011,1011.0,0.0,228.0,BHM,1306.0,1308.0,2.0,True
202606277101183,XC,2026-06-27,JUN,SAT,False,,NCL,1035,1037.0,DAR,1104.0,1107.0,3.0,1106,1109.0,3.0,50.0,BHM,1328.0,1336.0,8.0,True
202606278729885,XC,2026-06-27,JUN,SAT,False,911.0,EDB,1005,1004.0,DAR,1210.0,1211.0,1.0,1211,1213.0,2.0,190.0,BHM,1505.0,1512.0,7.0,True
202606278729934,XC,2026-06-27,JUN,SAT,False,904.0,NCL,1234,1235.0,DAR,1304.0,1304.0,0.0,1306,1307.0,1.0,50.0,BHM,1527.0,1601.0,34.0,True
202606277101156,XC,2026-06-27,JUN,SAT,False,,EDB,1205,1204.0,DAR,1410.0,1412.0,2.0,1411,1414.0,3.0,190.0,BHM,1706.0,1721.0,15.0,True
202606278729938,XC,2026-06-27,JUN,SAT,False,,NCL,1434,1434.0,DAR,1504.0,1505.0,1.0,1505,1507.0,2.0,50.0,BHM,1727.0,1731.0,4.0,True
202606277101164,XC,2026-06-27,JUN,SAT,False,,EDB,1404,1404.0,DAR,1611.0,1609.0,-2.0,1612,1611.0,-1.0,190.0,BHM,1905.0,1908.0,3.0,True
202606277101168,XC,2026-06-27,JUN,SAT,False,,EDB,1605,1605.0,DAR,1809.0,1813.0,4.0,1811,1815.0,4.0,190.0,BHM,2106.0,2124.0,18.0,True
202606277100916,XC,2026-06-27,JUN,SAT,False,,NCL,1833,1836.0,DAR,1903.0,1906.0,3.0,1905,1907.0,2.0,50.0,BHM,2126.0,2132.0,6.0,True
202606277100846,XC,2026-06-27,JUN,SAT,False,,EDB,1804,1804.0,DAR,2009.0,2015.0,6.0,2011,2019.0,8.0,190.0,BHM,2307.0,2340.0,33.0,True
202606287101147,XC,2026-06-28,JUN,SUN,False,,EDB,908,909.0,DAR,1109.0,1109.0,0.0,1111,1111.0,0.0,190.0,BHM,1404.0,1404.0,0.0,False
202606288729886,XC,2026-06-28,JUN,SUN,False,,EDB,1008,1007.0,DAR,1209.0,1211.0,2.0,1210,1212.0,2.0,190.0,BHM,1506.0,1507.0,1.0,True
202606287101152,XC,2026-06-28,JUN,SUN,False,,EDB,1107,1107.0,DAR,1309.0,1315.0,6.0,1310,1317.0,7.0,190.0,BHM,1604.0,1608.0,4.0,True
202606287101155,XC,2026-06-28,JUN,SUN,False,,GLC,1055,1055.0,DAR,1410.0,1409.0,-1.0,1411,1411.0,0.0,228.0,BHM,1706.0,1708.0,2.0,True
202606287101163,XC,2026-06-28,JUN,SUN,False,,EDB,1305,1304.0,DAR,1509.0,1511.0,2.0,1511,1514.0,3.0,190.0,BHM,1804.0,1805.0,1.0,True
202606287101165,XC,2026-06-28,JUN,SUN,False,,DEE,1222,1222.0,DAR,1609.0,1609.0,0.0,1610,1611.0,1.0,,BHM,1903.0,1910.0,7.0,True
202606288729913,XC,2026-06-28,JUN,SUN,False,685.0,EDB,1505,1505.0,DAR,1710.0,1708.0,-2.0,1712,1712.0,0.0,190.0,BHM,2004.0,2010.0,6.0,True
202606288729915,XC,2026-06-28,JUN,SUN,False,576.0,EDB,1607,1607.0,DAR,1811.0,1808.0,-3.0,1812,1815.0,3.0,190.0,BHM,2106.0,2108.0,2.0,True
202606288729918,XC,2026-06-28,JUN,SUN,False,,EDB,1705,1705.0,DAR,1909.0,1909.0,0.0,1911,1911.0,0.0,190.0,BHM,2208.0,2210.0,2.0,True
202606287100843,XC,2026-06-28,JUN,SUN,False,,EDB,1805,1805.0,DAR,2007.0,2007.0,0.0,2009,2009.0,0.0,190.0,BHM,2309.0,2314.0,5.0,True
202606297101176,XC,2026-06-29,JUN,MON,False,,NCL,518,518.0,DAR,550.0,549.0,-1.0,552,552.0,0.0,50.0,BHM,828.0,836.0,8.0,True
202606298729925,XC,2026-06-29,JUN,MON,False,,NCL,623,623.0,DAR,652.0,652.0,0.0,654,654.0,0.0,50.0,BHM,928.0,926.0,-2.0,False
202606297101140,XC,2026-06-29,JUN,MON,False,,NCL,640,640.0,DAR,709.0,708.0,-1.0,710,710.0,0.0,50.0,BHM,1004.0,1004.0,0.0,False
202606298729862,XC,2026-06-29,JUN,MON,False,,EDB,602,601.0,DAR,810.0,809.0,-1.0,811,812.0,1.0,190.0,BHM,1106.0,1111.0,5.0,True
202606297101180,XC,2026-06-29,JUN,MON,False,547.0,NCL,835,835.0,DAR,904.0,905.0,1.0,906,907.0,1.0,50.0,BHM,1127.0,1202.0,35.0,True
202606298729873,XC,2026-06-29,JUN,MON,False,,GLC,648,,DAR,1010.0,1012.0,2.0,1011,1015.0,4.0,228.0,BHM,1306.0,1309.0,3.0,True
202606297101184,XC,2026-06-29,JUN,MON,False,,NCL,1034,1034.0,DAR,1104.0,1104.0,0.0,1105,1107.0,2.0,50.0,BHM,1328.0,1331.0,3.0,True
202606298729884,XC,2026-06-29,JUN,MON,False,,EDB,1005,1004.0,DAR,1210.0,1210.0,0.0,1213,1213.0,0.0,190.0,BHM,1506.0,1515.0,9.0,True
202606298729935,XC,2026-06-29,JUN,MON,False,,NCL,1233,1232.0,DAR,1303.0,1302.0,-1.0,1305,1305.0,0.0,50.0,BHM,1528.0,1533.0,5.0,True
202606297101154,XC,2026-06-29,JUN,MON,False,904.0,EDB,1205,1204.0,DAR,1410.0,1411.0,1.0,1411,1413.0,2.0,190.0,BHM,1706.0,1714.0,8.0,True
202606298729937,XC,2026-06-29,JUN,MON,False,895.0,NCL,1434,1436.0,DAR,1504.0,1511.0,7.0,1506,1513.0,7.0,50.0,BHM,1727.0,1744.0,17.0,True
202606298729909,XC,2026-06-29,JUN,MON,False,904.0,EDB,1404,1403.0,DAR,1610.0,1620.0,10.0,1611,1624.0,13.0,190.0,BHM,1907.0,1956.0,49.0,True
202606297166824,XC,2026-06-29,JUN,MON,False,,NCL,1634,1635.0,DAR,1703.0,1706.0,3.0,1705,1708.0,3.0,50.0,BHM,1931.0,1934.0,3.0,True
202606297101169,XC,2026-06-29,JUN,MON,False,,EDB,1605,1604.0,DAR,1810.0,1810.0,0.0,1812,1812.0,0.0,190.0,BHM,2107.0,2109.0,2.0,True
202606297100914,XC,2026-06-29,JUN,MON,False,,NCL,1833,1834.0,DAR,1904.0,1902.0,-2.0,1906,1906.0,0.0,50.0,BHM,2126.0,2128.0,2.0,True
202606297100842,XC,2026-06-29,JUN,MON,False,,EDB,1804,1804.0,DAR,2009.0,2020.0,11.0,2011,2022.0,11.0,190.0,BHM,2328.0,2327.0,-1.0,False
202606307101176,XC,2026-06-30,JUN,TUE,False,,NCL,518,518.0,DAR,550.0,549.0,-1.0,552,552.0,0.0,50.0,BHM,828.0,835.0,7.0,True
202606308729925,XC,2026-06-30,JUN,TUE,False,,NCL,623,623.0,DAR,652.0,651.0,-1.0,654,654.0,0.0,50.0,BHM,928.0,932.0,4.0,True
202606307101140,XC,2026-06-30,JUN,TUE,False,,NCL,640,640.0,DAR,709.0,709.0,0.0,710,711.0,1.0,50.0,BHM,1004.0,1005.0,1.0,True
202606308729862,XC,2026-06-30,JUN,TUE,False,,EDB,602,602.0,DAR,810.0,809.0,-1.0,811,811.0,0.0,190.0,BHM,1106.0,1108.0,2.0,True
202606307101180,XC,2026-06-30,JUN,TUE,False,,NCL,835,839.0,DAR,904.0,908.0,4.0,906,909.0,3.0,50.0,BHM,1127.0,1130.0,3.0,True
202606308729873,XC,2026-06-30,JUN,TUE,False,,GLC,648,648.0,DAR,1010.0,1008.0,-2.0,1011,1010.0,-1.0,228.0,BHM,1306.0,1313.0,7.0,True
202606307101184,XC,2026-06-30,JUN,TUE,False,,NCL,1034,1035.0,DAR,1104.0,1103.0,-1.0,1105,1105.0,0.0,50.0,BHM,1328.0,1334.0,6.0,True
202606308729884,XC,2026-06-30,JUN,TUE,False,,EDB,1005,1004.0,DAR,1210.0,1210.0,0.0,1213,1213.0,0.0,190.0,BHM,1506.0,1507.0,1.0,True
202606308729935,XC,2026-06-30,JUN,TUE,False,,NCL,1233,1234.0,DAR,1303.0,1303.0,0.0,1305,1305.0,0.0,50.0,BHM,1528.0,1531.0,3.0,True
202606307101154,XC,2026-06-30,JUN,TUE,False,,EDB,1205,1205.0,DAR,1410.0,1409.0,-1.0,1411,1412.0,1.0,190.0,BHM,1706.0,1705.0,-1.0,False
202606308729937,XC,2026-06-30,JUN,TUE,False,,NCL,1434,1433.0,DAR,1504.0,1504.0,0.0,1506,1506.0,0.0,50.0,BHM,1727.0,1727.0,0.0,False
202606308729909,XC,2026-06-30,JUN,TUE,False,904.0,EDB,1404,1404.0,DAR,1610.0,1610.0,0.0,1611,1613.0,2.0,190.0,BHM,1907.0,1915.0,8.0,True
202606307166824,XC,2026-06-30,JUN,TUE,False,,NCL,1634,1635.0,DAR,1703.0,1705.0,2.0,1705,1707.0,2.0,50.0,BHM,1931.0,1936.0,5.0,True
202606307101169,XC,2026-06-30,JUN,TUE,False,,EDB,1605,1604.0,DAR,1810.0,1810.0,0.0,1812,1812.0,0.0,190.0,BHM,2107.0,2119.0,12.0,True
202606307100914,XC,2026-06-30,JUN,TUE,False,895.0,NCL,1833,1835.0,DAR,1904.0,1910.0,6.0,1906,1912.0,6.0,50.0,BHM,2126.0,2140.0,14.0,True
202606307100842,XC,2026-06-30,JUN,TUE,False,,EDB,1804,1804.0,DAR,2009.0,2007.0,-2.0,2011,2011.0,0.0,190.0,BHM,2328.0,2326.0,-2.0,False
202607017101176,XC,2026-07-01,JUL,WED,False,,NCL,518,518.0,DAR,550.0,548.0,-2.0,552,551.0,-1.0,50.0,BHM,828.0,832.0,4.0,True
202607018729925,XC,2026-07-01,JUL,WED,False,,NCL,623,623.0,DAR,652.0,652.0,0.0,654,655.0,1.0,50.0,BHM,928.0,924.0,-4.0,False
202607017101140,XC,2026-07-01,JUL,WED,False,,NCL,640,640.0,DAR,709.0,708.0,-1.0,710,711.0,1.0,50.0,BHM,1004.0,1004.0,0.0,False
202607018729862,XC,2026-07-01,JUL,WED,False,,EDB,602,601.0,DAR,810.0,809.0,-1.0,811,811.0,0.0,190.0,BHM,1106.0,1114.0,8.0,True
202607017101180,XC,2026-07-01,JUL,WED,False,,NCL,835,834.0,DAR,904.0,904.0,0.0,906,906.0,0.0,50.0,BHM,1127.0,1130.0,3.0,True
202607018729873,XC,2026-07-01,JUL,WED,False,,GLC,648,648.0,DAR,1010.0,1009.0,-1.0,1011,1012.0,1.0,228.0,BHM,1306.0,1315.0,9.0,True
202607017101184,XC,2026-07-01,JUL,WED,False,911.0,NCL,1034,,DAR,,,,1105,1119.0,14.0,50.0,BHM,1328.0,1336.0,8.0,True
202607018729884,XC,2026-07-01,JUL,WED,False,,EDB,1005,1004.0,DAR,1210.0,1209.0,-1.0,1213,1213.0,0.0,190.0,BHM,1506.0,1505.0,-1.0,False
202607018729935,XC,2026-07-01,JUL,WED,False,,NCL,1233,1232.0,DAR,1303.0,1305.0,2.0,1305,1307.0,2.0,50.0,BHM,1528.0,1532.0,4.0,True
202607017101154,XC,2026-07-01,JUL,WED,False,,EDB,1205,1204.0,DAR,1410.0,1409.0,-1.0,1411,1411.0,0.0,190.0,BHM,1706.0,1707.0,1.0,True
202607018729937,XC,2026-07-01,JUL,WED,False,895.0,NCL,1434,1438.0,DAR,1504.0,1509.0,5.0,1506,1511.0,5.0,50.0,BHM,1727.0,1734.0,7.0,True
202607018729909,XC,2026-07-01,JUL,WED,False,,EDB,1404,1403.0,DAR,1610.0,1609.0,-1.0,1611,1612.0,1.0,190.0,BHM,1907.0,1911.0,4.0,True
202607017166824,XC,2026-07-01,JUL,WED,False,,NCL,1634,1634.0,DAR,1703.0,1703.0,0.0,1705,1705.0,0.0,50.0,BHM,1931.0,1934.0,3.0,True
202607017101169,XC,2026-07-01,JUL,WED,False,904.0,EDB,1605,1604.0,DAR,1810.0,1809.0,-1.0,1812,1812.0,0.0,190.0,BHM,2107.0,2126.0,19.0,True
202607017100914,XC,2026-07-01,JUL,WED,False,,NCL,1833,1834.0,DAR,1904.0,1904.0,0.0,1906,1906.0,0.0,50.0,BHM,2126.0,2129.0,3.0,True
202607017100842,XC,2026-07-01,JUL,WED,False,896.0,EDB,1804,1803.0,DAR,2009.0,2028.0,19.0,2011,2030.0,19.0,190.0,BHM,2328.0,2330.0,2.0,True
202607027101176,XC,2026-07-02,JUL,THU,False,,NCL,518,517.0,DAR,550.0,549.0,-1.0,552,552.0,0.0,50.0,BHM,828.0,830.0,2.0,True
202607028729925,XC,2026-07-02,JUL,THU,False,,NCL,623,623.0,DAR,652.0,652.0,0.0,654,654.0,0.0,50.0,BHM,928.0,933.0,5.0,True
202607027101140,XC,2026-07-02,JUL,THU,False,,NCL,640,640.0,DAR,709.0,709.0,0.0,710,710.0,0.0,50.0,BHM,1004.0,1008.0,4.0,True
202607028729862,XC,2026-07-02,JUL,THU,False,,EDB,602,601.0,DAR,810.0,809.0,-1.0,811,812.0,1.0,190.0,BHM,1106.0,1109.0,3.0,True
202607027101180,XC,2026-07-02,JUL,THU,False,,NCL,835,836.0,DAR,904.0,905.0,1.0,906,907.0,1.0,50.0,BHM,1127.0,1127.0,0.0,False
202607028729873,XC,2026-07-02,JUL,THU,False,,GLC,648,648.0,DAR,1010.0,1010.0,0.0,1011,1012.0,1.0,228.0,BHM,1306.0,1305.0,-1.0,False
202607027101184,XC,2026-07-02,JUL,THU,False,,NCL,1034,1034.0,DAR,1104.0,1104.0,0.0,1105,1107.0,2.0,50.0,BHM,1328.0,1334.0,6.0,True
202607028729884,XC,2026-07-02,JUL,THU,False,,EDB,1005,1004.0,DAR,1210.0,1210.0,0.0,1213,1213.0,0.0,190.0,BHM,1506.0,1509.0,3.0,True
202607028729935,XC,2026-07-02,JUL,THU,False,,NCL,1233,1232.0,DAR,1303.0,1301.0,-2.0,1305,1305.0,0.0,50.0,BHM,1528.0,1527.0,-1.0,False
202607027101154,XC,2026-07-02,JUL,THU,False,,EDB,1205,1205.0,DAR,1410.0,1411.0,1.0,1411,1413.0,2.0,190.0,BHM,1706.0,1711.0,5.0,True
202607028729937,XC,2026-07-02,JUL,THU,False,,NCL,1434,1434.0,DAR,1504.0,1503.0,-1.0,1506,1506.0,0.0,50.0,BHM,1727.0,1728.0,1.0,True
202607028729909,XC,2026-07-02,JUL,THU,False,887.0,EDB,1404,1403.0,DAR,1610.0,1608.0,-2.0,1611,1611.0,0.0,190.0,BHM,1907.0,1907.0,0.0,False
202607027166824,XC,2026-07-02,JUL,THU,False,,NCL,1634,1633.0,DAR,1703.0,1704.0,1.0,1705,1706.0,1.0,50.0,BHM,1931.0,1935.0,4.0,True
202607027101169,XC,2026-07-02,JUL,THU,False,,EDB,1605,1604.0,DAR,1810.0,1809.0,-1.0,1812,1815.0,3.0,190.0,BHM,2107.0,2105.0,-2.0,False
202607027100914,XC,2026-07-02,JUL,THU,False,,NCL,1833,1832.0,DAR,1904.0,1903.0,-1.0,1906,1906.0,0.0,50.0,BHM,2126.0,2134.0,8.0,True
202607027100842,XC,2026-07-02,JUL,THU,False,,EDB,1804,1804.0,DAR,2009.0,2012.0,3.0,2011,2014.0,3.0,190.0,BHM,2328.0,2335.0,7.0,True
202607037101176,XC,2026-07-03,JUL,FRI,False,,NCL,518,518.0,DAR,550.0,548.0,-2.0,552,552.0,0.0,50.0,BHM,828.0,829.0,1.0,True
202607038729925,XC,2026-07-03,JUL,FRI,False,,NCL,623,623.0,DAR,652.0,651.0,-1.0,654,654.0,0.0,50.0,BHM,928.0,927.0,-1.0,False
202607037101140,XC,2026-07-03,JUL,FRI,False,,NCL,640,640.0,DAR,709.0,708.0,-1.0,710,711.0,1.0,50.0,BHM,1004.0,1002.0,-2.0,False
202607038729862,XC,2026-07-03,JUL,FRI,False,895.0,EDB,602,601.0,DAR,810.0,809.0,-1.0,811,815.0,4.0,190.0,BHM,1106.0,1114.0,8.0,True
202607037101180,XC,2026-07-03,JUL,FRI,False,,NCL,835,835.0,DAR,904.0,904.0,0.0,906,906.0,0.0,50.0,BHM,1127.0,1131.0,4.0,True
202607038729873,XC,2026-07-03,JUL,FRI,False,574.0,GLC,648,648.0,DAR,1010.0,1025.0,15.0,1011,1027.0,16.0,228.0,BHM,1306.0,1327.0,21.0,True
202607037101184,XC,2026-07-03,JUL,FRI,False,,NCL,1034,1035.0,DAR,1104.0,1104.0,0.0,1105,1106.0,1.0,50.0,BHM,1328.0,1333.0,5.0,True
202607038729884,XC,2026-07-03,JUL,FRI,False,,EDB,1005,1004.0,DAR,1210.0,1211.0,1.0,1213,1213.0,0.0,190.0,BHM,1506.0,1510.0,4.0,True
202607038729935,XC,2026-07-03,JUL,FRI,False,,NCL,1233,1232.0,DAR,1303.0,1302.0,-1.0,1305,1304.0,-1.0,50.0,BHM,1528.0,1528.0,0.0,False
202607037101154,XC,2026-07-03,JUL,FRI,False,,EDB,1205,1204.0,DAR,1410.0,1410.0,0.0,1411,1413.0,2.0,190.0,BHM,1706.0,1710.0,4.0,True
202607038729937,XC,2026-07-03,JUL,FRI,False,,NCL,1434,1433.0,DAR,1504.0,1504.0,0.0,1506,1506.0,0.0,50.0,BHM,1727.0,1733.0,6.0,True
202607038729909,XC,2026-07-03,JUL,FRI,False,574.0,EDB,1404,1411.0,DAR,1610.0,1617.0,7.0,1611,1619.0,8.0,190.0,BHM,1907.0,1915.0,8.0,True
202607037166824,XC,2026-07-03,JUL,FRI,False,,NCL,1634,1635.0,DAR,1703.0,1703.0,0.0,1705,1705.0,0.0,50.0,BHM,1931.0,1935.0,4.0,True
202607037101169,XC,2026-07-03,JUL,FRI,False,,EDB,1605,1606.0,DAR,1810.0,1810.0,0.0,1812,1812.0,0.0,190.0,BHM,2107.0,2115.0,8.0,True
202607037100914,XC,2026-07-03,JUL,FRI,False,,NCL,1833,1839.0,DAR,1904.0,1913.0,9.0,1906,1915.0,9.0,50.0,BHM,2126.0,2146.0,20.0,True
202607037100842,XC,2026-07-03,JUL,FRI,False,,EDB,1804,1803.0,DAR,2009.0,2012.0,3.0,2011,2015.0,4.0,190.0,BHM,2328.0,2326.0,-2.0,False
202607048729924,XC,2026-07-04,JUL,SAT,False,,NCL,622,622.0,DAR,651.0,650.0,-1.0,653,653.0,0.0,50.0,BHM,927.0,929.0,2.0,True
202607047101141,XC,2026-07-04,JUL,SAT,False,,NCL,640,640.0,DAR,709.0,709.0,0.0,710,711.0,1.0,50.0,BHM,1004.0,1006.0,2.0,True
202607047101146,XC,2026-07-04,JUL,SAT,False,,EDB,602,602.0,DAR,810.0,818.0,8.0,811,820.0,9.0,190.0,BHM,1106.0,1110.0,4.0,True
202607047101179,XC,2026-07-04,JUL,SAT,False,,NCL,835,841.0,DAR,904.0,911.0,7.0,906,912.0,6.0,50.0,BHM,1127.0,1132.0,5.0,True
202607048729872,XC,2026-07-04,JUL,SAT,False,,GLC,648,647.0,DAR,1010.0,1015.0,5.0,1011,1017.0,6.0,228.0,BHM,1306.0,1306.0,0.0,False
202607047101183,XC,2026-07-04,JUL,SAT,False,,NCL,1035,1034.0,DAR,1104.0,1105.0,1.0,1106,1108.0,2.0,50.0,BHM,1328.0,1328.0,0.0,False
202607048729885,XC,2026-07-04,JUL,SAT,False,,EDB,1005,1004.0,DAR,1210.0,1212.0,2.0,1211,1215.0,4.0,190.0,BHM,1505.0,1505.0,0.0,False
202607048729934,XC,2026-07-04,JUL,SAT,False,,NCL,1234,1234.0,DAR,1304.0,1303.0,-1.0,1306,1306.0,0.0,50.0,BHM,1527.0,1527.0,0.0,False
202607047101156,XC,2026-07-04,JUL,SAT,False,,EDB,1205,1204.0,DAR,1410.0,1410.0,0.0,1411,1411.0,0.0,190.0,BHM,1706.0,1705.0,-1.0,False
202607048729938,XC,2026-07-04,JUL,SAT,False,,NCL,1434,1435.0,DAR,1504.0,1503.0,-1.0,1505,1505.0,0.0,50.0,BHM,1727.0,1730.0,3.0,True
202607047101164,XC,2026-07-04,JUL,SAT,False,,EDB,1404,1404.0,DAR,1611.0,1609.0,-2.0,1612,1612.0,0.0,190.0,BHM,1905.0,1923.0,18.0,True
202607047166825,XC,2026-07-04,JUL,SAT,False,,NCL,1633,1635.0,DAR,1703.0,1706.0,3.0,1704,1708.0,4.0,50.0,BHM,1925.0,1932.0,7.0,True
202607047101168,XC,2026-07-04,JUL,SAT,False,,EDB,1605,1607.0,DAR,1809.0,1810.0,1.0,1811,1813.0,2.0,190.0,BHM,2106.0,2109.0,3.0,True
202607047100916,XC,2026-07-04,JUL,SAT,False,,NCL,1833,1841.0,DAR,1903.0,1911.0,8.0,1905,1913.0,8.0,50.0,BHM,2126.0,2143.0,17.0,True
202607047100846,XC,2026-07-04,JUL,SAT,False,576.0,EDB,1804,1804.0,DAR,2009.0,2006.0,-3.0,2011,2012.0,1.0,190.0,BHM,2307.0,2331.0,24.0,True
202607058729874,XC,2026-07-05,JUL,SUN,False,,NCL,936,936.0,DAR,1005.0,1006.0,1.0,1006,1009.0,3.0,50.0,BHM,1305.0,1309.0,4.0,True
202607057101147,XC,2026-07-05,JUL,SUN,False,547.0,EDB,908,908.0,DAR,1109.0,1113.0,4.0,1111,1115.0,4.0,190.0,BHM,1404.0,1433.0,29.0,True
202607058729886,XC,2026-07-05,JUL,SUN,False,,EDB,1008,1008.0,DAR,1209.0,1209.0,0.0,1210,1211.0,1.0,190.0,BHM,1506.0,1514.0,8.0,True
202607057101155,XC,2026-07-05,JUL,SUN,False,,GLC,1055,1055.0,DAR,1410.0,1413.0,3.0,1411,1416.0,5.0,228.0,BHM,1706.0,1710.0,4.0,True
202607057101165,XC,2026-07-05,JUL,SUN,False,,DEE,1222,,DAR,1609.0,1612.0,3.0,1610,1615.0,5.0,,BHM,1903.0,1915.0,12.0,True
202607058729915,XC,2026-07-05,JUL,SUN,False,,EDB,1607,1607.0,DAR,1811.0,1810.0,-1.0,1812,1814.0,2.0,190.0,BHM,2106.0,2106.0,0.0,False
202607057100843,XC,2026-07-05,JUL,SUN,False,,EDB,1805,1805.0,DAR,2007.0,2006.0,-1.0,2009,2008.0,-1.0,190.0,BHM,2309.0,2308.0,-1.0,False
202607067101176,XC,2026-07-06,JUL,MON,False,,NCL,518,517.0,DAR,550.0,549.0,-1.0,552,552.0,0.0,50.0,BHM,828.0,829.0,1.0,True
202607068729925,XC,2026-07-06,JUL,MON,False,,NCL,623,623.0,DAR,652.0,652.0,0.0,654,654.0,0.0,50.0,BHM,928.0,926.0,-2.0,False
202607067101140,XC,2026-07-06,JUL,MON,False,,NCL,640,640.0,DAR,709.0,709.0,0.0,710,711.0,1.0,50.0,BHM,1004.0,1015.0,11.0,True
202607068729862,XC,2026-07-06,JUL,MON,False,,EDB,602,602.0,DAR,810.0,811.0,1.0,811,813.0,2.0,190.0,BHM,1106.0,1111.0,5.0,True
202607067101180,XC,2026-07-06,JUL,MON,False,,NCL,835,835.0,DAR,904.0,905.0,1.0,906,907.0,1.0,50.0,BHM,1127.0,1127.0,0.0,False
202607068729873,XC,2026-07-06,JUL,MON,False,,GLC,648,648.0,DAR,1010.0,1011.0,1.0,1011,1015.0,4.0,228.0,BHM,1306.0,1311.0,5.0,True
202607067101184,XC,2026-07-06,JUL,MON,False,,NCL,1034,1034.0,DAR,1104.0,1104.0,0.0,1105,1106.0,1.0,50.0,BHM,1328.0,1329.0,1.0,True
202607068729884,XC,2026-07-06,JUL,MON,False,,EDB,1005,1004.0,DAR,1210.0,1209.0,-1.0,1213,1212.0,-1.0,190.0,BHM,1506.0,1506.0,0.0,False
202607068729935,XC,2026-07-06,JUL,MON,False,,NCL,1233,1232.0,DAR,1303.0,1301.0,-2.0,1305,1305.0,0.0,50.0,BHM,1528.0,1526.0,-2.0,False
202607067101154,XC,2026-07-06,JUL,MON,False,,EDB,1205,1204.0,DAR,1410.0,1412.0,2.0,1411,1414.0,3.0,190.0,BHM,1706.0,1715.0,9.0,True
202607068729937,XC,2026-07-06,JUL,MON,False,,NCL,1434,1433.0,DAR,1504.0,1503.0,-1.0,1506,1505.0,-1.0,50.0,BHM,1727.0,1732.0,5.0,True
202607068729909,XC,2026-07-06,JUL,MON,False,,EDB,1404,1403.0,DAR,1610.0,1609.0,-1.0,1611,1611.0,0.0,190.0,BHM,1907.0,1913.0,6.0,True
202607067166824,XC,2026-07-06,JUL,MON,False,,NCL,1634,1634.0,DAR,1703.0,1706.0,3.0,1705,1708.0,3.0,50.0,BHM,1931.0,2005.0,34.0,True
202607067101169,XC,2026-07-06,JUL,MON,False,,EDB,1605,1604.0,DAR,1810.0,1809.0,-1.0,1812,1811.0,-1.0,190.0,BHM,2107.0,2104.0,-3.0,False
202607067100914,XC,2026-07-06,JUL,MON,False,,NCL,1833,1835.0,DAR,1904.0,1906.0,2.0,1906,1907.0,1.0,50.0,BHM,2126.0,2126.0,0.0,False
202607067100842,XC,2026-07-06,JUL,MON,False,,EDB,1804,1803.0,DAR,2009.0,2007.0,-2.0,2011,2010.0,-1.0,190.0,BHM,2328.0,2330.0,2.0,True
202607078729925,XC,2026-07-07,JUL,TUE,False,,NCL,623,623.0,DAR,652.0,653.0,1.0,654,654.0,0.0,50.0,BHM,928.0,935.0,7.0,True
202607077101140,XC,2026-07-07,JUL,TUE,False,,NCL,640,640.0,DAR,709.0,708.0,-1.0,710,712.0,2.0,50.0,BHM,1004.0,1003.0,-1.0,False
202607078729862,XC,2026-07-07,JUL,TUE,False,,EDB,602,602.0,DAR,810.0,809.0,-1.0,811,811.0,0.0,190.0,BHM,1106.0,1108.0,2.0,True
202607077101180,XC,2026-07-07,JUL,TUE,False,,NCL,835,835.0,DAR,904.0,906.0,2.0,906,908.0,2.0,50.0,BHM,1127.0,1130.0,3.0,True
202607078729873,XC,2026-07-07,JUL,TUE,False,,GLC,648,647.0,DAR,1010.0,1008.0,-2.0,1011,1012.0,1.0,228.0,BHM,1306.0,1306.0,0.0,False
202607077101184,XC,2026-07-07,JUL,TUE,False,,NCL,1034,1037.0,DAR,1104.0,1106.0,2.0,1105,1108.0,3.0,50.0,BHM,1328.0,1330.0,2.0,True
202607078729884,XC,2026-07-07,JUL,TUE,False,576.0,EDB,1005,1004.0,DAR,1210.0,1228.0,18.0,1213,1231.0,18.0,190.0,BHM,1506.0,1605.0,59.0,True
202607078729935,XC,2026-07-07,JUL,TUE,False,,NCL,1233,1233.0,DAR,1303.0,1303.0,0.0,1305,1305.0,0.0,50.0,BHM,1528.0,1538.0,10.0,True
202607077101154,XC,2026-07-07,JUL,TUE,False,576.0,EDB,1205,1204.0,DAR,1410.0,1435.0,25.0,1411,1437.0,26.0,190.0,BHM,1706.0,1736.0,30.0,True
202607078729937,XC,2026-07-07,JUL,TUE,False,,NCL,1434,1435.0,DAR,1504.0,1507.0,3.0,1506,1509.0,3.0,50.0,BHM,1727.0,1744.0,17.0,True
202607078729909,XC,2026-07-07,JUL,TUE,False,,EDB,1404,1403.0,DAR,1610.0,1609.0,-1.0,1611,1612.0,1.0,190.0,BHM,1907.0,1916.0,9.0,True
202607077166824,XC,2026-07-07,JUL,TUE,False,895.0,NCL,1634,1634.0,DAR,1703.0,1704.0,1.0,1705,1706.0,1.0,50.0,BHM,1931.0,1936.0,5.0,True
202607077101169,XC,2026-07-07,JUL,TUE,False,,EDB,1605,1609.0,DAR,1810.0,1808.0,-2.0,1812,1812.0,0.0,190.0,BHM,2107.0,2104.0,-3.0,False
202607077100914,XC,2026-07-07,JUL,TUE,False,,NCL,1833,1834.0,DAR,1904.0,1902.0,-2.0,1906,1906.0,0.0,50.0,BHM,2126.0,2123.0,-3.0,False
202607077100842,XC,2026-07-07,JUL,TUE,False,,EDB,1804,1804.0,DAR,2009.0,2016.0,7.0,2011,2017.0,6.0,190.0,BHM,2328.0,2329.0,1.0,True
202607087101176,XC,2026-07-08,JUL,WED,False,,NCL,518,517.0,DAR,550.0,548.0,-2.0,552,551.0,-1.0,50.0,BHM,828.0,830.0,2.0,True
202607088729925,XC,2026-07-08,JUL,WED,False,,NCL,623,622.0,DAR,652.0,651.0,-1.0,654,653.0,-1.0,50.0,BHM,928.0,928.0,0.0,False
202607087101140,XC,2026-07-08,JUL,WED,False,,NCL,640,640.0,DAR,709.0,708.0,-1.0,710,711.0,1.0,50.0,BHM,1004.0,1012.0,8.0,True
202607088729862,XC,2026-07-08,JUL,WED,False,835.0,EDB,602,602.0,DAR,810.0,809.0,-1.0,811,811.0,0.0,190.0,BHM,1106.0,1122.0,16.0,True
202607087101180,XC,2026-07-08,JUL,WED,False,,NCL,835,834.0,DAR,904.0,904.0,0.0,906,906.0,0.0,50.0,BHM,1127.0,1137.0,10.0,True
202607088729873,XC,2026-07-08,JUL,WED,False,,GLC,648,647.0,DAR,1010.0,1012.0,2.0,1011,1015.0,4.0,228.0,BHM,1306.0,1314.0,8.0,True
202607087101184,XC,2026-07-08,JUL,WED,False,,NCL,1034,1034.0,DAR,1104.0,1103.0,-1.0,1105,1105.0,0.0,50.0,BHM,1328.0,1333.0,5.0,True
202607088729884,XC,2026-07-08,JUL,WED,False,,EDB,1005,1004.0,DAR,1210.0,1209.0,-1.0,1213,1213.0,0.0,190.0,BHM,1506.0,1519.0,13.0,True
202607088729935,XC,2026-07-08,JUL,WED,False,,NCL,1233,1232.0,DAR,1303.0,1302.0,-1.0,1305,1305.0,0.0,50.0,BHM,1528.0,1537.0,9.0,True
202607087101154,XC,2026-07-08,JUL,WED,False,,EDB,1205,1204.0,DAR,1410.0,1411.0,1.0,1411,1413.0,2.0,190.0,BHM,1706.0,1718.0,12.0,True
202607088729937,XC,2026-07-08,JUL,WED,False,886.0,NCL,1434,1434.0,DAR,1504.0,1504.0,0.0,1506,1506.0,0.0,50.0,BHM,1727.0,1738.0,11.0,True
202607088729909,XC,2026-07-08,JUL,WED,False,,EDB,1404,1404.0,DAR,1610.0,1613.0,3.0,1611,1616.0,5.0,190.0,BHM,1907.0,1917.0,10.0,True
202607087166824,XC,2026-07-08,JUL,WED,False,,NCL,1634,1634.0,DAR,1703.0,1705.0,2.0,1705,1706.0,1.0,50.0,BHM,1931.0,1948.0,17.0,True
202607087101169,XC,2026-07-08,JUL,WED,False,696.0,EDB,1605,1605.0,DAR,1810.0,1809.0,-1.0,1812,1812.0,0.0,190.0,BHM,2107.0,2234.0,87.0,True
202607087100914,XC,2026-07-08,JUL,WED,False,696.0,NCL,1833,1834.0,DAR,1904.0,1904.0,0.0,1906,1906.0,0.0,50.0,BHM,2126.0,2211.0,45.0,True
202607087100842,XC,2026-07-08,JUL,WED,False,,EDB,1804,1804.0,DAR,2009.0,2006.0,-3.0,2011,2010.0,-1.0,190.0,BHM,2328.0,2329.0,1.0,True
202607097101176,XC,2026-07-09,JUL,THU,False,824.0,NCL,518,517.0,DAR,550.0,549.0,-1.0,552,552.0,0.0,50.0,BHM,828.0,832.0,4.0,True
202607098729925,XC,2026-07-09,JUL,THU,False,824.0,NCL,623,623.0,DAR,652.0,652.0,0.0,654,654.0,0.0,50.0,BHM,928.0,934.0,6.0,True
202607097101140,XC,2026-07-09,JUL,THU,False,,NCL,640,640.0,DAR,709.0,710.0,1.0,710,712.0,2.0,50.0,BHM,1004.0,1006.0,2.0,True
202607098729862,XC,2026-07-09,JUL,THU,False,,EDB,602,604.0,DAR,810.0,809.0,-1.0,811,811.0,0.0,190.0,BHM,1106.0,1109.0,3.0,True
202607097101180,XC,2026-07-09,JUL,THU,False,824.0,NCL,835,834.0,DAR,904.0,904.0,0.0,906,906.0,0.0,50.0,BHM,1127.0,1132.0,5.0,True
202607098729873,XC,2026-07-09,JUL,THU,False,576.0,GLC,648,648.0,DAR,1010.0,1009.0,-1.0,1011,1011.0,0.0,228.0,BHM,1306.0,1308.0,2.0,True
202607097101184,XC,2026-07-09,JUL,THU,False,,NCL,1034,1034.0,DAR,1104.0,1103.0,-1.0,1105,1105.0,0.0,50.0,BHM,1328.0,1332.0,4.0,True
202607098729884,XC,2026-07-09,JUL,THU,False,,EDB,1005,1004.0,DAR,1210.0,1209.0,-1.0,1213,1213.0,0.0,190.0,BHM,1506.0,1517.0,11.0,True
202607098729935,XC,2026-07-09,JUL,THU,False,,NCL,1233,1232.0,DAR,1303.0,1302.0,-1.0,1305,1305.0,0.0,50.0,BHM,1528.0,1535.0,7.0,True
202607097101154,XC,2026-07-09,JUL,THU,False,895.0,EDB,1205,1205.0,DAR,1410.0,1412.0,2.0,1411,1415.0,4.0,190.0,BHM,1706.0,1736.0,30.0,True
202607098729937,XC,2026-07-09,JUL,THU,False,886.0,NCL,1434,1433.0,DAR,1504.0,1503.0,-1.0,1506,1506.0,0.0,50.0,BHM,1727.0,1738.0,11.0,True
202607098729909,XC,2026-07-09,JUL,THU,False,,EDB,1404,1403.0,DAR,1610.0,1610.0,0.0,1611,1614.0,3.0,190.0,BHM,1907.0,1918.0,11.0,True
202607097166824,XC,2026-07-09,JUL,THU,False,904.0,NCL,1634,1635.0,DAR,1703.0,1705.0,2.0,1705,1708.0,3.0,50.0,BHM,1931.0,1936.0,5.0,True
202607097101169,XC,2026-07-09,JUL,THU,False,904.0,EDB,1605,1610.0,DAR,1810.0,1816.0,6.0,1812,1818.0,6.0,190.0,BHM,2107.0,2108.0,1.0,True
202607097100842,XC,2026-07-09,JUL,THU,False,904.0,EDB,1804,1804.0,DAR,2009.0,2014.0,5.0,2011,2016.0,5.0,190.0,BHM,2328.0,2331.0,3.0,True
202607107101176,XC,2026-07-10,JUL,FRI,False,778.0,NCL,518,518.0,DAR,550.0,548.0,-2.0,552,552.0,0.0,50.0,BHM,828.0,846.0,18.0,True
202607108729925,XC,2026-07-10,JUL,FRI,False,,NCL,623,623.0,DAR,652.0,652.0,0.0,654,654.0,0.0,50.0,BHM,928.0,931.0,3.0,True
202607107101140,XC,2026-07-10,JUL,FRI,False,,NCL,640,640.0,DAR,709.0,714.0,5.0,710,716.0,6.0,50.0,BHM,1004.0,1006.0,2.0,True
202607108729862,XC,2026-07-10,JUL,FRI,False,,EDB,602,602.0,DAR,810.0,809.0,-1.0,811,811.0,0.0,190.0,BHM,1106.0,1107.0,1.0,True
202607107101180,XC,2026-07-10,JUL,FRI,False,,NCL,835,834.0,DAR,904.0,903.0,-1.0,906,906.0,0.0,50.0,BHM,1127.0,1133.0,6.0,True
202607108729873,XC,2026-07-10,JUL,FRI,False,832.0,GLC,648,648.0,DAR,1010.0,1018.0,8.0,1011,1022.0,11.0,228.0,BHM,1306.0,1310.0,4.0,True
202607107101184,XC,2026-07-10,JUL,FRI,False,573.0,NCL,1034,1039.0,DAR,1104.0,1110.0,6.0,1105,1116.0,11.0,50.0,BHM,1328.0,1430.0,62.0,True
202607108729884,XC,2026-07-10,JUL,FRI,False,,EDB,1005,1004.0,DAR,1210.0,1209.0,-1.0,1213,1213.0,0.0,190.0,BHM,1506.0,1510.0,4.0,True
202607108729935,XC,2026-07-10,JUL,FRI,False,,NCL,1233,1236.0,DAR,1303.0,1305.0,2.0,1305,1308.0,3.0,50.0,BHM,1528.0,1535.0,7.0,True
202607107101154,XC,2026-07-10,JUL,FRI,False,,EDB,1205,1204.0,DAR,1410.0,1410.0,0.0,1411,1412.0,1.0,190.0,BHM,1706.0,1731.0,25.0,True
202607108729937,XC,2026-07-10,JUL,FRI,False,,NCL,1434,1438.0,DAR,1504.0,1508.0,4.0,1506,1511.0,5.0,50.0,BHM,1727.0,1737.0,10.0,True
202607108729909,XC,2026-07-10,JUL,FRI,False,,EDB,1404,1403.0,DAR,1610.0,1613.0,3.0,1611,1615.0,4.0,190.0,BHM,1907.0,1937.0,30.0,True
202607107166824,XC,2026-07-10,JUL,FRI,False,,NCL,1634,1634.0,DAR,1703.0,1706.0,3.0,1705,1708.0,3.0,50.0,BHM,1931.0,2018.0,47.0,True
202607107101169,XC,2026-07-10,JUL,FRI,False,574.0,EDB,1605,1607.0,DAR,1810.0,1811.0,1.0,1812,1813.0,1.0,190.0,BHM,2107.0,2129.0,22.0,True
202607107100914,XC,2026-07-10,JUL,FRI,False,,NCL,1833,1834.0,DAR,1904.0,1908.0,4.0,1906,1910.0,4.0,50.0,BHM,2126.0,2138.0,12.0,True
202607107100842,XC,2026-07-10,JUL,FRI,False,650.0,EDB,1804,1820.0,DAR,2009.0,2026.0,17.0,2011,2028.0,17.0,190.0,BHM,2328.0,2333.0,5.0,True
202607117101146,XC,2026-07-11,JUL,SAT,False,,NCL,640,640.0,DAR,709.0,708.0,-1.0,710,713.0,3.0,50.0,BHM,1051.0,1059.0,8.0,True
202607118729867,XC,2026-07-11,JUL,SAT,False,,EDB,602,602.0,DAR,810.0,809.0,-1.0,811,812.0,1.0,190.0,BHM,1151.0,1155.0,4.0,True
202607118729872,XC,2026-07-11,JUL,SAT,False,,EDB,703,703.0,DAR,910.0,909.0,-1.0,912,911.0,-1.0,190.0,BHM,1251.0,1258.0,7.0,True
202607118729878,XC,2026-07-11,JUL,SAT,False,570.0,GLC,648,648.0,DAR,1010.0,1044.0,34.0,1011,1048.0,37.0,228.0,BHM,1351.0,1420.0,29.0,True
202607118729885,XC,2026-07-11,JUL,SAT,False,895.0,GLC,748,747.0,DAR,1110.0,1109.0,-1.0,1111,1111.0,0.0,228.0,BHM,1451.0,1452.0,1.0,True
202607117101151,XC,2026-07-11,JUL,SAT,False,,EDB,1005,1005.0,DAR,1210.0,1216.0,6.0,1211,1219.0,8.0,190.0,BHM,1551.0,1553.0,2.0,True
202607117101156,XC,2026-07-11,JUL,SAT,False,,ABD,820,820.0,DAR,1310.0,1309.0,-1.0,1311,1312.0,1.0,293.0,BHM,1651.0,1707.0,16.0,True
202607117101162,XC,2026-07-11,JUL,SAT,False,696.0,EDB,1205,1204.0,DAR,1410.0,1425.0,15.0,1411,1427.0,16.0,190.0,BHM,1751.0,1757.0,6.0,True
202607117101164,XC,2026-07-11,JUL,SAT,False,,EDB,1305,1305.0,DAR,1510.0,1513.0,3.0,1512,1515.0,3.0,190.0,BHM,1851.0,1854.0,3.0,True
202607117101167,XC,2026-07-11,JUL,SAT,False,,EDB,1404,1403.0,DAR,1611.0,1610.0,-1.0,1612,1612.0,0.0,190.0,BHM,1951.0,1951.0,0.0,False
202607117564258,XC,2026-07-11,JUL,SAT,False,832.0,EDB,1605,1605.0,DAR,1809.0,1808.0,-1.0,1811,1811.0,0.0,190.0,BHM,2152.0,2343.0,111.0,True
202607117100913,XC,2026-07-11,JUL,SAT,False,832.0,EDB,1705,1704.0,DAR,1910.0,1909.0,-1.0,1911,1911.0,0.0,190.0,BHM,2244.0,2248.0,4.0,True
202607117100846,XC,2026-07-11,JUL,SAT,False,,EDB,1804,1803.0,DAR,2009.0,2008.0,-1.0,2011,2011.0,0.0,190.0,BHM,2333.0,19.0,-1394.0,False
202607128729874,XC,2026-07-12,JUL,SUN,False,,NCL,830,830.0,DAR,901.0,908.0,7.0,904,910.0,6.0,50.0,BHM,1247.0,1250.0,3.0,True
202607127101147,XC,2026-07-12,JUL,SUN,False,,NCL,936,936.0,DAR,1005.0,1012.0,7.0,1006,1014.0,8.0,50.0,BHM,1351.0,1357.0,6.0,True
202607128729886,XC,2026-07-12,JUL,SUN,False,886.0,EDB,908,908.0,DAR,1109.0,1129.0,20.0,1111,1132.0,21.0,190.0,BHM,1449.0,1505.0,16.0,True
202607127101152,XC,2026-07-12,JUL,SUN,False,,EDB,1008,1008.0,DAR,1209.0,1211.0,2.0,1210,1213.0,3.0,190.0,BHM,1549.0,1553.0,4.0,True
202607127101155,XC,2026-07-12,JUL,SUN,False,886.0,EDB,1107,1107.0,DAR,1309.0,1311.0,2.0,1310,1314.0,4.0,190.0,BHM,1650.0,1648.0,-2.0,False
202607127101163,XC,2026-07-12,JUL,SUN,False,,GLC,1055,,DAR,1410.0,1409.0,-1.0,1411,1412.0,1.0,228.0,BHM,1750.0,1749.0,-1.0,False
202607127101165,XC,2026-07-12,JUL,SUN,False,904.0,EDB,1305,1311.0,DAR,1509.0,1524.0,15.0,1511,1526.0,15.0,190.0,BHM,1850.0,1850.0,0.0,False
202607128729913,XC,2026-07-12,JUL,SUN,False,,DEE,1222,1222.0,DAR,1609.0,1612.0,3.0,1610,1615.0,5.0,,BHM,1950.0,1951.0,1.0,True
202607128729915,XC,2026-07-12,JUL,SUN,False,,EDB,1505,1505.0,DAR,1710.0,1709.0,-1.0,1712,1712.0,0.0,190.0,BHM,2047.0,2050.0,3.0,True
202607128729918,XC,2026-07-12,JUL,SUN,False,,EDB,1607,1606.0,DAR,1811.0,1808.0,-3.0,1812,1812.0,0.0,190.0,BHM,2147.0,2153.0,6.0,True
202607127564289,XC,2026-07-12,JUL,SUN,False,,EDB,1705,1705.0,DAR,1909.0,1908.0,-1.0,1911,1911.0,0.0,190.0,BHM,2241.0,2241.0,0.0,False
202607127100843,XC,2026-07-12,JUL,SUN,False,,EDB,1805,1805.0,DAR,2007.0,2007.0,0.0,2009,2008.0,-1.0,190.0,BHM,2335.0,2339.0,4.0,True
202607137101176,XC,2026-07-13,JUL,MON,False,,NCL,518,518.0,DAR,550.0,548.0,-2.0,552,552.0,0.0,50.0,BHM,828.0,839.0,11.0,True
202607138729925,XC,2026-07-13,JUL,MON,False,,NCL,623,623.0,DAR,652.0,651.0,-1.0,654,654.0,0.0,50.0,BHM,928.0,926.0,-2.0,False
202607137101140,XC,2026-07-13,JUL,MON,False,,NCL,640,640.0,DAR,709.0,708.0,-1.0,710,710.0,0.0,50.0,BHM,1004.0,1010.0,6.0,True
202607138729862,XC,2026-07-13,JUL,MON,False,,EDB,602,601.0,DAR,810.0,809.0,-1.0,811,811.0,0.0,190.0,BHM,1106.0,1107.0,1.0,True
202607137101180,XC,2026-07-13,JUL,MON,False,,NCL,835,835.0,DAR,904.0,904.0,0.0,906,906.0,0.0,50.0,BHM,1127.0,1134.0,7.0,True
202607138729873,XC,2026-07-13,JUL,MON,False,547.0,GLC,648,648.0,DAR,1010.0,1011.0,1.0,1011,1014.0,3.0,228.0,BHM,1306.0,1312.0,6.0,True
202607137101184,XC,2026-07-13,JUL,MON,False,895.0,NCL,1034,1034.0,DAR,1104.0,1103.0,-1.0,1105,1106.0,1.0,50.0,BHM,1328.0,1343.0,15.0,True
202607138729884,XC,2026-07-13,JUL,MON,False,,EDB,1005,1004.0,DAR,1210.0,1212.0,2.0,1213,1214.0,1.0,190.0,BHM,1506.0,1508.0,2.0,True
202607138729935,XC,2026-07-13,JUL,MON,False,895.0,NCL,1233,1232.0,DAR,1303.0,1301.0,-2.0,1305,1305.0,0.0,50.0,BHM,1528.0,1609.0,41.0,True
202607137101154,XC,2026-07-13,JUL,MON,False,910.0,EDB,1205,1214.0,DAR,1410.0,1417.0,7.0,1411,1419.0,8.0,190.0,BHM,1706.0,1706.0,0.0,False
202607138729937,XC,2026-07-13,JUL,MON,False,,NCL,1434,,DAR,1504.0,1505.0,1.0,1506,1507.0,1.0,50.0,BHM,1727.0,1736.0,9.0,True
202607138729909,XC,2026-07-13,JUL,MON,False,,EDB,1404,1403.0,DAR,1610.0,1609.0,-1.0,1611,1611.0,0.0,190.0,BHM,1907.0,1909.0,2.0,True
202607137166824,XC,2026-07-13,JUL,MON,False,,NCL,1634,1633.0,DAR,1703.0,1703.0,0.0,1705,1705.0,0.0,50.0,BHM,1931.0,1934.0,3.0,True
202607137101169,XC,2026-07-13,JUL,MON,False,,EDB,1605,1605.0,DAR,1810.0,1810.0,0.0,1812,1812.0,0.0,190.0,BHM,2107.0,2113.0,6.0,True
202607137100914,XC,2026-07-13,JUL,MON,False,,NCL,1833,1839.0,DAR,1904.0,1910.0,6.0,1906,1912.0,6.0,50.0,BHM,2126.0,2128.0,2.0,True
202607137100842,XC,2026-07-13,JUL,MON,False,,EDB,1804,1803.0,DAR,2009.0,2007.0,-2.0,2011,2011.0,0.0,190.0,BHM,2328.0,2328.0,0.0,False
202607147101176,XC,2026-07-14,JUL,TUE,False,,NCL,518,517.0,DAR,550.0,548.0,-2.0,552,552.0,0.0,50.0,BHM,828.0,832.0,4.0,True
202607148729925,XC,2026-07-14,JUL,TUE,False,,NCL,623,623.0,DAR,652.0,651.0,-1.0,654,654.0,0.0,50.0,BHM,928.0,930.0,2.0,True
202607147101140,XC,2026-07-14,JUL,TUE,False,,NCL,640,640.0,DAR,709.0,709.0,0.0,710,711.0,1.0,50.0,BHM,1004.0,1005.0,1.0,True
202607148729862,XC,2026-07-14,JUL,TUE,False,,EDB,602,602.0,DAR,810.0,810.0,0.0,811,812.0,1.0,190.0,BHM,1106.0,1105.0,-1.0,False
202607147101180,XC,2026-07-14,JUL,TUE,False,,NCL,835,834.0,DAR,904.0,903.0,-1.0,906,906.0,0.0,50.0,BHM,1127.0,1128.0,1.0,True
202607148729873,XC,2026-07-14,JUL,TUE,False,911.0,GLC,648,653.0,DAR,1010.0,1009.0,-1.0,1011,1014.0,3.0,228.0,BHM,1306.0,1314.0,8.0,True
202607147101184,XC,2026-07-14,JUL,TUE,False,,NCL,1034,1037.0,DAR,1104.0,1106.0,2.0,1105,1108.0,3.0,50.0,BHM,1328.0,1332.0,4.0,True
202607148729884,XC,2026-07-14,JUL,TUE,False,911.0,EDB,1005,1004.0,DAR,1210.0,1210.0,0.0,1213,1213.0,0.0,190.0,BHM,1506.0,1509.0,3.0,True
202607148729935,XC,2026-07-14,JUL,TUE,False,,NCL,1233,1234.0,DAR,1303.0,1305.0,2.0,1305,1307.0,2.0,50.0,BHM,1528.0,1530.0,2.0,True
202607147101154,XC,2026-07-14,JUL,TUE,False,,EDB,1205,1204.0,DAR,1410.0,1408.0,-2.0,1411,1411.0,0.0,190.0,BHM,1706.0,1709.0,3.0,True
202607148729937,XC,2026-07-14,JUL,TUE,False,,NCL,1434,1433.0,DAR,1504.0,1503.0,-1.0,1506,1506.0,0.0,50.0,BHM,1727.0,1732.0,5.0,True
202607148729909,XC,2026-07-14,JUL,TUE,False,576.0,EDB,1404,1403.0,DAR,1610.0,1608.0,-2.0,1611,1611.0,0.0,190.0,BHM,1907.0,1910.0,3.0,True
202607147166824,XC,2026-07-14,JUL,TUE,False,,NCL,1634,1633.0,DAR,1703.0,1702.0,-1.0,1705,1705.0,0.0,50.0,BHM,1931.0,1947.0,16.0,True
202607147101169,XC,2026-07-14,JUL,TUE,False,,EDB,1605,1604.0,DAR,1810.0,1809.0,-1.0,1812,1812.0,0.0,190.0,BHM,2107.0,2124.0,17.0,True
202607147100914,XC,2026-07-14,JUL,TUE,False,,NCL,1833,1834.0,DAR,1904.0,1903.0,-1.0,1906,1906.0,0.0,50.0,BHM,2126.0,2138.0,12.0,True
202607147100842,XC,2026-07-14,JUL,TUE,False,896.0,EDB,1804,1803.0,DAR,2009.0,2007.0,-2.0,2011,2010.0,-1.0,190.0,BHM,2328.0,2341.0,13.0,True
202607157101176,XC,2026-07-15,JUL,WED,False,,NCL,518,517.0,DAR,550.0,556.0,6.0,552,557.0,5.0,50.0,BHM,828.0,832.0,4.0,True
202607158729925,XC,2026-07-15,JUL,WED,False,,NCL,623,623.0,DAR,652.0,651.0,-1.0,654,654.0,0.0,50.0,BHM,928.0,927.0,-1.0,False
202607157101140,XC,2026-07-15,JUL,WED,False,,NCL,640,640.0,DAR,709.0,708.0,-1.0,710,710.0,0.0,50.0,BHM,1004.0,1002.0,-2.0,False
202607158729862,XC,2026-07-15,JUL,WED,False,,EDB,602,602.0,DAR,810.0,809.0,-1.0,811,811.0,0.0,190.0,BHM,1106.0,1109.0,3.0,True
202607157101180,XC,2026-07-15,JUL,WED,False,,NCL,835,835.0,DAR,904.0,905.0,1.0,906,907.0,1.0,50.0,BHM,1127.0,1133.0,6.0,True
202607158729873,XC,2026-07-15,JUL,WED,False,,GLC,648,648.0,DAR,1010.0,1012.0,2.0,1011,1014.0,3.0,228.0,BHM,1306.0,1308.0,2.0,True
202607157101184,XC,2026-07-15,JUL,WED,False,,NCL,1034,1034.0,DAR,1104.0,1105.0,1.0,1105,1108.0,3.0,50.0,BHM,1328.0,1328.0,0.0,False
202607158729884,XC,2026-07-15,JUL,WED,False,,EDB,1005,1005.0,DAR,1210.0,1209.0,-1.0,1213,1213.0,0.0,190.0,BHM,1506.0,1510.0,4.0,True
202607158729935,XC,2026-07-15,JUL,WED,False,,NCL,1233,1235.0,DAR,1303.0,1303.0,0.0,1305,1305.0,0.0,50.0,BHM,1528.0,1531.0,3.0,True
202607157101154,XC,2026-07-15,JUL,WED,False,,EDB,1205,1205.0,DAR,1410.0,1407.0,-3.0,1411,1411.0,0.0,190.0,BHM,1706.0,1709.0,3.0,True
202607158729937,XC,2026-07-15,JUL,WED,False,576.0,NCL,1434,1439.0,DAR,1504.0,1522.0,18.0,1506,1524.0,18.0,50.0,BHM,1727.0,1749.0,22.0,True
202607158729909,XC,2026-07-15,JUL,WED,False,,EDB,1404,1403.0,DAR,1610.0,1610.0,0.0,1611,1612.0,1.0,190.0,BHM,1907.0,1909.0,2.0,True
202607157166824,XC,2026-07-15,JUL,WED,False,904.0,NCL,1634,1633.0,DAR,1703.0,1705.0,2.0,1705,1707.0,2.0,50.0,BHM,1931.0,1937.0,6.0,True
202607157101169,XC,2026-07-15,JUL,WED,False,,EDB,1605,1605.0,DAR,1810.0,1811.0,1.0,1812,1813.0,1.0,190.0,BHM,2107.0,2105.0,-2.0,False
202607157100842,XC,2026-07-15,JUL,WED,False,,EDB,1804,1804.0,DAR,2009.0,2008.0,-1.0,2011,2011.0,0.0,190.0,BHM,2328.0,2347.0,19.0,True
202607167101176,XC,2026-07-16,JUL,THU,False,,NCL,518,518.0,DAR,550.0,552.0,2.0,552,554.0,2.0,50.0,BHM,828.0,831.0,3.0,True
202607168729925,XC,2026-07-16,JUL,THU,False,832.0,NCL,623,623.0,DAR,652.0,652.0,0.0,654,654.0,0.0,50.0,BHM,928.0,928.0,0.0,False
202607167101140,XC,2026-07-16,JUL,THU,False,,NCL,640,642.0,DAR,709.0,710.0,1.0,710,711.0,1.0,50.0,BHM,1004.0,1004.0,0.0,False
202607168729862,XC,2026-07-16,JUL,THU,False,,EDB,602,602.0,DAR,810.0,809.0,-1.0,811,812.0,1.0,190.0,BHM,1106.0,1110.0,4.0,True
202607167101180,XC,2026-07-16,JUL,THU,False,,NCL,835,835.0,DAR,904.0,906.0,2.0,906,908.0,2.0,50.0,BHM,1127.0,1134.0,7.0,True
202607168729873,XC,2026-07-16,JUL,THU,False,895.0,GLC,648,648.0,DAR,1010.0,1010.0,0.0,1011,1012.0,1.0,228.0,BHM,1306.0,1328.0,22.0,True
202607167101184,XC,2026-07-16,JUL,THU,False,895.0,NCL,1034,1034.0,DAR,1104.0,1105.0,1.0,1105,1107.0,2.0,50.0,BHM,1328.0,1336.0,8.0,True
202607168729884,XC,2026-07-16,JUL,THU,False,,EDB,1005,1004.0,DAR,1210.0,1210.0,0.0,1213,1213.0,0.0,190.0,BHM,1506.0,1520.0,14.0,True
202607168729935,XC,2026-07-16,JUL,THU,False,574.0,NCL,1233,1240.0,DAR,1303.0,1311.0,8.0,1305,1314.0,9.0,50.0,BHM,1528.0,1615.0,47.0,True
202607167101154,XC,2026-07-16,JUL,THU,False,,EDB,1205,1204.0,DAR,1410.0,1409.0,-1.0,1411,1411.0,0.0,190.0,BHM,1706.0,1716.0,10.0,True
202607168729937,XC,2026-07-16,JUL,THU,False,,NCL,1434,1433.0,DAR,1504.0,1503.0,-1.0,1506,1506.0,0.0,50.0,BHM,1727.0,1737.0,10.0,True
202607168729909,XC,2026-07-16,JUL,THU,False,,EDB,1404,1403.0,DAR,1610.0,1610.0,0.0,1611,1613.0,2.0,190.0,BHM,1907.0,1910.0,3.0,True
202607167166824,XC,2026-07-16,JUL,THU,False,,NCL,1634,1633.0,DAR,1703.0,1703.0,0.0,1705,1705.0,0.0,50.0,BHM,1931.0,1927.0,-4.0,False
202607167101169,XC,2026-07-16,JUL,THU,False,,EDB,1605,1604.0,DAR,1810.0,1810.0,0.0,1812,1813.0,1.0,190.0,BHM,2107.0,2113.0,6.0,True
202607167100914,XC,2026-07-16,JUL,THU,False,,NCL,1833,1832.0,DAR,1904.0,1903.0,-1.0,1906,1906.0,0.0,50.0,BHM,2126.0,2131.0,5.0,True
202607167100842,XC,2026-07-16,JUL,THU,False,,EDB,1804,1803.0,DAR,2009.0,2011.0,2.0,2011,2013.0,2.0,190.0,BHM,2328.0,2327.0,-1.0,False
202607177101176,XC,2026-07-17,JUL,FRI,False,,NCL,518,518.0,DAR,550.0,549.0,-1.0,552,552.0,0.0,50.0,BHM,828.0,840.0,12.0,True
202607178729925,XC,2026-07-17,JUL,FRI,False,,NCL,623,623.0,DAR,652.0,652.0,0.0,654,654.0,0.0,50.0,BHM,928.0,928.0,0.0,False
202607177101140,XC,2026-07-17,JUL,FRI,False,,NCL,640,640.0,DAR,709.0,708.0,-1.0,710,709.0,-1.0,50.0,BHM,1004.0,1003.0,-1.0,False
202607178729862,XC,2026-07-17,JUL,FRI,False,,EDB,602,601.0,DAR,810.0,809.0,-1.0,811,811.0,0.0,190.0,BHM,1106.0,1107.0,1.0,True
202607177101180,XC,2026-07-17,JUL,FRI,False,,NCL,835,835.0,DAR,904.0,904.0,0.0,906,906.0,0.0,50.0,BHM,1127.0,1136.0,9.0,True
202607178729873,XC,2026-07-17,JUL,FRI,False,,GLC,648,647.0,DAR,1010.0,1010.0,0.0,1011,1012.0,1.0,228.0,BHM,1306.0,1306.0,0.0,False
202607177101184,XC,2026-07-17,JUL,FRI,False,,NCL,1034,1034.0,DAR,1104.0,1104.0,0.0,1105,1106.0,1.0,50.0,BHM,1328.0,1338.0,10.0,True
202607178729884,XC,2026-07-17,JUL,FRI,False,895.0,EDB,1005,1004.0,DAR,1210.0,1210.0,0.0,1213,1213.0,0.0,190.0,BHM,1506.0,1531.0,25.0,True
202607178729935,XC,2026-07-17,JUL,FRI,False,,NCL,1233,1235.0,DAR,1303.0,1304.0,1.0,1305,1305.0,0.0,50.0,BHM,1528.0,1550.0,22.0,True
202607177101154,XC,2026-07-17,JUL,FRI,False,,EDB,1205,1204.0,DAR,1410.0,1419.0,9.0,1411,1421.0,10.0,190.0,BHM,1706.0,1724.0,18.0,True
202607178729937,XC,2026-07-17,JUL,FRI,False,,NCL,1434,1436.0,DAR,1504.0,1508.0,4.0,1506,1510.0,4.0,50.0,BHM,1727.0,1742.0,15.0,True
202607178729909,XC,2026-07-17,JUL,FRI,False,895.0,EDB,1404,1403.0,DAR,1610.0,1609.0,-1.0,1611,1612.0,1.0,190.0,BHM,1907.0,1928.0,21.0,True
202607177166824,XC,2026-07-17,JUL,FRI,False,,NCL,1634,1635.0,DAR,1703.0,1704.0,1.0,1705,1707.0,2.0,50.0,BHM,1931.0,1955.0,24.0,True
202607177101169,XC,2026-07-17,JUL,FRI,False,,EDB,1605,1604.0,DAR,1810.0,1809.0,-1.0,1812,1812.0,0.0,190.0,BHM,2107.0,2106.0,-1.0,False
202607177100914,XC,2026-07-17,JUL,FRI,False,,NCL,1833,1834.0,DAR,1904.0,1907.0,3.0,1906,1909.0,3.0,50.0,BHM,2126.0,2133.0,7.0,True
202607177100842,XC,2026-07-17,JUL,FRI,False,526.0,EDB,1804,1804.0,DAR,2009.0,2011.0,2.0,2011,2013.0,2.0,190.0,BHM,2328.0,2327.0,-1.0,False
202607187101146,XC,2026-07-18,JUL,SAT,False,,NCL,640,640.0,DAR,709.0,708.0,-1.0,710,710.0,0.0,50.0,BHM,1051.0,1054.0,3.0,True
202607188729867,XC,2026-07-18,JUL,SAT,False,,EDB,602,601.0,DAR,810.0,808.0,-2.0,811,811.0,0.0,190.0,BHM,1151.0,1211.0,20.0,True
202607188729872,XC,2026-07-18,JUL,SAT,False,,EDB,703,703.0,DAR,910.0,913.0,3.0,912,915.0,3.0,190.0,BHM,1251.0,1300.0,9.0,True
202607188729878,XC,2026-07-18,JUL,SAT,False,,GLC,648,648.0,DAR,1010.0,1016.0,6.0,1011,1019.0,8.0,228.0,BHM,1351.0,1352.0,1.0,True
202607188729885,XC,2026-07-18,JUL,SAT,False,,GLC,748,747.0,DAR,1110.0,1109.0,-1.0,1111,1112.0,1.0,228.0,BHM,1451.0,1458.0,7.0,True
202607187101151,XC,2026-07-18,JUL,SAT,False,,EDB,1005,1004.0,DAR,1210.0,1208.0,-2.0,1211,1211.0,0.0,190.0,BHM,1552.0,1554.0,2.0,True
202607187101156,XC,2026-07-18,JUL,SAT,False,,ABD,820,820.0,DAR,1310.0,1307.0,-3.0,1311,1311.0,0.0,293.0,BHM,1651.0,1657.0,6.0,True
202607187101162,XC,2026-07-18,JUL,SAT,False,,EDB,1205,1206.0,DAR,1410.0,1409.0,-1.0,1411,1412.0,1.0,190.0,BHM,1751.0,1754.0,3.0,True
202607187101164,XC,2026-07-18,JUL,SAT,False,,EDB,1305,1308.0,DAR,1510.0,1516.0,6.0,1512,1517.0,5.0,190.0,BHM,1851.0,1855.0,4.0,True
202607187101167,XC,2026-07-18,JUL,SAT,False,,EDB,1404,1404.0,DAR,1611.0,1609.0,-2.0,1612,1612.0,0.0,190.0,BHM,1951.0,1956.0,5.0,True
202607187101168,XC,2026-07-18,JUL,SAT,False,,EDB,1504,1503.0,DAR,1708.0,1726.0,18.0,1711,1728.0,17.0,190.0,BHM,2051.0,2053.0,2.0,True
202607187564463,XC,2026-07-18,JUL,SAT,False,576.0,EDB,1605,1605.0,DAR,1809.0,1823.0,14.0,1811,1825.0,14.0,190.0,BHM,2152.0,2152.0,0.0,False
202607187100913,XC,2026-07-18,JUL,SAT,False,,EDB,1705,1704.0,DAR,1910.0,1908.0,-2.0,1911,1911.0,0.0,190.0,BHM,2244.0,2252.0,8.0,True
202607187100846,XC,2026-07-18,JUL,SAT,False,,EDB,1804,1804.0,DAR,2009.0,2007.0,-2.0,2011,2010.0,-1.0,190.0,BHM,2333.0,2348.0,15.0,True
202607198729874,XC,2026-07-19,JUL,SUN,False,,NCL,830,830.0,DAR,901.0,900.0,-1.0,904,904.0,0.0,50.0,BHM,1247.0,1244.0,-3.0,False
202607198729886,XC,2026-07-19,JUL,SUN,False,,EDB,908,908.0,DAR,1109.0,1112.0,3.0,1111,1115.0,4.0,190.0,BHM,1449.0,1448.0,-1.0,False
202607197101152,XC,2026-07-19,JUL,SUN,False,,EDB,1008,1008.0,DAR,1209.0,1208.0,-1.0,1210,1210.0,0.0,190.0,BHM,1549.0,1552.0,3.0,True
202607197101155,XC,2026-07-19,JUL,SUN,False,,EDB,1107,1107.0,DAR,1309.0,1313.0,4.0,1310,1315.0,5.0,190.0,BHM,1650.0,1650.0,0.0,False
202607197101165,XC,2026-07-19,JUL,SUN,False,,EDB,1305,1306.0,DAR,1509.0,1508.0,-1.0,1511,1511.0,0.0,190.0,BHM,1850.0,1851.0,1.0,True
202607198729913,XC,2026-07-19,JUL,SUN,False,526.0,DEE,1222,1222.0,DAR,1609.0,1646.0,37.0,1610,1648.0,38.0,,BHM,1950.0,2018.0,28.0,True
202607198729915,XC,2026-07-19,JUL,SUN,False,,EDB,1505,1505.0,DAR,1710.0,1710.0,0.0,1712,1712.0,0.0,190.0,BHM,2047.0,2056.0,9.0,True
202607197100843,XC,2026-07-19,JUL,SUN,False,895.0,EDB,1805,1805.0,DAR,2007.0,2024.0,17.0,2009,2026.0,17.0,190.0,BHM,2335.0,2348.0,13.0,True
202607207101176,XC,2026-07-20,JUL,MON,False,,NCL,518,518.0,DAR,550.0,548.0,-2.0,552,552.0,0.0,50.0,BHM,828.0,831.0,3.0,True
202607208729925,XC,2026-07-20,JUL,MON,False,,NCL,623,624.0,DAR,652.0,653.0,1.0,654,654.0,0.0,50.0,BHM,928.0,928.0,0.0,False
202607207101140,XC,2026-07-20,JUL,MON,False,,NCL,640,640.0,DAR,709.0,710.0,1.0,710,711.0,1.0,50.0,BHM,1004.0,1005.0,1.0,True
202607207101180,XC,2026-07-20,JUL,MON,False,579.0,NCL,835,835.0,DAR,904.0,904.0,0.0,906,907.0,1.0,50.0,BHM,1127.0,1201.0,34.0,True
202607208729873,XC,2026-07-20,JUL,MON,False,894.0,GLC,648,648.0,DAR,1010.0,1009.0,-1.0,1011,1012.0,1.0,228.0,BHM,1306.0,1320.0,14.0,True
202607208729884,XC,2026-07-20,JUL,MON,False,,EDB,1005,1004.0,DAR,1210.0,1211.0,1.0,1213,1213.0,0.0,190.0,BHM,1506.0,1514.0,8.0,True
202607208729935,XC,2026-07-20,JUL,MON,False,,NCL,1233,1237.0,DAR,1303.0,1310.0,7.0,1305,1312.0,7.0,50.0,BHM,1528.0,1532.0,4.0,True
202607207101154,XC,2026-07-20,JUL,MON,False,895.0,EDB,1205,1205.0,DAR,1410.0,1410.0,0.0,1411,1412.0,1.0,190.0,BHM,1706.0,1730.0,24.0,True
202607208729937,XC,2026-07-20,JUL,MON,False,,NCL,1434,1437.0,DAR,1504.0,1506.0,2.0,1506,1507.0,1.0,50.0,BHM,1727.0,1738.0,11.0,True
202607208729909,XC,2026-07-20,JUL,MON,False,,EDB,1404,1403.0,DAR,1610.0,1609.0,-1.0,1611,1612.0,1.0,190.0,BHM,1907.0,1907.0,0.0,False
202607207166824,XC,2026-07-20,JUL,MON,False,,NCL,1634,1634.0,DAR,1703.0,1704.0,1.0,1705,1706.0,1.0,50.0,BHM,1931.0,1933.0,2.0,True
202607207101169,XC,2026-07-20,JUL,MON,False,,EDB,1605,1605.0,DAR,1810.0,1809.0,-1.0,1812,1812.0,0.0,190.0,BHM,2107.0,2104.0,-3.0,False
202607207100914,XC,2026-07-20,JUL,MON,False,,NCL,1833,1834.0,DAR,1904.0,1903.0,-1.0,1906,1906.0,0.0,50.0,BHM,2126.0,2125.0,-1.0,False
202607207100842,XC,2026-07-20,JUL,MON,False,,EDB,1804,1803.0,DAR,2009.0,2007.0,-2.0,2011,2011.0,0.0,190.0,BHM,2328.0,2327.0,-1.0,False
202607217101176,XC,2026-07-21,JUL,TUE,False,,NCL,518,518.0,DAR,550.0,549.0,-1.0,552,552.0,0.0,50.0,BHM,828.0,831.0,3.0,True
202607218729925,XC,2026-07-21,JUL,TUE,False,,NCL,623,622.0,DAR,652.0,651.0,-1.0,654,654.0,0.0,50.0,BHM,928.0,933.0,5.0,True
202607217101140,XC,2026-07-21,JUL,TUE,False,,NCL,640,640.0,DAR,709.0,711.0,2.0,710,713.0,3.0,50.0,BHM,1004.0,1005.0,1.0,True
202607218729862,XC,2026-07-21,JUL,TUE,False,,EDB,602,601.0,DAR,810.0,812.0,2.0,811,815.0,4.0,190.0,BHM,1106.0,1108.0,2.0,True
202607217101180,XC,2026-07-21,JUL,TUE,False,,NCL,835,834.0,DAR,904.0,903.0,-1.0,906,906.0,0.0,50.0,BHM,1127.0,1127.0,0.0,False
202607218729873,XC,2026-07-21,JUL,TUE,False,,GLC,648,648.0,DAR,1010.0,1008.0,-2.0,1011,1011.0,0.0,228.0,BHM,1306.0,1313.0,7.0,True
202607217101184,XC,2026-07-21,JUL,TUE,False,520.0,NCL,1034,1033.0,DAR,1104.0,1102.0,-2.0,1105,1105.0,0.0,50.0,BHM,1328.0,1431.0,63.0,True
202607218729884,XC,2026-07-21,JUL,TUE,False,,EDB,1005,1004.0,DAR,1210.0,1209.0,-1.0,1213,1213.0,0.0,190.0,BHM,1506.0,1521.0,15.0,True
202607218729935,XC,2026-07-21,JUL,TUE,False,,NCL,1233,1234.0,DAR,1303.0,1304.0,1.0,1305,1306.0,1.0,50.0,BHM,1528.0,1533.0,5.0,True
202607217101154,XC,2026-07-21,JUL,TUE,False,,EDB,1205,1204.0,DAR,1410.0,1409.0,-1.0,1411,1411.0,0.0,190.0,BHM,1706.0,1706.0,0.0,False
202607218729937,XC,2026-07-21,JUL,TUE,False,,NCL,1434,1435.0,DAR,1504.0,1503.0,-1.0,1506,1506.0,0.0,50.0,BHM,1727.0,1735.0,8.0,True
202607218729909,XC,2026-07-21,JUL,TUE,False,,EDB,1404,1404.0,DAR,1610.0,1609.0,-1.0,1611,1611.0,0.0,190.0,BHM,1907.0,1906.0,-1.0,False
202607217166824,XC,2026-07-21,JUL,TUE,False,,NCL,1634,1635.0,DAR,1703.0,1704.0,1.0,1705,1706.0,1.0,50.0,BHM,1931.0,1935.0,4.0,True
202607217101169,XC,2026-07-21,JUL,TUE,False,,EDB,1605,1605.0,DAR,1810.0,1812.0,2.0,1812,1814.0,2.0,190.0,BHM,2107.0,2109.0,2.0,True
202607217100914,XC,2026-07-21,JUL,TUE,False,,NCL,1833,1836.0,DAR,1904.0,1909.0,5.0,1906,1910.0,4.0,50.0,BHM,2126.0,2132.0,6.0,True
202607217100842,XC,2026-07-21,JUL,TUE,False,,EDB,1804,1804.0,DAR,2009.0,2007.0,-2.0,2011,2010.0,-1.0,190.0,BHM,2328.0,2326.0,-2.0,False
202607227101176,XC,2026-07-22,JUL,WED,False,536.0,NCL,518,518.0,DAR,550.0,547.0,-3.0,552,551.0,-1.0,50.0,BHM,828.0,853.0,25.0,True
202607228729925,XC,2026-07-22,JUL,WED,False,,NCL,623,623.0,DAR,652.0,651.0,-1.0,654,654.0,0.0,50.0,BHM,928.0,928.0,0.0,False
202607227101140,XC,2026-07-22,JUL,WED,False,,NCL,640,640.0,DAR,709.0,708.0,-1.0,710,711.0,1.0,50.0,BHM,1004.0,1006.0,2.0,True
202607228729862,XC,2026-07-22,JUL,WED,False,,EDB,602,602.0,DAR,810.0,810.0,0.0,811,812.0,1.0,190.0,BHM,1106.0,1107.0,1.0,True
202607227101180,XC,2026-07-22,JUL,WED,False,832.0,NCL,835,835.0,DAR,904.0,902.0,-2.0,906,906.0,0.0,50.0,BHM,1127.0,1140.0,13.0,True
202607228729873,XC,2026-07-22,JUL,WED,False,,GLC,648,648.0,DAR,1010.0,1009.0,-1.0,1011,1011.0,0.0,228.0,BHM,1306.0,1309.0,3.0,True
202607227101184,XC,2026-07-22,JUL,WED,False,,NCL,1034,1034.0,DAR,1104.0,1105.0,1.0,1105,1107.0,2.0,50.0,BHM,1328.0,1332.0,4.0,True
202607228729884,XC,2026-07-22,JUL,WED,False,,EDB,1005,1004.0,DAR,1210.0,1212.0,2.0,1213,1215.0,2.0,190.0,BHM,1506.0,1514.0,8.0,True
202607228729935,XC,2026-07-22,JUL,WED,False,,NCL,1233,1232.0,DAR,1303.0,1301.0,-2.0,1305,1304.0,-1.0,50.0,BHM,1528.0,1529.0,1.0,True
202607227101154,XC,2026-07-22,JUL,WED,False,,EDB,1205,1204.0,DAR,1410.0,1413.0,3.0,1411,1415.0,4.0,190.0,BHM,1706.0,1721.0,15.0,True
202607228729937,XC,2026-07-22,JUL,WED,False,,NCL,1434,1433.0,DAR,1504.0,1503.0,-1.0,1506,1506.0,0.0,50.0,BHM,1727.0,1734.0,7.0,True
202607228729909,XC,2026-07-22,JUL,WED,False,895.0,EDB,1404,1403.0,DAR,1610.0,1608.0,-2.0,1611,1610.0,-1.0,190.0,BHM,1907.0,1915.0,8.0,True
202607227166824,XC,2026-07-22,JUL,WED,False,,NCL,1634,1633.0,DAR,1703.0,1702.0,-1.0,1705,1705.0,0.0,50.0,BHM,1931.0,1931.0,0.0,False
202607227101169,XC,2026-07-22,JUL,WED,False,,EDB,1605,1604.0,DAR,1810.0,1809.0,-1.0,1812,1811.0,-1.0,190.0,BHM,2107.0,2107.0,0.0,False
202607227100914,XC,2026-07-22,JUL,WED,False,,NCL,1833,1839.0,DAR,1904.0,1908.0,4.0,1906,1910.0,4.0,50.0,BHM,2126.0,2128.0,2.0,True
202607227100842,XC,2026-07-22,JUL,WED,False,,EDB,1804,1803.0,DAR,2009.0,2014.0,5.0,2011,2016.0,5.0,190.0,BHM,2328.0,2330.0,2.0,True
202607237101176,XC,2026-07-23,JUL,THU,False,895.0,NCL,518,518.0,DAR,550.0,548.0,-2.0,552,552.0,0.0,50.0,BHM,828.0,839.0,11.0,True
202607238729925,XC,2026-07-23,JUL,THU,False,,NCL,623,622.0,DAR,652.0,651.0,-1.0,654,654.0,0.0,50.0,BHM,928.0,927.0,-1.0,False
202607237101140,XC,2026-07-23,JUL,THU,False,,NCL,640,640.0,DAR,709.0,708.0,-1.0,710,710.0,0.0,50.0,BHM,1004.0,1009.0,5.0,True
202607238729862,XC,2026-07-23,JUL,THU,False,,EDB,602,602.0,DAR,810.0,808.0,-2.0,811,811.0,0.0,190.0,BHM,1106.0,1108.0,2.0,True
202607237101180,XC,2026-07-23,JUL,THU,False,,NCL,835,835.0,DAR,904.0,903.0,-1.0,906,906.0,0.0,50.0,BHM,1127.0,1127.0,0.0,False
202607238729873,XC,2026-07-23,JUL,THU,False,,GLC,648,648.0,DAR,1010.0,1009.0,-1.0,1011,1011.0,0.0,228.0,BHM,1306.0,1306.0,0.0,False
202607237101184,XC,2026-07-23,JUL,THU,False,,NCL,1034,1034.0,DAR,1104.0,1103.0,-1.0,1105,1106.0,1.0,50.0,BHM,1328.0,1327.0,-1.0,False
202607238729884,XC,2026-07-23,JUL,THU,False,,EDB,1005,1005.0,DAR,1210.0,1209.0,-1.0,1213,1213.0,0.0,190.0,BHM,1506.0,1506.0,0.0,False
202607238729935,XC,2026-07-23,JUL,THU,False,574.0,NCL,1233,1242.0,DAR,1303.0,1313.0,10.0,1305,1315.0,10.0,50.0,BHM,1528.0,1530.0,2.0,True
202607237101154,XC,2026-07-23,JUL,THU,False,,EDB,1205,1204.0,DAR,1410.0,1409.0,-1.0,1411,1412.0,1.0,190.0,BHM,1706.0,1706.0,0.0,False
202607238729937,XC,2026-07-23,JUL,THU,False,,NCL,1434,1433.0,DAR,1504.0,1504.0,0.0,1506,1507.0,1.0,50.0,BHM,1727.0,1729.0,2.0,True
202607238729909,XC,2026-07-23,JUL,THU,False,,EDB,1404,1403.0,DAR,1610.0,1611.0,1.0,1611,1613.0,2.0,190.0,BHM,1907.0,1910.0,3.0,True
202607237166824,XC,2026-07-23,JUL,THU,False,,NCL,1634,1636.0,DAR,1703.0,1706.0,3.0,1705,1708.0,3.0,50.0,BHM,1931.0,1933.0,2.0,True
202607237101169,XC,2026-07-23,JUL,THU,False,,EDB,1605,1605.0,DAR,1810.0,1809.0,-1.0,1812,1812.0,0.0,190.0,BHM,2107.0,2106.0,-1.0,False
202607237100914,XC,2026-07-23,JUL,THU,False,,NCL,1833,1836.0,DAR,1904.0,1906.0,2.0,1906,1908.0,2.0,50.0,BHM,2126.0,2126.0,0.0,False
202607237100842,XC,2026-07-23,JUL,THU,False,,EDB,1804,1803.0,DAR,2009.0,2009.0,0.0,2011,2010.0,-1.0,190.0,BHM,2328.0,2326.0,-2.0,False
202607248729925,XC,2026-07-24,JUL,FRI,False,,NCL,623,623.0,DAR,652.0,652.0,0.0,654,654.0,0.0,50.0,BHM,928.0,926.0,-2.0,False
202607247101140,XC,2026-07-24,JUL,FRI,False,,NCL,640,640.0,DAR,709.0,708.0,-1.0,710,710.0,0.0,50.0,BHM,1004.0,1010.0,6.0,True
202607248729862,XC,2026-07-24,JUL,FRI,False,,EDB,602,602.0,DAR,810.0,809.0,-1.0,811,811.0,0.0,190.0,BHM,1106.0,1116.0,10.0,True
202607247101180,XC,2026-07-24,JUL,FRI,False,,NCL,835,834.0,DAR,904.0,903.0,-1.0,906,905.0,-1.0,50.0,BHM,1127.0,1135.0,8.0,True
202607248729873,XC,2026-07-24,JUL,FRI,False,,GLC,648,648.0,DAR,1010.0,1009.0,-1.0,1011,1012.0,1.0,228.0,BHM,1306.0,1319.0,13.0,True
202607247101184,XC,2026-07-24,JUL,FRI,False,,NCL,1034,1033.0,DAR,1104.0,1104.0,0.0,1105,1107.0,2.0,50.0,BHM,1328.0,1345.0,17.0,True
202607248729884,XC,2026-07-24,JUL,FRI,False,,EDB,1005,1004.0,DAR,1210.0,1209.0,-1.0,1213,1213.0,0.0,190.0,BHM,1506.0,1537.0,31.0,True
202607248729935,XC,2026-07-24,JUL,FRI,False,,NCL,1233,1232.0,DAR,1303.0,1304.0,1.0,1305,1309.0,4.0,50.0,BHM,1528.0,1540.0,12.0,True
202607247101154,XC,2026-07-24,JUL,FRI,False,,EDB,1205,1204.0,DAR,1410.0,1408.0,-2.0,1411,1411.0,0.0,190.0,BHM,1706.0,1721.0,15.0,True
202607248729909,XC,2026-07-24,JUL,FRI,False,,EDB,1404,1404.0,DAR,1610.0,1610.0,0.0,1611,1612.0,1.0,190.0,BHM,1907.0,1917.0,10.0,True
202607247166824,XC,2026-07-24,JUL,FRI,False,,NCL,1634,1634.0,DAR,1703.0,1704.0,1.0,1705,1706.0,1.0,50.0,BHM,1931.0,1933.0,2.0,True
202607247101169,XC,2026-07-24,JUL,FRI,False,887.0,EDB,1605,1618.0,DAR,1810.0,1826.0,16.0,1812,1828.0,16.0,190.0,BHM,2107.0,2209.0,62.0,True
202607247100914,XC,2026-07-24,JUL,FRI,False,,NCL,1833,,DAR,,,,1906,1907.0,1.0,50.0,BHM,2126.0,2131.0,5.0,True
202607258729924,XC,2026-07-25,JUL,SAT,False,,NCL,622,621.0,DAR,651.0,650.0,-1.0,653,653.0,0.0,50.0,BHM,927.0,927.0,0.0,False
202607257101141,XC,2026-07-25,JUL,SAT,False,,NCL,640,640.0,DAR,709.0,708.0,-1.0,710,710.0,0.0,50.0,BHM,1004.0,1004.0,0.0,False
202607257101146,XC,2026-07-25,JUL,SAT,False,895.0,EDB,602,602.0,DAR,810.0,809.0,-1.0,811,811.0,0.0,190.0,BHM,1106.0,1122.0,16.0,True
202607257101179,XC,2026-07-25,JUL,SAT,False,,NCL,835,834.0,DAR,904.0,905.0,1.0,906,908.0,2.0,50.0,BHM,1127.0,1134.0,7.0,True
202607258729872,XC,2026-07-25,JUL,SAT,False,895.0,GLC,648,647.0,DAR,1010.0,1008.0,-2.0,1011,1011.0,0.0,228.0,BHM,1306.0,1329.0,23.0,True
202607258729885,XC,2026-07-25,JUL,SAT,False,573.0,EDB,1005,1004.0,DAR,1210.0,1213.0,3.0,1211,1215.0,4.0,190.0,BHM,1505.0,1530.0,25.0,True
202607258729934,XC,2026-07-25,JUL,SAT,False,,NCL,1234,1236.0,DAR,1304.0,1306.0,2.0,1306,1307.0,1.0,50.0,BHM,1527.0,1532.0,5.0,True
202607257101156,XC,2026-07-25,JUL,SAT,False,,EDB,1205,1204.0,DAR,1410.0,1409.0,-1.0,1411,1413.0,2.0,190.0,BHM,1706.0,1705.0,-1.0,False
202607258729938,XC,2026-07-25,JUL,SAT,False,,NCL,1434,1433.0,DAR,1504.0,1503.0,-1.0,1505,1505.0,0.0,50.0,BHM,1727.0,1725.0,-2.0,False
202607257101164,XC,2026-07-25,JUL,SAT,False,,EDB,1404,1404.0,DAR,1611.0,1610.0,-1.0,1612,1613.0,1.0,190.0,BHM,1905.0,1905.0,0.0,False
202607257166825,XC,2026-07-25,JUL,SAT,False,895.0,NCL,1633,1642.0,DAR,1703.0,1716.0,13.0,1704,1718.0,14.0,50.0,BHM,1925.0,1959.0,34.0,True
202607257101168,XC,2026-07-25,JUL,SAT,False,,EDB,1605,1605.0,DAR,1809.0,1807.0,-2.0,1811,1811.0,0.0,190.0,BHM,2106.0,2111.0,5.0,True
202607257100916,XC,2026-07-25,JUL,SAT,False,,NCL,1833,1836.0,DAR,1903.0,1907.0,4.0,1905,1909.0,4.0,50.0,BHM,2126.0,2134.0,8.0,True
202607257100846,XC,2026-07-25,JUL,SAT,False,705.0,EDB,1804,1810.0,DAR,2009.0,2030.0,21.0,2011,2032.0,21.0,190.0,BHM,2307.0,8.0,-1379.0,False
202607268729869,XC,2026-07-26,JUL,SUN,False,,NCL,830,830.0,DAR,901.0,900.0,-1.0,904,903.0,-1.0,50.0,BHM,1204.0,1205.0,1.0,True
202607268729874,XC,2026-07-26,JUL,SUN,False,,NCL,936,936.0,DAR,1005.0,1006.0,1.0,1006,1007.0,1.0,50.0,BHM,1305.0,1308.0,3.0,True
202607267101147,XC,2026-07-26,JUL,SUN,False,696.0,EDB,908,908.0,DAR,1109.0,1133.0,24.0,1111,1136.0,25.0,190.0,BHM,1404.0,1448.0,44.0,True
202607268729886,XC,2026-07-26,JUL,SUN,False,,EDB,1008,1008.0,DAR,1209.0,1209.0,0.0,1210,1211.0,1.0,190.0,BHM,1506.0,1511.0,5.0,True
202607267101152,XC,2026-07-26,JUL,SUN,False,,EDB,1107,1106.0,DAR,1309.0,1309.0,0.0,1310,1311.0,1.0,190.0,BHM,1604.0,1604.0,0.0,False
202607267101155,XC,2026-07-26,JUL,SUN,False,,GLC,1055,1055.0,DAR,1410.0,1410.0,0.0,1411,1416.0,5.0,228.0,BHM,1706.0,1718.0,12.0,True
202607267101163,XC,2026-07-26,JUL,SUN,False,,EDB,1305,1305.0,DAR,1509.0,1510.0,1.0,1511,1513.0,2.0,190.0,BHM,1804.0,1843.0,39.0,True
202607267101165,XC,2026-07-26,JUL,SUN,False,576.0,DEE,1222,,DAR,1609.0,1634.0,25.0,1610,1636.0,26.0,,BHM,1903.0,1937.0,34.0,True
202607268729913,XC,2026-07-26,JUL,SUN,False,,EDB,1505,1505.0,DAR,1710.0,1710.0,0.0,1712,1712.0,0.0,190.0,BHM,2004.0,2011.0,7.0,True
202607268729915,XC,2026-07-26,JUL,SUN,False,,EDB,1607,1607.0,DAR,1811.0,1809.0,-2.0,1812,1812.0,0.0,190.0,BHM,2106.0,2110.0,4.0,True
202607268729918,XC,2026-07-26,JUL,SUN,False,,EDB,1705,1705.0,DAR,1909.0,1908.0,-1.0,1911,1912.0,1.0,190.0,BHM,2208.0,2248.0,40.0,True
202607267100843,XC,2026-07-26,JUL,SUN,False,,EDB,1805,1808.0,DAR,2007.0,2019.0,12.0,2009,2021.0,12.0,190.0,BHM,2309.0,2312.0,3.0,True
202607278729925,XC,2026-07-27,JUL,MON,False,533.0,NCL,623,632.0,DAR,652.0,702.0,10.0,654,704.0,10.0,50.0,BHM,928.0,945.0,17.0,True
202607277101140,XC,2026-07-27,JUL,MON,False,,NCL,640,640.0,DAR,709.0,708.0,-1.0,710,710.0,0.0,50.0,BHM,1004.0,1007.0,3.0,True
202607278729862,XC,2026-07-27,JUL,MON,False,,EDB,602,601.0,DAR,810.0,809.0,-1.0,811,811.0,0.0,190.0,BHM,1106.0,1107.0,1.0,True
202607277101180,XC,2026-07-27,JUL,MON,False,,NCL,835,834.0,DAR,904.0,903.0,-1.0,906,906.0,0.0,50.0,BHM,1127.0,1132.0,5.0,True
202607278729873,XC,2026-07-27,JUL,MON,False,,GLC,648,648.0,DAR,1010.0,1009.0,-1.0,1011,1010.0,-1.0,228.0,BHM,1306.0,1307.0,1.0,True
202607277101184,XC,2026-07-27,JUL,MON,False,,NCL,1034,1034.0,DAR,1104.0,1104.0,0.0,1105,1109.0,4.0,50.0,BHM,1328.0,1329.0,1.0,True
202607278729884,XC,2026-07-27,JUL,MON,False,,EDB,1005,1004.0,DAR,1210.0,1216.0,6.0,1213,1218.0,5.0,190.0,BHM,1506.0,1510.0,4.0,True
202607278729935,XC,2026-07-27,JUL,MON,False,,NCL,1233,1241.0,DAR,1303.0,1310.0,7.0,1305,1312.0,7.0,50.0,BHM,1528.0,1532.0,4.0,True
202607277101154,XC,2026-07-27,JUL,MON,False,,EDB,1205,1205.0,DAR,1410.0,1409.0,-1.0,1411,1411.0,0.0,190.0,BHM,1706.0,1714.0,8.0,True
202607278729909,XC,2026-07-27,JUL,MON,False,,EDB,1404,1403.0,DAR,1610.0,1609.0,-1.0,1611,1611.0,0.0,190.0,BHM,1907.0,1919.0,12.0,True
202607277166824,XC,2026-07-27,JUL,MON,False,,NCL,1634,1634.0,DAR,1703.0,1704.0,1.0,1705,1706.0,1.0,50.0,BHM,1931.0,1932.0,1.0,True
202607277101169,XC,2026-07-27,JUL,MON,False,,EDB,1605,1605.0,DAR,1810.0,1810.0,0.0,1812,1812.0,0.0,190.0,BHM,2107.0,2106.0,-1.0,False
202607277100914,XC,2026-07-27,JUL,MON,False,,NCL,1833,1833.0,DAR,1904.0,1905.0,1.0,1906,1907.0,1.0,50.0,BHM,2126.0,2129.0,3.0,True
202607277100842,XC,2026-07-27,JUL,MON,False,520.0,EDB,1804,1803.0,DAR,2009.0,2008.0,-1.0,2011,2011.0,0.0,190.0,BHM,2328.0,2330.0,2.0,True
202607287101176,XC,2026-07-28,JUL,TUE,False,,NCL,518,517.0,DAR,550.0,548.0,-2.0,552,552.0,0.0,50.0,BHM,828.0,832.0,4.0,True
202607288729925,XC,2026-07-28,JUL,TUE,False,,NCL,623,622.0,DAR,652.0,652.0,0.0,654,654.0,0.0,50.0,BHM,928.0,925.0,-3.0,False
202607287101140,XC,2026-07-28,JUL,TUE,False,,NCL,640,640.0,DAR,709.0,709.0,0.0,710,711.0,1.0,50.0,BHM,1004.0,1003.0,-1.0,False
202607288729862,XC,2026-07-28,JUL,TUE,False,,EDB,602,601.0,DAR,810.0,808.0,-2.0,811,811.0,0.0,190.0,BHM,1106.0,1110.0,4.0,True
202607287101180,XC,2026-07-28,JUL,TUE,False,,NCL,835,834.0,DAR,904.0,904.0,0.0,906,906.0,0.0,50.0,BHM,1127.0,1131.0,4.0,True
202607288729873,XC,2026-07-28,JUL,TUE,False,,GLC,648,647.0,DAR,1010.0,1011.0,1.0,1011,1015.0,4.0,228.0,BHM,1306.0,1309.0,3.0,True
202607287101184,XC,2026-07-28,JUL,TUE,False,,NCL,1034,1033.0,DAR,1104.0,1103.0,-1.0,1105,1105.0,0.0,50.0,BHM,1328.0,1325.0,-3.0,False
202607288729884,XC,2026-07-28,JUL,TUE,False,,EDB,1005,1004.0,DAR,1210.0,1210.0,0.0,1213,1213.0,0.0,190.0,BHM,1506.0,1508.0,2.0,True
202607288729935,XC,2026-07-28,JUL,TUE,False,,NCL,1233,1232.0,DAR,1303.0,1302.0,-1.0,1305,1305.0,0.0,50.0,BHM,1528.0,1529.0,1.0,True
202607287101154,XC,2026-07-28,JUL,TUE,False,,EDB,1205,1204.0,DAR,1410.0,1411.0,1.0,1411,1413.0,2.0,190.0,BHM,1706.0,1706.0,0.0,False
202607288729937,XC,2026-07-28,JUL,TUE,False,,NCL,1434,1433.0,DAR,1504.0,1503.0,-1.0,1506,1506.0,0.0,50.0,BHM,1727.0,1728.0,1.0,True
202607288729909,XC,2026-07-28,JUL,TUE,False,,EDB,1404,1403.0,DAR,1610.0,1610.0,0.0,1611,1611.0,0.0,190.0,BHM,1907.0,1910.0,3.0,True
202607287166824,XC,2026-07-28,JUL,TUE,False,,NCL,1634,1633.0,DAR,1703.0,1704.0,1.0,1705,1705.0,0.0,50.0,BHM,1931.0,1936.0,5.0,True
202607287101169,XC,2026-07-28,JUL,TUE,False,,EDB,1605,1605.0,DAR,1810.0,1810.0,0.0,1812,1812.0,0.0,190.0,BHM,2107.0,2111.0,4.0,True
202607287100914,XC,2026-07-28,JUL,TUE,False,895.0,NCL,1833,1834.0,DAR,1904.0,1905.0,1.0,1906,1907.0,1.0,50.0,BHM,2126.0,2137.0,11.0,True
202607287100842,XC,2026-07-28,JUL,TUE,False,,EDB,1804,1805.0,DAR,2009.0,2020.0,11.0,2011,2022.0,11.0,190.0,BHM,2328.0,2327.0,-1.0,False
202607297101176,XC,2026-07-29,JUL,WED,False,,NCL,518,518.0,DAR,550.0,548.0,-2.0,552,552.0,0.0,50.0,BHM,828.0,830.0,2.0,True
202607298729925,XC,2026-07-29,JUL,WED,False,,NCL,623,623.0,DAR,652.0,652.0,0.0,654,654.0,0.0,50.0,BHM,928.0,927.0,-1.0,False
202607297101140,XC,2026-07-29,JUL,WED,False,,NCL,640,640.0,DAR,709.0,709.0,0.0,710,713.0,3.0,50.0,BHM,1004.0,1004.0,0.0,False
202607298729862,XC,2026-07-29,JUL,WED,False,,EDB,602,601.0,DAR,810.0,808.0,-2.0,811,811.0,0.0,190.0,BHM,1106.0,1105.0,-1.0,False
202607297101180,XC,2026-07-29,JUL,WED,False,,NCL,835,835.0,DAR,904.0,904.0,0.0,906,906.0,0.0,50.0,BHM,1127.0,1129.0,2.0,True
202607298729873,XC,2026-07-29,JUL,WED,False,,GLC,648,647.0,DAR,1010.0,1011.0,1.0,1011,1013.0,2.0,228.0,BHM,1306.0,1311.0,5.0,True
202607297101184,XC,2026-07-29,JUL,WED,False,,NCL,1034,1034.0,DAR,1104.0,1103.0,-1.0,1105,1105.0,0.0,50.0,BHM,1328.0,1331.0,3.0,True
202607298729884,XC,2026-07-29,JUL,WED,False,,EDB,1005,1004.0,DAR,1210.0,1213.0,3.0,1213,1215.0,2.0,190.0,BHM,1506.0,1517.0,11.0,True
202607298729935,XC,2026-07-29,JUL,WED,False,832.0,NCL,1233,1234.0,DAR,1303.0,1304.0,1.0,1305,1306.0,1.0,50.0,BHM,1528.0,1532.0,4.0,True
202607297101154,XC,2026-07-29,JUL,WED,False,,EDB,1205,1204.0,DAR,1410.0,1408.0,-2.0,1411,1410.0,-1.0,190.0,BHM,1706.0,1709.0,3.0,True
202607298729937,XC,2026-07-29,JUL,WED,False,,NCL,1434,1434.0,DAR,1504.0,1503.0,-1.0,1506,1506.0,0.0,50.0,BHM,1727.0,1734.0,7.0,True
202607298729909,XC,2026-07-29,JUL,WED,False,904.0,EDB,1404,1403.0,DAR,1610.0,1608.0,-2.0,1611,1611.0,0.0,190.0,BHM,1907.0,1924.0,17.0,True
202607297166824,XC,2026-07-29,JUL,WED,False,,NCL,1634,1634.0,DAR,1703.0,1703.0,0.0,1705,1705.0,0.0,50.0,BHM,1931.0,1937.0,6.0,True
202607297101169,XC,2026-07-29,JUL,WED,False,894.0,EDB,1605,1605.0,DAR,1810.0,1809.0,-1.0,1812,1812.0,0.0,190.0,BHM,2107.0,2118.0,11.0,True
202607297100914,XC,2026-07-29,JUL,WED,False,,NCL,1833,1835.0,DAR,1904.0,1904.0,0.0,1906,1906.0,0.0,50.0,BHM,2126.0,2134.0,8.0,True
202607297100842,XC,2026-07-29,JUL,WED,False,501.0,EDB,1804,1803.0,DAR,2009.0,2027.0,18.0,2011,2029.0,18.0,190.0,BHM,2328.0,2344.0,16.0,True
202607307101176,XC,2026-07-30,JUL,THU,False,,NCL,518,517.0,DAR,550.0,548.0,-2.0,552,552.0,0.0,50.0,BHM,828.0,832.0,4.0,True
202607308729925,XC,2026-07-30,JUL,THU,False,,NCL,623,623.0,DAR,652.0,651.0,-1.0,654,654.0,0.0,50.0,BHM,928.0,928.0,0.0,False
202607307101140,XC,2026-07-30,JUL,THU,False,,NCL,640,640.0,DAR,709.0,708.0,-1.0,710,710.0,0.0,50.0,BHM,1004.0,1006.0,2.0,True
202607308729862,XC,2026-07-30,JUL,THU,False,,EDB,602,602.0,DAR,810.0,808.0,-2.0,811,812.0,1.0,190.0,BHM,1106.0,1106.0,0.0,False
202607307101180,XC,2026-07-30,JUL,THU,False,,NCL,835,836.0,DAR,904.0,905.0,1.0,906,906.0,0.0,50.0,BHM,1127.0,1127.0,0.0,False
202607308729873,XC,2026-07-30,JUL,THU,False,,GLC,648,647.0,DAR,1010.0,1009.0,-1.0,1011,1012.0,1.0,228.0,BHM,1306.0,1306.0,0.0,False
202607307101184,XC,2026-07-30,JUL,THU,False,,NCL,1034,1039.0,DAR,1104.0,1109.0,5.0,1105,1111.0,6.0,50.0,BHM,1328.0,1334.0,6.0,True
202607308729884,XC,2026-07-30,JUL,THU,False,,EDB,1005,1004.0,DAR,1210.0,1211.0,1.0,1213,1213.0,0.0,190.0,BHM,1506.0,1514.0,8.0,True
202607308729935,XC,2026-07-30,JUL,THU,False,576.0,NCL,1233,1233.0,DAR,1303.0,1304.0,1.0,1305,1307.0,2.0,50.0,BHM,1528.0,1552.0,24.0,True
202607307101154,XC,2026-07-30,JUL,THU,False,,EDB,1205,1204.0,DAR,1410.0,1410.0,0.0,1411,1412.0,1.0,190.0,BHM,1706.0,1710.0,4.0,True
202607308729937,XC,2026-07-30,JUL,THU,False,,NCL,1434,1436.0,DAR,1504.0,1505.0,1.0,1506,1507.0,1.0,50.0,BHM,1727.0,1729.0,2.0,True
202607308729909,XC,2026-07-30,JUL,THU,False,,EDB,1404,1403.0,DAR,1610.0,1611.0,1.0,1611,1613.0,2.0,190.0,BHM,1907.0,1913.0,6.0,True
202607307166824,XC,2026-07-30,JUL,THU,False,,NCL,1634,1633.0,DAR,1703.0,1702.0,-1.0,1705,1705.0,0.0,50.0,BHM,1931.0,1931.0,0.0,False
202607307101169,XC,2026-07-30,JUL,THU,False,,EDB,1605,1605.0,DAR,1810.0,1809.0,-1.0,1812,1812.0,0.0,190.0,BHM,2107.0,2109.0,2.0,True
202607307100914,XC,2026-07-30,JUL,THU,False,,NCL,1833,1834.0,DAR,1904.0,1905.0,1.0,1906,1909.0,3.0,50.0,BHM,2126.0,2127.0,1.0,True
202607307100842,XC,2026-07-30,JUL,THU,False,576.0,EDB,1804,1803.0,DAR,2009.0,2038.0,29.0,2011,2039.0,28.0,190.0,BHM,2328.0,2339.0,11.0,True
202607317101176,XC,2026-07-31,JUL,FRI,False,,NCL,518,517.0,DAR,550.0,548.0,-2.0,552,551.0,-1.0,50.0,BHM,828.0,828.0,0.0,False
202607318729925,XC,2026-07-31,JUL,FRI,False,895.0,NCL,623,623.0,DAR,652.0,651.0,-1.0,654,654.0,0.0,50.0,BHM,928.0,928.0,0.0,False
202607317101140,XC,2026-07-31,JUL,FRI,False,832.0,NCL,640,640.0,DAR,709.0,709.0,0.0,710,711.0,1.0,50.0,BHM,1004.0,1014.0,10.0,True
202607318729862,XC,2026-07-31,JUL,FRI,False,,EDB,602,601.0,DAR,810.0,808.0,-2.0,811,811.0,0.0,190.0,BHM,1106.0,1106.0,0.0,False
202607317101180,XC,2026-07-31,JUL,FRI,False,832.0,NCL,835,836.0,DAR,904.0,907.0,3.0,906,909.0,3.0,50.0,BHM,1127.0,1132.0,5.0,True
202607318729873,XC,2026-07-31,JUL,FRI,False,832.0,GLC,648,647.0,DAR,1010.0,1009.0,-1.0,1011,1011.0,0.0,228.0,BHM,1306.0,1321.0,15.0,True
202607317101184,XC,2026-07-31,JUL,FRI,False,,NCL,1034,1037.0,DAR,1104.0,1107.0,3.0,1105,1110.0,5.0,50.0,BHM,1328.0,1334.0,6.0,True
202607318729884,XC,2026-07-31,JUL,FRI,False,904.0,EDB,1005,1004.0,DAR,1210.0,1209.0,-1.0,1213,1213.0,0.0,190.0,BHM,1506.0,1534.0,28.0,True
202607318729935,XC,2026-07-31,JUL,FRI,False,,NCL,1233,1232.0,DAR,1303.0,1302.0,-1.0,1305,1305.0,0.0,50.0,BHM,1528.0,1536.0,8.0,True
202607317101154,XC,2026-07-31,JUL,FRI,False,,EDB,1205,1204.0,DAR,1410.0,1410.0,0.0,1411,1412.0,1.0,190.0,BHM,1706.0,1711.0,5.0,True
202607318729937,XC,2026-07-31,JUL,FRI,False,832.0,NCL,1434,1433.0,DAR,1504.0,1506.0,2.0,1506,1516.0,10.0,50.0,BHM,1727.0,1732.0,5.0,True
202607318729909,XC,2026-07-31,JUL,FRI,False,,EDB,1404,1403.0,DAR,1610.0,1609.0,-1.0,1611,1612.0,1.0,190.0,BHM,1907.0,1907.0,0.0,False
202607317166824,XC,2026-07-31,JUL,FRI,False,,NCL,1634,1633.0,DAR,1703.0,1702.0,-1.0,1705,1705.0,0.0,50.0,BHM,1931.0,1934.0,3.0,True
202607317101169,XC,2026-07-31,JUL,FRI,False,,EDB,1605,1605.0,DAR,1810.0,1809.0,-1.0,1812,1812.0,0.0,190.0,BHM,2107.0,2108.0,1.0,True
202607317100914,XC,2026-07-31,JUL,FRI,False,,NCL,1833,1836.0,DAR,1904.0,1906.0,2.0,1906,1907.0,1.0,50.0,BHM,2126.0,2127.0,1.0,True
202607317100842,XC,2026-07-31,JUL,FRI,False,832.0,EDB,1804,1803.0,DAR,2009.0,2006.0,-3.0,2011,2011.0,0.0,190.0,BHM,2328.0,2346.0,18.0,True
202608018729924,XC,2026-08-01,AUG,SAT,False,,NCL,622,623.0,DAR,651.0,651.0,0.0,653,653.0,0.0,50.0,BHM,927.0,928.0,1.0,True
202608017101141,XC,2026-08-01,AUG,SAT,False,,NCL,640,640.0,DAR,709.0,708.0,-1.0,710,711.0,1.0,50.0,BHM,1004.0,1007.0,3.0,True
202608017101146,XC,2026-08-01,AUG,SAT,False,547.0,EDB,602,601.0,DAR,810.0,808.0,-2.0,811,810.0,-1.0,190.0,BHM,1106.0,1119.0,13.0,True
202608017101179,XC,2026-08-01,AUG,SAT,False,,NCL,835,834.0,DAR,904.0,903.0,-1.0,906,906.0,0.0,50.0,BHM,1127.0,1140.0,13.0,True
202608018729872,XC,2026-08-01,AUG,SAT,False,,GLC,648,648.0,DAR,1010.0,1013.0,3.0,1011,1015.0,4.0,228.0,BHM,1306.0,1319.0,13.0,True
202608017101183,XC,2026-08-01,AUG,SAT,False,,NCL,1035,1035.0,DAR,1104.0,1105.0,1.0,1106,1107.0,1.0,50.0,BHM,1328.0,1334.0,6.0,True
202608018729885,XC,2026-08-01,AUG,SAT,False,,EDB,1005,1004.0,DAR,1210.0,1208.0,-2.0,1211,1210.0,-1.0,190.0,BHM,1505.0,1510.0,5.0,True
202608018729934,XC,2026-08-01,AUG,SAT,False,,NCL,1234,1234.0,DAR,1304.0,1303.0,-1.0,1306,1306.0,0.0,50.0,BHM,1527.0,1529.0,2.0,True
202608017101156,XC,2026-08-01,AUG,SAT,False,,EDB,1205,1204.0,DAR,1410.0,1412.0,2.0,1411,1414.0,3.0,190.0,BHM,1706.0,1708.0,2.0,True
202608018729938,XC,2026-08-01,AUG,SAT,False,,NCL,1434,1433.0,DAR,1504.0,1503.0,-1.0,1505,1505.0,0.0,50.0,BHM,1727.0,1728.0,1.0,True
202608017101164,XC,2026-08-01,AUG,SAT,False,,EDB,1404,1403.0,DAR,1611.0,1610.0,-1.0,1612,1612.0,0.0,190.0,BHM,1905.0,1908.0,3.0,True
202608017166825,XC,2026-08-01,AUG,SAT,False,,NCL,1633,1633.0,DAR,1703.0,1704.0,1.0,1704,1706.0,2.0,50.0,BHM,1925.0,1930.0,5.0,True
202608017101168,XC,2026-08-01,AUG,SAT,False,576.0,EDB,1605,1604.0,DAR,1809.0,1826.0,17.0,1811,1830.0,19.0,190.0,BHM,2106.0,2126.0,20.0,True
202608017100846,XC,2026-08-01,AUG,SAT,False,,EDB,1804,1807.0,DAR,2009.0,2007.0,-2.0,2011,2010.0,-1.0,190.0,BHM,2307.0,2308.0,1.0,True
202608028729874,XC,2026-08-02,AUG,SUN,False,,NCL,936,936.0,DAR,1005.0,1006.0,1.0,1006,1008.0,2.0,50.0,BHM,1305.0,1306.0,1.0,True
202608027101147,XC,2026-08-02,AUG,SUN,False,,EDB,908,908.0,DAR,1109.0,1110.0,1.0,1111,1113.0,2.0,190.0,BHM,1404.0,1404.0,0.0,False
202608028729886,XC,2026-08-02,AUG,SUN,False,,EDB,1008,1008.0,DAR,1209.0,1209.0,0.0,1210,1211.0,1.0,190.0,BHM,1506.0,1510.0,4.0,True
202608027101152,XC,2026-08-02,AUG,SUN,False,,EDB,1107,1107.0,DAR,1309.0,1308.0,-1.0,1310,1310.0,0.0,190.0,BHM,1604.0,1604.0,0.0,False
202608027101155,XC,2026-08-02,AUG,SUN,False,,GLC,1055,1055.0,DAR,1410.0,1410.0,0.0,1411,1412.0,1.0,228.0,BHM,1706.0,1708.0,2.0,True
202608027101163,XC,2026-08-02,AUG,SUN,False,,EDB,1305,1305.0,DAR,1509.0,1515.0,6.0,1511,1516.0,5.0,190.0,BHM,1804.0,1805.0,1.0,True
202608027101165,XC,2026-08-02,AUG,SUN,False,,DEE,1222,1222.0,DAR,1609.0,1609.0,0.0,1610,1611.0,1.0,,BHM,1903.0,1908.0,5.0,True
202608027166826,XC,2026-08-02,AUG,SUN,False,,NCL,1635,1634.0,DAR,1704.0,1704.0,0.0,1706,1706.0,0.0,50.0,BHM,1925.0,1940.0,15.0,True
202608028729915,XC,2026-08-02,AUG,SUN,False,,EDB,1607,1607.0,DAR,1811.0,1807.0,-4.0,1812,1812.0,0.0,190.0,BHM,2106.0,2110.0,4.0,True
202608027100843,XC,2026-08-02,AUG,SUN,False,,EDB,1805,1804.0,DAR,2007.0,2006.0,-1.0,2009,2009.0,0.0,190.0,BHM,2309.0,2307.0,-2.0,False
202608037101176,XC,2026-08-03,AUG,MON,False,,NCL,518,518.0,DAR,550.0,549.0,-1.0,552,552.0,0.0,50.0,BHM,828.0,830.0,2.0,True
202608038729925,XC,2026-08-03,AUG,MON,False,,NCL,623,623.0,DAR,652.0,652.0,0.0,654,655.0,1.0,50.0,BHM,928.0,926.0,-2.0,False
202608037101140,XC,2026-08-03,AUG,MON,False,887.0,NCL,640,640.0,DAR,709.0,709.0,0.0,710,711.0,1.0,50.0,BHM,1004.0,1008.0,4.0,True
202608038729862,XC,2026-08-03,AUG,MON,False,,EDB,602,602.0,DAR,810.0,809.0,-1.0,811,812.0,1.0,190.0,BHM,1106.0,1106.0,0.0,False
202608037101180,XC,2026-08-03,AUG,MON,False,,NCL,835,834.0,DAR,904.0,903.0,-1.0,906,906.0,0.0,50.0,BHM,1127.0,1130.0,3.0,True
202608038729873,XC,2026-08-03,AUG,MON,False,,GLC,648,647.0,DAR,1010.0,1011.0,1.0,1011,1013.0,2.0,228.0,BHM,1306.0,1311.0,5.0,True
202608037101184,XC,2026-08-03,AUG,MON,False,543.0,NCL,1034,1035.0,DAR,1104.0,1103.0,-1.0,1105,1105.0,0.0,50.0,BHM,1328.0,1339.0,11.0,True
202608038729884,XC,2026-08-03,AUG,MON,False,895.0,EDB,1005,1004.0,DAR,1210.0,1209.0,-1.0,1213,1213.0,0.0,190.0,BHM,1506.0,1524.0,18.0,True
202608038729935,XC,2026-08-03,AUG,MON,False,,NCL,1233,1233.0,DAR,1303.0,1305.0,2.0,1305,1307.0,2.0,50.0,BHM,1528.0,1537.0,9.0,True
202608037101154,XC,2026-08-03,AUG,MON,False,,EDB,1205,1204.0,DAR,1410.0,1409.0,-1.0,1411,1413.0,2.0,190.0,BHM,1706.0,1736.0,30.0,True
202608038729937,XC,2026-08-03,AUG,MON,False,,NCL,1434,1433.0,DAR,1504.0,1503.0,-1.0,1506,1506.0,0.0,50.0,BHM,1727.0,1747.0,20.0,True
202608038729909,XC,2026-08-03,AUG,MON,False,520.0,EDB,1404,1405.0,DAR,1610.0,1641.0,31.0,1611,1643.0,32.0,190.0,BHM,1907.0,1957.0,50.0,True
202608037166824,XC,2026-08-03,AUG,MON,False,,NCL,1634,1634.0,DAR,1703.0,1705.0,2.0,1705,1707.0,2.0,50.0,BHM,1931.0,1935.0,4.0,True
202608037101169,XC,2026-08-03,AUG,MON,False,520.0,EDB,1605,1605.0,DAR,1810.0,1809.0,-1.0,1812,1812.0,0.0,190.0,BHM,2107.0,2133.0,26.0,True
202608037100914,XC,2026-08-03,AUG,MON,False,,NCL,1833,1833.0,DAR,1904.0,1906.0,2.0,1906,1908.0,2.0,50.0,BHM,2126.0,2135.0,9.0,True
202608037100842,XC,2026-08-03,AUG,MON,False,520.0,EDB,1804,1811.0,DAR,2009.0,2012.0,3.0,2011,2014.0,3.0,190.0,BHM,2328.0,2328.0,0.0,False
202608047101176,XC,2026-08-04,AUG,TUE,False,,NCL,518,518.0,DAR,550.0,548.0,-2.0,552,552.0,0.0,50.0,BHM,828.0,831.0,3.0,True
202608048729925,XC,2026-08-04,AUG,TUE,False,,NCL,623,624.0,DAR,652.0,652.0,0.0,654,654.0,0.0,50.0,BHM,928.0,929.0,1.0,True
202608047101140,XC,2026-08-04,AUG,TUE,False,,NCL,640,640.0,DAR,709.0,709.0,0.0,710,711.0,1.0,50.0,BHM,1004.0,1005.0,1.0,True
202608048729862,XC,2026-08-04,AUG,TUE,False,,EDB,602,602.0,DAR,810.0,808.0,-2.0,811,811.0,0.0,190.0,BHM,1106.0,1110.0,4.0,True
202608047101180,XC,2026-08-04,AUG,TUE,False,,NCL,835,835.0,DAR,904.0,904.0,0.0,906,906.0,0.0,50.0,BHM,1127.0,1128.0,1.0,True
202608048729873,XC,2026-08-04,AUG,TUE,False,,GLC,648,647.0,DAR,1010.0,1010.0,0.0,1011,1012.0,1.0,228.0,BHM,1306.0,1304.0,-2.0,False
202608047101184,XC,2026-08-04,AUG,TUE,False,904.0,NCL,1034,1035.0,DAR,1104.0,1107.0,3.0,1105,1109.0,4.0,50.0,BHM,1328.0,1334.0,6.0,True
202608048729884,XC,2026-08-04,AUG,TUE,False,,EDB,1005,1004.0,DAR,1210.0,1209.0,-1.0,1213,1213.0,0.0,190.0,BHM,1506.0,1506.0,0.0,False
202608048729935,XC,2026-08-04,AUG,TUE,False,,NCL,1233,1234.0,DAR,1303.0,1306.0,3.0,1305,1308.0,3.0,50.0,BHM,1528.0,1532.0,4.0,True
202608047101154,XC,2026-08-04,AUG,TUE,False,574.0,EDB,1205,1205.0,DAR,1410.0,1409.0,-1.0,1411,1412.0,1.0,190.0,BHM,1706.0,1716.0,10.0,True
202608048729937,XC,2026-08-04,AUG,TUE,False,,NCL,1434,1433.0,DAR,1504.0,1503.0,-1.0,1506,1506.0,0.0,50.0,BHM,1727.0,1732.0,5.0,True
202608048729909,XC,2026-08-04,AUG,TUE,False,,EDB,1404,1403.0,DAR,1610.0,1608.0,-2.0,1611,1611.0,0.0,190.0,BHM,1907.0,1908.0,1.0,True
202608047166824,XC,2026-08-04,AUG,TUE,False,,NCL,1634,1634.0,DAR,1703.0,1704.0,1.0,1705,1706.0,1.0,50.0,BHM,1931.0,1935.0,4.0,True
202608047101169,XC,2026-08-04,AUG,TUE,False,,EDB,1605,1604.0,DAR,1810.0,1811.0,1.0,1812,1813.0,1.0,190.0,BHM,2107.0,2107.0,0.0,False
202608047100914,XC,2026-08-04,AUG,TUE,False,,NCL,1833,1835.0,DAR,1904.0,1906.0,2.0,1906,1907.0,1.0,50.0,BHM,2126.0,2128.0,2.0,True
202608047100842,XC,2026-08-04,AUG,TUE,False,911.0,EDB,1804,1858.0,DAR,2009.0,2102.0,53.0,2011,2103.0,52.0,190.0,BHM,2328.0,2329.0,1.0,True
202608057101176,XC,2026-08-05,AUG,WED,False,,NCL,518,518.0,DAR,550.0,548.0,-2.0,552,552.0,0.0,50.0,BHM,828.0,836.0,8.0,True
202608058729925,XC,2026-08-05,AUG,WED,False,,NCL,623,623.0,DAR,652.0,652.0,0.0,654,654.0,0.0,50.0,BHM,928.0,927.0,-1.0,False
202608057101140,XC,2026-08-05,AUG,WED,False,,NCL,640,640.0,DAR,709.0,708.0,-1.0,710,710.0,0.0,50.0,BHM,1004.0,1004.0,0.0,False
202608058729862,XC,2026-08-05,AUG,WED,False,,EDB,602,602.0,DAR,810.0,809.0,-1.0,811,812.0,1.0,190.0,BHM,1106.0,1118.0,12.0,True
202608058729873,XC,2026-08-05,AUG,WED,False,832.0,GLC,648,648.0,DAR,1010.0,1010.0,0.0,1011,1012.0,1.0,228.0,BHM,1306.0,1336.0,30.0,True
202608057101184,XC,2026-08-05,AUG,WED,False,832.0,NCL,1034,1034.0,DAR,1104.0,1104.0,0.0,1105,1107.0,2.0,50.0,BHM,1328.0,1349.0,21.0,True
202608058729884,XC,2026-08-05,AUG,WED,False,,EDB,1005,1004.0,DAR,1210.0,1209.0,-1.0,1213,1213.0,0.0,190.0,BHM,1506.0,1512.0,6.0,True
202608058729935,XC,2026-08-05,AUG,WED,False,,NCL,1233,1232.0,DAR,1303.0,1301.0,-2.0,1305,1305.0,0.0,50.0,BHM,1528.0,1528.0,0.0,False
202608057101154,XC,2026-08-05,AUG,WED,False,,EDB,1205,1206.0,DAR,1410.0,1409.0,-1.0,1411,1411.0,0.0,190.0,BHM,1706.0,1705.0,-1.0,False
202608058729937,XC,2026-08-05,AUG,WED,False,,NCL,1434,1433.0,DAR,1504.0,1504.0,0.0,1506,1506.0,0.0,50.0,BHM,1727.0,1732.0,5.0,True
202608058729909,XC,2026-08-05,AUG,WED,False,,EDB,1404,1403.0,DAR,1610.0,1610.0,0.0,1611,1612.0,1.0,190.0,BHM,1907.0,1909.0,2.0,True
202608057166824,XC,2026-08-05,AUG,WED,False,,NCL,1634,1633.0,DAR,1703.0,1703.0,0.0,1705,1707.0,2.0,50.0,BHM,1931.0,1933.0,2.0,True
202608057101169,XC,2026-08-05,AUG,WED,False,705.0,EDB,1605,1605.0,DAR,1810.0,1812.0,2.0,1812,1814.0,2.0,190.0,BHM,2107.0,2128.0,21.0,True
202608057100914,XC,2026-08-05,AUG,WED,False,,NCL,1833,1836.0,DAR,1904.0,1908.0,4.0,1906,1910.0,4.0,50.0,BHM,2126.0,2138.0,12.0,True
202608057100842,XC,2026-08-05,AUG,WED,False,,EDB,1804,1803.0,DAR,2009.0,2011.0,2.0,2011,2015.0,4.0,190.0,BHM,2328.0,2327.0,-1.0,False
202608067101176,XC,2026-08-06,AUG,THU,False,,NCL,518,518.0,DAR,550.0,548.0,-2.0,552,552.0,0.0,50.0,BHM,828.0,832.0,4.0,True
202608068729925,XC,2026-08-06,AUG,THU,False,895.0,NCL,623,623.0,DAR,652.0,652.0,0.0,654,654.0,0.0,50.0,BHM,928.0,927.0,-1.0,False
202608067101140,XC,2026-08-06,AUG,THU,False,,NCL,640,640.0,DAR,709.0,708.0,-1.0,710,710.0,0.0,50.0,BHM,1004.0,1009.0,5.0,True
202608068729862,XC,2026-08-06,AUG,THU,False,,EDB,602,603.0,DAR,810.0,808.0,-2.0,811,810.0,-1.0,190.0,BHM,1106.0,1109.0,3.0,True
202608067101180,XC,2026-08-06,AUG,THU,False,,NCL,835,835.0,DAR,904.0,904.0,0.0,906,906.0,0.0,50.0,BHM,1127.0,1132.0,5.0,True
202608068729873,XC,2026-08-06,AUG,THU,False,,GLC,648,648.0,DAR,1010.0,1011.0,1.0,1011,1013.0,2.0,228.0,BHM,1306.0,1312.0,6.0,True
202608067101184,XC,2026-08-06,AUG,THU,False,,NCL,1034,1034.0,DAR,1104.0,1106.0,2.0,1105,1109.0,4.0,50.0,BHM,1328.0,1329.0,1.0,True
202608068729884,XC,2026-08-06,AUG,THU,False,,EDB,1005,1004.0,DAR,1210.0,1209.0,-1.0,1213,1213.0,0.0,190.0,BHM,1506.0,1508.0,2.0,True
202608068729935,XC,2026-08-06,AUG,THU,False,,NCL,1233,1235.0,DAR,1303.0,1304.0,1.0,1305,1307.0,2.0,50.0,BHM,1528.0,1528.0,0.0,False
202608067101154,XC,2026-08-06,AUG,THU,False,,EDB,1205,1204.0,DAR,1410.0,1409.0,-1.0,1411,1411.0,0.0,190.0,BHM,1706.0,1728.0,22.0,True
202608068729937,XC,2026-08-06,AUG,THU,False,,NCL,1434,1436.0,DAR,1504.0,1504.0,0.0,1506,1506.0,0.0,50.0,BHM,1727.0,1736.0,9.0,True
202608068729909,XC,2026-08-06,AUG,THU,False,555.0,EDB,1404,1404.0,DAR,1610.0,1609.0,-1.0,1611,1611.0,0.0,190.0,BHM,1907.0,2012.0,65.0,True
202608067101169,XC,2026-08-06,AUG,THU,False,895.0,EDB,1605,1604.0,DAR,1810.0,1809.0,-1.0,1812,1812.0,0.0,190.0,BHM,2107.0,2126.0,19.0,True
202608067100914,XC,2026-08-06,AUG,THU,False,,NCL,1833,1835.0,DAR,1904.0,1906.0,2.0,1906,1907.0,1.0,50.0,BHM,2126.0,2134.0,8.0,True
202608067100842,XC,2026-08-06,AUG,THU,False,895.0,EDB,1804,1804.0,DAR,2009.0,2031.0,22.0,2011,2033.0,22.0,190.0,BHM,2328.0,2347.0,19.0,True
202608077101176,XC,2026-08-07,AUG,FRI,False,,NCL,518,518.0,DAR,550.0,553.0,3.0,552,556.0,4.0,50.0,BHM,828.0,833.0,5.0,True
202608078729925,XC,2026-08-07,AUG,FRI,False,,NCL,623,623.0,DAR,652.0,652.0,0.0,654,654.0,0.0,50.0,BHM,928.0,925.0,-3.0,False
202608077101140,XC,2026-08-07,AUG,FRI,False,,NCL,640,640.0,DAR,709.0,709.0,0.0,710,713.0,3.0,50.0,BHM,1004.0,1011.0,7.0,True
202608078729862,XC,2026-08-07,AUG,FRI,False,,EDB,602,602.0,DAR,810.0,809.0,-1.0,811,812.0,1.0,190.0,BHM,1106.0,1109.0,3.0,True
202608077101180,XC,2026-08-07,AUG,FRI,False,832.0,NCL,835,834.0,DAR,904.0,913.0,9.0,906,916.0,10.0,50.0,BHM,1127.0,1200.0,33.0,True
202608078729873,XC,2026-08-07,AUG,FRI,False,895.0,GLC,648,648.0,DAR,1010.0,1027.0,17.0,1011,1033.0,22.0,228.0,BHM,1306.0,1331.0,25.0,True
202608078729884,XC,2026-08-07,AUG,FRI,False,,EDB,1005,1005.0,DAR,1210.0,1210.0,0.0,1213,1213.0,0.0,190.0,BHM,1506.0,1517.0,11.0,True
202608077101154,XC,2026-08-07,AUG,FRI,False,,EDB,1205,1207.0,DAR,1410.0,1411.0,1.0,1411,1415.0,4.0,190.0,BHM,1706.0,1713.0,7.0,True
202608078729937,XC,2026-08-07,AUG,FRI,False,895.0,NCL,1434,1435.0,DAR,1504.0,1508.0,4.0,1506,1511.0,5.0,50.0,BHM,1727.0,1746.0,19.0,True
202608078729909,XC,2026-08-07,AUG,FRI,False,832.0,EDB,1404,1404.0,DAR,1610.0,1619.0,9.0,1611,1621.0,10.0,190.0,BHM,1907.0,1917.0,10.0,True
202608077166824,XC,2026-08-07,AUG,FRI,False,,NCL,1634,1635.0,DAR,1703.0,1705.0,2.0,1705,1706.0,1.0,50.0,BHM,1931.0,1933.0,2.0,True
202608077101169,XC,2026-08-07,AUG,FRI,False,,EDB,1605,1606.0,DAR,1810.0,1809.0,-1.0,1812,1812.0,0.0,190.0,BHM,2107.0,2110.0,3.0,True
202608077100914,XC,2026-08-07,AUG,FRI,False,,NCL,1833,1836.0,DAR,1904.0,1907.0,3.0,1906,1909.0,3.0,50.0,BHM,2126.0,2130.0,4.0,True
202608077100842,XC,2026-08-07,AUG,FRI,False,,EDB,1804,1804.0,DAR,2009.0,2017.0,8.0,2011,2021.0,10.0,190.0,BHM,2328.0,2329.0,1.0,True
202608088729924,XC,2026-08-08,AUG,SAT,False,,NCL,622,622.0,DAR,651.0,652.0,1.0,653,654.0,1.0,50.0,BHM,927.0,928.0,1.0,True
202608087101141,XC,2026-08-08,AUG,SAT,False,,NCL,640,640.0,DAR,709.0,709.0,0.0,710,710.0,0.0,50.0,BHM,1004.0,1005.0,1.0,True
202608087101146,XC,2026-08-08,AUG,SAT,False,,EDB,602,602.0,DAR,810.0,809.0,-1.0,811,811.0,0.0,190.0,BHM,1106.0,1107.0,1.0,True
202608088729867,XC,2026-08-08,AUG,SAT,False,,EDB,703,703.0,DAR,910.0,911.0,1.0,912,913.0,1.0,190.0,BHM,1207.0,1206.0,-1.0,False
202608088729872,XC,2026-08-08,AUG,SAT,False,,GLC,648,647.0,DAR,1010.0,1010.0,0.0,1011,1012.0,1.0,228.0,BHM,1306.0,1310.0,4.0,True
202608088729878,XC,2026-08-08,AUG,SAT,False,,GLC,748,747.0,DAR,1110.0,1108.0,-2.0,1111,1111.0,0.0,228.0,BHM,1404.0,1403.0,-1.0,False
202608088729885,XC,2026-08-08,AUG,SAT,False,574.0,EDB,1005,1004.0,DAR,1210.0,1219.0,9.0,1211,1221.0,10.0,190.0,BHM,1505.0,1505.0,0.0,False
202608087101151,XC,2026-08-08,AUG,SAT,False,,ABD,820,820.0,DAR,1310.0,1310.0,0.0,1311,1312.0,1.0,293.0,BHM,1604.0,1605.0,1.0,True
202608087101156,XC,2026-08-08,AUG,SAT,False,,EDB,1205,1204.0,DAR,1410.0,1409.0,-1.0,1411,1411.0,0.0,190.0,BHM,1706.0,1705.0,-1.0,False
202608087101164,XC,2026-08-08,AUG,SAT,False,,EDB,1404,1403.0,DAR,1611.0,1609.0,-2.0,1612,1613.0,1.0,190.0,BHM,1905.0,1921.0,16.0,True
202608087101167,XC,2026-08-08,AUG,SAT,False,,EDB,1504,1503.0,DAR,1708.0,1713.0,5.0,1711,1715.0,4.0,190.0,BHM,2005.0,2009.0,4.0,True
202608087101168,XC,2026-08-08,AUG,SAT,False,574.0,EDB,1605,1605.0,DAR,1809.0,1809.0,0.0,1811,1811.0,0.0,190.0,BHM,2106.0,2145.0,39.0,True
202608087100913,XC,2026-08-08,AUG,SAT,False,,EDB,1705,1704.0,DAR,1910.0,1912.0,2.0,1911,1914.0,3.0,190.0,BHM,2232.0,2234.0,2.0,True
202608087100846,XC,2026-08-08,AUG,SAT,False,,EDB,1804,1804.0,DAR,2009.0,2008.0,-1.0,2011,2011.0,0.0,190.0,BHM,2307.0,2323.0,16.0,True
202608098729869,XC,2026-08-09,AUG,SUN,False,547.0,NCL,830,830.0,DAR,901.0,901.0,0.0,904,904.0,0.0,50.0,BHM,1204.0,1214.0,10.0,True
202608098729874,XC,2026-08-09,AUG,SUN,False,,NCL,936,937.0,DAR,1005.0,1007.0,2.0,1006,1009.0,3.0,50.0,BHM,1305.0,1309.0,4.0,True
202608097101147,XC,2026-08-09,AUG,SUN,False,,EDB,908,907.0,DAR,1109.0,1110.0,1.0,1111,1116.0,5.0,190.0,BHM,1404.0,1404.0,0.0,False
202608097101152,XC,2026-08-09,AUG,SUN,False,,EDB,1107,1107.0,DAR,1309.0,1310.0,1.0,1310,1312.0,2.0,190.0,BHM,1604.0,1605.0,1.0,True
202608097101163,XC,2026-08-09,AUG,SUN,False,547.0,EDB,1305,1304.0,DAR,1509.0,1510.0,1.0,1511,1512.0,1.0,190.0,BHM,1804.0,1819.0,15.0,True
202608098729913,XC,2026-08-09,AUG,SUN,False,,EDB,1505,1504.0,DAR,1710.0,1710.0,0.0,1712,1712.0,0.0,190.0,BHM,2004.0,2007.0,3.0,True
202608098729915,XC,2026-08-09,AUG,SUN,False,,EDB,1607,1607.0,DAR,1811.0,1814.0,3.0,1812,1816.0,4.0,190.0,BHM,2106.0,2112.0,6.0,True
202608098729918,XC,2026-08-09,AUG,SUN,False,,EDB,1705,1705.0,DAR,1909.0,1913.0,4.0,1911,1915.0,4.0,190.0,BHM,2208.0,2208.0,0.0,False
202608097100843,XC,2026-08-09,AUG,SUN,False,,EDB,1805,1804.0,DAR,2007.0,2006.0,-1.0,2009,2009.0,0.0,190.0,BHM,2309.0,2312.0,3.0,True
202608107101176,XC,2026-08-10,AUG,MON,False,,NCL,518,518.0,DAR,550.0,548.0,-2.0,552,552.0,0.0,50.0,BHM,828.0,831.0,3.0,True
202608108729925,XC,2026-08-10,AUG,MON,False,,NCL,623,624.0,DAR,652.0,651.0,-1.0,654,654.0,0.0,50.0,BHM,928.0,929.0,1.0,True
202608107101140,XC,2026-08-10,AUG,MON,False,,NCL,640,640.0,DAR,709.0,709.0,0.0,710,711.0,1.0,50.0,BHM,1004.0,1006.0,2.0,True
202608108729862,XC,2026-08-10,AUG,MON,False,,EDB,602,601.0,DAR,810.0,809.0,-1.0,811,811.0,0.0,190.0,BHM,1106.0,1107.0,1.0,True
202608107101180,XC,2026-08-10,AUG,MON,False,,NCL,835,834.0,DAR,904.0,903.0,-1.0,906,906.0,0.0,50.0,BHM,1127.0,1126.0,-1.0,False
202608108729873,XC,2026-08-10,AUG,MON,False,574.0,GLC,648,648.0,DAR,1010.0,1010.0,0.0,1011,1013.0,2.0,228.0,BHM,1306.0,1318.0,12.0,True
202608107101184,XC,2026-08-10,AUG,MON,False,,NCL,1034,1034.0,DAR,1104.0,1106.0,2.0,1105,1108.0,3.0,50.0,BHM,1328.0,1336.0,8.0,True
202608108729884,XC,2026-08-10,AUG,MON,False,,EDB,1005,1004.0,DAR,1210.0,1213.0,3.0,1213,1215.0,2.0,190.0,BHM,1506.0,1512.0,6.0,True
202608108729935,XC,2026-08-10,AUG,MON,False,,NCL,1233,1238.0,DAR,1303.0,1305.0,2.0,1305,1306.0,1.0,50.0,BHM,1528.0,1528.0,0.0,False
202608107101154,XC,2026-08-10,AUG,MON,False,,EDB,1205,1204.0,DAR,1410.0,1409.0,-1.0,1411,1412.0,1.0,190.0,BHM,1706.0,1706.0,0.0,False
202608108729937,XC,2026-08-10,AUG,MON,False,,NCL,1434,1433.0,DAR,1504.0,1503.0,-1.0,1506,1506.0,0.0,50.0,BHM,1727.0,1728.0,1.0,True
202608108729909,XC,2026-08-10,AUG,MON,False,,EDB,1404,1403.0,DAR,1610.0,1609.0,-1.0,1611,1612.0,1.0,190.0,BHM,1907.0,1919.0,12.0,True
202608107166824,XC,2026-08-10,AUG,MON,False,,NCL,1634,1634.0,DAR,1703.0,1704.0,1.0,1705,1706.0,1.0,50.0,BHM,1931.0,1947.0,16.0,True
202608107101169,XC,2026-08-10,AUG,MON,False,,EDB,1605,1605.0,DAR,1810.0,1809.0,-1.0,1812,1812.0,0.0,190.0,BHM,2107.0,2109.0,2.0,True
202608107100914,XC,2026-08-10,AUG,MON,False,,NCL,1833,1835.0,DAR,1904.0,1910.0,6.0,1906,1912.0,6.0,50.0,BHM,2126.0,2203.0,37.0,True
202608107100842,XC,2026-08-10,AUG,MON,False,,EDB,1804,1804.0,DAR,2009.0,2007.0,-2.0,2011,2010.0,-1.0,190.0,BHM,2345.0,2344.0,-1.0,False
202608117101176,XC,2026-08-11,AUG,TUE,False,,NCL,518,518.0,DAR,550.0,548.0,-2.0,552,552.0,0.0,50.0,BHM,828.0,830.0,2.0,True
202608118729925,XC,2026-08-11,AUG,TUE,False,,NCL,623,623.0,DAR,652.0,651.0,-1.0,654,654.0,0.0,50.0,BHM,928.0,931.0,3.0,True
202608117101140,XC,2026-08-11,AUG,TUE,False,,NCL,640,640.0,DAR,709.0,708.0,-1.0,710,710.0,0.0,50.0,BHM,1004.0,1008.0,4.0,True
202608118729862,XC,2026-08-11,AUG,TUE,False,574.0,EDB,602,602.0,DAR,810.0,809.0,-1.0,811,812.0,1.0,190.0,BHM,1106.0,1110.0,4.0,True
202608117101180,XC,2026-08-11,AUG,TUE,False,,NCL,835,835.0,DAR,904.0,905.0,1.0,906,907.0,1.0,50.0,BHM,1127.0,1126.0,-1.0,False
202608118729873,XC,2026-08-11,AUG,TUE,False,,GLC,648,648.0,DAR,1010.0,1008.0,-2.0,1011,1010.0,-1.0,228.0,BHM,1306.0,1308.0,2.0,True
202608117101184,XC,2026-08-11,AUG,TUE,False,,NCL,1034,1037.0,DAR,1104.0,1108.0,4.0,1105,1110.0,5.0,50.0,BHM,1328.0,1331.0,3.0,True
202608118729884,XC,2026-08-11,AUG,TUE,False,,EDB,1005,1004.0,DAR,1210.0,1209.0,-1.0,1213,1213.0,0.0,190.0,BHM,1506.0,1506.0,0.0,False
202608118729935,XC,2026-08-11,AUG,TUE,False,,NCL,1233,1232.0,DAR,1303.0,1302.0,-1.0,1305,1304.0,-1.0,50.0,BHM,1528.0,1527.0,-1.0,False
202608117101154,XC,2026-08-11,AUG,TUE,False,,EDB,1205,1205.0,DAR,1410.0,1409.0,-1.0,1411,1411.0,0.0,190.0,BHM,1706.0,1708.0,2.0,True
202608118729937,XC,2026-08-11,AUG,TUE,False,,NCL,1434,1434.0,DAR,1504.0,1504.0,0.0,1506,1506.0,0.0,50.0,BHM,1727.0,1731.0,4.0,True
202608118729909,XC,2026-08-11,AUG,TUE,False,,EDB,1404,1403.0,DAR,1610.0,1608.0,-2.0,1611,1611.0,0.0,190.0,BHM,1907.0,1909.0,2.0,True
202608117166824,XC,2026-08-11,AUG,TUE,False,,NCL,1634,1634.0,DAR,1703.0,1703.0,0.0,1705,1706.0,1.0,50.0,BHM,1931.0,1929.0,-2.0,False
202608117101169,XC,2026-08-11,AUG,TUE,False,,EDB,1605,1604.0,DAR,1810.0,1809.0,-1.0,1812,1812.0,0.0,190.0,BHM,2107.0,2120.0,13.0,True
202608117100914,XC,2026-08-11,AUG,TUE,False,,NCL,1833,1833.0,DAR,1904.0,1906.0,2.0,1906,1907.0,1.0,50.0,BHM,2126.0,2203.0,37.0,True
202608117100842,XC,2026-08-11,AUG,TUE,False,,EDB,1804,1804.0,DAR,2009.0,2011.0,2.0,2011,2012.0,1.0,190.0,BHM,2348.0,2349.0,1.0,True
202608127101176,XC,2026-08-12,AUG,WED,False,705.0,NCL,518,518.0,DAR,550.0,548.0,-2.0,552,552.0,0.0,50.0,BHM,828.0,900.0,32.0,True
202608128729925,XC,2026-08-12,AUG,WED,False,,NCL,623,623.0,DAR,652.0,652.0,0.0,654,654.0,0.0,50.0,BHM,928.0,927.0,-1.0,False
202608127101140,XC,2026-08-12,AUG,WED,False,,NCL,640,640.0,DAR,709.0,709.0,0.0,710,711.0,1.0,50.0,BHM,1004.0,1004.0,0.0,False
202608128729862,XC,2026-08-12,AUG,WED,False,,EDB,602,602.0,DAR,810.0,809.0,-1.0,811,811.0,0.0,190.0,BHM,1106.0,1106.0,0.0,False
202608127101180,XC,2026-08-12,AUG,WED,False,,NCL,835,834.0,DAR,904.0,903.0,-1.0,906,905.0,-1.0,50.0,BHM,1127.0,1127.0,0.0,False
202608128729884,XC,2026-08-12,AUG,WED,False,,EDB,1005,1004.0,DAR,1210.0,1211.0,1.0,1213,1213.0,0.0,190.0,BHM,1506.0,1506.0,0.0,False
202608128729935,XC,2026-08-12,AUG,WED,False,,NCL,1233,1233.0,DAR,1303.0,1303.0,0.0,1305,1306.0,1.0,50.0,BHM,1528.0,1532.0,4.0,True
202608127101154,XC,2026-08-12,AUG,WED,False,,EDB,1205,1204.0,DAR,1410.0,1409.0,-1.0,1411,1411.0,0.0,190.0,BHM,1706.0,1706.0,0.0,False
202608128729909,XC,2026-08-12,AUG,WED,False,,EDB,1404,1403.0,DAR,1610.0,1611.0,1.0,1611,1614.0,3.0,190.0,BHM,1907.0,1907.0,0.0,False
202608127166824,XC,2026-08-12,AUG,WED,False,,NCL,1634,1635.0,DAR,1703.0,1704.0,1.0,1705,1706.0,1.0,50.0,BHM,1931.0,1939.0,8.0,True
202608127101169,XC,2026-08-12,AUG,WED,False,,EDB,1605,1607.0,DAR,1810.0,1810.0,0.0,1812,1812.0,0.0,190.0,BHM,2107.0,2110.0,3.0,True
202608127100914,XC,2026-08-12,AUG,WED,False,,NCL,1833,1833.0,DAR,1904.0,1903.0,-1.0,1906,1907.0,1.0,50.0,BHM,2126.0,2133.0,7.0,True
202608127100842,XC,2026-08-12,AUG,WED,False,,EDB,1804,1803.0,DAR,2009.0,2019.0,10.0,2011,2021.0,10.0,190.0,BHM,2348.0,2345.0,-3.0,False
202608137101176,XC,2026-08-13,AUG,THU,False,,NCL,518,517.0,DAR,550.0,549.0,-1.0,552,552.0,0.0,50.0,BHM,828.0,838.0,10.0,True
202608138729925,XC,2026-08-13,AUG,THU,False,,NCL,623,623.0,DAR,652.0,653.0,1.0,654,655.0,1.0,50.0,BHM,928.0,928.0,0.0,False
202608137101140,XC,2026-08-13,AUG,THU,False,,NCL,640,640.0,DAR,709.0,709.0,0.0,710,711.0,1.0,50.0,BHM,1004.0,1008.0,4.0,True
202608138729862,XC,2026-08-13,AUG,THU,False,,EDB,602,601.0,DAR,810.0,809.0,-1.0,811,811.0,0.0,190.0,BHM,1106.0,1106.0,0.0,False
202608137101180,XC,2026-08-13,AUG,THU,False,,NCL,835,845.0,DAR,904.0,914.0,10.0,906,916.0,10.0,50.0,BHM,1127.0,1132.0,5.0,True
202608138729873,XC,2026-08-13,AUG,THU,False,,GLC,648,648.0,DAR,1010.0,1013.0,3.0,1011,1015.0,4.0,228.0,BHM,1306.0,1309.0,3.0,True
202608137101184,XC,2026-08-13,AUG,THU,False,832.0,NCL,1034,1034.0,DAR,1104.0,1102.0,-2.0,1105,1105.0,0.0,50.0,BHM,1328.0,1333.0,5.0,True
202608138729935,XC,2026-08-13,AUG,THU,False,,NCL,1233,1236.0,DAR,1303.0,1305.0,2.0,1305,1308.0,3.0,50.0,BHM,1528.0,1536.0,8.0,True
202608137101154,XC,2026-08-13,AUG,THU,False,520.0,EDB,1205,1204.0,DAR,1410.0,1409.0,-1.0,1411,1415.0,4.0,190.0,BHM,1706.0,1710.0,4.0,True
202608138729937,XC,2026-08-13,AUG,THU,False,,NCL,1434,1433.0,DAR,1504.0,1504.0,0.0,1506,1506.0,0.0,50.0,BHM,1727.0,1734.0,7.0,True
202608138729909,XC,2026-08-13,AUG,THU,False,832.0,EDB,1404,1403.0,DAR,1610.0,1608.0,-2.0,1611,1611.0,0.0,190.0,BHM,1907.0,1935.0,28.0,True
202608137166824,XC,2026-08-13,AUG,THU,False,,NCL,1634,1634.0,DAR,1703.0,1703.0,0.0,1705,1705.0,0.0,50.0,BHM,1931.0,1947.0,16.0,True
202608137101169,XC,2026-08-13,AUG,THU,False,,EDB,1605,1607.0,DAR,1810.0,1809.0,-1.0,1812,1812.0,0.0,190.0,BHM,2107.0,2119.0,12.0,True
202608137100914,XC,2026-08-13,AUG,THU,False,,NCL,1833,1835.0,DAR,1904.0,1905.0,1.0,1906,1908.0,2.0,50.0,BHM,2126.0,2150.0,24.0,True
202608147101176,XC,2026-08-14,AUG,FRI,False,,NCL,518,518.0,DAR,550.0,548.0,-2.0,552,552.0,0.0,50.0,BHM,828.0,834.0,6.0,True
202608148729925,XC,2026-08-14,AUG,FRI,False,,NCL,623,622.0,DAR,652.0,651.0,-1.0,654,654.0,0.0,50.0,BHM,928.0,928.0,0.0,False
202608147101140,XC,2026-08-14,AUG,FRI,False,,NCL,640,640.0,DAR,709.0,710.0,1.0,710,712.0,2.0,50.0,BHM,1004.0,1014.0,10.0,True
202608148729862,XC,2026-08-14,AUG,FRI,False,904.0,EDB,602,601.0,DAR,810.0,809.0,-1.0,811,811.0,0.0,190.0,BHM,1106.0,1134.0,28.0,True
202608147101180,XC,2026-08-14,AUG,FRI,False,895.0,NCL,835,839.0,DAR,904.0,909.0,5.0,906,910.0,4.0,50.0,BHM,1127.0,1146.0,19.0,True
202608148729873,XC,2026-08-14,AUG,FRI,False,,GLC,648,648.0,DAR,1010.0,1009.0,-1.0,1011,1011.0,0.0,228.0,BHM,1306.0,1316.0,10.0,True
202608147101184,XC,2026-08-14,AUG,FRI,False,,NCL,1034,1037.0,DAR,1104.0,1106.0,2.0,1105,1108.0,3.0,50.0,BHM,1328.0,1334.0,6.0,True
202608148729884,XC,2026-08-14,AUG,FRI,False,887.0,EDB,1005,1004.0,DAR,1210.0,1212.0,2.0,1213,1214.0,1.0,190.0,BHM,1506.0,1546.0,40.0,True
202608148729935,XC,2026-08-14,AUG,FRI,False,,NCL,1233,1235.0,DAR,1303.0,1305.0,2.0,1305,1306.0,1.0,50.0,BHM,1528.0,1532.0,4.0,True
202608147101154,XC,2026-08-14,AUG,FRI,False,648.0,EDB,1205,1216.0,DAR,1410.0,1422.0,12.0,1411,1424.0,13.0,190.0,BHM,1706.0,1718.0,12.0,True
202608148729937,XC,2026-08-14,AUG,FRI,False,,NCL,1434,1433.0,DAR,1504.0,1503.0,-1.0,1506,1505.0,-1.0,50.0,BHM,1727.0,1738.0,11.0,True
202608148729909,XC,2026-08-14,AUG,FRI,False,,EDB,1404,1403.0,DAR,1610.0,1609.0,-1.0,1611,1611.0,0.0,190.0,BHM,1907.0,1914.0,7.0,True
202608147166824,XC,2026-08-14,AUG,FRI,False,,NCL,1634,1633.0,DAR,1703.0,1702.0,-1.0,1705,1705.0,0.0,50.0,BHM,1931.0,1936.0,5.0,True
202608147101169,XC,2026-08-14,AUG,FRI,False,,EDB,1605,1604.0,DAR,1810.0,1809.0,-1.0,1812,1811.0,-1.0,190.0,BHM,2107.0,2105.0,-2.0,False
202608147100914,XC,2026-08-14,AUG,FRI,False,895.0,NCL,1833,,DAR,,,,1906,1907.0,1.0,50.0,BHM,2126.0,2139.0,13.0,True
202608147100842,XC,2026-08-14,AUG,FRI,False,,EDB,1804,1804.0,DAR,2009.0,2011.0,2.0,2011,2012.0,1.0,190.0,BHM,2348.0,2349.0,1.0,True
202608158729924,XC,2026-08-15,AUG,SAT,False,,NCL,622,622.0,DAR,651.0,652.0,1.0,653,654.0,1.0,50.0,BHM,927.0,928.0,1.0,True
202608157101141,XC,2026-08-15,AUG,SAT,False,,NCL,640,640.0,DAR,709.0,709.0,0.0,710,711.0,1.0,50.0,BHM,1004.0,1003.0,-1.0,False
202608157101146,XC,2026-08-15,AUG,SAT,False,,EDB,602,601.0,DAR,810.0,809.0,-1.0,811,811.0,0.0,190.0,BHM,1106.0,1106.0,0.0,False
202608158729867,XC,2026-08-15,AUG,SAT,False,,EDB,703,703.0,DAR,910.0,910.0,0.0,912,912.0,0.0,190.0,BHM,1207.0,1207.0,0.0,False
202608158729872,XC,2026-08-15,AUG,SAT,False,,GLC,648,648.0,DAR,1010.0,1009.0,-1.0,1011,1011.0,0.0,228.0,BHM,1306.0,1305.0,-1.0,False
202608158729878,XC,2026-08-15,AUG,SAT,False,547.0,GLC,748,748.0,DAR,1110.0,1110.0,0.0,1111,1115.0,4.0,228.0,BHM,1404.0,1405.0,1.0,True
202608158729885,XC,2026-08-15,AUG,SAT,False,,EDB,1005,1005.0,DAR,1210.0,1209.0,-1.0,1211,1211.0,0.0,190.0,BHM,1505.0,1508.0,3.0,True
202608157101151,XC,2026-08-15,AUG,SAT,False,,ABD,820,820.0,DAR,1310.0,1308.0,-2.0,1311,1311.0,0.0,293.0,BHM,1604.0,1605.0,1.0,True
202608157101156,XC,2026-08-15,AUG,SAT,False,576.0,EDB,1205,1204.0,DAR,1410.0,1410.0,0.0,1411,1412.0,1.0,190.0,BHM,1706.0,1735.0,29.0,True
202608157101162,XC,2026-08-15,AUG,SAT,False,,EDB,1305,1304.0,DAR,1510.0,1511.0,1.0,1512,1513.0,1.0,190.0,BHM,1804.0,1815.0,11.0,True
202608157101164,XC,2026-08-15,AUG,SAT,False,,EDB,1404,1406.0,DAR,1611.0,1610.0,-1.0,1612,1612.0,0.0,190.0,BHM,1905.0,1910.0,5.0,True
202608157101167,XC,2026-08-15,AUG,SAT,False,,EDB,1504,1504.0,DAR,1708.0,1712.0,4.0,1711,1714.0,3.0,190.0,BHM,2005.0,2006.0,1.0,True
202608157101168,XC,2026-08-15,AUG,SAT,False,,EDB,1605,1605.0,DAR,1809.0,1809.0,0.0,1811,1811.0,0.0,190.0,BHM,2106.0,2128.0,22.0,True
202608157100913,XC,2026-08-15,AUG,SAT,False,,EDB,1705,1705.0,DAR,1910.0,1923.0,13.0,1911,1926.0,15.0,190.0,BHM,2232.0,2235.0,3.0,True
202608157100846,XC,2026-08-15,AUG,SAT,False,,EDB,1804,1804.0,DAR,2009.0,2025.0,16.0,2011,2027.0,16.0,190.0,BHM,2307.0,2317.0,10.0,True
202608168729869,XC,2026-08-16,AUG,SUN,False,812.0,NCL,830,911.0,DAR,901.0,948.0,47.0,904,951.0,47.0,50.0,BHM,1204.0,1226.0,22.0,True
202608168729874,XC,2026-08-16,AUG,SUN,False,812.0,NCL,936,946.0,DAR,1005.0,1015.0,10.0,1006,1020.0,14.0,50.0,BHM,1305.0,1307.0,2.0,True
202608167101147,XC,2026-08-16,AUG,SUN,False,904.0,EDB,908,908.0,DAR,1109.0,1110.0,1.0,1111,1112.0,1.0,190.0,BHM,1404.0,1415.0,11.0,True
202608168729886,XC,2026-08-16,AUG,SUN,False,904.0,EDB,1008,1008.0,DAR,1209.0,1220.0,11.0,1210,1222.0,12.0,190.0,BHM,1506.0,1545.0,39.0,True
202608167101152,XC,2026-08-16,AUG,SUN,False,904.0,EDB,1107,1106.0,DAR,1309.0,1315.0,6.0,1310,1318.0,8.0,190.0,BHM,1604.0,1610.0,6.0,True
202608167101155,XC,2026-08-16,AUG,SUN,False,,GLC,1055,1054.0,DAR,1410.0,1415.0,5.0,1411,1416.0,5.0,228.0,BHM,1706.0,1731.0,25.0,True
202608167101163,XC,2026-08-16,AUG,SUN,False,,EDB,1305,1304.0,DAR,1509.0,1508.0,-1.0,1511,1511.0,0.0,190.0,BHM,1804.0,1807.0,3.0,True
202608167101165,XC,2026-08-16,AUG,SUN,False,,DEE,1222,1222.0,DAR,1609.0,1623.0,14.0,1610,1625.0,15.0,,BHM,1903.0,1911.0,8.0,True
202608168729913,XC,2026-08-16,AUG,SUN,False,,EDB,1505,1504.0,DAR,1710.0,1710.0,0.0,1712,1713.0,1.0,190.0,BHM,2004.0,2004.0,0.0,False
202608168729915,XC,2026-08-16,AUG,SUN,False,,EDB,1607,1607.0,DAR,1811.0,1812.0,1.0,1812,1815.0,3.0,190.0,BHM,2106.0,2107.0,1.0,True
202608168729918,XC,2026-08-16,AUG,SUN,False,,EDB,1705,1705.0,DAR,1909.0,1911.0,2.0,1911,1914.0,3.0,190.0,BHM,2208.0,2207.0,-1.0,False
202608167100843,XC,2026-08-16,AUG,SUN,False,,EDB,1805,1804.0,DAR,2007.0,2009.0,2.0,2009,2011.0,2.0,190.0,BHM,2309.0,2312.0,3.0,True
202608177101176,XC,2026-08-17,AUG,MON,False,,NCL,518,518.0,DAR,550.0,549.0,-1.0,552,551.0,-1.0,50.0,BHM,828.0,828.0,0.0,False
202608178729925,XC,2026-08-17,AUG,MON,False,,NCL,623,625.0,DAR,652.0,654.0,2.0,654,656.0,2.0,50.0,BHM,928.0,926.0,-2.0,False
202608177101140,XC,2026-08-17,AUG,MON,False,,NCL,640,639.0,DAR,709.0,708.0,-1.0,710,710.0,0.0,50.0,BHM,1004.0,1007.0,3.0,True
202608178729862,XC,2026-08-17,AUG,MON,False,,EDB,602,602.0,DAR,810.0,808.0,-2.0,811,811.0,0.0,190.0,BHM,1106.0,1113.0,7.0,True
202608177101180,XC,2026-08-17,AUG,MON,False,,NCL,835,834.0,DAR,904.0,903.0,-1.0,906,905.0,-1.0,50.0,BHM,1127.0,1135.0,8.0,True
202608178729873,XC,2026-08-17,AUG,MON,False,,GLC,648,648.0,DAR,1010.0,1009.0,-1.0,1011,1012.0,1.0,228.0,BHM,1306.0,1308.0,2.0,True
202608177101184,XC,2026-08-17,AUG,MON,False,,NCL,1034,1037.0,DAR,1104.0,1106.0,2.0,1105,1109.0,4.0,50.0,BHM,1328.0,1332.0,4.0,True
202608178729884,XC,2026-08-17,AUG,MON,False,,EDB,1005,1004.0,DAR,1210.0,1209.0,-1.0,1213,1212.0,-1.0,190.0,BHM,1506.0,1514.0,8.0,True
202608178729935,XC,2026-08-17,AUG,MON,False,,NCL,1233,1234.0,DAR,1303.0,1302.0,-1.0,1305,1305.0,0.0,50.0,BHM,1528.0,1532.0,4.0,True
202608177101154,XC,2026-08-17,AUG,MON,False,,EDB,1205,1205.0,DAR,1410.0,1410.0,0.0,1411,1412.0,1.0,190.0,BHM,1706.0,1708.0,2.0,True
202608178729937,XC,2026-08-17,AUG,MON,False,895.0,NCL,1434,1433.0,DAR,1504.0,1503.0,-1.0,1506,1506.0,0.0,50.0,BHM,1727.0,1738.0,11.0,True
202608178729909,XC,2026-08-17,AUG,MON,False,,EDB,1404,1403.0,DAR,1610.0,1609.0,-1.0,1611,1611.0,0.0,190.0,BHM,1907.0,1905.0,-2.0,False
202608177166824,XC,2026-08-17,AUG,MON,False,,NCL,1634,1634.0,DAR,1703.0,1702.0,-1.0,1705,1705.0,0.0,50.0,BHM,1931.0,1935.0,4.0,True
202608177101169,XC,2026-08-17,AUG,MON,False,895.0,EDB,1605,1605.0,DAR,1810.0,1809.0,-1.0,1812,1812.0,0.0,190.0,BHM,2107.0,2115.0,8.0,True
202608177100914,XC,2026-08-17,AUG,MON,False,895.0,NCL,1833,1838.0,DAR,1904.0,1906.0,2.0,1906,1908.0,2.0,50.0,BHM,2126.0,2134.0,8.0,True
202608177100842,XC,2026-08-17,AUG,MON,False,,EDB,1804,1804.0,DAR,2009.0,2008.0,-1.0,2011,2012.0,1.0,190.0,BHM,2345.0,2352.0,7.0,True
202608187101176,XC,2026-08-18,AUG,TUE,False,,NCL,518,517.0,DAR,550.0,548.0,-2.0,552,551.0,-1.0,50.0,BHM,828.0,829.0,1.0,True
202608188729925,XC,2026-08-18,AUG,TUE,False,,NCL,623,623.0,DAR,652.0,651.0,-1.0,654,654.0,0.0,50.0,BHM,928.0,932.0,4.0,True
202608187101140,XC,2026-08-18,AUG,TUE,False,,NCL,640,640.0,DAR,709.0,708.0,-1.0,710,710.0,0.0,50.0,BHM,1004.0,1006.0,2.0,True
202608188729862,XC,2026-08-18,AUG,TUE,False,,EDB,602,601.0,DAR,810.0,808.0,-2.0,811,811.0,0.0,190.0,BHM,1106.0,1107.0,1.0,True
202608187101180,XC,2026-08-18,AUG,TUE,False,,NCL,835,835.0,DAR,904.0,904.0,0.0,906,906.0,0.0,50.0,BHM,1127.0,1134.0,7.0,True
202608188729873,XC,2026-08-18,AUG,TUE,False,895.0,GLC,648,648.0,DAR,1010.0,1009.0,-1.0,1011,1012.0,1.0,228.0,BHM,1306.0,1342.0,36.0,True
202608187101184,XC,2026-08-18,AUG,TUE,False,,NCL,1034,1036.0,DAR,1104.0,1106.0,2.0,1105,1108.0,3.0,50.0,BHM,1328.0,1333.0,5.0,True
202608188729884,XC,2026-08-18,AUG,TUE,False,,EDB,1005,1004.0,DAR,1210.0,1210.0,0.0,1213,1213.0,0.0,190.0,BHM,1506.0,1514.0,8.0,True
202608188729935,XC,2026-08-18,AUG,TUE,False,656.0,NCL,1233,1234.0,DAR,1303.0,1304.0,1.0,1305,1307.0,2.0,50.0,BHM,1528.0,1549.0,21.0,True
202608187101154,XC,2026-08-18,AUG,TUE,False,,EDB,1205,1204.0,DAR,1410.0,1411.0,1.0,1411,1413.0,2.0,190.0,BHM,1706.0,1708.0,2.0,True
202608188729937,XC,2026-08-18,AUG,TUE,False,,NCL,1434,1434.0,DAR,1504.0,1503.0,-1.0,1506,1506.0,0.0,50.0,BHM,1727.0,1739.0,12.0,True
202608188729909,XC,2026-08-18,AUG,TUE,False,,EDB,1404,1403.0,DAR,1610.0,1608.0,-2.0,1611,1611.0,0.0,190.0,BHM,1907.0,1904.0,-3.0,False
202608187166824,XC,2026-08-18,AUG,TUE,False,,NCL,1634,1634.0,DAR,1703.0,1703.0,0.0,1705,1705.0,0.0,50.0,BHM,1931.0,1928.0,-3.0,False
202608187101169,XC,2026-08-18,AUG,TUE,False,,EDB,1605,1604.0,DAR,1810.0,1809.0,-1.0,1812,1812.0,0.0,190.0,BHM,2107.0,2105.0,-2.0,False
202608187100914,XC,2026-08-18,AUG,TUE,False,,NCL,1833,1835.0,DAR,1904.0,1902.0,-2.0,1906,1905.0,-1.0,50.0,BHM,2126.0,2129.0,3.0,True
202608187100842,XC,2026-08-18,AUG,TUE,False,895.0,EDB,1804,1803.0,DAR,2009.0,2029.0,20.0,2011,2031.0,20.0,190.0,BHM,2348.0,2327.0,-21.0,False
202608197101176,XC,2026-08-19,AUG,WED,False,,NCL,518,519.0,DAR,550.0,552.0,2.0,552,553.0,1.0,50.0,BHM,828.0,829.0,1.0,True
202608198729925,XC,2026-08-19,AUG,WED,False,,NCL,623,623.0,DAR,652.0,652.0,0.0,654,654.0,0.0,50.0,BHM,928.0,927.0,-1.0,False
202608197101140,XC,2026-08-19,AUG,WED,False,,NCL,640,640.0,DAR,709.0,709.0,0.0,710,711.0,1.0,50.0,BHM,1004.0,1004.0,0.0,False
202608198729862,XC,2026-08-19,AUG,WED,False,,EDB,602,602.0,DAR,810.0,809.0,-1.0,811,811.0,0.0,190.0,BHM,1106.0,1107.0,1.0,True
202608197101180,XC,2026-08-19,AUG,WED,False,,NCL,835,835.0,DAR,904.0,904.0,0.0,906,906.0,0.0,50.0,BHM,1127.0,1128.0,1.0,True
202608198729873,XC,2026-08-19,AUG,WED,False,,GLC,648,649.0,DAR,1010.0,1008.0,-2.0,1011,1011.0,0.0,228.0,BHM,1306.0,1310.0,4.0,True
202608197101184,XC,2026-08-19,AUG,WED,False,,NCL,1034,1034.0,DAR,1104.0,1103.0,-1.0,1105,1106.0,1.0,50.0,BHM,1328.0,1329.0,1.0,True
202608198729884,XC,2026-08-19,AUG,WED,False,,EDB,1005,1004.0,DAR,1210.0,1210.0,0.0,1213,1213.0,0.0,190.0,BHM,1506.0,1507.0,1.0,True
202608198729935,XC,2026-08-19,AUG,WED,False,,NCL,1233,1233.0,DAR,1303.0,1304.0,1.0,1305,1306.0,1.0,50.0,BHM,1528.0,1530.0,2.0,True
202608197101154,XC,2026-08-19,AUG,WED,False,,EDB,1205,1204.0,DAR,1410.0,1409.0,-1.0,1411,1411.0,0.0,190.0,BHM,1706.0,1706.0,0.0,False
202608198729937,XC,2026-08-19,AUG,WED,False,,NCL,1434,1434.0,DAR,1504.0,1505.0,1.0,1506,1507.0,1.0,50.0,BHM,1727.0,1728.0,1.0,True
202608198729909,XC,2026-08-19,AUG,WED,False,,EDB,1404,1403.0,DAR,1610.0,1610.0,0.0,1611,1611.0,0.0,190.0,BHM,1907.0,1918.0,11.0,True
202608197166824,XC,2026-08-19,AUG,WED,False,,NCL,1634,1634.0,DAR,1703.0,1703.0,0.0,1705,1705.0,0.0,50.0,BHM,1931.0,1932.0,1.0,True
202608197101169,XC,2026-08-19,AUG,WED,False,,EDB,1605,1605.0,DAR,1810.0,1808.0,-2.0,1812,1812.0,0.0,190.0,BHM,2107.0,2105.0,-2.0,False
202608197100914,XC,2026-08-19,AUG,WED,False,911.0,NCL,1833,1833.0,DAR,1904.0,1905.0,1.0,1906,1907.0,1.0,50.0,BHM,2126.0,2201.0,35.0,True
202608197100842,XC,2026-08-19,AUG,WED,False,,EDB,1804,1807.0,DAR,2009.0,2012.0,3.0,2011,2015.0,4.0,190.0,BHM,2348.0,2349.0,1.0,True
202608207101176,XC,2026-08-20,AUG,THU,False,,NCL,518,518.0,DAR,550.0,548.0,-2.0,552,552.0,0.0,50.0,BHM,828.0,834.0,6.0,True
202608208729925,XC,2026-08-20,AUG,THU,False,,NCL,623,623.0,DAR,652.0,651.0,-1.0,654,654.0,0.0,50.0,BHM,928.0,929.0,1.0,True
202608207101140,XC,2026-08-20,AUG,THU,False,913.0,NCL,640,640.0,DAR,709.0,709.0,0.0,710,711.0,1.0,50.0,BHM,1004.0,1013.0,9.0,True
202608208729862,XC,2026-08-20,AUG,THU,False,,EDB,602,602.0,DAR,810.0,809.0,-1.0,811,812.0,1.0,190.0,BHM,1106.0,1109.0,3.0,True
202608207101180,XC,2026-08-20,AUG,THU,False,887.0,NCL,835,849.0,DAR,904.0,919.0,15.0,906,921.0,15.0,50.0,BHM,1127.0,1158.0,31.0,True
202608208729873,XC,2026-08-20,AUG,THU,False,,GLC,648,648.0,DAR,1010.0,1009.0,-1.0,1011,1012.0,1.0,228.0,BHM,1306.0,1307.0,1.0,True
202608207101184,XC,2026-08-20,AUG,THU,False,,NCL,1034,1034.0,DAR,1104.0,1104.0,0.0,1105,1106.0,1.0,50.0,BHM,1328.0,1339.0,11.0,True
202608208729884,XC,2026-08-20,AUG,THU,False,574.0,EDB,1005,1017.0,DAR,1210.0,1230.0,20.0,1213,1232.0,19.0,190.0,BHM,1506.0,1524.0,18.0,True
202608208729935,XC,2026-08-20,AUG,THU,False,895.0,NCL,1233,1233.0,DAR,1303.0,1306.0,3.0,1305,1308.0,3.0,50.0,BHM,1528.0,1539.0,11.0,True
202608207101154,XC,2026-08-20,AUG,THU,False,,EDB,1205,1205.0,DAR,1410.0,1409.0,-1.0,1411,1411.0,0.0,190.0,BHM,1706.0,1706.0,0.0,False
202608208729937,XC,2026-08-20,AUG,THU,False,,NCL,1434,1437.0,DAR,1504.0,1506.0,2.0,1506,1508.0,2.0,50.0,BHM,1727.0,1734.0,7.0,True
202608208729909,XC,2026-08-20,AUG,THU,False,,EDB,1404,1403.0,DAR,1610.0,1609.0,-1.0,1611,1611.0,0.0,190.0,BHM,1907.0,1908.0,1.0,True
202608207166824,XC,2026-08-20,AUG,THU,False,,NCL,1634,1634.0,DAR,1703.0,1702.0,-1.0,1705,1705.0,0.0,50.0,BHM,1931.0,1929.0,-2.0,False
202608207101169,XC,2026-08-20,AUG,THU,False,887.0,EDB,1605,1605.0,DAR,1810.0,1809.0,-1.0,1812,1812.0,0.0,190.0,BHM,2107.0,2104.0,-3.0,False
202608207100914,XC,2026-08-20,AUG,THU,False,574.0,NCL,1833,1833.0,DAR,1904.0,1905.0,1.0,1906,1914.0,8.0,50.0,BHM,2126.0,2137.0,11.0,True
202608207100842,XC,2026-08-20,AUG,THU,False,,EDB,1804,1804.0,DAR,2009.0,2007.0,-2.0,2011,2010.0,-1.0,190.0,BHM,2348.0,2350.0,2.0,True
202608217101176,XC,2026-08-21,AUG,FRI,False,,NCL,518,518.0,DAR,550.0,548.0,-2.0,552,551.0,-1.0,50.0,BHM,828.0,828.0,0.0,False
202608218729925,XC,2026-08-21,AUG,FRI,False,,NCL,623,623.0,DAR,652.0,651.0,-1.0,654,654.0,0.0,50.0,BHM,928.0,925.0,-3.0,False
202608217101140,XC,2026-08-21,AUG,FRI,False,,NCL,640,640.0,DAR,709.0,709.0,0.0,710,711.0,1.0,50.0,BHM,1004.0,1002.0,-2.0,False
202608218729862,XC,2026-08-21,AUG,FRI,False,,EDB,602,602.0,DAR,810.0,808.0,-2.0,811,811.0,0.0,190.0,BHM,1106.0,1117.0,11.0,True
202608217101180,XC,2026-08-21,AUG,FRI,False,,NCL,835,834.0,DAR,904.0,903.0,-1.0,906,906.0,0.0,50.0,BHM,1127.0,1130.0,3.0,True
202608218729873,XC,2026-08-21,AUG,FRI,False,,GLC,648,647.0,DAR,1010.0,1009.0,-1.0,1011,1011.0,0.0,228.0,BHM,1306.0,1307.0,1.0,True
202608217101184,XC,2026-08-21,AUG,FRI,False,,NCL,1034,1036.0,DAR,1104.0,1106.0,2.0,1105,1108.0,3.0,50.0,BHM,1328.0,1329.0,1.0,True
202608218729935,XC,2026-08-21,AUG,FRI,False,,NCL,1233,1233.0,DAR,1303.0,1303.0,0.0,1305,1307.0,2.0,50.0,BHM,1528.0,1531.0,3.0,True
202608217101154,XC,2026-08-21,AUG,FRI,False,,EDB,1205,1205.0,DAR,1410.0,1409.0,-1.0,1411,1411.0,0.0,190.0,BHM,1706.0,1706.0,0.0,False
202608218729937,XC,2026-08-21,AUG,FRI,False,,NCL,1434,1437.0,DAR,1504.0,1507.0,3.0,1506,1508.0,2.0,50.0,BHM,1727.0,1730.0,3.0,True
202608218729909,XC,2026-08-21,AUG,FRI,False,895.0,EDB,1404,1407.0,DAR,1610.0,1613.0,3.0,1611,1616.0,5.0,190.0,BHM,1907.0,1923.0,16.0,True
202608217166824,XC,2026-08-21,AUG,FRI,False,,NCL,1634,1634.0,DAR,1703.0,1702.0,-1.0,1705,1705.0,0.0,50.0,BHM,1931.0,1931.0,0.0,False
202608217101169,XC,2026-08-21,AUG,FRI,False,913.0,EDB,1605,1605.0,DAR,1810.0,1810.0,0.0,1812,1813.0,1.0,190.0,BHM,2107.0,2134.0,27.0,True
202608217100914,XC,2026-08-21,AUG,FRI,False,904.0,NCL,1833,1833.0,DAR,1904.0,1905.0,1.0,1906,1908.0,2.0,50.0,BHM,2126.0,2132.0,6.0,True
202608217100842,XC,2026-08-21,AUG,FRI,False,,EDB,1804,1804.0,DAR,2009.0,2014.0,5.0,2011,2016.0,5.0,190.0,BHM,2348.0,2348.0,0.0,False
202608228729924,XC,2026-08-22,AUG,SAT,False,,NCL,622,622.0,DAR,651.0,651.0,0.0,653,653.0,0.0,50.0,BHM,927.0,929.0,2.0,True
202608227101141,XC,2026-08-22,AUG,SAT,False,,NCL,640,640.0,DAR,709.0,708.0,-1.0,710,710.0,0.0,50.0,BHM,1004.0,1011.0,7.0,True
202608227101146,XC,2026-08-22,AUG,SAT,False,,EDB,602,601.0,DAR,810.0,808.0,-2.0,811,812.0,1.0,190.0,BHM,1106.0,1110.0,4.0,True
202608228729867,XC,2026-08-22,AUG,SAT,False,557.0,EDB,703,703.0,DAR,910.0,910.0,0.0,912,912.0,0.0,190.0,BHM,1207.0,1204.0,-3.0,False
202608228729872,XC,2026-08-22,AUG,SAT,False,557.0,GLC,648,648.0,DAR,1010.0,1017.0,7.0,1011,1020.0,9.0,228.0,BHM,1306.0,1315.0,9.0,True
202608228729878,XC,2026-08-22,AUG,SAT,False,,GLC,748,747.0,DAR,1110.0,1108.0,-2.0,1111,1112.0,1.0,228.0,BHM,1404.0,1412.0,8.0,True
202608228729885,XC,2026-08-22,AUG,SAT,False,,EDB,1005,1004.0,DAR,1210.0,1209.0,-1.0,1211,1211.0,0.0,190.0,BHM,1505.0,1508.0,3.0,True
202608227101151,XC,2026-08-22,AUG,SAT,False,,ABD,820,820.0,DAR,1310.0,1308.0,-2.0,1311,1311.0,0.0,293.0,BHM,1604.0,1603.0,-1.0,False
202608227101156,XC,2026-08-22,AUG,SAT,False,,EDB,1205,1204.0,DAR,1410.0,1410.0,0.0,1411,1412.0,1.0,190.0,BHM,1706.0,1708.0,2.0,True
202608227101162,XC,2026-08-22,AUG,SAT,False,,EDB,1305,1305.0,DAR,1510.0,1509.0,-1.0,1512,1513.0,1.0,190.0,BHM,1804.0,1805.0,1.0,True
202608227101164,XC,2026-08-22,AUG,SAT,False,,EDB,1404,1403.0,DAR,1611.0,1608.0,-3.0,1612,1612.0,0.0,190.0,BHM,1905.0,1909.0,4.0,True
202608227101167,XC,2026-08-22,AUG,SAT,False,,EDB,1504,1503.0,DAR,1708.0,1709.0,1.0,1711,1711.0,0.0,190.0,BHM,2005.0,2011.0,6.0,True
202608227101168,XC,2026-08-22,AUG,SAT,False,,EDB,1605,1605.0,DAR,1809.0,1808.0,-1.0,1811,1811.0,0.0,190.0,BHM,2106.0,2106.0,0.0,False
202608227100913,XC,2026-08-22,AUG,SAT,False,,EDB,1705,1704.0,DAR,1910.0,1909.0,-1.0,1911,1911.0,0.0,190.0,BHM,2232.0,2232.0,0.0,False
202608227100846,XC,2026-08-22,AUG,SAT,False,,EDB,1804,1804.0,DAR,2009.0,2009.0,0.0,2011,2011.0,0.0,190.0,BHM,2307.0,2324.0,17.0,True
202608247101176,XC,2026-08-24,AUG,MON,False,,NCL,518,518.0,DAR,550.0,548.0,-2.0,552,552.0,0.0,50.0,BHM,828.0,830.0,2.0,True
202608248729925,XC,2026-08-24,AUG,MON,False,,NCL,623,623.0,DAR,652.0,652.0,0.0,654,655.0,1.0,50.0,BHM,928.0,931.0,3.0,True
202608247101140,XC,2026-08-24,AUG,MON,False,,NCL,640,640.0,DAR,709.0,709.0,0.0,710,711.0,1.0,50.0,BHM,1004.0,1003.0,-1.0,False
202608248729862,XC,2026-08-24,AUG,MON,False,,EDB,602,602.0,DAR,810.0,809.0,-1.0,811,811.0,0.0,190.0,BHM,1106.0,1107.0,1.0,True
202608247101180,XC,2026-08-24,AUG,MON,False,,NCL,835,835.0,DAR,904.0,904.0,0.0,906,906.0,0.0,50.0,BHM,1127.0,1134.0,7.0,True
202608248729873,XC,2026-08-24,AUG,MON,False,,GLC,648,648.0,DAR,1010.0,1025.0,15.0,1011,1026.0,15.0,228.0,BHM,1306.0,1337.0,31.0,True
202608247101184,XC,2026-08-24,AUG,MON,False,,NCL,1034,1035.0,DAR,1104.0,1104.0,0.0,1105,1106.0,1.0,50.0,BHM,1328.0,1341.0,13.0,True
202608248729884,XC,2026-08-24,AUG,MON,False,,EDB,1005,1004.0,DAR,1210.0,1211.0,1.0,1213,1213.0,0.0,190.0,BHM,1506.0,1509.0,3.0,True
202608248729935,XC,2026-08-24,AUG,MON,False,,NCL,1233,1233.0,DAR,1303.0,1301.0,-2.0,1305,1305.0,0.0,50.0,BHM,1528.0,1528.0,0.0,False
202608247101154,XC,2026-08-24,AUG,MON,False,886.0,EDB,1205,1204.0,DAR,1410.0,1426.0,16.0,1411,1429.0,18.0,190.0,BHM,1706.0,1735.0,29.0,True
202608248729937,XC,2026-08-24,AUG,MON,False,,NCL,1434,1433.0,DAR,1504.0,1503.0,-1.0,1506,1506.0,0.0,50.0,BHM,1727.0,1744.0,17.0,True
202608248729909,XC,2026-08-24,AUG,MON,False,,EDB,1404,1403.0,DAR,1610.0,1608.0,-2.0,1611,1611.0,0.0,190.0,BHM,1907.0,1908.0,1.0,True
202608247166824,XC,2026-08-24,AUG,MON,False,,NCL,1634,1638.0,DAR,1703.0,1707.0,4.0,1705,1709.0,4.0,50.0,BHM,1931.0,2001.0,30.0,True
202608247101169,XC,2026-08-24,AUG,MON,False,,EDB,1605,1608.0,DAR,1810.0,1809.0,-1.0,1812,1812.0,0.0,190.0,BHM,2107.0,2107.0,0.0,False
202608247100914,XC,2026-08-24,AUG,MON,False,,NCL,1833,1833.0,DAR,1904.0,1901.0,-3.0,1906,1905.0,-1.0,50.0,BHM,2126.0,2128.0,2.0,True
202608247100842,XC,2026-08-24,AUG,MON,False,,EDB,1804,1803.0,DAR,2009.0,2010.0,1.0,2011,2012.0,1.0,190.0,BHM,2345.0,2345.0,0.0,False
202608257101140,XC,2026-08-25,AUG,TUE,False,,NCL,640,,DAR,709.0,709.0,0.0,710,712.0,2.0,50.0,BHM,1004.0,1009.0,5.0,True
202608258729862,XC,2026-08-25,AUG,TUE,False,,EDB,602,,DAR,810.0,809.0,-1.0,811,814.0,3.0,190.0,BHM,1106.0,1107.0,1.0,True
202608257101180,XC,2026-08-25,AUG,TUE,False,,NCL,835,834.0,DAR,904.0,903.0,-1.0,906,906.0,0.0,50.0,BHM,1127.0,1131.0,4.0,True
202608258729873,XC,2026-08-25,AUG,TUE,False,911.0,GLC,648,,DAR,1010.0,1009.0,-1.0,1011,1010.0,-1.0,228.0,BHM,1306.0,1311.0,5.0,True
202608257101184,XC,2026-08-25,AUG,TUE,False,,NCL,1034,1034.0,DAR,1104.0,1103.0,-1.0,1105,1105.0,0.0,50.0,BHM,1328.0,1329.0,1.0,True
202608258729884,XC,2026-08-25,AUG,TUE,False,,EDB,1005,1004.0,DAR,1210.0,1211.0,1.0,1213,1213.0,0.0,190.0,BHM,1506.0,1507.0,1.0,True
202608258729935,XC,2026-08-25,AUG,TUE,False,,NCL,1233,1233.0,DAR,1303.0,1304.0,1.0,1305,1307.0,2.0,50.0,BHM,1528.0,1527.0,-1.0,False
202608257101154,XC,2026-08-25,AUG,TUE,False,528.0,EDB,1205,1224.0,DAR,1410.0,1439.0,29.0,1411,1440.0,29.0,190.0,BHM,1706.0,1738.0,32.0,True
202608258729937,XC,2026-08-25,AUG,TUE,False,,NCL,1434,1434.0,DAR,1504.0,1503.0,-1.0,1506,1506.0,0.0,50.0,BHM,1727.0,1741.0,14.0,True
202608258729909,XC,2026-08-25,AUG,TUE,False,,EDB,1404,1403.0,DAR,1610.0,1609.0,-1.0,1611,1611.0,0.0,190.0,BHM,1907.0,1911.0,4.0,True
202608257166824,XC,2026-08-25,AUG,TUE,False,,NCL,1634,1634.0,DAR,1703.0,1706.0,3.0,1705,1707.0,2.0,50.0,BHM,1931.0,1926.0,-5.0,False
202608257101169,XC,2026-08-25,AUG,TUE,False,,EDB,1605,1605.0,DAR,1810.0,1809.0,-1.0,1812,1812.0,0.0,190.0,BHM,2107.0,2114.0,7.0,True
202608257100914,XC,2026-08-25,AUG,TUE,False,,NCL,1833,1833.0,DAR,1904.0,1903.0,-1.0,1906,1906.0,0.0,50.0,BHM,2126.0,2140.0,14.0,True
202608257100842,XC,2026-08-25,AUG,TUE,False,,EDB,1804,1803.0,DAR,2009.0,2008.0,-1.0,2011,2010.0,-1.0,190.0,BHM,2348.0,2349.0,1.0,True
202608268729925,XC,2026-08-26,AUG,WED,False,704.0,NCL,623,624.0,DAR,652.0,652.0,0.0,654,654.0,0.0,50.0,BHM,928.0,939.0,11.0,True
202608267101140,XC,2026-08-26,AUG,WED,False,,NCL,640,640.0,DAR,709.0,708.0,-1.0,710,711.0,1.0,50.0,BHM,1004.0,1004.0,0.0,False
202608268729862,XC,2026-08-26,AUG,WED,False,,EDB,602,605.0,DAR,810.0,809.0,-1.0,811,811.0,0.0,190.0,BHM,1106.0,1114.0,8.0,True
202608267101180,XC,2026-08-26,AUG,WED,False,,NCL,835,834.0,DAR,904.0,903.0,-1.0,906,906.0,0.0,50.0,BHM,1127.0,1129.0,2.0,True
202608268729873,XC,2026-08-26,AUG,WED,False,,GLC,648,648.0,DAR,1010.0,1010.0,0.0,1011,1014.0,3.0,228.0,BHM,1306.0,1309.0,3.0,True
202608267101184,XC,2026-08-26,AUG,WED,False,,NCL,1034,1034.0,DAR,1104.0,1105.0,1.0,1105,1106.0,1.0,50.0,BHM,1328.0,1326.0,-2.0,False
202608268729884,XC,2026-08-26,AUG,WED,False,,EDB,1005,1004.0,DAR,1210.0,1210.0,0.0,1213,1213.0,0.0,190.0,BHM,1506.0,1510.0,4.0,True
202608268729935,XC,2026-08-26,AUG,WED,False,,NCL,1233,1234.0,DAR,1303.0,1305.0,2.0,1305,1307.0,2.0,50.0,BHM,1528.0,1528.0,0.0,False
202608267101154,XC,2026-08-26,AUG,WED,False,705.0,EDB,1205,1204.0,DAR,1410.0,1409.0,-1.0,1411,1413.0,2.0,190.0,BHM,1706.0,1716.0,10.0,True
202608268729937,XC,2026-08-26,AUG,WED,False,,NCL,1434,1434.0,DAR,1504.0,1503.0,-1.0,1506,1506.0,0.0,50.0,BHM,1727.0,1732.0,5.0,True
202608268729909,XC,2026-08-26,AUG,WED,False,579.0,EDB,1404,1403.0,DAR,1610.0,1610.0,0.0,1611,1611.0,0.0,190.0,BHM,1907.0,1909.0,2.0,True
202608267166824,XC,2026-08-26,AUG,WED,False,,NCL,1634,1634.0,DAR,1703.0,1703.0,0.0,1705,1705.0,0.0,50.0,BHM,1931.0,1935.0,4.0,True
202608267101169,XC,2026-08-26,AUG,WED,False,,EDB,1605,1604.0,DAR,1810.0,1810.0,0.0,1812,1812.0,0.0,190.0,BHM,2107.0,2110.0,3.0,True
202608267100914,XC,2026-08-26,AUG,WED,False,,NCL,1833,1833.0,DAR,1904.0,1906.0,2.0,1906,1908.0,2.0,50.0,BHM,2126.0,2129.0,3.0,True
202608267100842,XC,2026-08-26,AUG,WED,False,,EDB,1804,1804.0,DAR,2009.0,2012.0,3.0,2011,2015.0,4.0,190.0,BHM,2348.0,2347.0,-1.0,False
202608277101176,XC,2026-08-27,AUG,THU,False,,NCL,518,518.0,DAR,550.0,548.0,-2.0,552,552.0,0.0,50.0,BHM,828.0,833.0,5.0,True
202608278729925,XC,2026-08-27,AUG,THU,False,,NCL,623,623.0,DAR,652.0,652.0,0.0,654,654.0,0.0,50.0,BHM,928.0,928.0,0.0,False
202608277101140,XC,2026-08-27,AUG,THU,False,895.0,NCL,640,640.0,DAR,709.0,710.0,1.0,710,711.0,1.0,50.0,BHM,1004.0,1008.0,4.0,True
202608278729862,XC,2026-08-27,AUG,THU,False,,EDB,602,602.0,DAR,810.0,809.0,-1.0,811,812.0,1.0,190.0,BHM,1106.0,1112.0,6.0,True
202608277101180,XC,2026-08-27,AUG,THU,False,911.0,NCL,835,838.0,DAR,904.0,908.0,4.0,906,910.0,4.0,50.0,BHM,1127.0,1146.0,19.0,True
202608278729873,XC,2026-08-27,AUG,THU,False,547.0,GLC,648,648.0,DAR,1010.0,1013.0,3.0,1011,1017.0,6.0,228.0,BHM,1306.0,1328.0,22.0,True
202608277101184,XC,2026-08-27,AUG,THU,False,895.0,NCL,1034,1034.0,DAR,1104.0,1103.0,-1.0,1105,1105.0,0.0,50.0,BHM,1328.0,1337.0,9.0,True
202608278729884,XC,2026-08-27,AUG,THU,False,,EDB,1005,1004.0,DAR,1210.0,1209.0,-1.0,1213,1213.0,0.0,190.0,BHM,1506.0,1508.0,2.0,True
202608278729935,XC,2026-08-27,AUG,THU,False,,NCL,1233,1233.0,DAR,1303.0,1301.0,-2.0,1305,1305.0,0.0,50.0,BHM,1528.0,1529.0,1.0,True
202608277101154,XC,2026-08-27,AUG,THU,False,845.0,EDB,1205,1204.0,DAR,1410.0,1410.0,0.0,1411,1413.0,2.0,190.0,BHM,1706.0,1735.0,29.0,True
202608278729937,XC,2026-08-27,AUG,THU,False,895.0,NCL,1434,1439.0,DAR,1504.0,1509.0,5.0,1506,1513.0,7.0,50.0,BHM,1727.0,1742.0,15.0,True
202608278729909,XC,2026-08-27,AUG,THU,False,,EDB,1404,1403.0,DAR,1610.0,1609.0,-1.0,1611,1612.0,1.0,190.0,BHM,1907.0,1917.0,10.0,True
202608277166824,XC,2026-08-27,AUG,THU,False,,NCL,1634,1633.0,DAR,1703.0,1704.0,1.0,1705,1706.0,1.0,50.0,BHM,1931.0,1931.0,0.0,False
202608277101169,XC,2026-08-27,AUG,THU,False,,EDB,1605,1608.0,DAR,1810.0,1810.0,0.0,1812,1815.0,3.0,190.0,BHM,2107.0,2113.0,6.0,True
202608277100914,XC,2026-08-27,AUG,THU,False,,NCL,1833,1834.0,DAR,1904.0,1906.0,2.0,1906,1908.0,2.0,50.0,BHM,2126.0,2128.0,2.0,True
202608277100842,XC,2026-08-27,AUG,THU,False,,EDB,1804,1804.0,DAR,2009.0,2012.0,3.0,2011,2014.0,3.0,190.0,BHM,2348.0,2348.0,0.0,False
202608287101176,XC,2026-08-28,AUG,FRI,False,,NCL,518,518.0,DAR,550.0,548.0,-2.0,552,552.0,0.0,50.0,BHM,828.0,839.0,11.0,True
202608288729925,XC,2026-08-28,AUG,FRI,False,,NCL,623,623.0,DAR,652.0,650.0,-2.0,654,654.0,0.0,50.0,BHM,928.0,930.0,2.0,True
202608287101140,XC,2026-08-28,AUG,FRI,False,,NCL,640,640.0,DAR,709.0,708.0,-1.0,710,711.0,1.0,50.0,BHM,1004.0,1006.0,2.0,True
202608287101184,XC,2026-08-28,AUG,FRI,False,886.0,NCL,1034,1034.0,DAR,1104.0,1103.0,-1.0,1105,1107.0,2.0,50.0,BHM,1328.0,1330.0,2.0,True
202608288729884,XC,2026-08-28,AUG,FRI,False,531.0,EDB,1005,,DAR,1210.0,1212.0,2.0,1213,1214.0,1.0,190.0,BHM,1506.0,1522.0,16.0,True
202608288729935,XC,2026-08-28,AUG,FRI,False,,NCL,1233,1233.0,DAR,1303.0,1302.0,-1.0,1305,1305.0,0.0,50.0,BHM,1528.0,1535.0,7.0,True
202608287101154,XC,2026-08-28,AUG,FRI,False,,EDB,1205,1204.0,DAR,1410.0,1409.0,-1.0,1411,1411.0,0.0,190.0,BHM,1706.0,1705.0,-1.0,False
202608288729937,XC,2026-08-28,AUG,FRI,False,,NCL,1434,1437.0,DAR,1504.0,1506.0,2.0,1506,1508.0,2.0,50.0,BHM,1727.0,1736.0,9.0,True
202608288729909,XC,2026-08-28,AUG,FRI,False,811.0,EDB,1404,1403.0,DAR,1610.0,1623.0,13.0,1611,1626.0,15.0,190.0,BHM,1907.0,1913.0,6.0,True
202608287166824,XC,2026-08-28,AUG,FRI,False,576.0,NCL,1634,1655.0,DAR,1703.0,1725.0,22.0,1705,1727.0,22.0,50.0,BHM,1931.0,1944.0,13.0,True
202608287101169,XC,2026-08-28,AUG,FRI,False,878.0,EDB,1605,1605.0,DAR,1810.0,1837.0,27.0,1812,1839.0,27.0,190.0,BHM,2107.0,2125.0,18.0,True
202608287100914,XC,2026-08-28,AUG,FRI,False,,NCL,1833,,DAR,,,,1906,1906.0,0.0,50.0,BHM,2126.0,2133.0,7.0,True
202608287100842,XC,2026-08-28,AUG,FRI,False,832.0,EDB,1804,1804.0,DAR,2009.0,2057.0,48.0,2011,2059.0,48.0,190.0,BHM,2348.0,3.0,-1425.0,False
202608297101146,XC,2026-08-29,AUG,SAT,False,,NCL,640,640.0,DAR,709.0,708.0,-1.0,710,710.0,0.0,50.0,BHM,1024.0,1023.0,-1.0,False
202608298729867,XC,2026-08-29,AUG,SAT,False,,EDB,602,601.0,DAR,810.0,809.0,-1.0,811,811.0,0.0,190.0,BHM,1123.0,1126.0,3.0,True
202608298729872,XC,2026-08-29,AUG,SAT,False,,EDB,703,703.0,DAR,910.0,910.0,0.0,912,912.0,0.0,190.0,BHM,1223.0,1227.0,4.0,True
202608298729878,XC,2026-08-29,AUG,SAT,False,,GLC,648,,DAR,1010.0,1013.0,3.0,1011,1015.0,4.0,228.0,BHM,1323.0,1323.0,0.0,False
202608298729885,XC,2026-08-29,AUG,SAT,False,,GLC,748,748.0,DAR,1110.0,1110.0,0.0,1111,1112.0,1.0,228.0,BHM,1423.0,1432.0,9.0,True
202608297101151,XC,2026-08-29,AUG,SAT,False,,EDB,1005,1004.0,DAR,1210.0,1211.0,1.0,1211,1213.0,2.0,190.0,BHM,1523.0,1522.0,-1.0,False
202608297101156,XC,2026-08-29,AUG,SAT,False,,ABD,820,820.0,DAR,1310.0,1310.0,0.0,1311,1312.0,1.0,293.0,BHM,1623.0,1627.0,4.0,True
202608297101162,XC,2026-08-29,AUG,SAT,False,,EDB,1205,1204.0,DAR,1410.0,1409.0,-1.0,1411,1411.0,0.0,190.0,BHM,1723.0,1722.0,-1.0,False
202608297101164,XC,2026-08-29,AUG,SAT,False,,EDB,1305,1304.0,DAR,1510.0,1510.0,0.0,1512,1512.0,0.0,190.0,BHM,1823.0,1825.0,2.0,True
202608297101167,XC,2026-08-29,AUG,SAT,False,887.0,EDB,1404,1403.0,DAR,1611.0,1615.0,4.0,1612,1618.0,6.0,190.0,BHM,1923.0,1959.0,36.0,True
202608297101168,XC,2026-08-29,AUG,SAT,False,871.0,EDB,1504,1504.0,DAR,1708.0,1737.0,29.0,1711,1740.0,29.0,190.0,BHM,2023.0,2051.0,28.0,True
202608297565878,XC,2026-08-29,AUG,SAT,False,,EDB,1605,1605.0,DAR,1809.0,1808.0,-1.0,1811,1811.0,0.0,190.0,BHM,2123.0,2129.0,6.0,True
202608297100913,XC,2026-08-29,AUG,SAT,False,,EDB,1705,1705.0,DAR,1910.0,1910.0,0.0,1911,1912.0,1.0,190.0,BHM,2252.0,2253.0,1.0,True
202608297100846,XC,2026-08-29,AUG,SAT,False,,EDB,1804,1803.0,DAR,2009.0,2007.0,-2.0,2011,2010.0,-1.0,190.0,BHM,2322.0,2327.0,5.0,True
202608308729874,XC,2026-08-30,AUG,SUN,False,,NCL,830,830.0,DAR,901.0,900.0,-1.0,904,904.0,0.0,50.0,BHM,1222.0,1222.0,0.0,False
202608307101147,XC,2026-08-30,AUG,SUN,False,,NCL,936,938.0,DAR,1005.0,1009.0,4.0,1006,1010.0,4.0,50.0,BHM,1322.0,1322.0,0.0,False
202608308729886,XC,2026-08-30,AUG,SUN,False,,EDB,908,907.0,DAR,1109.0,1111.0,2.0,1111,1113.0,2.0,190.0,BHM,1423.0,1426.0,3.0,True
202608307101152,XC,2026-08-30,AUG,SUN,False,,EDB,1008,1008.0,DAR,1209.0,1207.0,-2.0,1210,1210.0,0.0,190.0,BHM,1522.0,1523.0,1.0,True
202608307101155,XC,2026-08-30,AUG,SUN,False,,EDB,1107,1106.0,DAR,1309.0,1310.0,1.0,1310,1311.0,1.0,190.0,BHM,1623.0,1625.0,2.0,True
202608307101163,XC,2026-08-30,AUG,SUN,False,526.0,GLC,1055,,DAR,1410.0,1409.0,-1.0,1411,1412.0,1.0,228.0,BHM,1722.0,1744.0,22.0,True
202608307101165,XC,2026-08-30,AUG,SUN,False,,EDB,1305,1309.0,DAR,1509.0,1510.0,1.0,1511,1512.0,1.0,190.0,BHM,1822.0,1829.0,7.0,True
202608308729915,XC,2026-08-30,AUG,SUN,False,,EDB,1505,1505.0,DAR,1710.0,1710.0,0.0,1712,1713.0,1.0,190.0,BHM,2023.0,2024.0,1.0,True
202608308729918,XC,2026-08-30,AUG,SUN,False,,EDB,1607,1607.0,DAR,1811.0,1809.0,-2.0,1812,1812.0,0.0,190.0,BHM,2122.0,2135.0,13.0,True
202608307565981,XC,2026-08-30,AUG,SUN,False,704.0,EDB,1705,1705.0,DAR,1909.0,1910.0,1.0,1911,1914.0,3.0,190.0,BHM,2222.0,2228.0,6.0,True
202608307100843,XC,2026-08-30,AUG,SUN,False,,EDB,1805,1805.0,DAR,2007.0,2007.0,0.0,2009,2009.0,0.0,190.0,BHM,2319.0,2324.0,5.0,True
202608318729862,XC,2026-08-31,AUG,MON,False,876.0,NCL,640,641.0,DAR,709.0,728.0,19.0,710,730.0,20.0,50.0,BHM,1024.0,1051.0,27.0,True
202608318729868,XC,2026-08-31,AUG,MON,False,,EDB,602,602.0,DAR,810.0,808.0,-2.0,811,811.0,0.0,190.0,BHM,1123.0,1132.0,9.0,True
202608318729873,XC,2026-08-31,AUG,MON,False,,EDB,703,702.0,DAR,910.0,913.0,3.0,912,915.0,3.0,190.0,BHM,1224.0,1224.0,0.0,False
202608317101148,XC,2026-08-31,AUG,MON,False,,GLC,648,647.0,DAR,1010.0,1009.0,-1.0,1011,1011.0,0.0,228.0,BHM,1323.0,1325.0,2.0,True
202608318729884,XC,2026-08-31,AUG,MON,False,,GLC,748,747.0,DAR,1110.0,1110.0,0.0,1112,1112.0,0.0,228.0,BHM,1423.0,1424.0,1.0,True
202608317101153,XC,2026-08-31,AUG,MON,False,,EDB,1005,1004.0,DAR,1210.0,1209.0,-1.0,1213,1213.0,0.0,190.0,BHM,1523.0,1529.0,6.0,True
202608317101154,XC,2026-08-31,AUG,MON,False,,ABD,820,820.0,DAR,1310.0,1308.0,-2.0,1311,1311.0,0.0,293.0,BHM,1624.0,1627.0,3.0,True
202608317101161,XC,2026-08-31,AUG,MON,False,832.0,EDB,1205,1204.0,DAR,1410.0,1414.0,4.0,1411,1416.0,5.0,190.0,BHM,1724.0,1728.0,4.0,True
202608318729909,XC,2026-08-31,AUG,MON,False,832.0,EDB,1305,1304.0,DAR,1510.0,1512.0,2.0,1512,1516.0,4.0,190.0,BHM,1824.0,1832.0,8.0,True
202608317101166,XC,2026-08-31,AUG,MON,False,,EDB,1404,1404.0,DAR,1610.0,1609.0,-1.0,1611,1616.0,5.0,190.0,BHM,1923.0,1928.0,5.0,True
202608317101169,XC,2026-08-31,AUG,MON,False,904.0,EDB,1504,1511.0,DAR,1708.0,1711.0,3.0,1711,1713.0,2.0,190.0,BHM,2024.0,2030.0,6.0,True
202608317101170,XC,2026-08-31,AUG,MON,False,,EDB,1605,1604.0,DAR,1810.0,1809.0,-1.0,1812,1812.0,0.0,190.0,BHM,2124.0,2142.0,18.0,True
202608317566057,XC,2026-08-31,AUG,MON,False,,EDB,1704,1703.0,DAR,1910.0,1909.0,-1.0,1911,1911.0,0.0,190.0,BHM,2222.0,2225.0,3.0,True
202608317100842,XC,2026-08-31,AUG,MON,False,,EDB,1804,1804.0,DAR,2009.0,2010.0,1.0,2011,2013.0,2.0,190.0,BHM,2352.0,2351.0,-1.0,False
202609017101176,XC,2026-09-01,SEP,TUE,False,,NCL,518,518.0,DAR,550.0,549.0,-1.0,552,552.0,0.0,50.0,BHM,828.0,838.0,10.0,True
202609018729925,XC,2026-09-01,SEP,TUE,False,,NCL,623,623.0,DAR,652.0,651.0,-1.0,654,653.0,-1.0,50.0,BHM,928.0,929.0,1.0,True
202609017101140,XC,2026-09-01,SEP,TUE,False,,NCL,640,640.0,DAR,709.0,709.0,0.0,710,711.0,1.0,50.0,BHM,1004.0,1006.0,2.0,True
202609018729862,XC,2026-09-01,SEP,TUE,False,,EDB,602,602.0,DAR,810.0,809.0,-1.0,811,811.0,0.0,190.0,BHM,1106.0,1108.0,2.0,True
202609017101180,XC,2026-09-01,SEP,TUE,False,,NCL,835,835.0,DAR,904.0,905.0,1.0,906,906.0,0.0,50.0,BHM,1127.0,1130.0,3.0,True
202609018729873,XC,2026-09-01,SEP,TUE,False,832.0,GLC,648,648.0,DAR,1010.0,1009.0,-1.0,1011,1012.0,1.0,228.0,BHM,1306.0,1309.0,3.0,True
202609017101184,XC,2026-09-01,SEP,TUE,False,,NCL,1034,1034.0,DAR,1104.0,1105.0,1.0,1105,1107.0,2.0,50.0,BHM,1328.0,1330.0,2.0,True
202609018729884,XC,2026-09-01,SEP,TUE,False,574.0,EDB,1005,1005.0,DAR,1210.0,1214.0,4.0,1213,1216.0,3.0,190.0,BHM,1506.0,1517.0,11.0,True
202609018729935,XC,2026-09-01,SEP,TUE,False,,NCL,1233,1232.0,DAR,1303.0,1302.0,-1.0,1305,1305.0,0.0,50.0,BHM,1528.0,1532.0,4.0,True
202609017101154,XC,2026-09-01,SEP,TUE,False,832.0,EDB,1205,1204.0,DAR,1410.0,1409.0,-1.0,1411,1411.0,0.0,190.0,BHM,1706.0,1711.0,5.0,True
202609018729937,XC,2026-09-01,SEP,TUE,False,,NCL,1434,1435.0,DAR,1504.0,1504.0,0.0,1506,1506.0,0.0,50.0,BHM,1727.0,1737.0,10.0,True
202609018729909,XC,2026-09-01,SEP,TUE,False,579.0,EDB,1404,1403.0,DAR,1610.0,1613.0,3.0,1611,1615.0,4.0,190.0,BHM,1907.0,1941.0,34.0,True
202609017166824,XC,2026-09-01,SEP,TUE,False,,NCL,1634,1637.0,DAR,1703.0,1707.0,4.0,1705,1708.0,3.0,50.0,BHM,1931.0,1945.0,14.0,True
202609017101169,XC,2026-09-01,SEP,TUE,False,576.0,EDB,1605,1604.0,DAR,1810.0,1809.0,-1.0,1812,1811.0,-1.0,190.0,BHM,2107.0,2127.0,20.0,True
202609017100842,XC,2026-09-01,SEP,TUE,False,887.0,EDB,1804,1804.0,DAR,2009.0,2010.0,1.0,2011,2011.0,0.0,190.0,BHM,2348.0,2351.0,3.0,True
202609027101176,XC,2026-09-02,SEP,WED,False,,NCL,518,518.0,DAR,550.0,548.0,-2.0,552,552.0,0.0,50.0,BHM,828.0,836.0,8.0,True
202609028729925,XC,2026-09-02,SEP,WED,False,,NCL,623,623.0,DAR,652.0,656.0,4.0,654,657.0,3.0,50.0,BHM,928.0,926.0,-2.0,False
202609027101140,XC,2026-09-02,SEP,WED,False,,NCL,640,640.0,DAR,709.0,708.0,-1.0,710,710.0,0.0,50.0,BHM,1004.0,1003.0,-1.0,False
202609028729862,XC,2026-09-02,SEP,WED,False,,EDB,602,602.0,DAR,810.0,809.0,-1.0,811,811.0,0.0,190.0,BHM,1106.0,1110.0,4.0,True
202609027101180,XC,2026-09-02,SEP,WED,False,,NCL,835,834.0,DAR,904.0,906.0,2.0,906,907.0,1.0,50.0,BHM,1127.0,1132.0,5.0,True
202609028729873,XC,2026-09-02,SEP,WED,False,,GLC,648,647.0,DAR,1010.0,1009.0,-1.0,1011,1011.0,0.0,228.0,BHM,1306.0,1308.0,2.0,True
202609027101184,XC,2026-09-02,SEP,WED,False,,NCL,1034,1035.0,DAR,1104.0,1104.0,0.0,1105,1105.0,0.0,50.0,BHM,1328.0,1328.0,0.0,False
202609028729884,XC,2026-09-02,SEP,WED,False,705.0,EDB,1005,1004.0,DAR,1210.0,1210.0,0.0,1213,1213.0,0.0,190.0,BHM,1506.0,1531.0,25.0,True
202609028729935,XC,2026-09-02,SEP,WED,False,,NCL,1233,1232.0,DAR,1303.0,1302.0,-1.0,1305,1305.0,0.0,50.0,BHM,1528.0,1533.0,5.0,True
202609027101154,XC,2026-09-02,SEP,WED,False,,EDB,1205,1204.0,DAR,1410.0,1411.0,1.0,1411,1412.0,1.0,190.0,BHM,1706.0,1711.0,5.0,True
202609028729937,XC,2026-09-02,SEP,WED,False,,NCL,1434,1434.0,DAR,1504.0,1504.0,0.0,1506,1506.0,0.0,50.0,BHM,1727.0,1727.0,0.0,False
202609028729909,XC,2026-09-02,SEP,WED,False,,EDB,1404,1404.0,DAR,1610.0,1613.0,3.0,1611,1614.0,3.0,190.0,BHM,1907.0,1914.0,7.0,True
202609027166824,XC,2026-09-02,SEP,WED,False,,NCL,1634,1633.0,DAR,1703.0,1703.0,0.0,1705,1705.0,0.0,50.0,BHM,1931.0,1928.0,-3.0,False
202609027101169,XC,2026-09-02,SEP,WED,False,,EDB,1605,1604.0,DAR,1810.0,1809.0,-1.0,1812,1812.0,0.0,190.0,BHM,2107.0,2108.0,1.0,True
202609027100914,XC,2026-09-02,SEP,WED,False,,NCL,1833,1833.0,DAR,1904.0,1905.0,1.0,1906,1906.0,0.0,50.0,BHM,2126.0,2137.0,11.0,True
202609037101176,XC,2026-09-03,SEP,THU,False,,NCL,518,517.0,DAR,550.0,548.0,-2.0,552,551.0,-1.0,50.0,BHM,828.0,831.0,3.0,True
202609037101140,XC,2026-09-03,SEP,THU,False,,NCL,640,640.0,DAR,709.0,709.0,0.0,710,711.0,1.0,50.0,BHM,1004.0,1005.0,1.0,True
202609038729862,XC,2026-09-03,SEP,THU,False,,EDB,602,602.0,DAR,810.0,814.0,4.0,811,815.0,4.0,190.0,BHM,1106.0,1109.0,3.0,True
202609037101180,XC,2026-09-03,SEP,THU,False,,NCL,835,835.0,DAR,904.0,904.0,0.0,906,908.0,2.0,50.0,BHM,1127.0,1135.0,8.0,True
202609038729873,XC,2026-09-03,SEP,THU,False,,GLC,648,648.0,DAR,1010.0,1009.0,-1.0,1011,1011.0,0.0,228.0,BHM,1306.0,1310.0,4.0,True
202609037101184,XC,2026-09-03,SEP,THU,False,,NCL,1034,1034.0,DAR,1104.0,1104.0,0.0,1105,1106.0,1.0,50.0,BHM,1328.0,1332.0,4.0,True
202609038729884,XC,2026-09-03,SEP,THU,False,,EDB,1005,1004.0,DAR,1210.0,1210.0,0.0,1213,1213.0,0.0,190.0,BHM,1506.0,1508.0,2.0,True
202609038729935,XC,2026-09-03,SEP,THU,False,,NCL,1233,1234.0,DAR,1303.0,1303.0,0.0,1305,1305.0,0.0,50.0,BHM,1528.0,1530.0,2.0,True
202609037101154,XC,2026-09-03,SEP,THU,False,,EDB,1205,1205.0,DAR,1410.0,1409.0,-1.0,1411,1411.0,0.0,190.0,BHM,1706.0,1713.0,7.0,True
202609038729937,XC,2026-09-03,SEP,THU,False,,NCL,1434,1434.0,DAR,1504.0,1504.0,0.0,1506,1506.0,0.0,50.0,BHM,1727.0,1732.0,5.0,True
202609038729909,XC,2026-09-03,SEP,THU,False,,EDB,1404,1403.0,DAR,1610.0,1613.0,3.0,1611,1614.0,3.0,190.0,BHM,1907.0,1906.0,-1.0,False
202609037166824,XC,2026-09-03,SEP,THU,False,705.0,NCL,1634,1635.0,DAR,1703.0,1705.0,2.0,1705,1725.0,20.0,50.0,BHM,1931.0,1957.0,26.0,True
202609037101169,XC,2026-09-03,SEP,THU,False,535.0,EDB,1605,1604.0,DAR,1810.0,1809.0,-1.0,1812,1812.0,0.0,190.0,BHM,2107.0,2105.0,-2.0,False
202609037100914,XC,2026-09-03,SEP,THU,False,,NCL,1833,1832.0,DAR,1904.0,1905.0,1.0,1906,1906.0,0.0,50.0,BHM,2126.0,2132.0,6.0,True
202609037100842,XC,2026-09-03,SEP,THU,False,,EDB,1804,1803.0,DAR,2009.0,2009.0,0.0,2011,2011.0,0.0,190.0,BHM,2348.0,2349.0,1.0,True
202609047101176,XC,2026-09-04,SEP,FRI,False,,NCL,518,518.0,DAR,550.0,549.0,-1.0,552,552.0,0.0,50.0,BHM,828.0,834.0,6.0,True
202609048729925,XC,2026-09-04,SEP,FRI,False,,NCL,623,623.0,DAR,652.0,652.0,0.0,654,654.0,0.0,50.0,BHM,928.0,931.0,3.0,True
202609047101140,XC,2026-09-04,SEP,FRI,False,,NCL,640,640.0,DAR,709.0,708.0,-1.0,710,710.0,0.0,50.0,BHM,1004.0,1007.0,3.0,True
202609048729862,XC,2026-09-04,SEP,FRI,False,910.0,EDB,602,602.0,DAR,810.0,808.0,-2.0,811,811.0,0.0,190.0,BHM,1106.0,1135.0,29.0,True
202609047101180,XC,2026-09-04,SEP,FRI,False,,NCL,835,834.0,DAR,904.0,904.0,0.0,906,906.0,0.0,50.0,BHM,1127.0,1142.0,15.0,True
202609048729873,XC,2026-09-04,SEP,FRI,False,,GLC,648,648.0,DAR,1010.0,1009.0,-1.0,1011,1010.0,-1.0,228.0,BHM,1306.0,1314.0,8.0,True
202609047101184,XC,2026-09-04,SEP,FRI,False,,NCL,1034,1035.0,DAR,1104.0,1106.0,2.0,1105,1108.0,3.0,50.0,BHM,1328.0,1328.0,0.0,False
202609048729884,XC,2026-09-04,SEP,FRI,False,,EDB,1005,1004.0,DAR,1210.0,1210.0,0.0,1213,1213.0,0.0,190.0,BHM,1506.0,1508.0,2.0,True
202609048729935,XC,2026-09-04,SEP,FRI,False,904.0,NCL,1233,1232.0,DAR,1303.0,1303.0,0.0,1305,1305.0,0.0,50.0,BHM,1528.0,1600.0,32.0,True
202609047101154,XC,2026-09-04,SEP,FRI,False,,EDB,1205,1204.0,DAR,1410.0,1412.0,2.0,1411,1414.0,3.0,190.0,BHM,1706.0,1706.0,0.0,False
202609048729937,XC,2026-09-04,SEP,FRI,False,579.0,NCL,1434,1434.0,DAR,1504.0,1505.0,1.0,1506,1509.0,3.0,50.0,BHM,1727.0,1737.0,10.0,True
202609048729909,XC,2026-09-04,SEP,FRI,False,,EDB,1404,1404.0,DAR,1610.0,1611.0,1.0,1611,1613.0,2.0,190.0,BHM,1907.0,1915.0,8.0,True
202609047166824,XC,2026-09-04,SEP,FRI,False,895.0,NCL,1634,1634.0,DAR,1703.0,1706.0,3.0,1705,1711.0,6.0,50.0,BHM,1931.0,1941.0,10.0,True
202609047101169,XC,2026-09-04,SEP,FRI,False,,EDB,1605,1605.0,DAR,1810.0,1810.0,0.0,1812,1812.0,0.0,190.0,BHM,2107.0,2118.0,11.0,True
202609047100914,XC,2026-09-04,SEP,FRI,False,832.0,NCL,1833,1836.0,DAR,1904.0,1908.0,4.0,1906,1909.0,3.0,50.0,BHM,2126.0,2222.0,56.0,True
202609047100842,XC,2026-09-04,SEP,FRI,False,,EDB,1804,1804.0,DAR,2009.0,2013.0,4.0,2011,2015.0,4.0,190.0,BHM,2348.0,2352.0,4.0,True
202609058729924,XC,2026-09-05,SEP,SAT,False,,NCL,622,622.0,DAR,651.0,651.0,0.0,653,653.0,0.0,50.0,BHM,927.0,930.0,3.0,True
202609057101141,XC,2026-09-05,SEP,SAT,False,,NCL,640,640.0,DAR,709.0,709.0,0.0,710,713.0,3.0,50.0,BHM,1004.0,1005.0,1.0,True
202609057101146,XC,2026-09-05,SEP,SAT,False,,EDB,602,601.0,DAR,810.0,809.0,-1.0,811,811.0,0.0,190.0,BHM,1106.0,1107.0,1.0,True
202609057101179,XC,2026-09-05,SEP,SAT,False,,NCL,835,835.0,DAR,904.0,903.0,-1.0,906,906.0,0.0,50.0,BHM,1127.0,1132.0,5.0,True
202609058729872,XC,2026-09-05,SEP,SAT,False,,GLC,648,648.0,DAR,1010.0,1009.0,-1.0,1011,1010.0,-1.0,228.0,BHM,1306.0,1309.0,3.0,True
202609057101183,XC,2026-09-05,SEP,SAT,False,,NCL,1035,1034.0,DAR,1104.0,1103.0,-1.0,1106,1105.0,-1.0,50.0,BHM,1328.0,1330.0,2.0,True
202609058729885,XC,2026-09-05,SEP,SAT,False,,EDB,1005,1004.0,DAR,1210.0,1208.0,-2.0,1211,1210.0,-1.0,190.0,BHM,1505.0,1507.0,2.0,True
202609058729934,XC,2026-09-05,SEP,SAT,False,,NCL,1234,1234.0,DAR,1304.0,1303.0,-1.0,1306,1305.0,-1.0,50.0,BHM,1527.0,1526.0,-1.0,False
202609057101156,XC,2026-09-05,SEP,SAT,False,,EDB,1205,1204.0,DAR,1410.0,1410.0,0.0,1411,1411.0,0.0,190.0,BHM,1706.0,1707.0,1.0,True
202609058729938,XC,2026-09-05,SEP,SAT,False,,NCL,1434,1434.0,DAR,1504.0,1503.0,-1.0,1505,1505.0,0.0,50.0,BHM,1727.0,1737.0,10.0,True
202609057101164,XC,2026-09-05,SEP,SAT,False,,EDB,1404,1403.0,DAR,1611.0,1611.0,0.0,1612,1613.0,1.0,190.0,BHM,1905.0,1926.0,21.0,True
202609057166825,XC,2026-09-05,SEP,SAT,False,,NCL,1633,1632.0,DAR,1703.0,1706.0,3.0,1704,1708.0,4.0,50.0,BHM,1925.0,1940.0,15.0,True
202609057101168,XC,2026-09-05,SEP,SAT,False,,EDB,1605,1605.0,DAR,1809.0,1811.0,2.0,1811,1813.0,2.0,190.0,BHM,2106.0,2119.0,13.0,True
202609057100916,XC,2026-09-05,SEP,SAT,False,,NCL,1833,1834.0,DAR,1903.0,1903.0,0.0,1905,1905.0,0.0,50.0,BHM,2126.0,2134.0,8.0,True
202609057100846,XC,2026-09-05,SEP,SAT,False,576.0,EDB,1804,1804.0,DAR,2009.0,2033.0,24.0,2011,2035.0,24.0,190.0,BHM,2307.0,2326.0,19.0,True
202609068729869,XC,2026-09-06,SEP,SUN,False,895.0,NCL,830,834.0,DAR,901.0,905.0,4.0,904,906.0,2.0,50.0,BHM,1204.0,1221.0,17.0,True
202609067101147,XC,2026-09-06,SEP,SUN,False,,EDB,908,908.0,DAR,1109.0,1108.0,-1.0,1111,1110.0,-1.0,190.0,BHM,1404.0,1403.0,-1.0,False
202609068729886,XC,2026-09-06,SEP,SUN,False,,EDB,1008,1008.0,DAR,1209.0,1215.0,6.0,1210,1216.0,6.0,190.0,BHM,1506.0,1515.0,9.0,True
202609067101152,XC,2026-09-06,SEP,SUN,False,,EDB,1107,1106.0,DAR,1309.0,1308.0,-1.0,1310,1310.0,0.0,190.0,BHM,1604.0,1605.0,1.0,True
202609067101155,XC,2026-09-06,SEP,SUN,False,526.0,GLC,1055,,DAR,1410.0,1421.0,11.0,1411,1423.0,12.0,228.0,BHM,1706.0,1734.0,28.0,True
202609067101163,XC,2026-09-06,SEP,SUN,False,,EDB,1305,1304.0,DAR,1509.0,1509.0,0.0,1511,1511.0,0.0,190.0,BHM,1804.0,1807.0,3.0,True
202609067101165,XC,2026-09-06,SEP,SUN,False,,DEE,1222,,DAR,1609.0,1609.0,0.0,1610,1610.0,0.0,,BHM,1903.0,1902.0,-1.0,False
202609067166826,XC,2026-09-06,SEP,SUN,False,904.0,NCL,1635,1634.0,DAR,1704.0,1704.0,0.0,1706,1706.0,0.0,50.0,BHM,1925.0,1940.0,15.0,True
202609068729915,XC,2026-09-06,SEP,SUN,False,,EDB,1607,1606.0,DAR,1811.0,1810.0,-1.0,1812,1812.0,0.0,190.0,BHM,2106.0,2105.0,-1.0,False
202609067100915,XC,2026-09-06,SEP,SUN,False,,NCL,1833,1833.0,DAR,1902.0,1902.0,0.0,1904,1904.0,0.0,50.0,BHM,2124.0,2137.0,13.0,True
202609067100843,XC,2026-09-06,SEP,SUN,False,,EDB,1805,1805.0,DAR,2007.0,2007.0,0.0,2009,2009.0,0.0,190.0,BHM,2309.0,2317.0,8.0,True
202609128729924,XC,2026-09-12,SEP,SAT,False,,NCL,622,622.0,DAR,651.0,651.0,0.0,653,653.0,0.0,50.0,BHM,927.0,930.0,3.0,True
202609127101141,XC,2026-09-12,SEP,SAT,False,,NCL,640,640.0,DAR,709.0,708.0,-1.0,710,710.0,0.0,50.0,BHM,1004.0,1014.0,10.0,True
202609127101146,XC,2026-09-12,SEP,SAT,False,911.0,EDB,602,603.0,DAR,810.0,812.0,2.0,811,814.0,3.0,190.0,BHM,1106.0,1134.0,28.0,True
202609127101179,XC,2026-09-12,SEP,SAT,False,,NCL,835,835.0,DAR,904.0,904.0,0.0,906,906.0,0.0,50.0,BHM,1127.0,1136.0,9.0,True
202609128729872,XC,2026-09-12,SEP,SAT,False,,GLC,648,648.0,DAR,1010.0,1010.0,0.0,1011,1013.0,2.0,228.0,BHM,1306.0,1311.0,5.0,True
202609127101183,XC,2026-09-12,SEP,SAT,False,,NCL,1035,1035.0,DAR,1104.0,1104.0,0.0,1106,1106.0,0.0,50.0,BHM,1328.0,1333.0,5.0,True
202609128729885,XC,2026-09-12,SEP,SAT,False,,EDB,1005,1004.0,DAR,1210.0,1208.0,-2.0,1211,1210.0,-1.0,190.0,BHM,1505.0,1507.0,2.0,True
202609128729934,XC,2026-09-12,SEP,SAT,False,,NCL,1234,1234.0,DAR,1304.0,1310.0,6.0,1306,1312.0,6.0,50.0,BHM,1527.0,1537.0,10.0,True
202609127101156,XC,2026-09-12,SEP,SAT,False,,EDB,1205,1204.0,DAR,1410.0,1410.0,0.0,1411,1412.0,1.0,190.0,BHM,1706.0,1706.0,0.0,False
202609128729938,XC,2026-09-12,SEP,SAT,False,,NCL,1434,1433.0,DAR,1504.0,1502.0,-2.0,1505,1505.0,0.0,50.0,BHM,1727.0,1725.0,-2.0,False
202609127101164,XC,2026-09-12,SEP,SAT,False,,EDB,1404,1403.0,DAR,1611.0,1609.0,-2.0,1612,1612.0,0.0,190.0,BHM,1905.0,1913.0,8.0,True
202609127101168,XC,2026-09-12,SEP,SAT,False,,EDB,1605,1605.0,DAR,1809.0,1809.0,0.0,1811,1811.0,0.0,190.0,BHM,2106.0,2109.0,3.0,True
202609127100916,XC,2026-09-12,SEP,SAT,False,,NCL,1833,1837.0,DAR,1903.0,1905.0,2.0,1905,1906.0,1.0,50.0,BHM,2126.0,2128.0,2.0,True
202609127100846,XC,2026-09-12,SEP,SAT,False,547.0,EDB,1804,1803.0,DAR,2009.0,2008.0,-1.0,2011,2010.0,-1.0,190.0,BHM,2307.0,2314.0,7.0,True
202609138729869,XC,2026-09-13,SEP,SUN,False,,NCL,830,834.0,DAR,901.0,907.0,6.0,904,909.0,5.0,50.0,BHM,1204.0,1221.0,17.0,True
202609138729874,XC,2026-09-13,SEP,SUN,False,,NCL,936,936.0,DAR,1005.0,1006.0,1.0,1006,1008.0,2.0,50.0,BHM,1305.0,1313.0,8.0,True
202609137101147,XC,2026-09-13,SEP,SUN,False,,EDB,908,908.0,DAR,1109.0,1109.0,0.0,1111,1111.0,0.0,190.0,BHM,1404.0,1403.0,-1.0,False
202609138729886,XC,2026-09-13,SEP,SUN,False,,EDB,1008,1008.0,DAR,1209.0,1207.0,-2.0,1210,1209.0,-1.0,190.0,BHM,1506.0,1510.0,4.0,True
202609137101152,XC,2026-09-13,SEP,SUN,False,,EDB,1107,1106.0,DAR,1309.0,1308.0,-1.0,1310,1310.0,0.0,190.0,BHM,1604.0,1611.0,7.0,True
202609137101155,XC,2026-09-13,SEP,SUN,False,689.0,GLC,1055,1055.0,DAR,1410.0,1411.0,1.0,1411,1413.0,2.0,228.0,BHM,1706.0,1720.0,14.0,True
202609137101163,XC,2026-09-13,SEP,SUN,False,,EDB,1305,1304.0,DAR,1509.0,1509.0,0.0,1511,1511.0,0.0,190.0,BHM,1804.0,1815.0,11.0,True
202609137101165,XC,2026-09-13,SEP,SUN,False,,DEE,1222,1222.0,DAR,1609.0,1609.0,0.0,1610,1611.0,1.0,,BHM,1903.0,1907.0,4.0,True
202609138729915,XC,2026-09-13,SEP,SUN,False,,EDB,1607,1607.0,DAR,1811.0,1809.0,-2.0,1812,1812.0,0.0,190.0,BHM,2106.0,2112.0,6.0,True
202609137100915,XC,2026-09-13,SEP,SUN,False,,NCL,1833,1834.0,DAR,1902.0,1903.0,1.0,1904,1905.0,1.0,50.0,BHM,2124.0,2126.0,2.0,True
202609137100843,XC,2026-09-13,SEP,SUN,False,574.0,EDB,1805,1808.0,DAR,2007.0,2029.0,22.0,2009,2031.0,22.0,190.0,BHM,2309.0,2326.0,17.0,True
