rid,toc_code,date,month,day,cancelled,canc_reason,init_station,init_ptd,init_atd,start_station,start_pta,start_ata,start_arrival_delay,start_ptd,start_atd,start_dept_delay,distance_from_init,end_station,end_pta,end_ata,end_delay,delayed
202509266723644,XC,2025-09-26,SEP,FRI,False,,BHM,0603,0602,BHM,,,,0603,0602,-1,0,DAR,0858,0859,1,True
202509266723647,XC,2025-09-26,SEP,FRI,False,,BHM,0703,0703,BHM,,,,0703,0703,0,0,DAR,0958,0959,1,True
202509266723650,XC,2025-09-26,SEP,FRI,False,,BRI,0632,0632,BHM,0755,0751,-4,0803,0804,1,124,DAR,1058,1112,14,True
202509266723652,XC,2025-09-26,SEP,FRI,False,,PLY,0525,0525,BHM,0855,0851,-4,0903,0902,-1,282,DAR,1158,1158,0,False
202509266723655,XC,2025-09-26,SEP,FRI,False,,PLY,0620,0619,BHM,0954,0959,5,1003,1003,0,282,DAR,1259,1303,4,True
202509266723658,XC,2025-09-26,SEP,FRI,False,,PLY,0727,0727,BHM,1055,1054,-1,1103,1104,1,282,DAR,1402,1408,6,True
202509266723661,XC,2025-09-26,SEP,FRI,False,547,PLY,0827,0830,BHM,1155,1206,11,1203,1214,11,282,DAR,1459,1509,10,True
202509266723666,XC,2025-09-26,SEP,FRI,False,,PLY,0927,0927,BHM,1255,1256,1,1303,1304,1,282,DAR,1558,1559,1,True
202509266723668,XC,2025-09-26,SEP,FRI,False,,PLY,1027,1027,BHM,1355,1355,0,1403,1402,-1,282,DAR,1659,1701,2,True
202509266723671,XC,2025-09-26,SEP,FRI,False,,PLY,1127,1126,BHM,1455,1454,-1,1503,1504,1,282,DAR,1759,1759,0,False
202509266723675,XC,2025-09-26,SEP,FRI,False,895,PLY,1227,1226,BHM,1555,1557,2,1603,1603,0,282,DAR,1900,1913,13,True
202509266723678,XC,2025-09-26,SEP,FRI,False,,PNZ,1115,1116,BHM,1655,1700,5,1703,1704,1,365,DAR,2004,2005,1,True
202509266723680,XC,2025-09-26,SEP,FRI,False,895,PLY,1427,1427,BHM,1755,1807,12,1803,1818,15,282,DAR,2059,2113,14,True
202509266723190,XC,2025-09-26,SEP,FRI,False,,PLY,1527,1527,BHM,1854,1857,3,1903,1903,0,282,DAR,2214,2214,0,False
202509276723645,XC,2025-09-27,SEP,SAT,False,,BHM,0603,0603,BHM,,,,0603,0603,0,0,DAR,0858,0900,2,True
202509276723648,XC,2025-09-27,SEP,SAT,False,,BHM,0703,0703,BHM,,,,0703,0703,0,0,DAR,0958,1001,3,True
202509276723649,XC,2025-09-27,SEP,SAT,False,896,CNM,0710,0710,BHM,0755,0753,-2,0803,0802,-1,67,DAR,1058,1129,31,True
202509276723653,XC,2025-09-27,SEP,SAT,False,,CNM,0812,0811,BHM,0855,0852,-3,0903,0902,-1,67,DAR,1159,1405,126,True
202509276723656,XC,2025-09-27,SEP,SAT,True,777,CNM,0912,,BHM,0955,,,1003,,,67,DAR,1259,,,
202509276723659,XC,2025-09-27,SEP,SAT,True,777,CNM,1012,,BHM,1055,,,1103,,,67,DAR,1402,,,
202509276723662,XC,2025-09-27,SEP,SAT,True,777,CNM,1112,,BHM,1155,,,1203,,,67,DAR,1501,,,
202509276723667,XC,2025-09-27,SEP,SAT,False,,CNM,1212,1215,BHM,1255,1306,11,1303,1312,9,67,DAR,1558,1606,8,True
202509276723669,XC,2025-09-27,SEP,SAT,False,,CNM,1312,1315,BHM,1355,1353,-2,1403,1403,0,67,DAR,1659,1711,12,True
202509276723673,XC,2025-09-27,SEP,SAT,False,,CNM,1412,,BHM,,,,1503,1504,1,67,DAR,1759,1806,7,True
202509276723676,XC,2025-09-27,SEP,SAT,False,,CNM,1512,1512,BHM,1555,1555,0,1603,1603,0,67,DAR,1900,1901,1,True
202509276701404,XC,2025-09-27,SEP,SAT,False,,CNM,1612,,BHM,1655,,,1703,1714,11,67,DAR,2004,2001,-3,False
202509276723681,XC,2025-09-27,SEP,SAT,False,,CNM,1712,1712,BHM,1755,1752,-3,1803,1805,2,67,DAR,2057,2101,4,True
202509276723194,XC,2025-09-27,SEP,SAT,False,,RDG,1745,1745,BHM,1917,1916,-1,1927,1927,0,130,DAR,2154,2157,3,True
202509286723654,XC,2025-09-28,SEP,SUN,False,,BHM,0903,0903,BHM,,,,0903,0903,0,0,DAR,1158,1206,8,True
202509286723657,XC,2025-09-28,SEP,SUN,False,,BHM,1003,1002,BHM,,,,1003,1002,-1,0,DAR,1258,1307,9,True
202509286723660,XC,2025-09-28,SEP,SUN,False,,CNM,1011,1012,BHM,1049,1048,-1,1103,1103,0,67,DAR,1357,1410,13,True
202509286723663,XC,2025-09-28,SEP,SUN,False,,CNM,1111,1111,BHM,1149,1147,-2,1203,1203,0,67,DAR,1458,1506,8,True
202509286723664,XC,2025-09-28,SEP,SUN,False,,CNM,1211,1212,BHM,1249,1248,-1,1303,1303,0,67,DAR,1557,1608,11,True
202509286723670,XC,2025-09-28,SEP,SUN,False,,CNM,1311,1311,BHM,1349,1347,-2,1403,1403,0,67,DAR,1700,1703,3,True
202509286723672,XC,2025-09-28,SEP,SUN,False,,CNM,1411,1411,BHM,1449,1446,-3,1503,1503,0,67,DAR,1757,1802,5,True
202509286723674,XC,2025-09-28,SEP,SUN,False,,CNM,1511,1516,BHM,1549,1556,7,1603,1603,0,67,DAR,1901,1929,28,True
202509286723185,XC,2025-09-28,SEP,SUN,False,,RDG,1544,,BHM,,,,1728,1729,1,130,DAR,1957,1956,-1,False
202509286723682,XC,2025-09-28,SEP,SUN,False,,CNM,1711,1713,BHM,1749,1749,0,1803,1803,0,67,DAR,2100,2059,1439,True
202509287104474,XC,2025-09-28,SEP,SUN,True,526,RDG,1742,,BHM,1918,,,1928,,,130,DAR,2158,,,
202509296723644,XC,2025-09-29,SEP,MON,False,,BHM,0603,0603,BHM,,,,0603,0603,0,0,DAR,0858,0902,4,True
202509296723647,XC,2025-09-29,SEP,MON,False,895,BHM,0703,0703,BHM,,,,0703,0703,0,0,DAR,0958,1009,11,True
202509296723650,XC,2025-09-29,SEP,MON,False,895,BRI,0632,0632,BHM,0755,0753,-2,0803,0803,0,124,DAR,1058,1112,14,True
202509296723652,XC,2025-09-29,SEP,MON,False,,PLY,0525,0525,BHM,0855,0853,-2,0903,0903,0,282,DAR,1158,1157,-1,False
202509296723655,XC,2025-09-29,SEP,MON,False,,PLY,0620,0620,BHM,0954,1000,6,1003,1004,1,282,DAR,1259,1301,2,True
202509296723658,XC,2025-09-29,SEP,MON,False,895,PLY,0727,0726,BHM,1055,1058,3,1103,1104,1,282,DAR,1402,1417,15,True
202509296723661,XC,2025-09-29,SEP,MON,False,,PLY,0827,0829,BHM,1155,1156,1,1203,1203,0,282,DAR,1459,1459,0,False
202509296723665,XC,2025-09-29,SEP,MON,False,,PLY,0927,0931,BHM,1255,1304,9,1303,1310,7,282,DAR,1558,1558,0,False
202509296723668,XC,2025-09-29,SEP,MON,False,832,PLY,1027,1030,BHM,1355,1421,26,1403,1426,23,282,DAR,1659,1704,5,True
202509296723671,XC,2025-09-29,SEP,MON,False,832,PLY,1127,1130,BHM,1455,1505,10,1503,1508,5,282,DAR,1759,1805,6,True
202509296723675,XC,2025-09-29,SEP,MON,False,832,PLY,1227,1235,BHM,1555,1626,31,1603,1631,28,282,DAR,1900,1918,18,True
202509296723678,XC,2025-09-29,SEP,MON,False,,PNZ,1115,1115,BHM,1655,1655,0,1703,1703,0,365,DAR,2004,2002,-2,False
202509296723680,XC,2025-09-29,SEP,MON,False,,PLY,1427,1427,BHM,1755,1751,-4,1803,1802,-1,282,DAR,2059,2100,1,True
202509296723190,XC,2025-09-29,SEP,MON,False,904,PLY,1527,1528,BHM,1854,1853,-1,1903,1903,0,282,DAR,2214,2220,6,True
202509306723644,XC,2025-09-30,SEP,TUE,False,,BHM,0603,0603,BHM,,,,0603,0603,0,0,DAR,0858,0859,1,True
202509306723647,XC,2025-09-30,SEP,TUE,False,,BHM,0703,0703,BHM,,,,0703,0703,0,0,DAR,0958,1008,10,True
202509306723650,XC,2025-09-30,SEP,TUE,False,,BRI,0632,0632,BHM,0755,0751,-4,0803,0802,-1,124,DAR,1058,1057,-1,False
202509306723652,XC,2025-09-30,SEP,TUE,False,,PLY,0525,0524,BHM,0855,0856,1,0903,0903,0,282,DAR,1158,1158,0,False
202509306723655,XC,2025-09-30,SEP,TUE,False,656,PLY,0620,0620,BHM,0954,1017,23,1003,1021,18,282,DAR,1259,1300,1,True
202509306723658,XC,2025-09-30,SEP,TUE,False,895,PLY,0727,0727,BHM,1055,1110,15,1103,1115,12,282,DAR,1402,1432,30,True
202509306723661,XC,2025-09-30,SEP,TUE,False,,PLY,0827,0827,BHM,1155,1200,5,1203,1207,4,282,DAR,1459,1504,5,True
202509306723665,XC,2025-09-30,SEP,TUE,False,547,PLY,0927,0927,BHM,1255,1315,20,1303,1319,16,282,DAR,1558,1602,4,True
202509306723668,XC,2025-09-30,SEP,TUE,False,,PLY,1027,1026,BHM,1355,1353,-2,1403,1403,0,282,DAR,1659,1700,1,True
202509306723671,XC,2025-09-30,SEP,TUE,False,,PLY,1127,1126,BHM,1455,1455,0,1503,1503,0,282,DAR,1759,1759,0,False
202509306723675,XC,2025-09-30,SEP,TUE,False,904,PLY,1227,1227,BHM,1555,1606,11,1603,1613,10,282,DAR,1900,1916,16,True
202509306723678,XC,2025-09-30,SEP,TUE,False,904,PNZ,1115,1115,BHM,1655,1652,-3,1703,1703,0,365,DAR,2004,2012,8,True
202509306723680,XC,2025-09-30,SEP,TUE,False,,PLY,1427,1427,BHM,1755,1757,2,1803,1803,0,282,DAR,2059,2103,4,True
202509306723190,XC,2025-09-30,SEP,TUE,False,,PLY,1527,1527,BHM,1854,1856,2,1903,1904,1,282,DAR,2214,2216,2,True
202510016723644,XC,2025-10-01,OCT,WED,False,,BHM,0603,0606,BHM,,,,0603,0606,3,0,DAR,0858,0859,1,True
202510016723647,XC,2025-10-01,OCT,WED,False,,BHM,0703,0703,BHM,,,,0703,0703,0,0,DAR,0958,1001,3,True
202510016723650,XC,2025-10-01,OCT,WED,False,547,BRI,0632,0632,BHM,0755,0753,-2,0803,0803,0,124,DAR,1058,1119,21,True
202510016723652,XC,2025-10-01,OCT,WED,False,,PLY,0525,0524,BHM,0855,0854,-1,0903,0902,-1,282,DAR,1158,1202,4,True
202510016723655,XC,2025-10-01,OCT,WED,False,,PLY,0620,0620,BHM,0954,0956,2,1003,1002,-1,282,DAR,1259,1303,4,True
202510016723658,XC,2025-10-01,OCT,WED,False,,PLY,0727,0727,BHM,1055,1056,1,1103,1103,0,282,DAR,1402,1409,7,True
202510016723661,XC,2025-10-01,OCT,WED,False,,PLY,0827,0826,BHM,1155,1152,-3,1203,1203,0,282,DAR,1459,1501,2,True
202510016723665,XC,2025-10-01,OCT,WED,False,,PLY,0927,0927,BHM,1255,1253,-2,1303,1302,-1,282,DAR,1558,1559,1,True
202510016723668,XC,2025-10-01,OCT,WED,False,,PLY,1027,1027,BHM,1355,1359,4,1403,1403,0,282,DAR,1659,1701,2,True
202510016723671,XC,2025-10-01,OCT,WED,False,,PLY,1127,1126,BHM,1455,1452,-3,1503,1503,0,282,DAR,1759,1811,12,True
202510016723675,XC,2025-10-01,OCT,WED,False,,PLY,1227,1227,BHM,1555,1556,1,1603,1603,0,282,DAR,1900,1910,10,True
202510016723678,XC,2025-10-01,OCT,WED,False,,PNZ,1115,1115,BHM,1655,1652,-3,1703,1703,0,365,DAR,2004,2005,1,True
202510016723680,XC,2025-10-01,OCT,WED,False,,PLY,1427,1428,BHM,1755,1757,2,1803,1803,0,282,DAR,2059,2103,4,True
202510016723190,XC,2025-10-01,OCT,WED,False,,PLY,1527,1526,BHM,1854,1851,-3,1903,1903,0,282,DAR,2214,2216,2,True
202510026723644,XC,2025-10-02,OCT,THU,False,,BHM,0603,0603,BHM,,,,0603,0603,0,0,DAR,0858,0859,1,True
202510026723647,XC,2025-10-02,OCT,THU,False,,BHM,0703,0703,BHM,,,,0703,0703,0,0,DAR,0958,1019,21,True
202510026723650,XC,2025-10-02,OCT,THU,False,,BRI,0632,0632,BHM,0755,0752,-3,0803,0803,0,124,DAR,1058,1059,1,True
202510026723652,XC,2025-10-02,OCT,THU,False,,PLY,0525,0525,BHM,0855,0854,-1,0903,0903,0,282,DAR,1158,1200,2,True
202510026723655,XC,2025-10-02,OCT,THU,False,895,PLY,0620,0620,BHM,0954,1015,21,1003,1019,16,282,DAR,1259,1318,19,True
202510026723658,XC,2025-10-02,OCT,THU,False,,PLY,0727,0727,BHM,1055,1053,-2,1103,1103,0,282,DAR,1402,1403,1,True
202510026723661,XC,2025-10-02,OCT,THU,False,,PLY,0827,0829,BHM,1155,1155,0,1203,1203,0,282,DAR,1459,1459,0,False
202510026723665,XC,2025-10-02,OCT,THU,False,,PLY,0927,0926,BHM,1255,1300,5,1303,1304,1,282,DAR,1558,1559,1,True
202510026723668,XC,2025-10-02,OCT,THU,False,,PLY,1027,1026,BHM,1355,1354,-1,1403,1403,0,282,DAR,1659,1659,0,False
202510026723671,XC,2025-10-02,OCT,THU,False,,PLY,1127,1127,BHM,1455,1456,1,1503,1504,1,282,DAR,1759,1758,-1,False
202510026723675,XC,2025-10-02,OCT,THU,False,,PLY,1227,1227,BHM,1555,1554,-1,1603,1603,0,282,DAR,1900,1905,5,True
202510026723678,XC,2025-10-02,OCT,THU,False,,PNZ,1115,1115,BHM,1655,1659,4,1703,1703,0,365,DAR,2004,2005,1,True
202510026723680,XC,2025-10-02,OCT,THU,False,,PLY,1427,1426,BHM,1755,1754,-1,1803,1803,0,282,DAR,2059,2105,6,True
202510026723190,XC,2025-10-02,OCT,THU,False,,PLY,1527,1526,BHM,1854,1851,-3,1903,1903,0,282,DAR,2214,2216,2,True
202510036723644,XC,2025-10-03,OCT,FRI,False,,BHM,0603,0603,BHM,,,,0603,0603,0,0,DAR,0858,0859,1,True
202510036723647,XC,2025-10-03,OCT,FRI,False,,BHM,0703,0703,BHM,,,,0703,0703,0,0,DAR,0958,1000,2,True
202510036723650,XC,2025-10-03,OCT,FRI,False,,BRI,0632,0632,BHM,0755,0756,1,0803,0803,0,124,DAR,1058,1101,3,True
202510036723652,XC,2025-10-03,OCT,FRI,False,,PLY,0525,0524,BHM,0855,0856,1,0903,0902,-1,282,DAR,1158,1158,0,False
202510036723655,XC,2025-10-03,OCT,FRI,False,,PLY,0620,0620,BHM,0954,0957,3,1003,1002,-1,282,DAR,1259,1307,8,True
202510036723658,XC,2025-10-03,OCT,FRI,False,,PLY,0727,0727,BHM,1055,1054,-1,1103,1103,0,282,DAR,1402,1408,6,True
202510036723661,XC,2025-10-03,OCT,FRI,False,,PLY,0827,0827,BHM,1155,1156,1,1203,1206,3,282,DAR,1459,1500,1,True
202510036723666,XC,2025-10-03,OCT,FRI,False,799,PLY,0927,0927,BHM,1255,1319,24,1303,1331,28,282,DAR,1558,1623,25,True
202510036723668,XC,2025-10-03,OCT,FRI,False,,PLY,1027,1026,BHM,1355,1406,11,1403,1414,11,282,DAR,1659,1701,2,True
202510036723671,XC,2025-10-03,OCT,FRI,False,895,PLY,1127,1127,BHM,1455,1525,30,1503,1533,30,282,DAR,1759,1813,14,True
202510036723675,XC,2025-10-03,OCT,FRI,False,895,PLY,1227,1226,BHM,1555,1554,-1,1603,1603,0,282,DAR,1900,1927,27,True
202510036723678,XC,2025-10-03,OCT,FRI,False,,PNZ,1115,1115,BHM,1655,1654,-1,1703,1703,0,365,DAR,2004,2011,7,True
202510036723680,XC,2025-10-03,OCT,FRI,False,,PLY,1427,1427,BHM,1755,1753,-2,1803,1803,0,282,DAR,2059,2105,6,True
202510036723190,XC,2025-10-03,OCT,FRI,False,,PLY,1527,1526,BHM,1854,1856,2,1903,1903,0,282,DAR,2214,2220,6,True
202510046723645,XC,2025-10-04,OCT,SAT,False,,BHM,0603,0603,BHM,,,,0603,0603,0,0,DAR,0858,0859,1,True
202510046723648,XC,2025-10-04,OCT,SAT,False,,BHM,0703,0703,BHM,,,,0703,0703,0,0,DAR,0958,0958,0,False
202510046723649,XC,2025-10-04,OCT,SAT,False,,WOP,0724,0724,BHM,0755,0748,-7,0803,0806,3,40,DAR,1058,1059,1,True
202510046723653,XC,2025-10-04,OCT,SAT,False,,WOP,0826,0826,BHM,0855,0853,-2,0903,0903,0,40,DAR,1159,1157,-2,False
202510046723656,XC,2025-10-04,OCT,SAT,False,,WOP,0926,0926,BHM,0955,0957,2,1003,1003,0,40,DAR,1259,1305,6,True
202510046723659,XC,2025-10-04,OCT,SAT,False,,WOP,1026,1026,BHM,1055,1052,-3,1103,1103,0,40,DAR,1402,1402,0,False
202510046723662,XC,2025-10-04,OCT,SAT,False,,WOP,1126,1126,BHM,1155,1152,-3,1203,1203,0,40,DAR,1501,1501,0,False
202510046723667,XC,2025-10-04,OCT,SAT,False,,WOP,1226,1226,BHM,1255,1303,8,1303,1314,11,40,DAR,1558,1559,1,True
202510046723669,XC,2025-10-04,OCT,SAT,False,,WOP,1326,1326,BHM,1355,1357,2,1403,1406,3,40,DAR,1659,1658,-1,False
202510046723673,XC,2025-10-04,OCT,SAT,False,,WOP,1426,1426,BHM,1455,1456,1,1503,1506,3,40,DAR,1759,1758,-1,False
202510046723676,XC,2025-10-04,OCT,SAT,False,,WOP,1526,1527,BHM,1555,1551,-4,1603,1603,0,40,DAR,1900,1900,0,False
202510046701404,XC,2025-10-04,OCT,SAT,False,,WOP,1626,1626,BHM,1655,1654,-1,1703,1703,0,40,DAR,2004,2003,-1,False
202510046723681,XC,2025-10-04,OCT,SAT,False,,WOP,1726,1726,BHM,1755,1754,-1,1803,1803,0,40,DAR,2057,2057,0,False
202510046723194,XC,2025-10-04,OCT,SAT,False,,BHM,1927,1926,BHM,,,,1927,1926,-1,0,DAR,2154,2153,-1,False
202510056723654,XC,2025-10-05,OCT,SUN,False,,BHM,0903,0903,BHM,,,,0903,0903,0,0,DAR,1158,1158,0,False
202510056723657,XC,2025-10-05,OCT,SUN,False,,BHM,1003,1003,BHM,,,,1003,1003,0,0,DAR,1258,1258,0,False
202510056723660,XC,2025-10-05,OCT,SUN,False,,WOP,1022,1022,BHM,1049,1048,-1,1103,1104,1,40,DAR,1357,1359,2,True
202510056723663,XC,2025-10-05,OCT,SUN,False,,WOP,1122,,BHM,,,,1203,1203,0,40,DAR,1458,1457,-1,False
202510056723664,XC,2025-10-05,OCT,SUN,False,,WOP,1222,1223,BHM,1249,1249,0,1303,1302,-1,40,DAR,1557,1557,0,False
202510056723670,XC,2025-10-05,OCT,SUN,False,,WOP,1322,1326,BHM,1349,1350,1,1403,1403,0,40,DAR,1700,1656,1436,True
202510056723672,XC,2025-10-05,OCT,SUN,False,,WOP,1422,1422,BHM,1449,1450,1,1503,1507,4,40,DAR,1757,1757,0,False
202510056723674,XC,2025-10-05,OCT,SUN,False,,WOP,1522,1523,BHM,1549,1546,-3,1603,1603,0,40,DAR,1901,1858,1437,True
202510056723679,XC,2025-10-05,OCT,SUN,False,,WOP,1622,1622,BHM,1649,1647,-2,1703,1703,0,40,DAR,2002,2002,0,False
202510056723682,XC,2025-10-05,OCT,SUN,False,,WOP,1722,1722,BHM,1749,1746,-3,1803,1803,0,40,DAR,2100,2058,1438,True
202510057104474,XC,2025-10-05,OCT,SUN,False,,RDG,1742,1742,BHM,1918,1919,1,1928,1928,0,130,DAR,2158,2201,3,True
202510066723644,XC,2025-10-06,OCT,MON,False,,BHM,0603,0603,BHM,,,,0603,0603,0,0,DAR,0858,0905,7,True
202510066723647,XC,2025-10-06,OCT,MON,False,,BHM,0703,0703,BHM,,,,0703,0703,0,0,DAR,0958,0958,0,False
202510066723650,XC,2025-10-06,OCT,MON,False,,BRI,0632,,BHM,,,,0803,0805,2,124,DAR,1058,1113,15,True
202510066723652,XC,2025-10-06,OCT,MON,False,,PLY,0525,,BHM,0855,0851,-4,0903,0903,0,282,DAR,1158,1158,0,False
202510066723655,XC,2025-10-06,OCT,MON,False,,PLY,0620,,BHM,0954,0954,0,1003,1003,0,282,DAR,1259,1302,3,True
202510066723658,XC,2025-10-06,OCT,MON,False,574,PLY,0727,,BHM,1055,1140,45,1103,1146,43,282,DAR,1402,1437,35,True
202510066723661,XC,2025-10-06,OCT,MON,False,,PLY,0827,,BHM,1155,1154,-1,1203,1203,0,282,DAR,1459,1501,2,True
202510066723665,XC,2025-10-06,OCT,MON,False,,PLY,0927,,BHM,1255,1256,1,1303,1303,0,282,DAR,1558,1559,1,True
202510066723668,XC,2025-10-06,OCT,MON,False,,PLY,1027,,BHM,1355,1353,-2,1403,1403,0,282,DAR,1659,1702,3,True
202510066723671,XC,2025-10-06,OCT,MON,False,,PLY,1127,,BHM,1455,1505,10,1503,1512,9,282,DAR,1759,1816,17,True
202510066723675,XC,2025-10-06,OCT,MON,False,905,PLY,1227,,BHM,,,,1603,1603,0,282,DAR,1900,1913,13,True
202510066723678,XC,2025-10-06,OCT,MON,False,,PNZ,1115,,BHM,,,,1703,1703,0,365,DAR,2004,2001,-3,False
202510066723680,XC,2025-10-06,OCT,MON,False,,PLY,1427,,BHM,1755,1753,-2,1803,1803,0,282,DAR,2059,2058,-1,False
202510066723190,XC,2025-10-06,OCT,MON,False,,PLY,1527,,BHM,1854,1855,1,1903,1903,0,282,DAR,2214,2218,4,True
202510076723644,XC,2025-10-07,OCT,TUE,False,,BHM,0603,0603,BHM,,,,0603,0603,0,0,DAR,0858,0901,3,True
202510076723647,XC,2025-10-07,OCT,TUE,False,,BHM,0703,0705,BHM,,,,0703,0705,2,0,DAR,0958,1000,2,True
202510076723650,XC,2025-10-07,OCT,TUE,False,,BRI,0632,,BHM,,,,0803,0803,0,124,DAR,1058,1058,0,False
202510076723652,XC,2025-10-07,OCT,TUE,False,,PLY,0525,,BHM,0855,0853,-2,0903,0903,0,282,DAR,1158,1158,0,False
202510076723655,XC,2025-10-07,OCT,TUE,False,,PLY,0620,,BHM,0954,0953,-1,1003,1003,0,282,DAR,1259,1301,2,True
202510076723658,XC,2025-10-07,OCT,TUE,False,,PLY,0727,,BHM,1055,1057,2,1103,1103,0,282,DAR,1402,1405,3,True
202510076723661,XC,2025-10-07,OCT,TUE,False,895,PLY,0827,,BHM,1155,1152,-3,1203,1203,0,282,DAR,1459,1514,15,True
202510076723665,XC,2025-10-07,OCT,TUE,False,,PLY,0927,,BHM,1255,1255,0,1303,1303,0,282,DAR,1558,1603,5,True
202510076723668,XC,2025-10-07,OCT,TUE,False,704,PLY,1027,,BHM,1355,1355,0,1403,1403,0,282,DAR,1659,1728,29,True
202510076723671,XC,2025-10-07,OCT,TUE,False,812,PLY,1127,,BHM,1455,1506,11,1503,1510,7,282,DAR,1759,1758,-1,False
202510076723675,XC,2025-10-07,OCT,TUE,False,536,PLY,1227,,BHM,,,,1603,1603,0,282,DAR,1900,1924,24,True
202510076723678,XC,2025-10-07,OCT,TUE,False,,PNZ,1115,,BHM,,,,1703,1703,0,365,DAR,2004,2013,9,True
202510076723680,XC,2025-10-07,OCT,TUE,False,,PLY,1427,,BHM,1755,1753,-2,1803,1802,-1,282,DAR,2059,2100,1,True
202510076723190,XC,2025-10-07,OCT,TUE,False,,PLY,1527,,BHM,1854,1855,1,1903,1903,0,282,DAR,2214,2213,-1,False
202510086723644,XC,2025-10-08,OCT,WED,False,,BHM,0603,0602,BHM,,,,0603,0602,-1,0,DAR,0858,0858,0,False
202510086723647,XC,2025-10-08,OCT,WED,False,,BHM,0703,0703,BHM,,,,0703,0703,0,0,DAR,0958,1003,5,True
202510086723650,XC,2025-10-08,OCT,WED,False,,BRI,0632,0632,BHM,0755,0754,-1,0803,0802,-1,124,DAR,1058,1059,1,True
202510086723652,XC,2025-10-08,OCT,WED,False,,PLY,0525,0525,BHM,0855,0903,8,0903,0907,4,282,DAR,1158,1158,0,False
202510086723655,XC,2025-10-08,OCT,WED,False,,PLY,0620,0620,BHM,0954,0956,2,1003,1004,1,282,DAR,1259,1300,1,True
202510086723658,XC,2025-10-08,OCT,WED,False,,PLY,0727,0727,BHM,1055,1056,1,1103,1103,0,282,DAR,1402,1401,-1,False
202510086723661,XC,2025-10-08,OCT,WED,False,,PLY,0827,0827,BHM,1155,1157,2,1203,1204,1,282,DAR,1459,1506,7,True
202510086723665,XC,2025-10-08,OCT,WED,False,,PLY,0927,0927,BHM,1255,1300,5,1303,1303,0,282,DAR,1558,1559,1,True
202510086723668,XC,2025-10-08,OCT,WED,False,904,PLY,1027,1027,BHM,1355,1401,6,1403,1404,1,282,DAR,1659,1710,11,True
202510086723671,XC,2025-10-08,OCT,WED,False,,PLY,1127,1126,BHM,1455,1455,0,1503,1503,0,282,DAR,1759,1805,6,True
202510086723675,XC,2025-10-08,OCT,WED,False,,PLY,1227,1228,BHM,1555,1555,0,1603,1603,0,282,DAR,1900,1858,1438,True
202510086723678,XC,2025-10-08,OCT,WED,False,,PNZ,1115,1115,BHM,1655,1655,0,1703,1703,0,365,DAR,2004,2005,1,True
202510086723680,XC,2025-10-08,OCT,WED,False,,PLY,1427,1426,BHM,1755,1754,-1,1803,1803,0,282,DAR,2059,2114,15,True
202510086723190,XC,2025-10-08,OCT,WED,False,,PLY,1527,1526,BHM,1854,1855,1,1903,1904,1,282,DAR,2214,2211,-3,False
202510096723644,XC,2025-10-09,OCT,THU,False,,BHM,0603,0602,BHM,,,,0603,0602,-1,0,DAR,0858,0905,7,True
202510096723647,XC,2025-10-09,OCT,THU,False,,BHM,0703,0703,BHM,,,,0703,0703,0,0,DAR,0958,1000,2,True
202510096723650,XC,2025-10-09,OCT,THU,True,777,BRI,0632,,BHM,0755,,,0803,,,124,DAR,1058,,,
202510096723652,XC,2025-10-09,OCT,THU,False,777,PLY,0525,0525,BHM,0855,0857,2,0903,0903,0,282,DAR,1158,1235,37,True
202510096723655,XC,2025-10-09,OCT,THU,False,576,PLY,0620,,BHM,0954,1009,15,1003,1013,10,282,DAR,1259,1304,5,True
202510096723658,XC,2025-10-09,OCT,THU,False,895,PLY,0727,0727,BHM,1055,1107,12,1103,1112,9,282,DAR,1402,1414,12,True
202510096723661,XC,2025-10-09,OCT,THU,False,,PLY,0827,0827,BHM,1155,1156,1,1203,1203,0,282,DAR,1459,1500,1,True
202510096723665,XC,2025-10-09,OCT,THU,False,,PLY,0927,0927,BHM,1255,1254,-1,1303,1303,0,282,DAR,1558,1559,1,True
202510096723668,XC,2025-10-09,OCT,THU,False,,PLY,1027,1027,BHM,1355,1356,1,1403,1403,0,282,DAR,1659,1700,1,True
202510096723671,XC,2025-10-09,OCT,THU,False,,PLY,1127,1127,BHM,1455,1455,0,1503,1505,2,282,DAR,1759,1758,-1,False
202510096723675,XC,2025-10-09,OCT,THU,False,,PLY,1227,1228,BHM,1555,1556,1,1603,1603,0,282,DAR,1900,1906,6,True
202510096723678,XC,2025-10-09,OCT,THU,False,547,PNZ,1115,1117,BHM,1655,1721,26,1703,1725,22,365,DAR,2004,2013,9,True
202510096723680,XC,2025-10-09,OCT,THU,False,895,PLY,1427,1433,BHM,1755,1758,3,1803,1803,0,282,DAR,2059,2106,7,True
202510096723190,XC,2025-10-09,OCT,THU,False,,PLY,1527,1527,BHM,1854,1855,1,1903,1904,1,282,DAR,2214,2212,-2,False
202510106723644,XC,2025-10-10,OCT,FRI,False,895,BHM,0603,0603,BHM,,,,0603,0603,0,0,DAR,0858,0920,22,True
202510106723647,XC,2025-10-10,OCT,FRI,False,,BHM,0703,0703,BHM,,,,0703,0703,0,0,DAR,0958,1001,3,True
202510106723650,XC,2025-10-10,OCT,FRI,False,,BRI,0632,0632,BHM,0755,0807,12,0803,0810,7,124,DAR,1058,1102,4,True
202510106723652,XC,2025-10-10,OCT,FRI,False,887,PLY,0525,0525,BHM,0855,0851,-4,0903,0912,9,282,DAR,1158,1159,1,True
202510106723655,XC,2025-10-10,OCT,FRI,False,,PLY,0620,0620,BHM,0954,1000,6,1003,1007,4,282,DAR,1259,1302,3,True
202510106723658,XC,2025-10-10,OCT,FRI,False,,PLY,0727,0727,BHM,1055,1100,5,1103,1105,2,282,DAR,1402,1400,-2,False
202510106723661,XC,2025-10-10,OCT,FRI,False,895,PLY,0827,0827,BHM,1155,1207,12,1203,1214,11,282,DAR,1459,1514,15,True
202510106723666,XC,2025-10-10,OCT,FRI,False,,PLY,0927,0927,BHM,1255,1256,1,1303,1303,0,282,DAR,1558,1601,3,True
202510106723668,XC,2025-10-10,OCT,FRI,False,,PLY,1027,1027,BHM,1355,1355,0,1403,1402,-1,282,DAR,1659,1702,3,True
202510106723671,XC,2025-10-10,OCT,FRI,False,904,PLY,1127,1126,BHM,1455,1454,-1,1503,1505,2,282,DAR,1759,1823,24,True
202510106723675,XC,2025-10-10,OCT,FRI,False,895,PLY,1227,1227,BHM,1555,1616,21,1603,1621,18,282,DAR,1900,1925,25,True
202510106723678,XC,2025-10-10,OCT,FRI,False,576,PNZ,1115,1115,BHM,1655,1722,27,1703,1726,23,365,DAR,2004,2015,11,True
202510106723680,XC,2025-10-10,OCT,FRI,False,895,PLY,1427,1428,BHM,1755,1819,24,1803,1825,22,282,DAR,2059,2130,31,True
202510106723190,XC,2025-10-10,OCT,FRI,False,,PLY,1527,1527,BHM,1854,1859,5,1903,1903,0,282,DAR,2214,2219,5,True
202510136723644,XC,2025-10-13,OCT,MON,False,,BHM,0603,0603,BHM,,,,0603,0603,0,0,DAR,0858,0902,4,True
202510136723647,XC,2025-10-13,OCT,MON,False,,BHM,0703,0703,BHM,,,,0703,0703,0,0,DAR,0958,1000,2,True
202510136723650,XC,2025-10-13,OCT,MON,False,,BRI,0632,0632,BHM,0755,0754,-1,0803,0803,0,124,DAR,1058,1104,6,True
202510136723652,XC,2025-10-13,OCT,MON,False,,PLY,0525,0525,BHM,0855,0856,1,0903,0913,10,282,DAR,1158,1201,3,True
202510136723655,XC,2025-10-13,OCT,MON,False,,PLY,0620,0619,BHM,0954,1002,8,1003,1007,4,282,DAR,1259,1307,8,True
202510136723658,XC,2025-10-13,OCT,MON,False,,PLY,0727,0726,BHM,1055,1058,3,1103,1103,0,282,DAR,1402,1410,8,True
202510136723661,XC,2025-10-13,OCT,MON,False,,PLY,0827,0826,BHM,1155,1156,1,1203,1203,0,282,DAR,1459,1504,5,True
202510136723665,XC,2025-10-13,OCT,MON,False,573,PLY,0927,0927,BHM,1255,1302,7,1303,1307,4,282,DAR,1558,1626,28,True
202510136723668,XC,2025-10-13,OCT,MON,False,,PLY,1027,1027,BHM,1355,1353,-2,1403,1408,5,282,DAR,1659,1703,4,True
202510136723671,XC,2025-10-13,OCT,MON,False,,PLY,1127,1126,BHM,1455,1452,-3,1503,1503,0,282,DAR,1759,1802,3,True
202510136723675,XC,2025-10-13,OCT,MON,False,895,PLY,1227,,BHM,1555,1607,12,1603,1612,9,282,DAR,1900,1913,13,True
202510136723678,XC,2025-10-13,OCT,MON,False,,PNZ,1115,1115,BHM,1655,1656,1,1703,1703,0,365,DAR,2004,2004,0,False
202510136723680,XC,2025-10-13,OCT,MON,False,,PLY,1427,1427,BHM,1755,1752,-3,1803,1803,0,282,DAR,2059,2103,4,True
202510136723190,XC,2025-10-13,OCT,MON,False,,PLY,1527,1527,BHM,1854,1856,2,1903,1902,-1,282,DAR,2214,2214,0,False
202510146723644,XC,2025-10-14,OCT,TUE,False,,BHM,0603,0603,BHM,,,,0603,0603,0,0,DAR,0858,0900,2,True
202510146723647,XC,2025-10-14,OCT,TUE,False,,BHM,0703,0703,BHM,,,,0703,0703,0,0,DAR,0958,1002,4,True
202510146723650,XC,2025-10-14,OCT,TUE,False,,BRI,0632,0632,BHM,0755,0756,1,0803,0803,0,124,DAR,1058,1110,12,True
202510146723652,XC,2025-10-14,OCT,TUE,False,886,PLY,0525,0529,BHM,0855,0920,25,0903,0924,21,282,DAR,1158,1213,15,True
202510146723655,XC,2025-10-14,OCT,TUE,False,,PLY,0620,0619,BHM,0954,0959,5,1003,1004,1,282,DAR,1259,1301,2,True
202510146723658,XC,2025-10-14,OCT,TUE,False,,PLY,0727,0727,BHM,1055,1056,1,1103,1103,0,282,DAR,1402,1403,1,True
202510146723661,XC,2025-10-14,OCT,TUE,False,,PLY,0827,0827,BHM,1155,1201,6,1203,1210,7,282,DAR,1459,1504,5,True
202510146723665,XC,2025-10-14,OCT,TUE,False,,PLY,0927,0927,BHM,1255,1256,1,1303,1304,1,282,DAR,1558,1600,2,True
202510146723668,XC,2025-10-14,OCT,TUE,False,,PLY,1027,1027,BHM,1355,1353,-2,1403,1403,0,282,DAR,1659,1659,0,False
202510146723671,XC,2025-10-14,OCT,TUE,True,777,PLY,1127,,BHM,1455,,,1503,,,282,DAR,1759,,,
202510146723675,XC,2025-10-14,OCT,TUE,False,773,PLY,1227,1227,BHM,1555,1559,4,1603,1606,3,282,DAR,1900,1934,34,True
202510146723678,XC,2025-10-14,OCT,TUE,False,904,PNZ,1115,1116,BHM,1655,1702,7,1703,1707,4,365,DAR,2004,2029,25,True
202510146723680,XC,2025-10-14,OCT,TUE,False,,PLY,1427,1427,BHM,1755,1759,4,1803,1802,-1,282,DAR,2059,2109,10,True
202510146723190,XC,2025-10-14,OCT,TUE,True,777,PLY,1527,,BHM,1854,,,1903,,,282,DAR,2214,,,
202510156723644,XC,2025-10-15,OCT,WED,False,,BHM,0603,0603,BHM,,,,0603,0603,0,0,DAR,0858,0901,3,True
202510156723647,XC,2025-10-15,OCT,WED,False,895,BHM,0703,0703,BHM,,,,0703,0703,0,0,DAR,0958,1018,20,True
202510156723650,XC,2025-10-15,OCT,WED,False,,BRI,0632,0632,BHM,0755,0756,1,0803,0803,0,124,DAR,1058,1104,6,True
202510156723652,XC,2025-10-15,OCT,WED,False,,PLY,0525,0524,BHM,0855,0856,1,0903,0903,0,282,DAR,1158,1201,3,True
202510156723655,XC,2025-10-15,OCT,WED,False,,PLY,0620,0620,BHM,0954,0957,3,1003,1003,0,282,DAR,1259,1302,3,True
202510156723658,XC,2025-10-15,OCT,WED,False,,PLY,0727,0727,BHM,1055,1057,2,1103,1102,-1,282,DAR,1402,1402,0,False
202510156723661,XC,2025-10-15,OCT,WED,False,,PLY,0827,0827,BHM,1155,1155,0,1203,1203,0,282,DAR,1459,1504,5,True
202510156723665,XC,2025-10-15,OCT,WED,False,904,PLY,0927,0927,BHM,1255,1319,24,1303,1324,21,282,DAR,1558,1623,25,True
202510156723668,XC,2025-10-15,OCT,WED,True,521,PLY,1027,,BHM,1355,,,1403,,,282,DAR,1659,,,
202510156723675,XC,2025-10-15,OCT,WED,False,521,PLY,1227,1226,BHM,1555,1559,4,1603,1627,24,282,DAR,1900,1950,50,True
202510156723678,XC,2025-10-15,OCT,WED,False,521,PNZ,1115,1115,BHM,1655,1658,3,1703,1706,3,365,DAR,2004,2023,19,True
202510156723680,XC,2025-10-15,OCT,WED,False,895,PLY,1427,1426,BHM,1755,1753,-2,1803,1803,0,282,DAR,2059,2113,14,True
202510156723190,XC,2025-10-15,OCT,WED,False,,PLY,1527,1526,BHM,1854,1856,2,1903,1903,0,282,DAR,2214,2215,1,True
202510166723644,XC,2025-10-16,OCT,THU,False,,BHM,0603,0603,BHM,,,,0603,0603,0,0,DAR,0858,0903,5,True
202510166723647,XC,2025-10-16,OCT,THU,False,,BHM,0703,0703,BHM,,,,0703,0703,0,0,DAR,0958,1001,3,True
202510166723650,XC,2025-10-16,OCT,THU,False,,BRI,0632,0632,BHM,0755,0751,-4,0803,0803,0,124,DAR,1058,1103,5,True
202510166723652,XC,2025-10-16,OCT,THU,False,,PLY,0525,0525,BHM,0855,0854,-1,0903,0903,0,282,DAR,1158,1202,4,True
202510166723655,XC,2025-10-16,OCT,THU,False,,PLY,0620,0620,BHM,0954,1006,12,1003,1009,6,282,DAR,1259,1302,3,True
202510166723658,XC,2025-10-16,OCT,THU,False,,PLY,0727,0728,BHM,1055,1055,0,1103,1103,0,282,DAR,1402,1403,1,True
202510166723661,XC,2025-10-16,OCT,THU,False,896,PLY,0827,0827,BHM,1155,1152,-3,1203,1203,0,282,DAR,1459,1508,9,True
202510166723665,XC,2025-10-16,OCT,THU,False,,PLY,0927,0927,BHM,1255,1259,4,1303,1306,3,282,DAR,1558,1600,2,True
202510166723668,XC,2025-10-16,OCT,THU,False,,PLY,1027,1026,BHM,1355,1353,-2,1403,1403,0,282,DAR,1659,1702,3,True
202510166723671,XC,2025-10-16,OCT,THU,False,,PLY,1127,1126,BHM,1455,1454,-1,1503,1503,0,282,DAR,1759,1803,4,True
202510166723675,XC,2025-10-16,OCT,THU,True,772,PLY,1227,,BHM,1555,,,1603,,,282,DAR,1900,,,
202510167949859,XC,2025-10-16,OCT,THU,False,772,BHM,1703,1703,BHM,,,,1703,1703,0,0,DAR,2004,2034,30,True
202510166723680,XC,2025-10-16,OCT,THU,False,772,PLY,1427,1427,BHM,1755,1817,22,1803,1829,26,282,DAR,2059,2147,48,True
202510166723190,XC,2025-10-16,OCT,THU,False,832,PLY,1527,1528,BHM,1854,1858,4,1903,1906,3,282,DAR,2214,2246,32,True
202510176723644,XC,2025-10-17,OCT,FRI,False,,BHM,0603,0603,BHM,,,,0603,0603,0,0,DAR,0858,0902,4,True
202510176723647,XC,2025-10-17,OCT,FRI,False,895,BHM,0703,0704,BHM,,,,0703,0704,1,0,DAR,0958,1011,13,True
202510176723650,XC,2025-10-17,OCT,FRI,False,,BRI,0632,0632,BHM,0755,0751,-4,0803,0803,0,124,DAR,1058,1111,13,True
202510176723652,XC,2025-10-17,OCT,FRI,False,,PLY,0525,0525,BHM,0855,0856,1,0903,0903,0,282,DAR,1158,1202,4,True
202510176723655,XC,2025-10-17,OCT,FRI,False,,PLY,0620,0620,BHM,0954,0952,-2,1003,1003,0,282,DAR,1259,1301,2,True
202510176723658,XC,2025-10-17,OCT,FRI,False,,PLY,0727,0727,BHM,1055,1056,1,1103,1104,1,282,DAR,1402,1405,3,True
202510176723661,XC,2025-10-17,OCT,FRI,False,,PLY,0827,0827,BHM,1155,1159,4,1203,1207,4,282,DAR,1459,1505,6,True
202510176723666,XC,2025-10-17,OCT,FRI,False,,PLY,0927,0927,BHM,1255,1253,-2,1303,1303,0,282,DAR,1558,1606,8,True
202510176723668,XC,2025-10-17,OCT,FRI,False,,PLY,1027,1026,BHM,1355,1355,0,1403,1403,0,282,DAR,1659,1701,2,True
202510176723671,XC,2025-10-17,OCT,FRI,False,,PLY,1127,1126,BHM,1455,1457,2,1503,1503,0,282,DAR,1759,1817,18,True
202510176723675,XC,2025-10-17,OCT,FRI,True,777,PLY,1227,,BHM,1555,,,1603,,,282,DAR,1900,,,
202510176723678,XC,2025-10-17,OCT,FRI,False,777,PNZ,1115,1115,BHM,1655,1759,64,1703,1808,65,365,DAR,2004,2044,40,True
202510176723680,XC,2025-10-17,OCT,FRI,False,777,PLY,1427,1426,BHM,1755,1926,91,1803,1944,101,282,DAR,2059,2238,99,True
202510176723190,XC,2025-10-17,OCT,FRI,False,773,PLY,1527,1527,BHM,1854,1945,51,1903,1955,52,282,DAR,2214,2307,53,True
202510187544963,XC,2025-10-18,OCT,SAT,False,,BHM,1103,1105,BHM,,,,1103,1105,2,0,DAR,1402,1403,1,True
202510187544961,XC,2025-10-18,OCT,SAT,False,,BHM,1303,1303,BHM,,,,1303,1303,0,0,DAR,1558,1603,5,True
202510196723654,XC,2025-10-19,OCT,SUN,False,,BHM,0903,0903,BHM,,,,0903,0903,0,0,DAR,1158,1157,-1,False
202510196723657,XC,2025-10-19,OCT,SUN,False,,BHM,1003,1003,BHM,,,,1003,1003,0,0,DAR,1258,1309,11,True
202510196723660,XC,2025-10-19,OCT,SUN,False,909,BRI,0915,0926,BHM,1049,1107,18,1103,1116,13,124,DAR,1357,1357,0,False
202510196723663,XC,2025-10-19,OCT,SUN,False,,BRI,1031,1031,BHM,1149,1150,1,1203,1203,0,124,DAR,1458,1459,1,True
202510196723664,XC,2025-10-19,OCT,SUN,False,,BRI,1131,1131,BHM,1249,1252,3,1303,1303,0,124,DAR,1557,1558,1,True
202510196723670,XC,2025-10-19,OCT,SUN,False,812,PLY,0927,0941,BHM,1349,1400,11,1403,1409,6,282,DAR,1700,1659,1439,True
202510196723672,XC,2025-10-19,OCT,SUN,False,,BRI,1331,1331,BHM,1449,1452,3,1503,1504,1,124,DAR,1757,1757,0,False
202510196723674,XC,2025-10-19,OCT,SUN,False,908,PLY,1127,1127,BHM,1549,1554,5,1603,1604,1,282,DAR,1901,1857,1436,True
202510196723679,XC,2025-10-19,OCT,SUN,False,,BRI,1531,1531,BHM,1649,1656,7,1703,1703,0,124,DAR,2002,2000,-2,False
202510196723682,XC,2025-10-19,OCT,SUN,False,536,PNZ,1130,1132,BHM,1749,1756,7,1803,1804,1,365,DAR,2100,2105,5,True
202510197104474,XC,2025-10-19,OCT,SUN,False,,RDG,1742,,BHM,,,,1928,1929,1,130,DAR,2158,2155,-3,False
202510206723644,XC,2025-10-20,OCT,MON,False,895,BHM,0603,0603,BHM,,,,0603,0603,0,0,DAR,0858,0912,14,True
202510206723647,XC,2025-10-20,OCT,MON,False,,BHM,0703,0703,BHM,,,,0703,0703,0,0,DAR,0958,1009,11,True
202510206723650,XC,2025-10-20,OCT,MON,False,,BRI,0632,0633,BHM,0755,0752,-3,0803,0802,-1,124,DAR,1058,1058,0,False
202510206723652,XC,2025-10-20,OCT,MON,False,886,PLY,0525,0525,BHM,0855,0906,11,0903,0911,8,282,DAR,1158,1204,6,True
202510206723655,XC,2025-10-20,OCT,MON,False,,PLY,0620,0619,BHM,0954,0955,1,1003,1003,0,282,DAR,1259,1306,7,True
202510206723658,XC,2025-10-20,OCT,MON,False,,PLY,0727,0727,BHM,1055,1055,0,1103,1104,1,282,DAR,1402,1412,10,True
202510206723661,XC,2025-10-20,OCT,MON,False,,PLY,0827,0832,BHM,1155,1157,2,1203,1204,1,282,DAR,1459,1502,3,True
202510206723665,XC,2025-10-20,OCT,MON,False,,PLY,0927,0927,BHM,1255,1256,1,1303,1303,0,282,DAR,1558,1600,2,True
202510206723668,XC,2025-10-20,OCT,MON,False,895,PLY,1027,1027,BHM,1355,1419,24,1403,1426,23,282,DAR,1659,1735,36,True
202510206723671,XC,2025-10-20,OCT,MON,False,,PLY,1127,1127,BHM,1455,1452,-3,1503,1503,0,282,DAR,1759,1801,2,True
202510206723675,XC,2025-10-20,OCT,MON,False,,PLY,1227,1227,BHM,1555,1557,2,1603,1603,0,282,DAR,1900,1912,12,True
202510206723678,XC,2025-10-20,OCT,MON,False,895,PNZ,1115,1115,BHM,1655,1654,-1,1703,1704,1,365,DAR,2004,2027,23,True
202510206723680,XC,2025-10-20,OCT,MON,False,,PLY,1427,1404,BHM,1755,1802,7,1803,1806,3,282,DAR,2059,2101,2,True
202510206723190,XC,2025-10-20,OCT,MON,False,574,PLY,1527,1526,BHM,1854,1904,10,1903,1908,5,282,DAR,2214,2217,3,True
202510216723644,XC,2025-10-21,OCT,TUE,False,,BHM,0603,0603,BHM,,,,0603,0603,0,0,DAR,0858,0902,4,True
202510216723647,XC,2025-10-21,OCT,TUE,False,,BHM,0703,0708,BHM,,,,0703,0708,5,0,DAR,0958,1003,5,True
202510216723650,XC,2025-10-21,OCT,TUE,False,,BRI,0632,0632,BHM,0755,0753,-2,0803,0803,0,124,DAR,1058,1103,5,True
202510216723652,XC,2025-10-21,OCT,TUE,False,895,PLY,0525,0524,BHM,0855,0903,8,0903,0906,3,282,DAR,1158,1208,10,True
202510216723655,XC,2025-10-21,OCT,TUE,False,,PLY,0620,0619,BHM,0954,0953,-1,1003,1003,0,282,DAR,1259,1301,2,True
202510216723658,XC,2025-10-21,OCT,TUE,False,,PLY,0727,0727,BHM,1055,1057,2,1103,1103,0,282,DAR,1402,1401,-1,False
202510216723661,XC,2025-10-21,OCT,TUE,False,904,PLY,0827,0827,BHM,1155,1152,-3,1203,1203,0,282,DAR,1459,1512,13,True
202510216723665,XC,2025-10-21,OCT,TUE,False,895,PLY,0927,0927,BHM,1255,1315,20,1303,1320,17,282,DAR,1558,1609,11,True
202510216723668,XC,2025-10-21,OCT,TUE,False,,PLY,1027,1030,BHM,1355,1400,5,1403,1404,1,282,DAR,1659,1700,1,True
202510216723671,XC,2025-10-21,OCT,TUE,False,886,PLY,1127,1126,BHM,1455,1507,12,1503,1511,8,282,DAR,1759,1801,2,True
202510216723675,XC,2025-10-21,OCT,TUE,False,895,PLY,1227,1227,BHM,1555,1559,4,1603,1604,1,282,DAR,1900,1912,12,True
202510216723678,XC,2025-10-21,OCT,TUE,False,,PNZ,1115,1115,BHM,1655,1657,2,1703,1703,0,365,DAR,2004,2007,3,True
202510216723680,XC,2025-10-21,OCT,TUE,False,,PLY,1427,1426,BHM,1755,1756,1,1803,1803,0,282,DAR,2059,2100,1,True
202510216723190,XC,2025-10-21,OCT,TUE,False,,PLY,1527,1526,BHM,1854,1857,3,1903,1903,0,282,DAR,2214,2216,2,True
202510226723644,XC,2025-10-22,OCT,WED,False,,BHM,0603,0603,BHM,,,,0603,0603,0,0,DAR,0858,0858,0,False
202510226723647,XC,2025-10-22,OCT,WED,False,,BHM,0703,0703,BHM,,,,0703,0703,0,0,DAR,0958,1000,2,True
202510226723650,XC,2025-10-22,OCT,WED,False,,BRI,0632,0632,BHM,0755,0752,-3,0803,0802,-1,124,DAR,1058,1059,1,True
202510226723652,XC,2025-10-22,OCT,WED,False,,PLY,0525,0524,BHM,0855,0900,5,0903,0904,1,282,DAR,1158,1200,2,True
202510226723655,XC,2025-10-22,OCT,WED,False,,PLY,0620,0620,BHM,0954,0954,0,1003,1003,0,282,DAR,1259,1258,-1,False
202510226723658,XC,2025-10-22,OCT,WED,False,,PLY,0727,0727,BHM,1055,1101,6,1103,1108,5,282,DAR,1402,1402,0,False
202510226723661,XC,2025-10-22,OCT,WED,False,,PLY,0827,0826,BHM,1155,1158,3,1203,1205,2,282,DAR,1459,1500,1,True
202510226723665,XC,2025-10-22,OCT,WED,False,,PLY,0927,0927,BHM,1255,1253,-2,1303,1303,0,282,DAR,1558,1558,0,False
202510226723668,XC,2025-10-22,OCT,WED,False,832,PLY,1027,1027,BHM,1355,1418,23,1403,1423,20,282,DAR,1659,1722,23,True
202510226723671,XC,2025-10-22,OCT,WED,False,895,PLY,1127,1126,BHM,1455,1453,-2,1503,1503,0,282,DAR,1759,1811,12,True
202510226723675,XC,2025-10-22,OCT,WED,True,777,PLY,1227,,BHM,1555,,,1603,,,282,DAR,1900,,,
202510226723678,XC,2025-10-22,OCT,WED,False,777,PNZ,1115,1115,BHM,1655,1654,-1,1703,1703,0,365,DAR,2004,2110,66,True
202510226723680,XC,2025-10-22,OCT,WED,False,,PLY,1427,1427,BHM,1755,1756,1,1803,1805,2,282,DAR,2059,2129,30,True
202510226723190,XC,2025-10-22,OCT,WED,False,,PLY,1527,1527,BHM,1854,1857,3,1903,1903,0,282,DAR,2214,2211,-3,False
202510236723644,XC,2025-10-23,OCT,THU,False,,BHM,0603,0603,BHM,,,,0603,0603,0,0,DAR,0858,0904,6,True
202510236723647,XC,2025-10-23,OCT,THU,False,,BHM,0703,0703,BHM,,,,0703,0703,0,0,DAR,0958,1003,5,True
202510236723650,XC,2025-10-23,OCT,THU,False,,BRI,0632,0632,BHM,0755,0754,-1,0803,0803,0,124,DAR,1058,1113,15,True
202510236723652,XC,2025-10-23,OCT,THU,False,887,PLY,0525,0525,BHM,0855,0857,2,0903,0920,17,282,DAR,1158,1212,14,True
202510236723655,XC,2025-10-23,OCT,THU,False,,PLY,0620,0619,BHM,0954,0959,5,1003,1004,1,282,DAR,1259,1303,4,True
202510236723658,XC,2025-10-23,OCT,THU,False,,PLY,0727,0727,BHM,1055,1053,-2,1103,1105,2,282,DAR,1402,1402,0,False
202510236723661,XC,2025-10-23,OCT,THU,False,,PLY,0827,,BHM,,,,1203,1203,0,282,DAR,1459,1502,3,True
202510236723665,XC,2025-10-23,OCT,THU,False,,PLY,0927,0927,BHM,1255,1253,-2,1303,1304,1,282,DAR,1558,1558,0,False
202510236723668,XC,2025-10-23,OCT,THU,False,,PLY,1027,1027,BHM,1355,1351,-4,1403,1402,-1,282,DAR,1659,1659,0,False
202510236723671,XC,2025-10-23,OCT,THU,False,,PLY,1127,1126,BHM,1455,1456,1,1503,1503,0,282,DAR,1759,1759,0,False
202510236723675,XC,2025-10-23,OCT,THU,False,,PLY,1227,1226,BHM,1555,1557,2,1603,1605,2,282,DAR,1900,1901,1,True
202510236723678,XC,2025-10-23,OCT,THU,False,892,PNZ,1115,1115,BHM,1655,1658,3,1703,1703,0,365,DAR,2004,2003,-1,False
202510236723680,XC,2025-10-23,OCT,THU,True,777,PLY,1427,,BHM,1755,,,1803,,,282,DAR,2059,,,
202510236723190,XC,2025-10-23,OCT,THU,False,777,PLY,1527,1527,BHM,1854,1907,13,1903,1913,10,282,DAR,2214,2214,0,False
202510246723644,XC,2025-10-24,OCT,FRI,False,,BHM,0603,0603,BHM,,,,0603,0603,0,0,DAR,0858,0859,1,True
202510246723647,XC,2025-10-24,OCT,FRI,False,,BHM,0703,0703,BHM,,,,0703,0703,0,0,DAR,0958,0957,-1,False
202510246723650,XC,2025-10-24,OCT,FRI,False,,BRI,0632,0632,BHM,0755,0757,2,0803,0803,0,124,DAR,1058,1102,4,True
202510247950769,XC,2025-10-24,OCT,FRI,False,777,BHM,0903,0920,BHM,,,,0903,0920,17,0,DAR,1158,1220,22,True
202510247950762,XC,2025-10-24,OCT,FRI,False,,BHM,1003,1002,BHM,,,,1003,1002,-1,0,DAR,1259,1302,3,True
202510246723658,XC,2025-10-24,OCT,FRI,False,777,PLY,0727,,BHM,1055,1105,10,1103,1113,10,282,DAR,1402,1405,3,True
202510246723661,XC,2025-10-24,OCT,FRI,False,777,PLY,0827,,BHM,1155,1222,27,1203,1231,28,282,DAR,1459,1528,29,True
202510246723666,XC,2025-10-24,OCT,FRI,False,777,PLY,0927,1001,BHM,1255,1352,57,1303,1402,59,282,DAR,1558,1649,51,True
202510246723668,XC,2025-10-24,OCT,FRI,False,575,PLY,1027,1040,BHM,1355,1424,29,1403,1435,32,282,DAR,1659,1729,30,True
202510246723671,XC,2025-10-24,OCT,FRI,False,904,PLY,1127,1127,BHM,1455,1459,4,1503,1503,0,282,DAR,1759,1818,19,True
202510246723675,XC,2025-10-24,OCT,FRI,False,777,PLY,1227,1227,BHM,1555,1626,31,1603,1634,31,282,DAR,1900,1944,44,True
202510246723678,XC,2025-10-24,OCT,FRI,False,777,PNZ,1115,,BHM,1655,1737,42,1703,1741,38,365,DAR,2004,2029,25,True
202510246723680,XC,2025-10-24,OCT,FRI,False,,PLY,1427,,BHM,1755,1758,3,1803,1806,3,282,DAR,2059,2100,1,True
202510246723190,XC,2025-10-24,OCT,FRI,False,907,PLY,1527,1527,BHM,1854,1919,25,1903,1925,22,282,DAR,2214,2240,26,True
202510276723644,XC,2025-10-27,OCT,MON,False,,BHM,0603,0603,BHM,,,,0603,0603,0,0,DAR,0858,0906,8,True
202510276723647,XC,2025-10-27,OCT,MON,False,895,BHM,0703,0703,BHM,,,,0703,0703,0,0,DAR,0958,1012,14,True
202510276723650,XC,2025-10-27,OCT,MON,True,574,BRI,0632,,BHM,0755,,,0803,,,124,DAR,1058,,,
202510276723652,XC,2025-10-27,OCT,MON,False,832,PLY,0525,0524,BHM,0855,0925,30,0903,0928,25,282,DAR,1158,1232,34,True
202510276723655,XC,2025-10-27,OCT,MON,False,887,PLY,0620,0620,BHM,0954,1006,12,1003,1010,7,282,DAR,1259,1305,6,True
202510276723658,XC,2025-10-27,OCT,MON,False,574,PLY,0727,0727,BHM,1055,1108,13,1103,1208,65,282,DAR,1402,1519,77,True
202510276723661,XC,2025-10-27,OCT,MON,False,705,PLY,0827,0826,BHM,1155,1208,13,1203,1214,11,282,DAR,1459,1527,28,True
202510276723665,XC,2025-10-27,OCT,MON,False,895,PLY,0927,0926,BHM,1255,1258,3,1303,1304,1,282,DAR,1558,1617,19,True
202510276723668,XC,2025-10-27,OCT,MON,False,,PLY,1027,1026,BHM,1355,1353,-2,1403,1403,0,282,DAR,1659,1703,4,True
202510276723671,XC,2025-10-27,OCT,MON,False,,PLY,1127,1126,BHM,1455,1453,-2,1503,1503,0,282,DAR,1759,1807,8,True
202510276723675,XC,2025-10-27,OCT,MON,False,895,PLY,1227,1227,BHM,1555,1553,-2,1603,1603,0,282,DAR,1900,1917,17,True
202510276723678,XC,2025-10-27,OCT,MON,False,,PNZ,1115,1118,BHM,1655,1657,2,1703,1703,0,365,DAR,2004,2009,5,True
202510276723680,XC,2025-10-27,OCT,MON,False,886,PLY,1427,1427,BHM,1755,1757,2,1803,1803,0,282,DAR,2059,2114,15,True
202510276723190,XC,2025-10-27,OCT,MON,False,,PLY,1527,1527,BHM,1854,1859,5,1903,1903,0,282,DAR,2214,2214,0,False
202510286723644,XC,2025-10-28,OCT,TUE,False,,BHM,0603,0603,BHM,,,,0603,0603,0,0,DAR,0858,0859,1,True
202510286723647,XC,2025-10-28,OCT,TUE,False,,BHM,0703,0703,BHM,,,,0703,0703,0,0,DAR,0958,1001,3,True
202510286723650,XC,2025-10-28,OCT,TUE,False,895,BRI,0632,0632,BHM,0755,0807,12,0803,0812,9,124,DAR,1058,1113,15,True
202510286723652,XC,2025-10-28,OCT,TUE,False,,PLY,0525,0524,BHM,0855,0852,-3,0903,0902,-1,282,DAR,1158,1208,10,True
202510286723655,XC,2025-10-28,OCT,TUE,False,,PLY,0620,0620,BHM,0954,0955,1,1003,1003,0,282,DAR,1259,1305,6,True
202510286723658,XC,2025-10-28,OCT,TUE,False,895,PLY,0727,0727,BHM,1055,1106,11,1103,1112,9,282,DAR,1402,1402,0,False
202510286723661,XC,2025-10-28,OCT,TUE,False,,PLY,0827,0827,BHM,1155,1153,-2,1203,1203,0,282,DAR,1459,1504,5,True
202510286723665,XC,2025-10-28,OCT,TUE,False,,PLY,0927,0927,BHM,1255,1253,-2,1303,1303,0,282,DAR,1558,1600,2,True
202510286723668,XC,2025-10-28,OCT,TUE,False,,PLY,1027,1027,BHM,1355,1356,1,1403,1404,1,282,DAR,1659,1703,4,True
202510286723671,XC,2025-10-28,OCT,TUE,False,576,PLY,1127,1127,BHM,1455,1509,14,1503,1513,10,282,DAR,1759,1805,6,True
202510286723675,XC,2025-10-28,OCT,TUE,False,895,PLY,1227,1226,BHM,1555,1559,4,1603,1604,1,282,DAR,1900,1914,14,True
202510286723678,XC,2025-10-28,OCT,TUE,False,,PNZ,1115,1119,BHM,1655,1654,-1,1703,1703,0,365,DAR,2004,2008,4,True
202510286723680,XC,2025-10-28,OCT,TUE,False,,PLY,1427,1427,BHM,1755,1801,6,1803,1805,2,282,DAR,2059,2121,22,True
202510286723190,XC,2025-10-28,OCT,TUE,False,,PLY,1527,1527,BHM,1854,1857,3,1903,1904,1,282,DAR,2214,2214,0,False
202510296723644,XC,2025-10-29,OCT,WED,False,,BHM,0603,0603,BHM,,,,0603,0603,0,0,DAR,0858,0859,1,True
202510296723647,XC,2025-10-29,OCT,WED,False,895,BHM,0703,0703,BHM,,,,0703,0703,0,0,DAR,0958,1016,18,True
202510296723650,XC,2025-10-29,OCT,WED,False,,BRI,0632,0632,BHM,0755,0757,2,0803,0803,0,124,DAR,1058,1104,6,True
202510296723652,XC,2025-10-29,OCT,WED,False,,PLY,0525,0525,BHM,0855,0855,0,0903,0902,-1,282,DAR,1158,1159,1,True
202510296723655,XC,2025-10-29,OCT,WED,False,,PLY,0620,0620,BHM,0954,1005,11,1003,1009,6,282,DAR,1259,1302,3,True
202510296723658,XC,2025-10-29,OCT,WED,False,,PLY,0727,0727,BHM,1055,1058,3,1103,1103,0,282,DAR,1402,1413,11,True
202510296723661,XC,2025-10-29,OCT,WED,False,,PLY,0827,0827,BHM,1155,1154,-1,1203,1203,0,282,DAR,1459,1507,8,True
202510296723665,XC,2025-10-29,OCT,WED,False,576,PLY,0927,0927,BHM,1255,1259,4,1303,1303,0,282,DAR,1558,1609,11,True
202510296723668,XC,2025-10-29,OCT,WED,False,,PLY,1027,1027,BHM,1355,1353,-2,1403,1403,0,282,DAR,1659,1700,1,True
202510296723671,XC,2025-10-29,OCT,WED,False,576,PLY,1127,1126,BHM,1455,1452,-3,1503,1503,0,282,DAR,1759,1820,21,True
202510296723675,XC,2025-10-29,OCT,WED,False,,PLY,1227,1227,BHM,1555,1556,1,1603,1604,1,282,DAR,1900,1904,4,True
202510296723678,XC,2025-10-29,OCT,WED,False,,PNZ,1115,1115,BHM,1655,1655,0,1703,1703,0,365,DAR,2004,2010,6,True
202510296723680,XC,2025-10-29,OCT,WED,False,895,PLY,1427,1427,BHM,1755,1821,26,1803,1828,25,282,DAR,2059,2135,36,True
202510296723190,XC,2025-10-29,OCT,WED,False,895,PLY,1527,1527,BHM,1854,1911,17,1903,1917,14,282,DAR,2214,2215,1,True
202510306723644,XC,2025-10-30,OCT,THU,False,,BHM,0603,0603,BHM,,,,0603,0603,0,0,DAR,0858,0900,2,True
202510306723647,XC,2025-10-30,OCT,THU,False,886,BHM,0703,0704,BHM,,,,0703,0704,1,0,DAR,0958,1004,6,True
202510306723650,XC,2025-10-30,OCT,THU,False,,BRI,0632,0632,BHM,0755,0756,1,0803,0808,5,124,DAR,1058,1059,1,True
202510306723652,XC,2025-10-30,OCT,THU,False,,PLY,0525,0524,BHM,0855,0855,0,0903,0903,0,282,DAR,1158,1201,3,True
202510306723655,XC,2025-10-30,OCT,THU,False,,PLY,0620,0619,BHM,0954,1000,6,1003,1004,1,282,DAR,1259,1305,6,True
202510306723658,XC,2025-10-30,OCT,THU,False,895,PLY,0727,0727,BHM,1055,1108,13,1103,1112,9,282,DAR,1402,1401,-1,False
202510306723661,XC,2025-10-30,OCT,THU,False,896,PLY,0827,0826,BHM,1155,1206,11,1203,1228,25,282,DAR,1459,1546,47,True
202510306723665,XC,2025-10-30,OCT,THU,False,895,PLY,0927,0927,BHM,1255,1311,16,1303,1313,10,282,DAR,1558,1614,16,True
202510306723668,XC,2025-10-30,OCT,THU,False,,PLY,1027,1027,BHM,1355,1355,0,1403,1403,0,282,DAR,1659,1701,2,True
202510306723671,XC,2025-10-30,OCT,THU,False,,PLY,1127,1127,BHM,1455,1456,1,1503,1503,0,282,DAR,1759,1805,6,True
202510306723675,XC,2025-10-30,OCT,THU,False,895,PLY,1227,1228,BHM,1555,1554,-1,1603,1605,2,282,DAR,1900,1913,13,True
202510306723678,XC,2025-10-30,OCT,THU,False,895,PNZ,1115,1115,BHM,1655,1655,0,1703,1704,1,365,DAR,2004,2017,13,True
202510306723680,XC,2025-10-30,OCT,THU,False,,PLY,1427,1428,BHM,1755,1756,1,1803,1803,0,282,DAR,2059,2105,6,True
202510306723190,XC,2025-10-30,OCT,THU,False,895,PLY,1527,1530,BHM,1854,1900,6,1903,1905,2,282,DAR,2214,2229,15,True
202510316723644,XC,2025-10-31,OCT,FRI,False,576,BHM,0603,0605,BHM,,,,0603,0605,2,0,DAR,0858,0944,46,True
202510316723647,XC,2025-10-31,OCT,FRI,False,576,BHM,0703,0703,BHM,,,,0703,0703,0,0,DAR,0958,0958,0,False
202510316723650,XC,2025-10-31,OCT,FRI,False,832,BRI,0632,0632,BHM,0755,0756,1,0803,0802,-1,124,DAR,1058,1106,8,True
202510316723652,XC,2025-10-31,OCT,FRI,False,832,PLY,0525,0525,BHM,0855,0854,-1,0903,0902,-1,282,DAR,1158,1210,12,True
202510316723655,XC,2025-10-31,OCT,FRI,False,,PLY,0620,0620,BHM,0954,0956,2,1003,1003,0,282,DAR,1259,1310,11,True
202510316723658,XC,2025-10-31,OCT,FRI,False,649,PLY,0727,0727,BHM,1055,1057,2,1103,1123,20,282,DAR,1402,1440,38,True
202510316723661,XC,2025-10-31,OCT,FRI,False,,PLY,0827,0827,BHM,1155,1157,2,1203,1203,0,282,DAR,1459,1501,2,True
202510316723666,XC,2025-10-31,OCT,FRI,False,,PLY,0927,0928,BHM,1255,1259,4,1303,1306,3,282,DAR,1558,1602,4,True
202510316723668,XC,2025-10-31,OCT,FRI,False,,PLY,1027,1026,BHM,1355,1359,4,1403,1407,4,282,DAR,1659,1704,5,True
202510316723671,XC,2025-10-31,OCT,FRI,False,576,PLY,1127,1126,BHM,1455,1518,23,1503,1524,21,282,DAR,1759,1823,24,True
202510316723675,XC,2025-10-31,OCT,FRI,False,895,PLY,1227,1227,BHM,1555,1607,12,1603,1612,9,282,DAR,1900,1911,11,True
202510316723678,XC,2025-10-31,OCT,FRI,False,,PNZ,1115,1115,BHM,1655,1659,4,1703,1703,0,365,DAR,2004,2017,13,True
202510316723680,XC,2025-10-31,OCT,FRI,False,576,PLY,1427,,BHM,1755,1827,32,1803,1831,28,282,DAR,2059,2123,24,True
202510316723190,XC,2025-10-31,OCT,FRI,False,,PLY,1527,1527,BHM,1854,1908,14,1903,1913,10,282,DAR,2214,2218,4,True
202511036723644,XC,2025-11-03,NOV,MON,False,895,BHM,0603,0603,BHM,,,,0603,0603,0,0,DAR,0858,0914,16,True
202511036723647,XC,2025-11-03,NOV,MON,False,,BHM,0703,0703,BHM,,,,0703,0703,0,0,DAR,0958,1005,7,True
202511036723650,XC,2025-11-03,NOV,MON,False,576,BRI,0632,0632,BHM,0755,0755,0,0803,0803,0,124,DAR,1058,1122,24,True
202511036723652,XC,2025-11-03,NOV,MON,False,895,PLY,0525,0524,BHM,0855,0857,2,0903,0904,1,282,DAR,1158,1202,4,True
202511036723655,XC,2025-11-03,NOV,MON,False,895,PLY,0620,0620,BHM,0954,1011,17,1003,1014,11,282,DAR,1259,1323,24,True
202511036723658,XC,2025-11-03,NOV,MON,False,895,PLY,0727,0727,BHM,1055,1108,13,1103,1116,13,282,DAR,1402,1419,17,True
202511036723661,XC,2025-11-03,NOV,MON,False,895,PLY,0827,0827,BHM,1155,1156,1,1203,1203,0,282,DAR,1459,1509,10,True
202511036723665,XC,2025-11-03,NOV,MON,False,895,PLY,0927,0927,BHM,1255,1253,-2,1303,1305,2,282,DAR,1558,1606,8,True
202511036723668,XC,2025-11-03,NOV,MON,False,895,PLY,1027,1027,BHM,1355,1359,4,1403,1404,1,282,DAR,1659,1729,30,True
202511036723671,XC,2025-11-03,NOV,MON,False,895,PLY,1127,1127,BHM,1455,1458,3,1503,1504,1,282,DAR,1759,1814,15,True
202511036723675,XC,2025-11-03,NOV,MON,False,895,PLY,1227,1230,BHM,1555,1559,4,1603,1604,1,282,DAR,1900,1912,12,True
202511036723678,XC,2025-11-03,NOV,MON,False,895,PNZ,1115,1115,BHM,1655,1700,5,1703,1704,1,365,DAR,2004,2020,16,True
202511036723680,XC,2025-11-03,NOV,MON,False,,PLY,1427,1427,BHM,1755,1802,7,1803,1810,7,282,DAR,2059,2117,18,True
202511036723190,XC,2025-11-03,NOV,MON,False,,PLY,1527,1527,BHM,1854,1857,3,1903,1903,0,282,DAR,2214,2216,2,True
202511046723644,XC,2025-11-04,NOV,TUE,False,,BHM,0603,0603,BHM,,,,0603,0603,0,0,DAR,0858,0902,4,True
202511046723647,XC,2025-11-04,NOV,TUE,False,,BHM,0703,0703,BHM,,,,0703,0703,0,0,DAR,0958,1008,10,True
202511046723650,XC,2025-11-04,NOV,TUE,False,,BRI,0632,0634,BHM,0755,0755,0,0803,0803,0,124,DAR,1058,1112,14,True
202511046723652,XC,2025-11-04,NOV,TUE,False,,PLY,0525,0525,BHM,0855,0900,5,0903,0904,1,282,DAR,1158,1201,3,True
202511046723655,XC,2025-11-04,NOV,TUE,False,,PLY,0620,0620,BHM,0954,1005,11,1003,1009,6,282,DAR,1259,1304,5,True
202511046723658,XC,2025-11-04,NOV,TUE,False,895,PLY,0727,0727,BHM,1055,1109,14,1103,1114,11,282,DAR,1402,1411,9,True
202511046723661,XC,2025-11-04,NOV,TUE,False,574,PLY,0827,0827,BHM,1155,1209,14,1203,1217,14,282,DAR,1459,1512,13,True
202511046723665,XC,2025-11-04,NOV,TUE,False,,PLY,0927,0927,BHM,1255,1253,-2,1303,1303,0,282,DAR,1558,1601,3,True
202511046723668,XC,2025-11-04,NOV,TUE,False,573,PLY,1027,1027,BHM,1355,1418,23,1403,1422,19,282,DAR,1659,1715,16,True
202511046723671,XC,2025-11-04,NOV,TUE,False,,PLY,1127,1127,BHM,1455,1453,-2,1503,1503,0,282,DAR,1759,1807,8,True
202511046723675,XC,2025-11-04,NOV,TUE,False,832,PLY,1227,1227,BHM,1555,1556,1,1603,1603,0,282,DAR,1900,2254,234,True
202511046723678,XC,2025-11-04,NOV,TUE,True,832,PNZ,1115,,BHM,1655,,,1703,,,365,DAR,2004,,,
202511046723680,XC,2025-11-04,NOV,TUE,True,832,PLY,1427,,BHM,1755,,,1803,,,282,DAR,2059,,,
202511046723190,XC,2025-11-04,NOV,TUE,False,895,PLY,1527,1527,BHM,1854,1858,4,1903,1905,2,282,DAR,2214,2304,50,True
202511056723644,XC,2025-11-05,NOV,WED,False,,BHM,0603,0604,BHM,,,,0603,0604,1,0,DAR,0858,0902,4,True
202511056723647,XC,2025-11-05,NOV,WED,False,,BHM,0703,0703,BHM,,,,0703,0703,0,0,DAR,0958,1000,2,True
202511056723650,XC,2025-11-05,NOV,WED,False,,BRI,0632,0632,BHM,0755,0757,2,0803,0803,0,124,DAR,1058,1059,1,True
202511056723652,XC,2025-11-05,NOV,WED,False,,PLY,0525,0524,BHM,0855,0901,6,0903,0907,4,282,DAR,1158,1203,5,True
202511056723655,XC,2025-11-05,NOV,WED,False,547,PLY,0620,0619,BHM,0954,1002,8,1003,1006,3,282,DAR,1259,1325,26,True
202511056723658,XC,2025-11-05,NOV,WED,False,,PLY,0727,0727,BHM,1055,1057,2,1103,1103,0,282,DAR,1402,1408,6,True
202511056723661,XC,2025-11-05,NOV,WED,False,871,PLY,0827,0827,BHM,1155,1203,8,1203,1210,7,282,DAR,1459,1520,21,True
202511056723665,XC,2025-11-05,NOV,WED,False,,PLY,0927,0927,BHM,1255,1259,4,1303,1303,0,282,DAR,1558,1603,5,True
202511056723668,XC,2025-11-05,NOV,WED,False,,PLY,1027,1026,BHM,1355,1357,2,1403,1404,1,282,DAR,1659,1702,3,True
202511056723671,XC,2025-11-05,NOV,WED,False,,PLY,1127,1126,BHM,1455,1502,7,1503,1507,4,282,DAR,1759,1817,18,True
202511056723675,XC,2025-11-05,NOV,WED,False,,PLY,1227,1226,BHM,1555,1556,1,1603,1605,2,282,DAR,1900,1906,6,True
202511056723678,XC,2025-11-05,NOV,WED,False,,PNZ,1115,1115,BHM,1655,1659,4,1703,1705,2,365,DAR,2004,2003,-1,False
202511056723680,XC,2025-11-05,NOV,WED,False,,PLY,1427,1427,BHM,1755,1801,6,1803,1805,2,282,DAR,2059,2104,5,True
202511056723190,XC,2025-11-05,NOV,WED,False,,PLY,1527,1526,BHM,1854,1901,7,1903,1910,7,282,DAR,2214,2215,1,True
202511066723644,XC,2025-11-06,NOV,THU,False,,BHM,0603,0604,BHM,,,,0603,0604,1,0,DAR,0858,0858,0,False
202511066723647,XC,2025-11-06,NOV,THU,False,,BHM,0703,0703,BHM,,,,0703,0703,0,0,DAR,0958,1009,11,True
202511066723650,XC,2025-11-06,NOV,THU,False,,BRI,0632,0632,BHM,0755,0755,0,0803,0802,-1,124,DAR,1058,1101,3,True
202511066723652,XC,2025-11-06,NOV,THU,False,,PLY,0525,0524,BHM,0855,0856,1,0903,0902,-1,282,DAR,1158,1158,0,False
202511066723655,XC,2025-11-06,NOV,THU,False,832,PLY,0620,0620,BHM,0954,0954,0,1003,1003,0,282,DAR,1259,1313,14,True
202511066723658,XC,2025-11-06,NOV,THU,False,896,PLY,0727,0727,BHM,1055,1117,22,1103,1121,18,282,DAR,1402,1438,36,True
202511066723661,XC,2025-11-06,NOV,THU,False,,PLY,0827,0831,BHM,1155,1152,-3,1203,1203,0,282,DAR,1459,1500,1,True
202511066723665,XC,2025-11-06,NOV,THU,False,904,PLY,0927,0927,BHM,1255,1252,-3,1303,1302,-1,282,DAR,1558,1611,13,True
202511066723668,XC,2025-11-06,NOV,THU,False,,PLY,1027,1027,BHM,1355,1400,5,1403,1404,1,282,DAR,1659,1729,30,True
202511066723671,XC,2025-11-06,NOV,THU,False,654,PLY,1127,1126,BHM,1455,1452,-3,1503,1503,0,282,DAR,1759,1811,12,True
202511066723675,XC,2025-11-06,NOV,THU,False,,PLY,1227,1227,BHM,1555,1558,3,1603,1603,0,282,DAR,1900,1910,10,True
202511066723678,XC,2025-11-06,NOV,THU,False,,PNZ,1115,1115,BHM,1655,1654,-1,1703,1703,0,365,DAR,2004,2007,3,True
202511066723680,XC,2025-11-06,NOV,THU,False,904,PLY,1427,1427,BHM,1755,1806,11,1803,1810,7,282,DAR,2059,2112,13,True
202511066723190,XC,2025-11-06,NOV,THU,False,904,PLY,1527,1526,BHM,1854,1910,16,1903,1915,12,282,DAR,2214,2223,9,True
202511076723644,XC,2025-11-07,NOV,FRI,False,573,BHM,0603,0603,BHM,,,,0603,0603,0,0,DAR,0858,0926,28,True
202511076723647,XC,2025-11-07,NOV,FRI,False,,BHM,0703,0703,BHM,,,,0703,0703,0,0,DAR,0958,1001,3,True
202511076723650,XC,2025-11-07,NOV,FRI,False,,BRI,0632,0632,BHM,0755,0752,-3,0803,0803,0,124,DAR,1058,1110,12,True
202511076723652,XC,2025-11-07,NOV,FRI,False,,PLY,0525,0525,BHM,0855,0854,-1,0903,0903,0,282,DAR,1158,1202,4,True
202511076723655,XC,2025-11-07,NOV,FRI,False,,PLY,0620,0620,BHM,0954,0954,0,1003,1003,0,282,DAR,1259,1302,3,True
202511076723658,XC,2025-11-07,NOV,FRI,False,904,PLY,0727,0727,BHM,1055,1112,17,1103,1118,15,282,DAR,1402,1410,8,True
202511076723661,XC,2025-11-07,NOV,FRI,True,574,PLY,0827,,BHM,1155,,,1203,,,282,DAR,1459,,,
202511076723666,XC,2025-11-07,NOV,FRI,False,,PLY,0927,0927,BHM,1255,1258,3,1303,1308,5,282,DAR,1558,1606,8,True
202511076723668,XC,2025-11-07,NOV,FRI,False,,PLY,1027,1027,BHM,1355,1401,6,1403,1405,2,282,DAR,1659,1701,2,True
202511076723671,XC,2025-11-07,NOV,FRI,False,,PLY,1127,1126,BHM,1455,1455,0,1503,1503,0,282,DAR,1759,1806,7,True
202511076723675,XC,2025-11-07,NOV,FRI,False,904,PLY,1227,1227,BHM,1555,1557,2,1603,1610,7,282,DAR,1900,1906,6,True
202511076723678,XC,2025-11-07,NOV,FRI,False,,PNZ,1115,1115,BHM,1655,1655,0,1703,1704,1,365,DAR,2004,2016,12,True
202511076723680,XC,2025-11-07,NOV,FRI,False,887,PLY,1427,1427,BHM,1755,1757,2,1803,1829,26,282,DAR,2059,2134,35,True
202511076723190,XC,2025-11-07,NOV,FRI,False,904,PLY,1527,1527,BHM,1854,1906,12,1903,1909,6,282,DAR,2214,2227,13,True
202511106723644,XC,2025-11-10,NOV,MON,False,,BHM,0603,0603,BHM,,,,0603,0603,0,0,DAR,0858,0859,1,True
202511106723647,XC,2025-11-10,NOV,MON,False,574,BHM,0703,0703,BHM,,,,0703,0703,0,0,DAR,0958,1035,37,True
202511106723650,XC,2025-11-10,NOV,MON,False,895,BRI,0632,0633,BHM,0755,0754,-1,0803,0803,0,124,DAR,1058,1116,18,True
202511106723652,XC,2025-11-10,NOV,MON,False,904,PLY,0525,0525,BHM,0855,0903,8,0903,0906,3,282,DAR,1158,1210,12,True
202511106723655,XC,2025-11-10,NOV,MON,False,895,PLY,0620,0620,BHM,0954,0958,4,1003,1003,0,282,DAR,1259,1327,28,True
202511106723658,XC,2025-11-10,NOV,MON,False,574,PLY,0727,0727,BHM,1055,1058,3,1103,1104,1,282,DAR,1402,1427,25,True
202511106723661,XC,2025-11-10,NOV,MON,False,904,PLY,0827,0827,BHM,1155,1201,6,1203,1207,4,282,DAR,1459,1516,17,True
202511106723665,XC,2025-11-10,NOV,MON,False,904,PLY,0927,0927,BHM,1255,1301,6,1303,1305,2,282,DAR,1558,1606,8,True
202511106723668,XC,2025-11-10,NOV,MON,False,904,PLY,1027,1026,BHM,1355,1359,4,1403,1403,0,282,DAR,1659,1725,26,True
202511106723671,XC,2025-11-10,NOV,MON,False,896,PLY,1127,1126,BHM,1455,1529,34,1503,1533,30,282,DAR,1759,1847,48,True
202511106723675,XC,2025-11-10,NOV,MON,False,904,PLY,1227,1226,BHM,1555,1601,6,1603,1607,4,282,DAR,1900,1925,25,True
202511106723678,XC,2025-11-10,NOV,MON,False,887,PNZ,1115,1117,BHM,1655,1700,5,1703,1713,10,365,DAR,2004,2031,27,True
202511106723680,XC,2025-11-10,NOV,MON,False,824,PLY,1427,1427,BHM,1755,1807,12,1803,1813,10,282,DAR,2059,2114,15,True
202511106723190,XC,2025-11-10,NOV,MON,False,826,PLY,1527,1526,BHM,1854,1905,11,1903,1909,6,282,DAR,2214,2300,46,True
202511116723644,XC,2025-11-11,NOV,TUE,False,,BHM,0603,0603,BHM,,,,0603,0603,0,0,DAR,0858,0902,4,True
202511116723647,XC,2025-11-11,NOV,TUE,False,,BHM,0703,0703,BHM,,,,0703,0703,0,0,DAR,0958,1005,7,True
202511116723650,XC,2025-11-11,NOV,TUE,False,,BRI,0632,0632,BHM,0755,0752,-3,0803,0803,0,124,DAR,1058,1104,6,True
202511116723652,XC,2025-11-11,NOV,TUE,False,,PLY,0525,0524,BHM,0855,0856,1,0903,0903,0,282,DAR,1158,1202,4,True
202511116723655,XC,2025-11-11,NOV,TUE,False,,PLY,0620,0620,BHM,0954,0954,0,1003,1003,0,282,DAR,1259,1300,1,True
202511116723658,XC,2025-11-11,NOV,TUE,False,,PLY,0727,0726,BHM,1055,1059,4,1103,1103,0,282,DAR,1402,1410,8,True
202511116723661,XC,2025-11-11,NOV,TUE,False,,PLY,0827,0827,BHM,1155,1158,3,1203,1204,1,282,DAR,1459,1500,1,True
202511116723665,XC,2025-11-11,NOV,TUE,False,832,PLY,0927,0927,BHM,1255,1305,10,1303,1309,6,282,DAR,1558,1602,4,True
202511116723668,XC,2025-11-11,NOV,TUE,False,832,PLY,1027,1027,BHM,1355,1448,53,1403,1501,58,282,DAR,1659,1734,35,True
202511116723671,XC,2025-11-11,NOV,TUE,False,832,PLY,1127,1126,BHM,1455,1535,40,1503,1542,39,282,DAR,1759,1812,13,True
202511116723675,XC,2025-11-11,NOV,TUE,False,832,PLY,1227,1226,BHM,1555,1608,13,1603,1617,14,282,DAR,1900,1918,18,True
202511116723678,XC,2025-11-11,NOV,TUE,False,832,PNZ,1115,1115,BHM,1655,1715,20,1703,1722,19,365,DAR,2004,2016,12,True
202511116723680,XC,2025-11-11,NOV,TUE,False,832,PLY,1427,1427,BHM,1755,1823,28,1803,1835,32,282,DAR,2059,2144,45,True
202511116723190,XC,2025-11-11,NOV,TUE,False,832,PLY,1527,1527,BHM,1854,1917,23,1903,1921,18,282,DAR,2214,2225,11,True
202511126723644,XC,2025-11-12,NOV,WED,False,,BHM,0603,0603,BHM,,,,0603,0603,0,0,DAR,0858,0859,1,True
202511126723647,XC,2025-11-12,NOV,WED,False,,BHM,0703,0703,BHM,,,,0703,0703,0,0,DAR,0958,1008,10,True
202511126723650,XC,2025-11-12,NOV,WED,False,771,BRI,0632,0707,BHM,0755,0855,60,0803,0859,56,124,DAR,1058,1140,42,True
202511126723652,XC,2025-11-12,NOV,WED,False,771,PLY,0525,0525,BHM,0855,0911,16,0903,0916,13,282,DAR,1158,1201,3,True
202511127953056,XC,2025-11-12,NOV,WED,False,,BHM,1003,1041,BHM,,,,1003,1041,38,0,DAR,1259,1334,35,True
202511127953061,XC,2025-11-12,NOV,WED,False,655,BHM,1103,1116,BHM,,,,1103,1116,13,0,DAR,1402,1419,17,True
202511126723661,XC,2025-11-12,NOV,WED,True,655,PLY,0827,,BHM,1155,,,1203,,,282,DAR,1459,,,
202511126723665,XC,2025-11-12,NOV,WED,False,667,PLY,0927,0927,BHM,1255,1316,21,1303,1321,18,282,DAR,1558,1611,13,True
202511126723668,XC,2025-11-12,NOV,WED,False,,PLY,1027,1027,BHM,1355,1405,10,1403,1409,6,282,DAR,1659,1658,-1,False
202511126723671,XC,2025-11-12,NOV,WED,False,,PLY,1127,1126,BHM,1455,1453,-2,1503,1503,0,282,DAR,1759,1812,13,True
202511126723675,XC,2025-11-12,NOV,WED,False,,PLY,1227,1227,BHM,1555,1558,3,1603,1604,1,282,DAR,1900,1903,3,True
202511126723678,XC,2025-11-12,NOV,WED,False,,PNZ,1115,1115,BHM,1655,1655,0,1703,1703,0,365,DAR,2004,2016,12,True
202511126723680,XC,2025-11-12,NOV,WED,False,,PLY,1427,1426,BHM,1755,1756,1,1803,1803,0,282,DAR,2059,2110,11,True
202511126723190,XC,2025-11-12,NOV,WED,False,887,PLY,1527,1527,BHM,1854,1856,2,1903,1919,16,282,DAR,2214,2215,1,True
202511136723644,XC,2025-11-13,NOV,THU,False,,BHM,0603,0603,BHM,,,,0603,0603,0,0,DAR,0858,0901,3,True
202511136723647,XC,2025-11-13,NOV,THU,False,,BHM,0703,0703,BHM,,,,0703,0703,0,0,DAR,0958,1008,10,True
202511136723650,XC,2025-11-13,NOV,THU,False,,BRI,0632,0632,BHM,0755,0756,1,0803,0802,-1,124,DAR,1058,1103,5,True
202511136723652,XC,2025-11-13,NOV,THU,False,,PLY,0525,0525,BHM,0855,0858,3,0903,0903,0,282,DAR,1158,1200,2,True
202511136723655,XC,2025-11-13,NOV,THU,False,895,PLY,0620,0620,BHM,0954,1019,25,1003,1022,19,282,DAR,1259,1311,12,True
202511136723658,XC,2025-11-13,NOV,THU,True,574,PLY,0727,,BHM,1055,,,1103,,,282,DAR,1402,,,
202511136723661,XC,2025-11-13,NOV,THU,False,,PLY,0827,0827,BHM,1155,1159,4,1203,1207,4,282,DAR,1459,1512,13,True
202511136723665,XC,2025-11-13,NOV,THU,False,,PLY,0927,0927,BHM,1255,1256,1,1303,1305,2,282,DAR,1558,1604,6,True
202511136723668,XC,2025-11-13,NOV,THU,False,904,PLY,1027,1028,BHM,1355,1355,0,1403,1403,0,282,DAR,1659,1713,14,True
202511136723671,XC,2025-11-13,NOV,THU,False,,PLY,1127,1126,BHM,1455,1458,3,1503,1503,0,282,DAR,1759,1808,9,True
202511136723675,XC,2025-11-13,NOV,THU,False,776,PLY,1227,1227,BHM,1555,1644,49,1603,1652,49,282,DAR,1900,1949,49,True
202511136723678,XC,2025-11-13,NOV,THU,False,776,PNZ,1115,1121,BHM,1655,1720,25,1703,1724,21,365,DAR,2004,2016,12,True
202511136723680,XC,2025-11-13,NOV,THU,False,,PLY,1427,1426,BHM,1755,1758,3,1803,1803,0,282,DAR,2059,2109,10,True
202511136723190,XC,2025-11-13,NOV,THU,False,904,PLY,1527,1526,BHM,1854,1904,10,1903,1908,5,282,DAR,2214,2214,0,False
202511146723644,XC,2025-11-14,NOV,FRI,False,904,BHM,0603,0603,BHM,,,,0603,0603,0,0,DAR,0858,0912,14,True
202511146723647,XC,2025-11-14,NOV,FRI,False,832,BHM,0703,0704,BHM,,,,0703,0704,1,0,DAR,0958,1025,27,True
202511146723650,XC,2025-11-14,NOV,FRI,False,895,BRI,0632,0632,BHM,0755,0752,-3,0803,0803,0,124,DAR,1058,1112,14,True
202511146723652,XC,2025-11-14,NOV,FRI,False,832,PLY,0525,,BHM,0855,0853,-2,0903,0903,0,282,DAR,1158,1211,13,True
202511146723655,XC,2025-11-14,NOV,FRI,False,832,PLY,0620,0620,BHM,0954,0958,4,1003,1003,0,282,DAR,1259,1317,18,True
202511146723658,XC,2025-11-14,NOV,FRI,False,832,PLY,0727,0726,BHM,1055,1056,1,1103,1103,0,282,DAR,1402,1413,11,True
202511146723661,XC,2025-11-14,NOV,FRI,False,895,PLY,0827,,BHM,1155,1218,23,1203,1226,23,282,DAR,1459,1538,39,True
202511146723666,XC,2025-11-14,NOV,FRI,False,895,PLY,0927,0927,BHM,1255,1309,14,1303,1315,12,282,DAR,1558,1637,39,True
202511146723668,XC,2025-11-14,NOV,FRI,False,820,PLY,1027,1027,BHM,1355,1418,23,1403,1428,25,282,DAR,1659,1737,38,True
202511146723671,XC,2025-11-14,NOV,FRI,False,820,PLY,1127,1127,BHM,1455,1457,2,1503,1504,1,282,DAR,1759,1809,10,True
202511146723675,XC,2025-11-14,NOV,FRI,False,820,PLY,1227,1227,BHM,1555,1557,2,1603,1604,1,282,DAR,1900,1945,45,True
202511146723678,XC,2025-11-14,NOV,FRI,False,820,PNZ,1115,,BHM,1655,1743,48,1703,1750,47,365,DAR,2004,2059,55,True
202511146723680,XC,2025-11-14,NOV,FRI,False,820,PLY,1427,1438,BHM,1755,1907,72,1803,1916,73,282,DAR,2059,2242,103,True
202511147953561,XC,2025-11-14,NOV,FRI,False,784,CNM,1812,1833,BHM,1854,1923,29,1903,1952,49,67,DAR,2214,2312,58,True
202511156723645,XC,2025-11-15,NOV,SAT,False,,BHM,0603,0603,BHM,,,,0603,0603,0,0,DAR,0858,0906,8,True
202511156723648,XC,2025-11-15,NOV,SAT,False,904,BHM,0703,0725,BHM,,,,0703,0725,22,0,DAR,0958,1019,21,True
202511156723649,XC,2025-11-15,NOV,SAT,False,782,BRI,0615,,BHM,,,,0803,0830,27,124,DAR,1058,1116,18,True
202511156723653,XC,2025-11-15,NOV,SAT,False,832,PLY,0527,0527,BHM,0855,0948,53,0903,0956,53,282,DAR,1159,1229,30,True
202511156723656,XC,2025-11-15,NOV,SAT,False,904,PLY,0627,0626,BHM,0955,1006,11,1003,1013,10,282,DAR,1259,1301,2,True
202511156723659,XC,2025-11-15,NOV,SAT,False,904,PLY,0725,0725,BHM,1055,1119,24,1103,1124,21,282,DAR,1402,1358,1436,True
202511156723662,XC,2025-11-15,NOV,SAT,False,887,PLY,0827,,BHM,,,,1203,1211,8,282,DAR,1501,1459,1438,True
202511156723667,XC,2025-11-15,NOV,SAT,False,887,PLY,0927,0926,BHM,1255,1354,59,1303,1358,55,282,DAR,1558,1642,44,True
202511156723669,XC,2025-11-15,NOV,SAT,False,887,PLY,1027,1027,BHM,1355,1421,26,1403,1427,24,282,DAR,1659,1659,0,False
202511156723673,XC,2025-11-15,NOV,SAT,False,904,PLY,1127,1127,BHM,1455,1459,4,1503,1508,5,282,DAR,1759,1758,-1,False
202511156723676,XC,2025-11-15,NOV,SAT,False,824,PLY,1227,1230,BHM,1555,1559,4,1603,1604,1,282,DAR,1900,1903,3,True
202511156701404,XC,2025-11-15,NOV,SAT,False,526,PNZ,1115,,BHM,1655,1713,18,1703,1717,14,365,DAR,2004,2015,11,True
202511156723681,XC,2025-11-15,NOV,SAT,False,904,PLY,1427,1426,BHM,1755,1801,6,1803,1811,8,282,DAR,2057,2101,4,True
202511156723194,XC,2025-11-15,NOV,SAT,False,904,RDG,1745,1745,BHM,1917,1931,14,1927,1936,9,130,DAR,2154,2212,18,True
202511166723654,XC,2025-11-16,NOV,SUN,False,,BHM,0848,0848,BHM,,,,0848,0848,0,0,DAR,1158,1158,0,False
202511166723657,XC,2025-11-16,NOV,SUN,False,,BHM,1003,1003,BHM,,,,1003,1003,0,0,DAR,1258,1300,2,True
202511166723660,XC,2025-11-16,NOV,SUN,False,,BRI,0915,0915,BHM,1049,1050,1,1103,1102,-1,124,DAR,1357,1402,5,True
202511166723663,XC,2025-11-16,NOV,SUN,False,,BRI,1031,1031,BHM,1149,1151,2,1203,1203,0,124,DAR,1458,1459,1,True
202511166723664,XC,2025-11-16,NOV,SUN,False,,PLY,0927,0928,BHM,1249,1245,-4,1303,1303,0,282,DAR,1557,1559,2,True
202511166723670,XC,2025-11-16,NOV,SUN,False,,PLY,1027,1026,BHM,1349,1355,6,1403,1403,0,282,DAR,1700,1658,1438,True
202511166723672,XC,2025-11-16,NOV,SUN,False,904,PLY,1127,1127,BHM,1449,1454,5,1503,1503,0,282,DAR,1757,1757,0,False
202511166723674,XC,2025-11-16,NOV,SUN,False,,PLY,1227,1227,BHM,1549,1551,2,1603,1603,0,282,DAR,1901,1858,1437,True
202511166723679,XC,2025-11-16,NOV,SUN,False,904,PLY,1327,1327,BHM,1649,1649,0,1703,1703,0,282,DAR,2002,2003,1,True
202511166723682,XC,2025-11-16,NOV,SUN,False,,PLY,1427,1427,BHM,1749,1755,6,1803,1803,0,282,DAR,2100,2101,1,True
202511176723644,XC,2025-11-17,NOV,MON,False,,BHM,0603,0603,BHM,,,,0603,0603,0,0,DAR,0858,0858,0,False
202511176723647,XC,2025-11-17,NOV,MON,False,,BHM,0703,0703,BHM,,,,0703,0703,0,0,DAR,0958,1006,8,True
202511176723650,XC,2025-11-17,NOV,MON,False,,BRI,0632,0632,BHM,0755,0755,0,0803,0802,-1,124,DAR,1058,1100,2,True
202511176723652,XC,2025-11-17,NOV,MON,False,,PLY,0525,0525,BHM,0855,0855,0,0903,0903,0,282,DAR,1158,1202,4,True
202511176723655,XC,2025-11-17,NOV,MON,False,,PLY,0620,0620,BHM,0954,1003,9,1003,1008,5,282,DAR,1259,1259,0,False
202511176723658,XC,2025-11-17,NOV,MON,False,547,PLY,0727,0727,BHM,1055,1121,26,1103,1125,22,282,DAR,1402,1422,20,True
202511176723661,XC,2025-11-17,NOV,MON,False,,PLY,0827,0828,BHM,1155,1156,1,1203,1204,1,282,DAR,1459,1503,4,True
202511176723665,XC,2025-11-17,NOV,MON,False,579,PLY,0927,0927,BHM,1255,1257,2,1303,1303,0,282,DAR,1558,1605,7,True
202511176723668,XC,2025-11-17,NOV,MON,False,574,PLY,1027,1026,BHM,1355,1411,16,1403,1417,14,282,DAR,1659,1703,4,True
202511176723671,XC,2025-11-17,NOV,MON,False,,PLY,1127,1127,BHM,1455,1453,-2,1503,1503,0,282,DAR,1759,1800,1,True
202511176723675,XC,2025-11-17,NOV,MON,False,576,PLY,1227,1232,BHM,1555,1625,30,1603,1630,27,282,DAR,1900,1920,20,True
202511176723678,XC,2025-11-17,NOV,MON,False,,PNZ,1115,,BHM,1655,1655,0,1703,1705,2,365,DAR,2004,2000,-4,False
202511176723680,XC,2025-11-17,NOV,MON,False,547,PLY,1427,1438,BHM,1755,1801,6,1803,1804,1,282,DAR,2059,2101,2,True
202511176723190,XC,2025-11-17,NOV,MON,False,,PLY,1527,1527,BHM,1854,1855,1,1903,1903,0,282,DAR,2214,2219,5,True
202511186723644,XC,2025-11-18,NOV,TUE,False,904,BHM,0603,0603,BHM,,,,0603,0603,0,0,DAR,0858,0913,15,True
202511186723647,XC,2025-11-18,NOV,TUE,False,,BHM,0703,0703,BHM,,,,0703,0703,0,0,DAR,0958,0959,1,True
202511186723650,XC,2025-11-18,NOV,TUE,False,904,BRI,0632,0634,BHM,0755,0822,27,0803,0826,23,124,DAR,1058,1142,44,True
202511186723652,XC,2025-11-18,NOV,TUE,False,904,PLY,0525,0525,BHM,0855,0859,4,0903,0903,0,282,DAR,1158,1212,14,True
202511186723655,XC,2025-11-18,NOV,TUE,False,896,PLY,0620,0620,BHM,0954,1009,15,1003,1015,12,282,DAR,1259,1352,53,True
202511186723658,XC,2025-11-18,NOV,TUE,False,547,PLY,0727,0726,BHM,1055,1111,16,1103,1116,13,282,DAR,1402,1423,21,True
202511186723661,XC,2025-11-18,NOV,TUE,False,904,PLY,0827,0827,BHM,1155,1215,20,1203,1223,20,282,DAR,1459,1522,23,True
202511186723665,XC,2025-11-18,NOV,TUE,False,,PLY,0927,0927,BHM,1255,1257,2,1303,1305,2,282,DAR,1558,1559,1,True
202511186723668,XC,2025-11-18,NOV,TUE,False,904,PLY,1027,1027,BHM,1355,1359,4,1403,1403,0,282,DAR,1659,1714,15,True
202511186723671,XC,2025-11-18,NOV,TUE,False,904,PLY,1127,1126,BHM,1455,1456,1,1503,1503,0,282,DAR,1759,1813,14,True
202511186723675,XC,2025-11-18,NOV,TUE,False,531,PLY,1227,1226,BHM,1555,1556,1,1603,1603,0,282,DAR,1900,1913,13,True
202511186723678,XC,2025-11-18,NOV,TUE,False,904,PNZ,1115,1115,BHM,1655,1654,-1,1703,1703,0,365,DAR,2004,2012,8,True
202511186723680,XC,2025-11-18,NOV,TUE,False,904,PLY,1427,1427,BHM,1755,1758,3,1803,1803,0,282,DAR,2059,2109,10,True
202511186723190,XC,2025-11-18,NOV,TUE,False,904,PLY,1527,1527,BHM,1854,1922,28,1903,1926,23,282,DAR,2214,2236,22,True
202511196723644,XC,2025-11-19,NOV,WED,False,,BHM,0603,0603,BHM,,,,0603,0603,0,0,DAR,0858,0906,8,True
202511196723647,XC,2025-11-19,NOV,WED,False,904,BHM,0703,0703,BHM,,,,0703,0703,0,0,DAR,0958,1014,16,True
202511196723650,XC,2025-11-19,NOV,WED,False,,BRI,0632,0632,BHM,0755,0754,-1,0803,0803,0,124,DAR,1058,1103,5,True
202511196723652,XC,2025-11-19,NOV,WED,False,,PLY,0525,0525,BHM,0855,0857,2,0903,0903,0,282,DAR,1158,1208,10,True
202511196723655,XC,2025-11-19,NOV,WED,False,895,PLY,0620,0620,BHM,0954,1011,17,1003,1014,11,282,DAR,1259,1301,2,True
202511196723658,XC,2025-11-19,NOV,WED,False,,PLY,0727,0727,BHM,1055,1059,4,1103,1105,2,282,DAR,1402,1404,2,True
202511196723661,XC,2025-11-19,NOV,WED,False,,PLY,0827,0827,BHM,1155,1156,1,1203,1205,2,282,DAR,1459,1500,1,True
202511196723665,XC,2025-11-19,NOV,WED,False,,PLY,0927,0927,BHM,1255,1255,0,1303,1303,0,282,DAR,1558,1604,6,True
202511196723668,XC,2025-11-19,NOV,WED,False,,PLY,1027,1028,BHM,1355,1357,2,1403,1403,0,282,DAR,1659,1702,3,True
202511196723671,XC,2025-11-19,NOV,WED,False,656,PLY,1127,1130,BHM,1455,1516,21,1503,1521,18,282,DAR,1759,1831,32,True
202511196723675,XC,2025-11-19,NOV,WED,False,895,PLY,1227,1226,BHM,1555,1608,13,1603,1613,10,282,DAR,1900,1911,11,True
202511196723678,XC,2025-11-19,NOV,WED,False,,PNZ,1115,1115,BHM,1655,1654,-1,1703,1703,0,365,DAR,2004,2007,3,True
202511196723680,XC,2025-11-19,NOV,WED,False,,PLY,1427,1428,BHM,1755,1756,1,1803,1803,0,282,DAR,2059,2109,10,True
202511196723190,XC,2025-11-19,NOV,WED,False,,PLY,1527,1531,BHM,1854,1859,5,1903,1904,1,282,DAR,2214,2220,6,True
202511206723644,XC,2025-11-20,NOV,THU,False,812,BHM,0603,0603,BHM,,,,0603,0603,0,0,DAR,0858,0859,1,True
202511206723647,XC,2025-11-20,NOV,THU,False,894,BHM,0703,0703,BHM,,,,0703,0703,0,0,DAR,0958,1032,34,True
202511206723650,XC,2025-11-20,NOV,THU,False,,BRI,0632,0632,BHM,0755,0757,2,0803,0802,-1,124,DAR,1058,1102,4,True
202511206723652,XC,2025-11-20,NOV,THU,False,896,PLY,0525,0525,BHM,0855,0911,16,0903,0927,24,282,DAR,1158,1209,11,True
202511206723655,XC,2025-11-20,NOV,THU,False,904,PLY,0620,0621,BHM,0954,1025,31,1003,1030,27,282,DAR,1259,1334,35,True
202511206723658,XC,2025-11-20,NOV,THU,False,896,PLY,0727,0727,BHM,1055,1112,17,1103,1117,14,282,DAR,1402,1414,12,True
202511206723661,XC,2025-11-20,NOV,THU,False,,PLY,0827,0829,BHM,1155,1156,1,1203,1204,1,282,DAR,1459,1507,8,True
202511206723665,XC,2025-11-20,NOV,THU,False,896,PLY,0927,0927,BHM,1255,1338,43,1303,1347,44,282,DAR,1558,1619,21,True
202511206723668,XC,2025-11-20,NOV,THU,False,896,PLY,1027,1027,BHM,1355,1421,26,1403,1425,22,282,DAR,1659,1744,45,True
202511206723671,XC,2025-11-20,NOV,THU,False,576,PLY,1127,1129,BHM,1455,1509,14,1503,1516,13,282,DAR,1759,1830,31,True
202511206723675,XC,2025-11-20,NOV,THU,False,,PLY,1227,,BHM,1555,1559,4,1603,1605,2,282,DAR,1900,1906,6,True
202511206723678,XC,2025-11-20,NOV,THU,False,896,PNZ,1115,1115,BHM,1655,1721,26,1703,1726,23,365,DAR,2004,2028,24,True
202511206723680,XC,2025-11-20,NOV,THU,False,574,PLY,1427,1427,BHM,1755,1824,29,1803,1830,27,282,DAR,2059,2141,42,True
202511206723190,XC,2025-11-20,NOV,THU,False,904,PLY,1527,1527,BHM,1854,1913,19,1903,1917,14,282,DAR,2214,2229,15,True
202511216723644,XC,2025-11-21,NOV,FRI,False,896,BHM,0603,0603,BHM,,,,0603,0603,0,0,DAR,0858,0930,32,True
202511216723647,XC,2025-11-21,NOV,FRI,False,,BHM,0703,0703,BHM,,,,0703,0703,0,0,DAR,0958,1013,15,True
202511216723650,XC,2025-11-21,NOV,FRI,False,,BRI,0632,0632,BHM,0755,0753,-2,0803,0803,0,124,DAR,1058,1105,7,True
202511216723652,XC,2025-11-21,NOV,FRI,False,,PLY,0525,0525,BHM,0855,0854,-1,0903,0903,0,282,DAR,1158,1203,5,True
202511216723655,XC,2025-11-21,NOV,FRI,False,,PLY,0620,0620,BHM,0954,0957,3,1003,1003,0,282,DAR,1259,1315,16,True
202511216723658,XC,2025-11-21,NOV,FRI,False,904,PLY,0727,0727,BHM,1055,1113,18,1103,1122,19,282,DAR,1402,1439,37,True
202511216723661,XC,2025-11-21,NOV,FRI,False,911,PLY,0827,0829,BHM,1155,1220,25,1203,1226,23,282,DAR,1459,1539,40,True
202511216723666,XC,2025-11-21,NOV,FRI,False,573,PLY,0927,0933,BHM,1255,1255,0,1303,1303,0,282,DAR,1558,1604,6,True
202511216723668,XC,2025-11-21,NOV,FRI,True,705,PLY,1027,,BHM,1355,,,1403,,,282,DAR,1659,,,
202511216723671,XC,2025-11-21,NOV,FRI,False,,PLY,1127,1127,BHM,1455,1455,0,1503,1503,0,282,DAR,1759,1806,7,True
202511216723675,XC,2025-11-21,NOV,FRI,False,904,PLY,1227,1227,BHM,1555,1558,3,1603,1615,12,282,DAR,1900,1935,35,True
202511216723678,XC,2025-11-21,NOV,FRI,False,,PNZ,1115,1115,BHM,1655,1659,4,1703,1704,1,365,DAR,2004,2009,5,True
202511216723680,XC,2025-11-21,NOV,FRI,False,896,PLY,1427,1438,BHM,1755,1826,31,1803,1831,28,282,DAR,2059,2124,25,True
202511216723190,XC,2025-11-21,NOV,FRI,False,,PLY,1527,1526,BHM,1854,1856,2,1903,1905,2,282,DAR,2214,2218,4,True
202511226723645,XC,2025-11-22,NOV,SAT,False,904,BHM,0603,0603,BHM,,,,0603,0603,0,0,DAR,0858,0858,0,False
202511226723648,XC,2025-11-22,NOV,SAT,False,,BHM,0703,0707,BHM,,,,0703,0707,4,0,DAR,0958,0959,1,True
202511226723649,XC,2025-11-22,NOV,SAT,False,574,BRI,0615,0617,BHM,0755,0752,-3,0803,0803,0,124,DAR,1058,1057,-1,False
202511226723653,XC,2025-11-22,NOV,SAT,False,,PLY,0527,0527,BHM,0855,0852,-3,0903,0902,-1,282,DAR,1159,1159,0,False
202511226723656,XC,2025-11-22,NOV,SAT,False,,PLY,0627,0627,BHM,0955,0957,2,1003,1003,0,282,DAR,1259,1300,1,True
202511226723659,XC,2025-11-22,NOV,SAT,False,,PLY,0725,0725,BHM,1055,1054,-1,1103,1104,1,282,DAR,1402,1400,-2,False
202511226723662,XC,2025-11-22,NOV,SAT,False,,PLY,0827,0827,BHM,1155,1154,-1,1203,1203,0,282,DAR,1501,1500,-1,False
202511226723667,XC,2025-11-22,NOV,SAT,False,904,PLY,0927,0927,BHM,1255,1310,15,1303,1317,14,282,DAR,1558,1558,0,False
202511226723669,XC,2025-11-22,NOV,SAT,False,908,PLY,1027,1028,BHM,1355,1407,12,1403,1412,9,282,DAR,1659,1658,-1,False
202511226723673,XC,2025-11-22,NOV,SAT,False,904,PLY,1127,1127,BHM,1455,1455,0,1503,1503,0,282,DAR,1759,1758,-1,False
202511226723676,XC,2025-11-22,NOV,SAT,False,,PLY,1227,1226,BHM,1555,1553,-2,1603,1605,2,282,DAR,1900,1858,1438,True
202511226701404,XC,2025-11-22,NOV,SAT,False,,PNZ,1115,1115,BHM,1655,1659,4,1703,1704,1,365,DAR,2004,2006,2,True
202511226723681,XC,2025-11-22,NOV,SAT,False,654,PLY,1427,1426,BHM,1755,1829,34,1803,1834,31,282,DAR,2057,2101,4,True
202511226723194,XC,2025-11-22,NOV,SAT,False,,RDG,1745,1745,BHM,1917,1916,-1,1927,1929,2,130,DAR,2154,2157,3,True
202511236723654,XC,2025-11-23,NOV,SUN,False,,BHM,0903,0906,BHM,,,,0903,0906,3,0,DAR,1158,1158,0,False
202511236723657,XC,2025-11-23,NOV,SUN,False,,BHM,1003,1003,BHM,,,,1003,1003,0,0,DAR,1258,1258,0,False
202511236723660,XC,2025-11-23,NOV,SUN,False,,BRI,0915,0915,BHM,1049,1050,1,1103,1103,0,124,DAR,1357,1358,1,True
202511236723663,XC,2025-11-23,NOV,SUN,False,,BRI,1031,,BHM,,,,1203,1204,1,124,DAR,1458,1459,1,True
202511236723664,XC,2025-11-23,NOV,SUN,False,,PLY,0927,0926,BHM,1249,1249,0,1303,1302,-1,282,DAR,1557,1558,1,True
202511236723670,XC,2025-11-23,NOV,SUN,False,908,PLY,1027,1027,BHM,1349,1405,16,1403,1413,10,282,DAR,1700,1658,1438,True
202511236723672,XC,2025-11-23,NOV,SUN,False,,PLY,1127,1127,BHM,1449,1451,2,1503,1503,0,282,DAR,1757,1757,0,False
202511236723674,XC,2025-11-23,NOV,SUN,False,526,PLY,1227,,BHM,1549,1618,29,1603,1626,23,282,DAR,1901,1900,-1,False
202511236723679,XC,2025-11-23,NOV,SUN,False,,PNZ,1130,1130,BHM,1649,1657,8,1703,1703,0,365,DAR,2002,2001,-1,False
202511236723682,XC,2025-11-23,NOV,SUN,False,904,PLY,1427,,BHM,1749,1750,1,1803,1803,0,282,DAR,2100,2056,1436,True
202511237104474,XC,2025-11-23,NOV,SUN,False,,BRI,1800,1800,BHM,1918,1920,2,1928,1928,0,124,DAR,2158,2209,11,True
202511246723644,XC,2025-11-24,NOV,MON,False,,BHM,0603,0603,BHM,,,,0603,0603,0,0,DAR,0858,0902,4,True
202511246723647,XC,2025-11-24,NOV,MON,False,579,BHM,0703,0703,BHM,,,,0703,0703,0,0,DAR,0958,1017,19,True
202511246723650,XC,2025-11-24,NOV,MON,False,,BRI,0632,0632,BHM,0755,0753,-2,0803,0803,0,124,DAR,1058,1103,5,True
202511246723652,XC,2025-11-24,NOV,MON,False,,PLY,0525,0525,BHM,0855,0858,3,0903,0903,0,282,DAR,1158,1158,0,False
202511246723655,XC,2025-11-24,NOV,MON,False,,PLY,0620,0620,BHM,0954,1000,6,1003,1003,0,282,DAR,1259,1302,3,True
202511246723658,XC,2025-11-24,NOV,MON,False,904,PLY,0727,0727,BHM,1055,1121,26,1103,1126,23,282,DAR,1402,1422,20,True
202511246723661,XC,2025-11-24,NOV,MON,False,,PLY,0827,0827,BHM,1155,1159,4,1203,1206,3,282,DAR,1459,1502,3,True
202511246723665,XC,2025-11-24,NOV,MON,False,904,PLY,0927,0927,BHM,1255,1305,10,1303,1312,9,282,DAR,1558,1619,21,True
202511246723668,XC,2025-11-24,NOV,MON,False,,PLY,1027,1026,BHM,1355,1400,5,1403,1405,2,282,DAR,1659,1703,4,True
202511246723671,XC,2025-11-24,NOV,MON,False,,PLY,1127,1129,BHM,1455,1454,-1,1503,1503,0,282,DAR,1759,1812,13,True
202511246723675,XC,2025-11-24,NOV,MON,False,,PLY,1227,1226,BHM,1555,1557,2,1603,1603,0,282,DAR,1900,1902,2,True
202511246723678,XC,2025-11-24,NOV,MON,True,501,PNZ,1115,,BHM,1655,,,1703,,,365,DAR,2004,,,
202511246723680,XC,2025-11-24,NOV,MON,False,824,PLY,1427,1427,BHM,1755,1806,11,1803,1811,8,282,DAR,2059,2104,5,True
202511246723190,XC,2025-11-24,NOV,MON,False,,PLY,1527,1527,BHM,1854,1901,7,1903,1904,1,282,DAR,2214,2216,2,True
202511256723644,XC,2025-11-25,NOV,TUE,False,,BHM,0603,0603,BHM,,,,0603,0603,0,0,DAR,0858,0900,2,True
202511256723647,XC,2025-11-25,NOV,TUE,False,,BHM,0703,0704,BHM,,,,0703,0704,1,0,DAR,0958,0959,1,True
202511256723650,XC,2025-11-25,NOV,TUE,False,,BRI,0632,0632,BHM,0755,0755,0,0803,0803,0,124,DAR,1058,1059,1,True
202511256723652,XC,2025-11-25,NOV,TUE,False,,PLY,0525,0525,BHM,0855,0905,10,0903,0910,7,282,DAR,1158,1204,6,True
202511256723655,XC,2025-11-25,NOV,TUE,False,,PLY,0620,0619,BHM,0954,0955,1,1003,1003,0,282,DAR,1259,1306,7,True
202511256723658,XC,2025-11-25,NOV,TUE,False,,PLY,0727,0727,BHM,1055,1059,4,1103,1103,0,282,DAR,1402,1403,1,True
202511256723661,XC,2025-11-25,NOV,TUE,False,,PLY,0827,0826,BHM,1155,1156,1,1203,1203,0,282,DAR,1459,1504,5,True
202511256723665,XC,2025-11-25,NOV,TUE,False,,PLY,0927,0927,BHM,1255,1256,1,1303,1303,0,282,DAR,1558,1558,0,False
202511256723668,XC,2025-11-25,NOV,TUE,False,,PLY,1027,1026,BHM,1355,1352,-3,1403,1403,0,282,DAR,1659,1700,1,True
202511256723671,XC,2025-11-25,NOV,TUE,False,,PLY,1127,1127,BHM,1455,1454,-1,1503,1503,0,282,DAR,1759,1804,5,True
202511256723675,XC,2025-11-25,NOV,TUE,False,,PLY,1227,1226,BHM,1555,1557,2,1603,1603,0,282,DAR,1900,1901,1,True
202511256723678,XC,2025-11-25,NOV,TUE,False,,PNZ,1115,1115,BHM,1655,1701,6,1703,1706,3,365,DAR,2004,2006,2,True
202511256723680,XC,2025-11-25,NOV,TUE,False,,PLY,1427,1427,BHM,1755,1754,-1,1803,1803,0,282,DAR,2059,2101,2,True
202511256723190,XC,2025-11-25,NOV,TUE,True,526,PLY,1527,,BHM,1854,,,1903,,,282,DAR,2214,,,
202511266723644,XC,2025-11-26,NOV,WED,False,,BHM,0603,0603,BHM,,,,0603,0603,0,0,DAR,0858,0859,1,True
202511266723647,XC,2025-11-26,NOV,WED,False,895,BHM,0703,0703,BHM,,,,0703,0703,0,0,DAR,0958,1019,21,True
202511266723650,XC,2025-11-26,NOV,WED,False,,BRI,0632,0632,BHM,0755,0754,-1,0803,0803,0,124,DAR,1058,1103,5,True
202511266723652,XC,2025-11-26,NOV,WED,False,,PLY,0525,0524,BHM,0855,0856,1,0903,0903,0,282,DAR,1158,1159,1,True
202511266723655,XC,2025-11-26,NOV,WED,False,,PLY,0620,0622,BHM,0954,0954,0,1003,1002,-1,282,DAR,1259,1312,13,True
202511266723658,XC,2025-11-26,NOV,WED,False,904,PLY,0727,0726,BHM,1055,1117,22,1103,1123,20,282,DAR,1402,1402,0,False
202511266723661,XC,2025-11-26,NOV,WED,False,576,PLY,0827,0827,BHM,1155,1220,25,1203,1227,24,282,DAR,1459,1532,33,True
202511266723665,XC,2025-11-26,NOV,WED,False,894,PLY,0927,0927,BHM,1255,1259,4,1303,1304,1,282,DAR,1558,1611,13,True
202511266723668,XC,2025-11-26,NOV,WED,False,,PLY,1027,1027,BHM,1355,1355,0,1403,1403,0,282,DAR,1659,1703,4,True
202511266723671,XC,2025-11-26,NOV,WED,False,,PLY,1127,1126,BHM,1455,1453,-2,1503,1503,0,282,DAR,1759,1759,0,False
202511266723675,XC,2025-11-26,NOV,WED,False,,PLY,1227,1226,BHM,1555,1555,0,1603,1603,0,282,DAR,1900,1904,4,True
202511266723678,XC,2025-11-26,NOV,WED,False,895,PNZ,1115,1118,BHM,1655,1700,5,1703,1707,4,365,DAR,2004,2008,4,True
202511266723680,XC,2025-11-26,NOV,WED,False,576,PLY,1427,1426,BHM,1755,1809,14,1803,1814,11,282,DAR,2059,2124,25,True
202511266723190,XC,2025-11-26,NOV,WED,False,887,PLY,1527,1526,BHM,1854,1903,9,1903,1906,3,282,DAR,2214,2234,20,True
202511276723644,XC,2025-11-27,NOV,THU,False,,BHM,0603,0603,BHM,,,,0603,0603,0,0,DAR,0858,0858,0,False
202511276723647,XC,2025-11-27,NOV,THU,False,,BHM,0703,0703,BHM,,,,0703,0703,0,0,DAR,0958,1000,2,True
202511276723650,XC,2025-11-27,NOV,THU,False,,BRI,0632,0632,BHM,0755,0753,-2,0803,0803,0,124,DAR,1058,1105,7,True
202511276723652,XC,2025-11-27,NOV,THU,False,,PLY,0525,0525,BHM,0855,0900,5,0903,0903,0,282,DAR,1158,1158,0,False
202511276723655,XC,2025-11-27,NOV,THU,False,904,PLY,0620,0619,BHM,0954,1019,25,1003,1023,20,282,DAR,1259,1259,0,False
202511276723658,XC,2025-11-27,NOV,THU,False,,PLY,0727,0727,BHM,1055,1101,6,1103,1107,4,282,DAR,1402,1402,0,False
202511276723661,XC,2025-11-27,NOV,THU,False,,PLY,0827,0827,BHM,1155,1154,-1,1203,1204,1,282,DAR,1459,1458,-1,False
202511276723665,XC,2025-11-27,NOV,THU,False,832,PLY,0927,0927,BHM,1255,1306,11,1303,1312,9,282,DAR,1558,1559,1,True
202511276723668,XC,2025-11-27,NOV,THU,False,832,PLY,1027,1029,BHM,1355,1418,23,1403,1423,20,282,DAR,1659,1741,42,True
202511276723671,XC,2025-11-27,NOV,THU,False,904,PLY,1127,1126,BHM,1455,1508,13,1503,1514,11,282,DAR,1759,1803,4,True
202511276723675,XC,2025-11-27,NOV,THU,False,,PLY,1227,1226,BHM,1555,1558,3,1603,1603,0,282,DAR,1900,1900,0,False
202511276723678,XC,2025-11-27,NOV,THU,False,536,PNZ,1115,1117,BHM,1655,1657,2,1703,1717,14,365,DAR,2004,2107,63,True
202511276723680,XC,2025-11-27,NOV,THU,False,535,PLY,1427,1426,BHM,1755,1817,22,1803,1823,20,282,DAR,2059,2135,36,True
202511276723190,XC,2025-11-27,NOV,THU,False,895,PLY,1527,1526,BHM,1854,1858,4,1903,1904,1,282,DAR,2214,2213,-1,False
202511286723644,XC,2025-11-28,NOV,FRI,False,,BHM,0603,0603,BHM,,,,0603,0603,0,0,DAR,0858,0901,3,True
202511286723647,XC,2025-11-28,NOV,FRI,False,,BHM,0703,0703,BHM,,,,0703,0703,0,0,DAR,0958,1005,7,True
202511286723650,XC,2025-11-28,NOV,FRI,False,,BRI,0632,0632,BHM,0755,0753,-2,0803,0803,0,124,DAR,1058,1059,1,True
202511286723652,XC,2025-11-28,NOV,FRI,False,,PLY,0525,0525,BHM,0855,0853,-2,0903,0903,0,282,DAR,1158,1159,1,True
202511286723655,XC,2025-11-28,NOV,FRI,False,,PLY,0620,0619,BHM,0954,0958,4,1003,1008,5,282,DAR,1259,1303,4,True
202511286723658,XC,2025-11-28,NOV,FRI,False,,PLY,0727,0728,BHM,1055,1057,2,1103,1104,1,282,DAR,1402,1406,4,True
202511286723661,XC,2025-11-28,NOV,FRI,False,,PLY,0827,0827,BHM,1155,1157,2,1203,1210,7,282,DAR,1459,1511,12,True
202511286723666,XC,2025-11-28,NOV,FRI,True,911,PLY,0927,,BHM,1255,,,1303,,,282,DAR,1558,,,
202511286723668,XC,2025-11-28,NOV,FRI,True,777,PLY,1027,,BHM,1355,,,1403,,,282,DAR,1659,,,
202511287955434,XC,2025-11-28,NOV,FRI,False,,BHM,1503,1527,BHM,,,,1503,1527,24,0,DAR,1759,1837,38,True
202511286723675,XC,2025-11-28,NOV,FRI,True,777,PLY,1227,,BHM,1555,,,1603,,,282,DAR,1900,,,
202511286723678,XC,2025-11-28,NOV,FRI,False,777,PNZ,1115,,BHM,1655,1805,70,1703,1812,69,365,DAR,2004,2051,47,True
202511286723680,XC,2025-11-28,NOV,FRI,False,777,PLY,1427,1427,BHM,1755,1840,45,1803,1846,43,282,DAR,2059,2140,41,True
202511286723190,XC,2025-11-28,NOV,FRI,False,777,PLY,1527,1527,BHM,1854,1920,26,1903,1926,23,282,DAR,2214,2232,18,True
202512026723644,XC,2025-12-02,DEC,TUE,False,,BHM,0603,0603,BHM,,,,0603,0603,0,0,DAR,0858,0900,2,True
202512026723647,XC,2025-12-02,DEC,TUE,False,895,BHM,0703,0703,BHM,,,,0703,0703,0,0,DAR,0958,1012,14,True
202512026723650,XC,2025-12-02,DEC,TUE,False,904,BRI,0632,0632,BHM,0755,0757,2,0803,0803,0,124,DAR,1058,1118,20,True
202512026723652,XC,2025-12-02,DEC,TUE,False,904,PLY,0525,0524,BHM,0855,0857,2,0903,0902,-1,282,DAR,1158,1212,14,True
202512026723655,XC,2025-12-02,DEC,TUE,False,895,PLY,0620,0620,BHM,0954,1005,11,1003,1009,6,282,DAR,1259,1300,1,True
202512026723658,XC,2025-12-02,DEC,TUE,False,,PLY,0727,0727,BHM,1055,1105,10,1103,1109,6,282,DAR,1402,1405,3,True
202512026723661,XC,2025-12-02,DEC,TUE,False,574,PLY,0827,0827,BHM,1155,1159,4,1203,1213,10,282,DAR,1459,1506,7,True
202512026723665,XC,2025-12-02,DEC,TUE,False,896,PLY,0927,0927,BHM,1255,1256,1,1303,1303,0,282,DAR,1558,1611,13,True
202512026723668,XC,2025-12-02,DEC,TUE,False,824,PLY,1027,1026,BHM,1355,1355,0,1403,1405,2,282,DAR,1659,1725,26,True
202512026723671,XC,2025-12-02,DEC,TUE,False,,PLY,1127,1126,BHM,1455,1453,-2,1503,1503,0,282,DAR,1759,1803,4,True
202512026723675,XC,2025-12-02,DEC,TUE,False,,PLY,1227,1227,BHM,1555,1555,0,1603,1603,0,282,DAR,1900,1902,2,True
202512026723678,XC,2025-12-02,DEC,TUE,False,,PLY,1327,1327,BHM,1655,1656,1,1703,1703,0,282,DAR,2004,2003,-1,False
202512026723680,XC,2025-12-02,DEC,TUE,False,,PLY,1427,1427,BHM,1755,1759,4,1803,1803,0,282,DAR,2059,2103,4,True
202512026723190,XC,2025-12-02,DEC,TUE,False,,PLY,1527,1526,BHM,1854,1859,5,1903,1903,0,282,DAR,2214,2214,0,False
202512036723644,XC,2025-12-03,DEC,WED,False,,BHM,0603,0602,BHM,,,,0603,0602,-1,0,DAR,0858,0900,2,True
202512036723647,XC,2025-12-03,DEC,WED,False,,BHM,0703,0703,BHM,,,,0703,0703,0,0,DAR,0958,1002,4,True
202512036723650,XC,2025-12-03,DEC,WED,False,,BRI,0632,0632,BHM,0755,0756,1,0803,0803,0,124,DAR,1058,1102,4,True
202512036723652,XC,2025-12-03,DEC,WED,False,,PLY,0525,0525,BHM,0855,0854,-1,0903,0904,1,282,DAR,1158,1202,4,True
202512036723655,XC,2025-12-03,DEC,WED,False,,PLY,0620,0620,BHM,0954,0959,5,1003,1003,0,282,DAR,1259,1311,12,True
202512036723658,XC,2025-12-03,DEC,WED,False,,PLY,0727,0727,BHM,1055,1059,4,1103,1105,2,282,DAR,1402,1406,4,True
202512036723661,XC,2025-12-03,DEC,WED,False,904,PLY,0827,0827,BHM,1155,1153,-2,1203,1203,0,282,DAR,1459,1520,21,True
202512036723665,XC,2025-12-03,DEC,WED,False,,PLY,0927,0927,BHM,1255,1254,-1,1303,1303,0,282,DAR,1558,1559,1,True
202512036723668,XC,2025-12-03,DEC,WED,False,,PLY,1027,1027,BHM,1355,1354,-1,1403,1402,-1,282,DAR,1659,1659,0,False
202512036723671,XC,2025-12-03,DEC,WED,False,904,PLY,1127,1126,BHM,1455,1453,-2,1503,1504,1,282,DAR,1759,1811,12,True
202512036723675,XC,2025-12-03,DEC,WED,False,685,PLY,1227,1226,BHM,1555,1558,3,1603,1604,1,282,DAR,1900,1937,37,True
202512036723678,XC,2025-12-03,DEC,WED,False,,PLY,1327,1326,BHM,1655,1658,3,1703,1703,0,282,DAR,2004,2004,0,False
202512036723680,XC,2025-12-03,DEC,WED,False,,PLY,1427,1426,BHM,1755,1755,0,1803,1803,0,282,DAR,2059,2109,10,True
202512036723190,XC,2025-12-03,DEC,WED,False,904,PLY,1527,1526,BHM,1854,1922,28,1903,1926,23,282,DAR,2214,2228,14,True
202512046723644,XC,2025-12-04,DEC,THU,False,,BHM,0603,0603,BHM,,,,0603,0603,0,0,DAR,0858,0903,5,True
202512046723647,XC,2025-12-04,DEC,THU,False,,BHM,0703,0703,BHM,,,,0703,0703,0,0,DAR,0958,1019,21,True
202512046723650,XC,2025-12-04,DEC,THU,False,904,BRI,0632,,BHM,,,,0803,0803,0,124,DAR,1058,1108,10,True
202512046723652,XC,2025-12-04,DEC,THU,False,576,PLY,0525,0525,BHM,0855,0854,-1,0903,0903,0,282,DAR,1158,1243,45,True
202512046723655,XC,2025-12-04,DEC,THU,False,904,PLY,0620,0620,BHM,0954,0958,4,1003,1003,0,282,DAR,1259,1307,8,True
202512046723658,XC,2025-12-04,DEC,THU,False,904,PLY,0727,0734,BHM,1055,1117,22,1103,1122,19,282,DAR,1402,1405,3,True
202512046723661,XC,2025-12-04,DEC,THU,False,574,PLY,0827,0839,BHM,1155,1220,25,1203,1232,29,282,DAR,1459,1527,28,True
202512056723644,XC,2025-12-05,DEC,FRI,False,,BHM,0603,0603,BHM,,,,0603,0603,0,0,DAR,0858,0858,0,False
202512056723647,XC,2025-12-05,DEC,FRI,False,904,BHM,0703,0703,BHM,,,,0703,0703,0,0,DAR,0958,1008,10,True
202512057956453,XC,2025-12-05,DEC,FRI,False,,BHM,0803,0807,BHM,,,,0803,0807,4,0,DAR,1058,1112,14,True
202512057956450,XC,2025-12-05,DEC,FRI,False,832,BHM,0903,0916,BHM,,,,0903,0916,13,0,DAR,1158,1216,18,True
202512056723655,XC,2025-12-05,DEC,FRI,False,832,PLY,0620,0619,BHM,0954,1021,27,1003,1025,22,282,DAR,1259,1322,23,True
202512056723658,XC,2025-12-05,DEC,FRI,False,832,PLY,0727,0727,BHM,1055,1104,9,1103,1111,8,282,DAR,1402,1401,-1,False
202512057956469,XC,2025-12-05,DEC,FRI,False,,BHM,1203,1203,BHM,,,,1203,1203,0,0,DAR,1459,1512,13,True
202512056723666,XC,2025-12-05,DEC,FRI,False,887,PLY,0927,0931,BHM,1255,1257,2,1303,1331,28,282,DAR,1558,1626,28,True
202512056723668,XC,2025-12-05,DEC,FRI,False,904,PLY,1027,1031,BHM,1355,1429,34,1403,1436,33,282,DAR,1659,1742,43,True
202512056723671,XC,2025-12-05,DEC,FRI,False,,PLY,1127,1126,BHM,1455,1503,8,1503,1509,6,282,DAR,1759,1804,5,True
202512056723675,XC,2025-12-05,DEC,FRI,False,,PLY,1227,,BHM,1555,1555,0,1603,1603,0,282,DAR,1900,1903,3,True
202512056723678,XC,2025-12-05,DEC,FRI,False,,PLY,1327,1327,BHM,1655,1656,1,1703,1709,6,282,DAR,2004,2008,4,True
202512056723680,XC,2025-12-05,DEC,FRI,False,895,PLY,1427,1427,BHM,1755,1811,16,1803,1816,13,282,DAR,2059,2110,11,True
202512056723190,XC,2025-12-05,DEC,FRI,False,547,PLY,1527,1527,BHM,1854,1917,23,1903,1923,20,282,DAR,2214,2236,22,True
202512066723648,XC,2025-12-06,DEC,SAT,False,,BHM,0631,0631,BHM,,,,0631,0631,0,0,DAR,0958,1002,4,True
202512067542105,XC,2025-12-06,DEC,SAT,False,,BHM,0730,0730,BHM,,,,0730,0730,0,0,DAR,1058,1103,5,True
202512066723649,XC,2025-12-06,DEC,SAT,False,,BRI,0615,0615,BHM,0755,0753,-2,0803,0803,0,124,DAR,1159,1203,4,True
202512066723653,XC,2025-12-06,DEC,SAT,False,,PLY,0527,0526,BHM,0855,0852,-3,0903,0903,0,282,DAR,1259,1300,1,True
202512066723656,XC,2025-12-06,DEC,SAT,False,,PLY,0627,,BHM,0955,0955,0,1003,1005,2,282,DAR,1402,1402,0,False
202512066723659,XC,2025-12-06,DEC,SAT,False,,PLY,0725,0725,BHM,1055,1055,0,1103,1104,1,282,DAR,1501,1459,1438,True
202512066723662,XC,2025-12-06,DEC,SAT,False,,PLY,0827,0827,BHM,1155,1206,11,1203,1210,7,282,DAR,1558,1601,3,True
202512066723667,XC,2025-12-06,DEC,SAT,False,,PLY,0927,0927,BHM,1255,1255,0,1303,1303,0,282,DAR,1659,1658,-1,False
202512066723669,XC,2025-12-06,DEC,SAT,False,895,PLY,1027,1026,BHM,1355,1417,22,1403,1421,18,282,DAR,1759,1801,2,True
202512066723673,XC,2025-12-06,DEC,SAT,False,,PLY,1127,1127,BHM,1455,1459,4,1503,1503,0,282,DAR,1900,1905,5,True
202512066723676,XC,2025-12-06,DEC,SAT,False,,PLY,1227,1227,BHM,1555,1556,1,1603,1603,0,282,DAR,2004,2009,5,True
202512066701404,XC,2025-12-06,DEC,SAT,False,,PNZ,1115,1115,BHM,1655,1712,17,1703,1723,20,365,DAR,2057,2103,6,True
202512066723681,XC,2025-12-06,DEC,SAT,False,,PLY,1427,1426,BHM,1755,1756,1,1803,1803,0,282,DAR,2155,2152,-3,False
202512076723654,XC,2025-12-07,DEC,SUN,False,,BHM,0848,0849,BHM,,,,0848,0849,1,0,DAR,1158,1200,2,True
202512076723657,XC,2025-12-07,DEC,SUN,True,526,BHM,0948,,BHM,,,,0948,,,0,DAR,1258,,,
202512076723660,XC,2025-12-07,DEC,SUN,False,,BRI,0915,,BHM,,,,1103,1103,0,124,DAR,1458,1502,4,True
202512076723663,XC,2025-12-07,DEC,SUN,False,,BRI,1031,1030,BHM,1149,1153,4,1203,1203,0,124,DAR,1557,1609,12,True
202512076723664,XC,2025-12-07,DEC,SUN,False,,PLY,0927,0927,BHM,1249,1307,18,1303,1314,11,282,DAR,1700,1701,1,True
202512076723670,XC,2025-12-07,DEC,SUN,False,,PLY,1027,1027,BHM,1349,1407,18,1403,1414,11,282,DAR,1757,1758,1,True
202512076723672,XC,2025-12-07,DEC,SUN,False,,PLY,1127,1127,BHM,1449,1517,28,1503,1525,22,282,DAR,1901,1900,-1,False
202512076723674,XC,2025-12-07,DEC,SUN,False,,PLY,1227,,BHM,1549,1550,1,1603,1603,0,282,DAR,2002,1959,1437,True
202512076723679,XC,2025-12-07,DEC,SUN,False,,PLY,1327,1327,BHM,1649,1653,4,1703,1706,3,282,DAR,2100,2122,22,True
202512076723682,XC,2025-12-07,DEC,SUN,True,526,PLY,1427,,BHM,1749,,,1803,,,282,DAR,2158,,,
202512086723644,XC,2025-12-08,DEC,MON,False,,BHM,0603,0603,BHM,,,,0603,0603,0,0,DAR,0858,0900,2,True
202512086723647,XC,2025-12-08,DEC,MON,False,832,BHM,0703,0703,BHM,,,,0703,0703,0,0,DAR,0958,1018,20,True
202512086723650,XC,2025-12-08,DEC,MON,False,,BRI,0632,0631,BHM,0755,0752,-3,0803,0803,0,124,DAR,1058,1106,8,True
202512086723652,XC,2025-12-08,DEC,MON,False,574,PLY,0525,0524,BHM,0855,0855,0,0903,0903,0,282,DAR,1158,1217,19,True
202512086723655,XC,2025-12-08,DEC,MON,False,,PLY,0620,0620,BHM,0954,0954,0,1003,1002,-1,282,DAR,1259,1301,2,True
202512086723658,XC,2025-12-08,DEC,MON,False,904,PLY,0727,0727,BHM,1055,1105,10,1103,1111,8,282,DAR,1402,1402,0,False
202512086723661,XC,2025-12-08,DEC,MON,False,574,PLY,0827,0828,BHM,1155,1157,2,1203,1204,1,282,DAR,1459,1507,8,True
202512086723665,XC,2025-12-08,DEC,MON,False,904,PLY,0927,0927,BHM,1255,1254,-1,1303,1303,0,282,DAR,1558,1604,6,True
202512086723668,XC,2025-12-08,DEC,MON,False,557,PLY,1027,1027,BHM,1355,1418,23,1403,1422,19,282,DAR,1659,1729,30,True
202512086723671,XC,2025-12-08,DEC,MON,False,,PLY,1127,1127,BHM,1455,1454,-1,1503,1503,0,282,DAR,1759,1759,0,False
202512086723675,XC,2025-12-08,DEC,MON,False,904,PLY,1227,1226,BHM,1555,1606,11,1603,1611,8,282,DAR,1900,1900,0,False
202512086723678,XC,2025-12-08,DEC,MON,True,777,PNZ,1115,,BHM,1655,,,1703,,,365,DAR,2004,,,
202512086723680,XC,2025-12-08,DEC,MON,False,777,PLY,1427,1429,BHM,1755,1757,2,1803,1803,0,282,DAR,2059,2102,3,True
202512086723190,XC,2025-12-08,DEC,MON,False,777,PLY,1527,1527,BHM,1854,1859,5,1903,1905,2,282,DAR,2214,2217,3,True
202512096723644,XC,2025-12-09,DEC,TUE,False,,BHM,0603,0602,BHM,,,,0603,0602,-1,0,DAR,0858,0859,1,True
202512096723647,XC,2025-12-09,DEC,TUE,False,,BHM,0703,0703,BHM,,,,0703,0703,0,0,DAR,0958,1001,3,True
202512096723650,XC,2025-12-09,DEC,TUE,False,895,BRI,0632,0636,BHM,0755,0759,4,0803,0804,1,124,DAR,1058,1119,21,True
202512096723652,XC,2025-12-09,DEC,TUE,False,,PLY,0525,,BHM,0855,0855,0,0903,0903,0,282,DAR,1158,1200,2,True
202512096723655,XC,2025-12-09,DEC,TUE,False,832,PLY,0620,0620,BHM,0954,1008,14,1003,1012,9,282,DAR,1259,1258,-1,False
202512096723658,XC,2025-12-09,DEC,TUE,False,,PLY,0727,0727,BHM,1055,1057,2,1103,1105,2,282,DAR,1402,1407,5,True
202512096723661,XC,2025-12-09,DEC,TUE,False,904,PLY,0827,0829,BHM,1155,1158,3,1203,1204,1,282,DAR,1459,1525,26,True
202512096723665,XC,2025-12-09,DEC,TUE,False,783,PLY,0927,0927,BHM,1255,1256,1,1303,1303,0,282,DAR,1558,1602,4,True
202512096723668,XC,2025-12-09,DEC,TUE,False,904,PLY,1027,1028,BHM,1355,1407,12,1403,1412,9,282,DAR,1659,1703,4,True
202512096723671,XC,2025-12-09,DEC,TUE,False,904,PLY,1127,,BHM,,,,1503,1506,3,282,DAR,1759,1806,7,True
202512096723675,XC,2025-12-09,DEC,TUE,False,,PLY,1227,1226,BHM,1555,1557,2,1603,1603,0,282,DAR,1900,1901,1,True
202512096723678,XC,2025-12-09,DEC,TUE,False,783,PNZ,1115,,BHM,1655,1747,52,1703,1800,57,365,DAR,2004,2028,24,True
202512096723680,XC,2025-12-09,DEC,TUE,False,904,PLY,1427,,BHM,1755,1804,9,1803,1811,8,282,DAR,2059,2105,6,True
202512096723190,XC,2025-12-09,DEC,TUE,False,543,PLY,1527,,BHM,1854,1902,8,1903,1913,10,282,DAR,2214,2219,5,True
202512106723644,XC,2025-12-10,DEC,WED,False,,BHM,0603,0602,BHM,,,,0603,0602,-1,0,DAR,0858,0858,0,False
202512106723647,XC,2025-12-10,DEC,WED,False,,BHM,0703,0703,BHM,,,,0703,0703,0,0,DAR,0958,1002,4,True
202512106723650,XC,2025-12-10,DEC,WED,False,904,BRI,0632,0632,BHM,0755,0757,2,0803,0803,0,124,DAR,1058,1111,13,True
202512106723652,XC,2025-12-10,DEC,WED,False,,PLY,0525,0525,BHM,0855,0854,-1,0903,0903,0,282,DAR,1158,1159,1,True
202512106723655,XC,2025-12-10,DEC,WED,False,904,PLY,0620,0620,BHM,0954,1005,11,1003,1009,6,282,DAR,1259,1301,2,True
202512106723658,XC,2025-12-10,DEC,WED,False,904,PLY,0727,0727,BHM,1055,1105,10,1103,1112,9,282,DAR,1402,1403,1,True
202512106723661,XC,2025-12-10,DEC,WED,False,,PLY,0827,0827,BHM,1155,1152,-3,1203,1203,0,282,DAR,1459,1500,1,True
202512106723665,XC,2025-12-10,DEC,WED,False,904,PLY,0927,0931,BHM,1255,1305,10,1303,1309,6,282,DAR,1558,1558,0,False
202512106723668,XC,2025-12-10,DEC,WED,False,904,PLY,1027,1027,BHM,1355,1405,10,1403,1411,8,282,DAR,1659,1700,1,True
202512106723671,XC,2025-12-10,DEC,WED,False,904,PLY,1127,1127,BHM,1455,1454,-1,1503,1503,0,282,DAR,1759,1818,19,True
202512106723675,XC,2025-12-10,DEC,WED,False,904,PLY,1227,1226,BHM,1555,1553,-2,1603,1603,0,282,DAR,1900,1914,14,True
202512106723678,XC,2025-12-10,DEC,WED,False,,PNZ,1115,,BHM,1655,1655,0,1703,1703,0,365,DAR,2004,2009,5,True
202512106723680,XC,2025-12-10,DEC,WED,False,,PLY,1427,1427,BHM,1755,1753,-2,1803,1803,0,282,DAR,2059,2112,13,True
202512106723190,XC,2025-12-10,DEC,WED,False,,PLY,1527,,BHM,1854,1902,8,1903,1908,5,282,DAR,2214,2213,-1,False
202512116723644,XC,2025-12-11,DEC,THU,False,,BHM,0603,0603,BHM,,,,0603,0603,0,0,DAR,0858,0901,3,True
202512116723647,XC,2025-12-11,DEC,THU,False,,BHM,0703,0704,BHM,,,,0703,0704,1,0,DAR,0958,1010,12,True
202512116723650,XC,2025-12-11,DEC,THU,False,,BRI,0632,0632,BHM,0755,0802,7,0803,0806,3,124,DAR,1058,1101,3,True
202512116723652,XC,2025-12-11,DEC,THU,False,904,PLY,0525,0525,BHM,0855,0909,14,0903,0913,10,282,DAR,1158,1202,4,True
202512116723655,XC,2025-12-11,DEC,THU,False,904,PLY,0620,0620,BHM,0954,1001,7,1003,1005,2,282,DAR,1259,1317,18,True
202512116723658,XC,2025-12-11,DEC,THU,False,904,PLY,0727,0727,BHM,1055,1119,24,1103,1126,23,282,DAR,1402,1414,12,True
202512116723661,XC,2025-12-11,DEC,THU,False,536,PLY,0827,0826,BHM,1155,1159,4,1203,1208,5,282,DAR,1459,1523,24,True
202512116723665,XC,2025-12-11,DEC,THU,False,,PLY,0927,0927,BHM,1255,1253,-2,1303,1303,0,282,DAR,1558,1559,1,True
202512116723668,XC,2025-12-11,DEC,THU,True,526,PLY,1027,,BHM,1355,,,1403,,,282,DAR,1659,,,
202512116723671,XC,2025-12-11,DEC,THU,False,904,PLY,1127,1126,BHM,1455,1455,0,1503,1503,0,282,DAR,1759,1811,12,True
202512116723675,XC,2025-12-11,DEC,THU,False,887,PLY,1227,1226,BHM,1555,1556,1,1603,1605,2,282,DAR,1900,1913,13,True
202512116723678,XC,2025-12-11,DEC,THU,False,,PNZ,1115,,BHM,1655,1656,1,1703,1703,0,365,DAR,2004,2004,0,False
202512116723680,XC,2025-12-11,DEC,THU,False,904,PLY,1427,1426,BHM,1755,1753,-2,1803,1807,4,282,DAR,2059,2112,13,True
202512116723190,XC,2025-12-11,DEC,THU,False,,PLY,1527,1527,BHM,1854,1856,2,1903,1903,0,282,DAR,2214,2212,-2,False
202512126723644,XC,2025-12-12,DEC,FRI,False,,BHM,0603,0603,BHM,,,,0603,0603,0,0,DAR,0858,0901,3,True
202512126723647,XC,2025-12-12,DEC,FRI,False,,BHM,0703,0703,BHM,,,,0703,0703,0,0,DAR,0958,0959,1,True
202512126723650,XC,2025-12-12,DEC,FRI,False,,BRI,0632,0632,BHM,0755,0756,1,0803,0803,0,124,DAR,1058,1100,2,True
202512126723652,XC,2025-12-12,DEC,FRI,False,,PLY,0525,0525,BHM,0855,0854,-1,0903,0903,0,282,DAR,1158,1201,3,True
202512126723655,XC,2025-12-12,DEC,FRI,False,,PLY,0620,0620,BHM,0954,0953,-1,1003,1003,0,282,DAR,1259,1312,13,True
202512126723658,XC,2025-12-12,DEC,FRI,False,904,PLY,0727,0727,BHM,1055,1106,11,1103,1111,8,282,DAR,1402,1405,3,True
202512126723661,XC,2025-12-12,DEC,FRI,False,,PLY,0827,,BHM,1155,1156,1,1203,1203,0,282,DAR,1459,1505,6,True
202512126723666,XC,2025-12-12,DEC,FRI,False,904,PLY,0927,0929,BHM,1255,1258,3,1303,1306,3,282,DAR,1558,1601,3,True
202512126723671,XC,2025-12-12,DEC,FRI,False,,PLY,1127,1126,BHM,1455,1456,1,1503,1508,5,282,DAR,1759,1804,5,True
202512126723675,XC,2025-12-12,DEC,FRI,False,904,PLY,1227,1226,BHM,1555,1555,0,1603,1603,0,282,DAR,1900,1921,21,True
202512126723678,XC,2025-12-12,DEC,FRI,False,911,PNZ,1115,,BHM,1655,1706,11,1703,1715,12,365,DAR,2004,2007,3,True
202512126723680,XC,2025-12-12,DEC,FRI,False,904,PLY,1427,1427,BHM,1755,1811,16,1803,1816,13,282,DAR,2059,2121,22,True
202512126723190,XC,2025-12-12,DEC,FRI,True,526,PLY,1527,,BHM,1854,,,1903,,,282,DAR,2214,,,
202512136723648,XC,2025-12-13,DEC,SAT,False,,BHM,0631,0631,BHM,,,,0631,0631,0,0,DAR,0958,1000,2,True
202512137542558,XC,2025-12-13,DEC,SAT,False,,BHM,0730,0730,BHM,,,,0730,0730,0,0,DAR,1058,1111,13,True
202512136723649,XC,2025-12-13,DEC,SAT,False,,BRI,0615,0615,BHM,0755,0752,-3,0803,0803,0,124,DAR,1159,1204,5,True
202512136723653,XC,2025-12-13,DEC,SAT,False,,PLY,0527,0527,BHM,0855,0855,0,0903,0903,0,282,DAR,1259,1259,0,False
202512136723656,XC,2025-12-13,DEC,SAT,False,,PLY,0627,0631,BHM,0955,0959,4,1003,1003,0,282,DAR,1402,1408,6,True
202512136723659,XC,2025-12-13,DEC,SAT,False,895,PLY,0725,0724,BHM,1055,1100,5,1103,1104,1,282,DAR,1501,1514,13,True
202512136723662,XC,2025-12-13,DEC,SAT,False,,PLY,0827,0827,BHM,1155,1154,-1,1203,1203,0,282,DAR,1558,1559,1,True
202512136723667,XC,2025-12-13,DEC,SAT,False,871,PLY,0927,0926,BHM,1255,1258,3,1303,1303,0,282,DAR,1659,1702,3,True
202512136723669,XC,2025-12-13,DEC,SAT,False,895,PLY,1027,1027,BHM,1355,1411,16,1403,1417,14,282,DAR,1759,1804,5,True
202512136723673,XC,2025-12-13,DEC,SAT,False,,PLY,1127,1127,BHM,1455,1459,4,1503,1503,0,282,DAR,1900,1912,12,True
202512136723676,XC,2025-12-13,DEC,SAT,False,,PLY,1227,1227,BHM,1555,1605,10,1603,1609,6,282,DAR,2004,2009,5,True
202512136701404,XC,2025-12-13,DEC,SAT,False,,PNZ,1115,1115,BHM,1655,1652,-3,1703,1703,0,365,DAR,2057,2114,17,True
202512136723681,XC,2025-12-13,DEC,SAT,False,,PLY,1427,1428,BHM,1755,1755,0,1803,1805,2,282,DAR,2154,2200,6,True
202512146774840,XC,2025-12-14,DEC,SUN,False,,BHM,0848,0849,BHM,,,,0848,0849,1,0,DAR,1205,1221,16,True
202512146774841,XC,2025-12-14,DEC,SUN,False,,BHM,0948,0948,BHM,,,,0948,0948,0,0,DAR,1305,1309,4,True
202512146774922,XC,2025-12-14,DEC,SUN,True,526,BRI,0915,,BHM,1049,,,1103,,,124,DAR,1507,,,
202512146774923,XC,2025-12-14,DEC,SUN,False,685,BRI,1031,1031,BHM,1149,1150,1,1203,1207,4,124,DAR,1557,1601,4,True
202512146775333,XC,2025-12-14,DEC,SUN,False,,PLY,0927,0927,BHM,1249,1250,1,1303,1303,0,282,DAR,1705,1705,0,False
202512146775338,XC,2025-12-14,DEC,SUN,False,685,PLY,1027,1026,BHM,1349,1356,7,1403,1403,0,282,DAR,1805,1806,1,True
202512146775340,XC,2025-12-14,DEC,SUN,False,526,PLY,1127,,BHM,1449,1454,5,1503,1513,10,282,DAR,1900,1912,12,True
202512146775342,XC,2025-12-14,DEC,SUN,False,,PLY,1227,1227,BHM,1549,1552,3,1603,1605,2,282,DAR,2007,2010,3,True
202512146775313,XC,2025-12-14,DEC,SUN,False,904,PLY,1327,1326,BHM,1649,1656,7,1703,1703,0,282,DAR,2058,2058,0,False
202512146775347,XC,2025-12-14,DEC,SUN,False,,PLY,1427,1427,BHM,1749,1749,0,1803,1803,0,282,DAR,2207,2206,-1,False
202512156774836,XC,2025-12-15,DEC,MON,False,,BHM,0603,0603,BHM,,,,0603,0603,0,0,DAR,0906,0907,1,True
202512156774838,XC,2025-12-15,DEC,MON,False,,BHM,0703,0705,BHM,,,,0703,0705,2,0,DAR,1006,1004,-2,False
202512156774921,XC,2025-12-15,DEC,MON,False,,BRI,0635,0635,BHM,0755,0752,-3,0803,0803,0,124,DAR,1106,1105,-1,False
202512156775326,XC,2025-12-15,DEC,MON,False,,PLY,0525,0524,BHM,0855,0854,-1,0903,0903,0,282,DAR,1206,1205,-1,False
202512156775328,XC,2025-12-15,DEC,MON,False,904,PLY,0620,0620,BHM,0954,1016,22,1003,1021,18,282,DAR,1306,1325,19,True
202512156775330,XC,2025-12-15,DEC,MON,False,,PLY,0727,,BHM,1055,1052,-3,1103,1103,0,282,DAR,1407,1413,6,True
202512156775008,XC,2025-12-15,DEC,MON,False,,CDF,0945,0945,BHM,1149,1149,0,1203,1203,0,143,DAR,1506,1506,0,False
202512156775334,XC,2025-12-15,DEC,MON,False,,PLY,0927,0927,BHM,1255,1255,0,1303,1303,0,282,DAR,1607,1610,3,True
202512156775336,XC,2025-12-15,DEC,MON,False,,PLY,1027,1027,BHM,1355,1356,1,1403,1409,6,282,DAR,1706,1706,0,False
202512156775339,XC,2025-12-15,DEC,MON,False,,PLY,1127,1126,BHM,1455,1456,1,1503,1503,0,282,DAR,1806,1810,4,True
202512156775343,XC,2025-12-15,DEC,MON,False,,PLY,1227,1227,BHM,1555,1557,2,1603,1603,0,282,DAR,1908,1915,7,True
202512156775312,XC,2025-12-15,DEC,MON,False,904,PNZ,1115,1115,BHM,1655,1700,5,1703,1708,5,365,DAR,2010,2009,-1,False
202512156775345,XC,2025-12-15,DEC,MON,False,,PLY,1427,,BHM,,,,1803,1803,0,282,DAR,2058,2056,-2,False
202512156775315,XC,2025-12-15,DEC,MON,False,904,PLY,1527,1526,BHM,1854,1855,1,1903,1906,3,282,DAR,2212,2213,1,True
202512166774836,XC,2025-12-16,DEC,TUE,False,,BHM,0603,0603,BHM,,,,0603,0603,0,0,DAR,0906,0910,4,True
202512166774838,XC,2025-12-16,DEC,TUE,False,,BHM,0703,0703,BHM,,,,0703,0703,0,0,DAR,1006,1004,-2,False
202512166774921,XC,2025-12-16,DEC,TUE,False,,BRI,0635,0635,BHM,0755,0751,-4,0803,0803,0,124,DAR,1106,1104,-2,False
202512166775326,XC,2025-12-16,DEC,TUE,False,,PLY,0525,0524,BHM,0855,0853,-2,0903,0902,-1,282,DAR,1206,1208,2,True
202512166775328,XC,2025-12-16,DEC,TUE,False,,PLY,0620,0620,BHM,0954,0958,4,1003,1003,0,282,DAR,1306,1305,-1,False
202512166775330,XC,2025-12-16,DEC,TUE,False,904,PLY,0727,0727,BHM,1055,1106,11,1103,1109,6,282,DAR,1407,1407,0,False
202512166775008,XC,2025-12-16,DEC,TUE,False,576,CDF,0945,0945,BHM,1149,1152,3,1203,1203,0,143,DAR,1506,1514,8,True
202512166775334,XC,2025-12-16,DEC,TUE,False,576,PLY,0927,0927,BHM,1255,1255,0,1303,1303,0,282,DAR,1607,1706,59,True
202512166775336,XC,2025-12-16,DEC,TUE,False,650,PLY,1027,1027,BHM,1355,1357,2,1403,1403,0,282,DAR,1706,1735,29,True
202512166775339,XC,2025-12-16,DEC,TUE,False,904,PLY,1127,,BHM,,,,1503,1503,0,282,DAR,1806,1835,29,True
202512166775343,XC,2025-12-16,DEC,TUE,False,650,PLY,1227,1228,BHM,1555,1556,1,1603,1603,0,282,DAR,1908,1921,13,True
202512166775312,XC,2025-12-16,DEC,TUE,False,904,PNZ,1115,1115,BHM,1655,1706,11,1703,1709,6,365,DAR,2010,2008,-2,False
202512166775345,XC,2025-12-16,DEC,TUE,False,904,PLY,1427,,BHM,1755,1752,-3,1803,1803,0,282,DAR,2058,2109,11,True
202512166775315,XC,2025-12-16,DEC,TUE,False,904,PLY,1527,1527,BHM,1854,1857,3,1903,1904,1,282,DAR,2212,2213,1,True
202512176774836,XC,2025-12-17,DEC,WED,False,,BHM,0603,0603,BHM,,,,0603,0603,0,0,DAR,0906,0905,-1,False
202512176774838,XC,2025-12-17,DEC,WED,False,,BHM,0703,0703,BHM,,,,0703,0703,0,0,DAR,1006,1002,-4,False
202512176774921,XC,2025-12-17,DEC,WED,False,,BRI,0635,0635,BHM,0755,0751,-4,0803,0804,1,124,DAR,1106,1111,5,True
202512176775326,XC,2025-12-17,DEC,WED,False,,PLY,0525,0524,BHM,0855,0854,-1,0903,0902,-1,282,DAR,1206,1202,-4,False
202512176775328,XC,2025-12-17,DEC,WED,False,,PLY,0620,0620,BHM,0954,0954,0,1003,1005,2,282,DAR,1306,1312,6,True
202512176775330,XC,2025-12-17,DEC,WED,False,,PLY,0727,0728,BHM,1055,1055,0,1103,1102,-1,282,DAR,1407,1403,-4,False
202512176775008,XC,2025-12-17,DEC,WED,False,894,CDF,0945,0946,BHM,1149,1150,1,1203,1204,1,143,DAR,1506,1512,6,True
202512176775334,XC,2025-12-17,DEC,WED,False,,PLY,0927,0927,BHM,1255,1252,-3,1303,1304,1,282,DAR,1607,1605,-2,False
202512176775336,XC,2025-12-17,DEC,WED,False,,PLY,1027,1026,BHM,1355,1354,-1,1403,1402,-1,282,DAR,1706,1708,2,True
202512176775339,XC,2025-12-17,DEC,WED,False,,PLY,1127,1127,BHM,1455,1455,0,1503,1503,0,282,DAR,1806,1804,-2,False
202512176775343,XC,2025-12-17,DEC,WED,False,,PLY,1227,1227,BHM,1555,1558,3,1603,1603,0,282,DAR,1908,1911,3,True
202512176775312,XC,2025-12-17,DEC,WED,False,685,PNZ,1115,1115,BHM,1655,1653,-2,1703,1703,0,365,DAR,2010,2003,-7,False
202512176775345,XC,2025-12-17,DEC,WED,False,904,PLY,1427,1427,BHM,1755,1753,-2,1803,1803,0,282,DAR,2058,2113,15,True
202512176775315,XC,2025-12-17,DEC,WED,False,,PLY,1527,1526,BHM,1854,1855,1,1903,1903,0,282,DAR,2212,2214,2,True
202512186774836,XC,2025-12-18,DEC,THU,False,,BHM,0603,0603,BHM,,,,0603,0603,0,0,DAR,0906,0902,-4,False
202512186774838,XC,2025-12-18,DEC,THU,False,,BHM,0703,0703,BHM,,,,0703,0703,0,0,DAR,1006,1006,0,False
202512186774921,XC,2025-12-18,DEC,THU,False,,BRI,0635,0635,BHM,0755,0756,1,0803,0803,0,124,DAR,1106,1114,8,True
202512186775326,XC,2025-12-18,DEC,THU,False,871,PLY,0525,0525,BHM,0855,0910,15,0903,0915,12,282,DAR,1206,1224,18,True
202512186775328,XC,2025-12-18,DEC,THU,False,,PLY,0620,0620,BHM,0954,0953,-1,1003,1006,3,282,DAR,1306,1306,0,False
202512186775330,XC,2025-12-18,DEC,THU,False,904,PLY,0727,0727,BHM,1055,1054,-1,1103,1103,0,282,DAR,1407,1412,5,True
202512186775008,XC,2025-12-18,DEC,THU,False,,CDF,0945,0945,BHM,1149,1154,5,1203,1208,5,143,DAR,1506,1506,0,False
202512186775334,XC,2025-12-18,DEC,THU,False,,PLY,0927,0927,BHM,1255,1255,0,1303,1303,0,282,DAR,1607,1606,-1,False
202512186775336,XC,2025-12-18,DEC,THU,False,,PLY,1027,1027,BHM,1355,1358,3,1403,1403,0,282,DAR,1706,1704,-2,False
202512186775339,XC,2025-12-18,DEC,THU,False,,PLY,1127,1127,BHM,1455,1457,2,1503,1503,0,282,DAR,1806,1803,-3,False
202512186775343,XC,2025-12-18,DEC,THU,False,,PLY,1227,1227,BHM,1555,1602,7,1603,1607,4,282,DAR,1908,1905,-3,False
202512186775312,XC,2025-12-18,DEC,THU,False,783,PNZ,1115,1115,BHM,1655,1800,65,1703,1807,64,365,DAR,2010,2040,30,True
202512187958142,XC,2025-12-18,DEC,THU,False,,BHM,1803,1814,BHM,,,,1803,1814,11,0,DAR,2058,2121,23,True
202512186775315,XC,2025-12-18,DEC,THU,False,783,PLY,1527,1554,BHM,1854,1935,41,1903,1939,36,282,DAR,2212,2238,26,True
202512196774836,XC,2025-12-19,DEC,FRI,True,526,BHM,0603,,BHM,,,,0603,,,0,DAR,0906,,,
202512196774838,XC,2025-12-19,DEC,FRI,False,,BHM,0703,0703,BHM,,,,0703,0703,0,0,DAR,1006,1008,2,True
202512196774921,XC,2025-12-19,DEC,FRI,False,,BRI,0635,0635,BHM,0755,0753,-2,0803,0803,0,124,DAR,1106,1106,0,False
202512196775326,XC,2025-12-19,DEC,FRI,False,,PLY,0525,0524,BHM,0855,0852,-3,0903,0903,0,282,DAR,1206,1205,-1,False
202512196775328,XC,2025-12-19,DEC,FRI,False,,PLY,0620,0621,BHM,0954,0955,1,1003,1003,0,282,DAR,1306,1306,0,False
202512196775330,XC,2025-12-19,DEC,FRI,False,,PLY,0727,0727,BHM,1055,1051,-4,1103,1103,0,282,DAR,1407,1405,-2,False
202512196775008,XC,2025-12-19,DEC,FRI,False,825,CDF,0945,0945,BHM,1149,1148,-1,1203,1203,0,143,DAR,1506,1530,24,True
202512196775334,XC,2025-12-19,DEC,FRI,False,904,PLY,0927,0927,BHM,1255,1254,-1,1303,1303,0,282,DAR,1607,1623,16,True
202512196775336,XC,2025-12-19,DEC,FRI,False,895,PLY,1027,1029,BHM,1355,1412,17,1403,1433,30,282,DAR,1706,1716,10,True
202512196775339,XC,2025-12-19,DEC,FRI,False,,PLY,1127,,BHM,1455,,,1503,1504,1,282,DAR,1806,1805,-1,False
202512196775343,XC,2025-12-19,DEC,FRI,False,,PLY,1227,1227,BHM,1555,1611,16,1603,1619,16,282,DAR,1908,1928,20,True
202512196775312,XC,2025-12-19,DEC,FRI,False,526,PNZ,1115,,BHM,1655,1705,10,1703,1711,8,365,DAR,2010,2019,9,True
202512196775345,XC,2025-12-19,DEC,FRI,False,,PLY,1427,,BHM,,,,1803,1806,3,282,DAR,2058,2103,5,True
202512196775315,XC,2025-12-19,DEC,FRI,False,,PLY,1527,1527,BHM,1854,1858,4,1903,1906,3,282,DAR,2212,2213,1,True
202512206774837,XC,2025-12-20,DEC,SAT,False,,BHM,0603,0603,BHM,,,,0603,0603,0,0,DAR,0906,0913,7,True
202512206774839,XC,2025-12-20,DEC,SAT,False,,BHM,0703,0703,BHM,,,,0703,0703,0,0,DAR,1008,1008,0,False
202512206774920,XC,2025-12-20,DEC,SAT,False,,BRI,0615,0615,BHM,0755,0755,0,0803,0803,0,124,DAR,1106,1104,-2,False
202512206775327,XC,2025-12-20,DEC,SAT,False,,PLY,0527,0528,BHM,0855,0855,0,0903,0903,0,282,DAR,1206,1205,-1,False
202512206775329,XC,2025-12-20,DEC,SAT,True,526,PLY,0627,,BHM,0955,,,1003,,,282,DAR,1306,,,
202512206775331,XC,2025-12-20,DEC,SAT,False,,PLY,0725,0725,BHM,1055,1056,1,1103,1105,2,282,DAR,1406,1405,-1,False
202512206775332,XC,2025-12-20,DEC,SAT,False,,PLY,0827,0829,BHM,1155,1156,1,1203,1203,0,282,DAR,1506,1502,-4,False
202512206775335,XC,2025-12-20,DEC,SAT,False,895,PLY,0927,0927,BHM,1255,1300,5,1303,1316,13,282,DAR,1606,1625,19,True
202512206775337,XC,2025-12-20,DEC,SAT,True,526,PLY,1027,,BHM,1355,,,1403,,,282,DAR,1706,,,
202512206775341,XC,2025-12-20,DEC,SAT,False,685,PLY,1127,1127,BHM,1455,1525,30,1503,1531,28,282,DAR,1806,1842,36,True
202512206775344,XC,2025-12-20,DEC,SAT,False,,PLY,1227,1229,BHM,1555,1554,-1,1603,1603,0,282,DAR,1908,1910,2,True
202512206775311,XC,2025-12-20,DEC,SAT,False,904,PNZ,1115,,BHM,1655,1655,0,1703,1703,0,365,DAR,2008,2010,2,True
202512206775346,XC,2025-12-20,DEC,SAT,False,904,PLY,1427,,BHM,1755,1752,-3,1803,1804,1,282,DAR,2057,2125,28,True
202512206775374,XC,2025-12-20,DEC,SAT,False,526,RDG,1745,,BHM,,,,1927,1940,13,130,DAR,2155,2157,2,True
202512216774840,XC,2025-12-21,DEC,SUN,False,,BHM,0903,0903,BHM,,,,0903,0903,0,0,DAR,1205,1214,9,True
202512216774841,XC,2025-12-21,DEC,SUN,False,,BHM,1003,1003,BHM,,,,1003,1003,0,0,DAR,1305,1306,1,True
202512216774922,XC,2025-12-21,DEC,SUN,True,526,BRI,0915,,BHM,1049,,,1103,,,124,DAR,1406,,,
202512216774923,XC,2025-12-21,DEC,SUN,False,,BRI,1031,1031,BHM,1149,1149,0,1203,1204,1,124,DAR,1507,1502,-5,False
202512216775333,XC,2025-12-21,DEC,SUN,False,535,PLY,0927,,BHM,1249,1249,0,1303,1303,0,282,DAR,1557,1622,25,True
202512216775338,XC,2025-12-21,DEC,SUN,True,526,PLY,1027,,BHM,1349,,,1403,,,282,DAR,1705,,,
202512216775340,XC,2025-12-21,DEC,SUN,False,,PLY,1127,1128,BHM,1449,1453,4,1503,1503,0,282,DAR,1805,1804,-1,False
202512216775342,XC,2025-12-21,DEC,SUN,False,904,PLY,1227,,BHM,1549,1549,0,1603,1605,2,282,DAR,1901,1913,12,True
202512216775313,XC,2025-12-21,DEC,SUN,False,,PLY,1327,,BHM,1649,1648,-1,1703,1703,0,282,DAR,2007,2008,1,True
202512216775347,XC,2025-12-21,DEC,SUN,False,,PLY,1427,1426,BHM,1749,1755,6,1803,1803,0,282,DAR,2058,2058,0,False
202512216773526,XC,2025-12-21,DEC,SUN,False,,RDG,1742,,BHM,1918,1919,1,1928,1933,5,130,DAR,2207,2206,-1,False
202512226774836,XC,2025-12-22,DEC,MON,False,,BHM,0603,0602,BHM,,,,0603,0602,-1,0,DAR,0906,0906,0,False
202512226774838,XC,2025-12-22,DEC,MON,False,904,BHM,0703,0703,BHM,,,,0703,0703,0,0,DAR,1006,1017,11,True
202512226774921,XC,2025-12-22,DEC,MON,False,904,BRI,0635,0634,BHM,0755,0750,-5,0803,0803,0,124,DAR,1106,1131,25,True
202512226775326,XC,2025-12-22,DEC,MON,False,904,PLY,0525,0525,BHM,0855,0853,-2,0903,0902,-1,282,DAR,1206,1210,4,True
202512226775328,XC,2025-12-22,DEC,MON,False,904,PLY,0620,0620,BHM,0954,0956,2,1003,1003,0,282,DAR,1306,1310,4,True
202512226775330,XC,2025-12-22,DEC,MON,False,904,PLY,0727,0727,BHM,1055,1059,4,1103,1103,0,282,DAR,1407,1405,-2,False
202512226775008,XC,2025-12-22,DEC,MON,False,910,CDF,0945,0946,BHM,1149,1153,4,1203,1217,14,143,DAR,1506,1511,5,True
202512226775334,XC,2025-12-22,DEC,MON,False,,PLY,0927,0927,BHM,1255,1258,3,1303,1304,1,282,DAR,1607,1606,-1,False
202512226775336,XC,2025-12-22,DEC,MON,False,886,PLY,1027,1045,BHM,1355,1437,42,1403,1444,41,282,DAR,1706,1732,26,True
202512226775339,XC,2025-12-22,DEC,MON,False,576,PLY,1127,1128,BHM,1455,1507,12,1503,1512,9,282,DAR,1806,1806,0,False
202512226775343,XC,2025-12-22,DEC,MON,False,,PLY,1227,1227,BHM,1555,1558,3,1603,1604,1,282,DAR,1908,1902,-6,False
202512226775312,XC,2025-12-22,DEC,MON,False,832,PNZ,1115,1115,BHM,1655,1723,28,1703,1728,25,365,DAR,2010,2020,10,True
202512226775345,XC,2025-12-22,DEC,MON,False,,PLY,1427,1426,BHM,1755,1755,0,1803,1805,2,282,DAR,2058,2057,-1,False
202512226775315,XC,2025-12-22,DEC,MON,False,886,PLY,1527,1539,BHM,1854,1916,22,1903,1921,18,282,DAR,2212,2211,-1,False
202512236774836,XC,2025-12-23,DEC,TUE,False,832,BHM,0603,0603,BHM,,,,0603,0603,0,0,DAR,0906,1011,65,True
202512236774838,XC,2025-12-23,DEC,TUE,False,832,BHM,0703,0704,BHM,,,,0703,0704,1,0,DAR,1006,1019,13,True
202512236774921,XC,2025-12-23,DEC,TUE,False,,BRI,0635,0637,BHM,0755,0750,-5,0803,0803,0,124,DAR,1106,1110,4,True
202512236775326,XC,2025-12-23,DEC,TUE,True,832,PLY,0525,,BHM,0855,,,0903,,,282,DAR,1206,,,
202512236775328,XC,2025-12-23,DEC,TUE,True,886,PLY,0620,,BHM,0954,,,1003,,,282,DAR,1306,,,
202512236775330,XC,2025-12-23,DEC,TUE,False,,PLY,0727,0728,BHM,1055,1056,1,1103,1103,0,282,DAR,1407,1617,130,True
202512236775008,XC,2025-12-23,DEC,TUE,False,832,CDF,0945,0945,BHM,1149,1148,-1,1203,1215,12,143,DAR,1506,1704,118,True
202512236775334,XC,2025-12-23,DEC,TUE,False,832,PLY,0927,0927,BHM,1255,1317,22,1303,1330,27,282,DAR,1607,1726,79,True
202512236775336,XC,2025-12-23,DEC,TUE,False,734,PLY,1027,1029,BHM,1355,1421,26,1403,1428,25,282,DAR,1706,1734,28,True
202512236775339,XC,2025-12-23,DEC,TUE,False,526,PLY,1127,,BHM,,,,1503,1517,14,282,DAR,1806,1838,32,True
202512236775343,XC,2025-12-23,DEC,TUE,True,526,PLY,1227,,BHM,,,,1603,,,282,DAR,1908,,,
202512236775312,XC,2025-12-23,DEC,TUE,False,,PNZ,1115,1115,BHM,1655,1716,21,1703,1725,22,365,DAR,2010,2047,37,True
202512236775345,XC,2025-12-23,DEC,TUE,False,,PLY,1427,1427,BHM,1755,1810,15,1803,1816,13,282,DAR,2058,2137,39,True
202512236775315,XC,2025-12-23,DEC,TUE,False,887,PLY,1527,1526,BHM,1854,1854,0,1903,1957,54,282,DAR,2212,2242,30,True
202512246774836,XC,2025-12-24,DEC,WED,True,886,BHM,0603,,BHM,,,,0603,,,0,DAR,0906,,,
202512246774838,XC,2025-12-24,DEC,WED,False,895,BHM,0703,0708,BHM,,,,0703,0708,5,0,DAR,1006,1018,12,True
202512246774921,XC,2025-12-24,DEC,WED,False,,BRI,0635,0635,BHM,0755,0753,-2,0803,0803,0,124,DAR,1106,1104,-2,False
202512246775326,XC,2025-12-24,DEC,WED,False,,PLY,0525,0524,BHM,0855,0900,5,0903,0903,0,282,DAR,1206,1204,-2,False
202512246775328,XC,2025-12-24,DEC,WED,False,,PLY,0620,0620,BHM,0954,0953,-1,1003,1003,0,282,DAR,1306,1305,-1,False
202512246775330,XC,2025-12-24,DEC,WED,False,,PLY,0727,0727,BHM,1055,1052,-3,1103,1103,0,282,DAR,1407,1406,-1,False
202512246775008,XC,2025-12-24,DEC,WED,False,,CDF,0945,0945,BHM,1149,1149,0,1203,1203,0,143,DAR,1506,1506,0,False
202512246775334,XC,2025-12-24,DEC,WED,False,,PLY,0927,0927,BHM,1255,1253,-2,1303,1305,2,282,DAR,1607,1601,-6,False
202512246775336,XC,2025-12-24,DEC,WED,False,,PLY,1027,1026,BHM,1355,1356,1,1403,1403,0,282,DAR,1706,1705,-1,False
202512246775339,XC,2025-12-24,DEC,WED,False,,PLY,1127,1127,BHM,1455,1454,-1,1503,1504,1,282,DAR,1806,1804,-2,False
202512246775343,XC,2025-12-24,DEC,WED,False,,PLY,1227,1227,BHM,1555,1553,-2,1603,1603,0,282,DAR,1908,1901,-7,False
202512276774837,XC,2025-12-27,DEC,SAT,False,,BHM,0603,0603,BHM,,,,0603,0603,0,0,DAR,0906,0904,-2,False
202512276774839,XC,2025-12-27,DEC,SAT,False,,BHM,0703,0703,BHM,,,,0703,0703,0,0,DAR,1008,1013,5,True
202512276774920,XC,2025-12-27,DEC,SAT,False,896,BRI,0615,0616,BHM,0755,0810,15,0803,0814,11,124,DAR,1106,1116,10,True
202512276775327,XC,2025-12-27,DEC,SAT,False,812,PLY,0527,0550,BHM,0855,1010,75,0903,1017,74,282,DAR,1206,1250,44,True
202512276775329,XC,2025-12-27,DEC,SAT,False,812,PLY,0627,0627,BHM,0955,1013,18,1003,1020,17,282,DAR,1306,1311,5,True
202512276775331,XC,2025-12-27,DEC,SAT,False,696,PLY,0725,0725,BHM,1055,1135,40,1103,1144,41,282,DAR,1406,1419,13,True
202512276775332,XC,2025-12-27,DEC,SAT,False,728,PLY,0827,0827,BHM,1155,1236,41,1203,1248,45,282,DAR,1506,1511,5,True
202512276775335,XC,2025-12-27,DEC,SAT,False,574,PLY,0927,,BHM,,,,1303,1336,33,282,DAR,1606,1605,-1,False
202512276775337,XC,2025-12-27,DEC,SAT,False,685,PLY,1027,1028,BHM,1355,1520,85,1403,1526,83,282,DAR,1706,1821,75,True
202512276775341,XC,2025-12-27,DEC,SAT,False,526,PLY,1127,1134,BHM,1455,1555,60,1503,1559,56,282,DAR,1806,1852,46,True
202512276775344,XC,2025-12-27,DEC,SAT,False,871,PLY,1227,1227,BHM,1555,1623,28,1603,1626,23,282,DAR,1908,1915,7,True
202512276775311,XC,2025-12-27,DEC,SAT,False,904,PNZ,1115,1115,BHM,1655,1737,42,1703,1747,44,365,DAR,2008,2044,36,True
202512276775346,XC,2025-12-27,DEC,SAT,False,904,PLY,1427,1429,BHM,1755,1835,40,1803,1840,37,282,DAR,2057,2123,26,True
202512286774840,XC,2025-12-28,DEC,SUN,False,,BHM,0903,0903,BHM,,,,0903,0903,0,0,DAR,1205,1205,0,False
202512286774841,XC,2025-12-28,DEC,SUN,False,696,BHM,1003,1003,BHM,,,,1003,1003,0,0,DAR,1305,1318,13,True
202512286774922,XC,2025-12-28,DEC,SUN,False,,BRI,0915,0914,BHM,1049,1052,3,1103,1103,0,124,DAR,1406,1402,-4,False
202512286774923,XC,2025-12-28,DEC,SUN,False,,BRI,1031,1031,BHM,1149,1147,-2,1203,1206,3,124,DAR,1507,1506,-1,False
202512286775333,XC,2025-12-28,DEC,SUN,True,547,PLY,0927,,BHM,1249,,,1303,,,282,DAR,1557,,,
202512286775338,XC,2025-12-28,DEC,SUN,False,904,PLY,1027,1029,BHM,1349,1420,31,1403,1428,25,282,DAR,1705,1702,-3,False
202512286775340,XC,2025-12-28,DEC,SUN,False,895,PLY,1127,1127,BHM,1449,1509,20,1503,1518,15,282,DAR,1805,1806,1,True
202512286775342,XC,2025-12-28,DEC,SUN,False,,PLY,1227,1227,BHM,1549,1552,3,1603,1603,0,282,DAR,1901,1905,4,True
202512286775313,XC,2025-12-28,DEC,SUN,False,832,PLY,1327,1334,BHM,1649,1721,32,1703,1732,29,282,DAR,2007,2032,25,True
202512286775347,XC,2025-12-28,DEC,SUN,False,832,PLY,1427,1427,BHM,1749,1757,8,1803,1805,2,282,DAR,2058,2111,13,True
202512296774836,XC,2025-12-29,DEC,MON,True,526,BHM,0603,,BHM,,,,0603,,,0,DAR,0906,,,
202512296774838,XC,2025-12-29,DEC,MON,False,,BHM,0703,0703,BHM,,,,0703,0703,0,0,DAR,1006,1004,-2,False
202512296774921,XC,2025-12-29,DEC,MON,False,,BRI,0635,0637,BHM,0755,0753,-2,0803,0802,-1,124,DAR,1106,1107,1,True
202512296775326,XC,2025-12-29,DEC,MON,False,,PLY,0525,0524,BHM,0855,0853,-2,0903,0903,0,282,DAR,1206,1211,5,True
202512296775328,XC,2025-12-29,DEC,MON,False,,PLY,0620,0619,BHM,0954,0953,-1,1003,1003,0,282,DAR,1306,1306,0,False
202512296775330,XC,2025-12-29,DEC,MON,False,904,PLY,0727,0727,BHM,1055,1055,0,1103,1117,14,282,DAR,1407,1410,3,True
202512296775008,XC,2025-12-29,DEC,MON,False,651,CDF,0945,0952,BHM,1149,1152,3,1203,1213,10,143,DAR,1506,1508,2,True
202512296775334,XC,2025-12-29,DEC,MON,False,,PLY,0927,0927,BHM,1255,1257,2,1303,1303,0,282,DAR,1607,1605,-2,False
202512296775336,XC,2025-12-29,DEC,MON,False,904,PLY,1027,1027,BHM,1355,1405,10,1403,1414,11,282,DAR,1706,1706,0,False
202512296775339,XC,2025-12-29,DEC,MON,False,887,PLY,1127,1127,BHM,1455,1506,11,1503,1527,24,282,DAR,1806,1812,6,True
202512296775343,XC,2025-12-29,DEC,MON,False,648,PLY,1227,1239,BHM,1555,1625,30,1603,1631,28,282,DAR,1908,1903,-5,False
202512296775312,XC,2025-12-29,DEC,MON,False,648,PNZ,1115,,BHM,1655,1721,26,1703,1728,25,365,DAR,2010,2027,17,True
202512296775345,XC,2025-12-29,DEC,MON,False,,PLY,1427,1426,BHM,1755,1756,1,1803,1802,-1,282,DAR,2058,2059,1,True
202512296775315,XC,2025-12-29,DEC,MON,False,685,PLY,1527,1526,BHM,1854,1904,10,1903,1909,6,282,DAR,2212,2216,4,True
202512306774836,XC,2025-12-30,DEC,TUE,False,,BHM,0603,0603,BHM,,,,0603,0603,0,0,DAR,0906,0906,0,False
202512306774838,XC,2025-12-30,DEC,TUE,False,904,BHM,0703,0703,BHM,,,,0703,0703,0,0,DAR,1006,1006,0,False
202512306774921,XC,2025-12-30,DEC,TUE,False,,BRI,0635,0634,BHM,0755,0751,-4,0803,0803,0,124,DAR,1106,1105,-1,False
202512306775326,XC,2025-12-30,DEC,TUE,False,576,PLY,0525,0524,BHM,0855,0904,9,0903,0908,5,282,DAR,1206,1211,5,True
202512306775328,XC,2025-12-30,DEC,TUE,False,,PLY,0620,0620,BHM,0954,0953,-1,1003,1003,0,282,DAR,1306,1308,2,True
202512306775330,XC,2025-12-30,DEC,TUE,False,,PLY,0727,0727,BHM,1055,1055,0,1103,1103,0,282,DAR,1407,1406,-1,False
202512306775008,XC,2025-12-30,DEC,TUE,False,,CDF,0945,0945,BHM,1149,1149,0,1203,1203,0,143,DAR,1506,1511,5,True
202512306775334,XC,2025-12-30,DEC,TUE,False,,PLY,0927,0926,BHM,1255,1252,-3,1303,1302,-1,282,DAR,1607,1605,-2,False
202512306775336,XC,2025-12-30,DEC,TUE,False,904,PLY,1027,1031,BHM,1355,1424,29,1403,1428,25,282,DAR,1706,1706,0,False
202512306775339,XC,2025-12-30,DEC,TUE,False,,PLY,1127,1127,BHM,1455,1456,1,1503,1504,1,282,DAR,1806,1805,-1,False
202512306775343,XC,2025-12-30,DEC,TUE,False,,PLY,1227,1227,BHM,1555,1556,1,1603,1604,1,282,DAR,1908,1910,2,True
202512306775312,XC,2025-12-30,DEC,TUE,False,,PNZ,1115,1115,BHM,1655,1657,2,1703,1704,1,365,DAR,2010,2010,0,False
202512306775345,XC,2025-12-30,DEC,TUE,False,,PLY,1427,1427,BHM,1755,1758,3,1803,1802,-1,282,DAR,2058,2100,2,True
202512306775315,XC,2025-12-30,DEC,TUE,False,,PLY,1527,1526,BHM,1854,1858,4,1903,1904,1,282,DAR,2212,2214,2,True
202512316774836,XC,2025-12-31,DEC,WED,False,880,BHM,0603,0603,BHM,,,,0603,0603,0,0,DAR,0906,0909,3,True
202512316774838,XC,2025-12-31,DEC,WED,False,880,BHM,0703,0703,BHM,,,,0703,0703,0,0,DAR,1006,1018,12,True
202512316774921,XC,2025-12-31,DEC,WED,False,,BRI,0635,0634,BHM,0755,0756,1,0803,0803,0,124,DAR,1106,1107,1,True
202512316775326,XC,2025-12-31,DEC,WED,False,,PLY,0525,0525,BHM,0855,0855,0,0903,0903,0,282,DAR,1206,1203,-3,False
202512316775328,XC,2025-12-31,DEC,WED,False,,PLY,0620,0620,BHM,0954,0955,1,1003,1002,-1,282,DAR,1306,1304,-2,False
202512316775330,XC,2025-12-31,DEC,WED,False,576,PLY,0727,0727,BHM,1055,1106,11,1103,1110,7,282,DAR,1407,1428,21,True
202512316775008,XC,2025-12-31,DEC,WED,False,,CDF,0945,0945,BHM,1149,1149,0,1203,1203,0,143,DAR,1506,1516,10,True
202512316775334,XC,2025-12-31,DEC,WED,False,,PLY,0927,0928,BHM,1255,1252,-3,1303,1303,0,282,DAR,1607,1602,-5,False
202512316775336,XC,2025-12-31,DEC,WED,False,,PLY,1027,1027,BHM,1355,1353,-2,1403,1403,0,282,DAR,1706,1703,-3,False
202512316775339,XC,2025-12-31,DEC,WED,False,,PLY,1127,1127,BHM,1455,1458,3,1503,1502,-1,282,DAR,1806,1803,-3,False
202512316775343,XC,2025-12-31,DEC,WED,False,,PLY,1227,1227,BHM,1555,1555,0,1603,1604,1,282,DAR,1908,1904,-4,False
202601016774921,XC,2026-01-01,JAN,THU,False,,BHM,0803,0803,BHM,,,,0803,0803,0,0,DAR,1106,1104,-2,False
202601016775326,XC,2026-01-01,JAN,THU,False,832,BRI,0733,0732,BHM,0855,0905,10,0903,0909,6,124,DAR,1206,1204,-2,False
202601016775328,XC,2026-01-01,JAN,THU,False,832,BRI,0833,0832,BHM,0954,1045,51,1003,1049,46,124,DAR,1306,1317,11,True
202601016775330,XC,2026-01-01,JAN,THU,False,908,PLY,0727,0727,BHM,1055,1130,35,1103,1136,33,282,DAR,1407,1405,-2,False
202601016775008,XC,2026-01-01,JAN,THU,False,832,CDF,0945,0945,BHM,1149,1206,17,1203,1221,18,143,DAR,1506,1512,6,True
202601016775334,XC,2026-01-01,JAN,THU,False,,PLY,0927,,BHM,,,,1303,1302,-1,282,DAR,1607,1607,0,False
202601016775336,XC,2026-01-01,JAN,THU,False,,PLY,1027,1027,BHM,1355,1354,-1,1403,1403,0,282,DAR,1706,1715,9,True
202601016775339,XC,2026-01-01,JAN,THU,False,,PLY,1127,,BHM,,,,1503,1503,0,282,DAR,1806,1804,-2,False
202601016775343,XC,2026-01-01,JAN,THU,False,574,PLY,1227,1228,BHM,1555,1609,14,1603,1613,10,282,DAR,1908,1908,0,False
202601016775312,XC,2026-01-01,JAN,THU,False,526,PNZ,1115,,BHM,1655,1655,0,1703,1704,1,365,DAR,2010,2009,-1,False
202601016775345,XC,2026-01-01,JAN,THU,False,,PLY,1427,,BHM,,,,1803,1803,0,282,DAR,2058,2056,-2,False
202601016775315,XC,2026-01-01,JAN,THU,False,,PLY,1527,1527,BHM,1854,1852,-2,1903,1905,2,282,DAR,2212,2212,0,False
202601026774836,XC,2026-01-02,JAN,FRI,False,,BHM,0603,0603,BHM,,,,0603,0603,0,0,DAR,0906,0911,5,True
202601026774838,XC,2026-01-02,JAN,FRI,False,,BHM,0703,0703,BHM,,,,0703,0703,0,0,DAR,1006,1005,-1,False
202601026774921,XC,2026-01-02,JAN,FRI,False,,BRI,0635,0635,BHM,0755,0751,-4,0803,0803,0,124,DAR,1106,1102,-4,False
202601026775328,XC,2026-01-02,JAN,FRI,False,904,PLY,0620,0620,BHM,0954,1006,12,1003,1013,10,282,DAR,1306,1302,-4,False
202601026775330,XC,2026-01-02,JAN,FRI,False,,PLY,0727,0727,BHM,1055,1055,0,1103,1106,3,282,DAR,1407,1406,-1,False
202601026775008,XC,2026-01-02,JAN,FRI,False,911,CDF,0945,0945,BHM,1149,1150,1,1203,1228,25,143,DAR,1506,1502,-4,False
202601026775334,XC,2026-01-02,JAN,FRI,False,,PLY,0927,0926,BHM,1255,1254,-1,1303,1304,1,282,DAR,1607,1606,-1,False
202601026775336,XC,2026-01-02,JAN,FRI,False,904,PLY,1027,1026,BHM,1355,1416,21,1403,1421,18,282,DAR,1706,1710,4,True
202601026775339,XC,2026-01-02,JAN,FRI,False,576,PLY,1127,1127,BHM,1455,1455,0,1503,1503,0,282,DAR,1806,1806,0,False
202601026775343,XC,2026-01-02,JAN,FRI,False,904,PLY,1227,1226,BHM,1555,1600,5,1603,1607,4,282,DAR,1908,1908,0,False
202601026775312,XC,2026-01-02,JAN,FRI,False,520,PNZ,1115,1115,BHM,1655,1656,1,1703,1703,0,365,DAR,2010,2008,-2,False
202601026775345,XC,2026-01-02,JAN,FRI,False,904,PLY,1427,1427,BHM,1755,1802,7,1803,1810,7,282,DAR,2058,2056,-2,False
202601026775315,XC,2026-01-02,JAN,FRI,False,,PLY,1527,1527,BHM,1854,1855,1,1903,1904,1,282,DAR,2212,2211,-1,False
202601036774837,XC,2026-01-03,JAN,SAT,False,,BHM,0603,0603,BHM,,,,0603,0603,0,0,DAR,0906,0906,0,False
202601036774839,XC,2026-01-03,JAN,SAT,False,,BHM,0703,0704,BHM,,,,0703,0704,1,0,DAR,1008,1013,5,True
202601036774920,XC,2026-01-03,JAN,SAT,False,,BRI,0615,0617,BHM,0755,0751,-4,0803,0803,0,124,DAR,1106,1107,1,True
202601036775327,XC,2026-01-03,JAN,SAT,False,,PLY,0527,0527,BHM,0855,0854,-1,0903,0903,0,282,DAR,1206,1205,-1,False
202601036775329,XC,2026-01-03,JAN,SAT,False,,PLY,0627,0627,BHM,0955,0955,0,1003,1003,0,282,DAR,1306,1305,-1,False
202601036775331,XC,2026-01-03,JAN,SAT,False,,PLY,0725,0724,BHM,1055,1052,-3,1103,1103,0,282,DAR,1406,1407,1,True
202601036775332,XC,2026-01-03,JAN,SAT,False,832,PLY,0827,0827,BHM,1155,1154,-1,1203,1203,0,282,DAR,1506,1503,-3,False
202601036775335,XC,2026-01-03,JAN,SAT,False,832,PLY,0927,0926,BHM,1255,1255,0,1303,1303,0,282,DAR,1606,1605,-1,False
202601036775337,XC,2026-01-03,JAN,SAT,False,832,PLY,1027,1027,BHM,1355,1358,3,1403,1403,0,282,DAR,1706,1702,-4,False
202601036775341,XC,2026-01-03,JAN,SAT,False,543,PLY,1127,1127,BHM,1455,1454,-1,1503,1502,-1,282,DAR,1806,1807,1,True
202601036775344,XC,2026-01-03,JAN,SAT,False,543,PLY,1227,1227,BHM,1555,1554,-1,1603,1602,-1,282,DAR,1908,1907,-1,False
202601036775311,XC,2026-01-03,JAN,SAT,False,502,PNZ,1115,1115,BHM,1655,1716,21,1703,1722,19,365,DAR,2008,2003,-5,False
202601036775346,XC,2026-01-03,JAN,SAT,False,832,PLY,1427,1427,BHM,1755,1810,15,1803,1814,11,282,DAR,2057,2059,2,True
202601046774840,XC,2026-01-04,JAN,SUN,False,832,BHM,0903,0906,BHM,,,,0903,0906,3,0,DAR,1205,1209,4,True
202601046774841,XC,2026-01-04,JAN,SUN,False,832,BHM,1003,1003,BHM,,,,1003,1003,0,0,DAR,1305,1302,-3,False
202601046774922,XC,2026-01-04,JAN,SUN,False,526,BRI,0915,,BHM,,,,1103,1112,9,124,DAR,1406,1406,0,False
202601046774923,XC,2026-01-04,JAN,SUN,False,832,BRI,1031,1031,BHM,1149,1150,1,1203,1204,1,124,DAR,1507,1505,-2,False
202601046775333,XC,2026-01-04,JAN,SUN,False,526,PLY,0927,,BHM,1249,1247,-2,1303,1303,0,282,DAR,1557,1556,-1,False
202601046775338,XC,2026-01-04,JAN,SUN,False,575,PLY,1027,1102,BHM,1349,1439,50,1403,1447,44,282,DAR,1705,1740,35,True
202601046775340,XC,2026-01-04,JAN,SUN,False,,PLY,1127,1127,BHM,1449,1451,2,1503,1503,0,282,DAR,1805,1809,4,True
202601046775342,XC,2026-01-04,JAN,SUN,False,832,PLY,1227,,BHM,1549,1549,0,1603,1603,0,282,DAR,1901,1900,-1,False
202601046775313,XC,2026-01-04,JAN,SUN,False,832,PLY,1327,1326,BHM,1649,1647,-2,1703,1704,1,282,DAR,2007,2010,3,True
202601046775347,XC,2026-01-04,JAN,SUN,False,886,PLY,1427,1427,BHM,1749,1750,1,1803,1805,2,282,DAR,2058,2058,0,False
202601056774836,XC,2026-01-05,JAN,MON,False,886,BHM,0603,0602,BHM,,,,0603,0602,-1,0,DAR,0906,0922,16,True
202601056774838,XC,2026-01-05,JAN,MON,False,,BHM,0703,0703,BHM,,,,0703,0703,0,0,DAR,1006,1002,-4,False
202601056774921,XC,2026-01-05,JAN,MON,False,892,BRI,0635,0635,BHM,0755,0807,12,0803,0812,9,124,DAR,1106,1117,11,True
202601056775326,XC,2026-01-05,JAN,MON,False,,PLY,0525,0525,BHM,0855,0902,7,0903,0906,3,282,DAR,1206,1204,-2,False
202601056775328,XC,2026-01-05,JAN,MON,False,895,PLY,0620,0620,BHM,0954,1009,15,1003,1014,11,282,DAR,1306,1318,12,True
202601056775330,XC,2026-01-05,JAN,MON,False,904,PLY,0727,0726,BHM,1055,1054,-1,1103,1103,0,282,DAR,1407,1415,8,True
202601056775008,XC,2026-01-05,JAN,MON,False,904,CDF,0945,0944,BHM,1149,1153,4,1203,1203,0,143,DAR,1506,1517,11,True
202601056775334,XC,2026-01-05,JAN,MON,False,,PLY,0927,0927,BHM,1255,1255,0,1303,1303,0,282,DAR,1607,1609,2,True
202601056775336,XC,2026-01-05,JAN,MON,False,,PLY,1027,1026,BHM,1355,1357,2,1403,1403,0,282,DAR,1706,1703,-3,False
202601056775339,XC,2026-01-05,JAN,MON,False,904,PLY,1127,1127,BHM,1455,1456,1,1503,1503,0,282,DAR,1806,1811,5,True
202601056775343,XC,2026-01-05,JAN,MON,False,,PLY,1227,1227,BHM,1555,1555,0,1603,1603,0,282,DAR,1908,1903,-5,False
202601056775312,XC,2026-01-05,JAN,MON,False,904,PNZ,1115,1115,BHM,1655,1700,5,1703,1706,3,365,DAR,2010,2005,-5,False
202601056775345,XC,2026-01-05,JAN,MON,False,,PLY,1427,1426,BHM,1755,1755,0,1803,1802,-1,282,DAR,2058,2058,0,False
202601056775315,XC,2026-01-05,JAN,MON,False,,PLY,1527,1526,BHM,1854,1856,2,1903,1903,0,282,DAR,2212,2211,-1,False
202601066774836,XC,2026-01-06,JAN,TUE,False,,BHM,0603,0602,BHM,,,,0603,0602,-1,0,DAR,0906,0903,-3,False
202601066774838,XC,2026-01-06,JAN,TUE,False,,BHM,0703,0703,BHM,,,,0703,0703,0,0,DAR,1006,1003,-3,False
202601066774921,XC,2026-01-06,JAN,TUE,False,,BRI,0635,0638,BHM,0755,0756,1,0803,0803,0,124,DAR,1106,1102,-4,False
202601066775326,XC,2026-01-06,JAN,TUE,True,574,PLY,0525,,BHM,0855,,,0903,,,282,DAR,1206,,,
202601066775328,XC,2026-01-06,JAN,TUE,False,895,PLY,0620,0620,BHM,0954,1005,11,1003,1008,5,282,DAR,1306,1307,1,True
202601066775330,XC,2026-01-06,JAN,TUE,False,555,PLY,0727,0732,BHM,1055,1110,15,1103,1114,11,282,DAR,1407,1439,32,True
202601066775008,XC,2026-01-06,JAN,TUE,False,555,CDF,0945,0945,BHM,1149,1152,3,1203,1225,22,143,DAR,1506,1516,10,True
202601066775334,XC,2026-01-06,JAN,TUE,False,,PLY,0927,0927,BHM,1255,1255,0,1303,1303,0,282,DAR,1607,1603,-4,False
202601066775336,XC,2026-01-06,JAN,TUE,False,,PLY,1027,1026,BHM,1355,1354,-1,1403,1411,8,282,DAR,1706,1703,-3,False
202601066775339,XC,2026-01-06,JAN,TUE,False,574,PLY,1127,1126,BHM,1455,1505,10,1503,1510,7,282,DAR,1806,1805,-1,False
202601066775343,XC,2026-01-06,JAN,TUE,False,,PLY,1227,1226,BHM,1555,1557,2,1603,1603,0,282,DAR,1908,1903,-5,False
202601066775312,XC,2026-01-06,JAN,TUE,False,,PNZ,1115,1115,BHM,1655,1702,7,1703,1706,3,365,DAR,2010,2013,3,True
202601066775345,XC,2026-01-06,JAN,TUE,False,,PLY,1427,1427,BHM,1755,1753,-2,1803,1809,6,282,DAR,2058,2101,3,True
202601066775315,XC,2026-01-06,JAN,TUE,False,,PLY,1527,,BHM,1854,1858,4,1903,1903,0,282,DAR,2212,2211,-1,False
202601076774836,XC,2026-01-07,JAN,WED,False,,BHM,0603,0602,BHM,,,,0603,0602,-1,0,DAR,0906,0905,-1,False
202601076774838,XC,2026-01-07,JAN,WED,False,,BHM,0703,0703,BHM,,,,0703,0703,0,0,DAR,1006,1005,-1,False
202601076774921,XC,2026-01-07,JAN,WED,False,880,BRI,0635,0635,BHM,0755,0750,-5,0803,0803,0,124,DAR,1106,1106,0,False
202601076775326,XC,2026-01-07,JAN,WED,False,,PLY,0525,0524,BHM,0855,0852,-3,0903,0903,0,282,DAR,1206,1204,-2,False
202601076775328,XC,2026-01-07,JAN,WED,False,,PLY,0620,0620,BHM,0954,0955,1,1003,1003,0,282,DAR,1306,1307,1,True
202601076775330,XC,2026-01-07,JAN,WED,False,536,PLY,0727,0727,BHM,1055,1057,2,1103,1148,45,282,DAR,1407,1440,33,True
202601076775008,XC,2026-01-07,JAN,WED,False,895,CDF,0945,0945,BHM,1149,1149,0,1203,1203,0,143,DAR,1506,1504,-2,False
202601076775334,XC,2026-01-07,JAN,WED,False,,PLY,0927,0927,BHM,1255,1256,1,1303,1303,0,282,DAR,1607,1615,8,True
202601076775336,XC,2026-01-07,JAN,WED,False,,PLY,1027,1027,BHM,1355,1400,5,1403,1404,1,282,DAR,1706,1707,1,True
202601076775339,XC,2026-01-07,JAN,WED,False,895,PLY,1127,1126,BHM,1455,1504,9,1503,1510,7,282,DAR,1806,1804,-2,False
202601076775343,XC,2026-01-07,JAN,WED,False,578,PLY,1227,1227,BHM,1555,1556,1,1603,1610,7,282,DAR,1908,1904,-4,False
202601076775312,XC,2026-01-07,JAN,WED,False,578,PNZ,1115,1115,BHM,1655,1655,0,1703,1703,0,365,DAR,2010,2009,-1,False
202601076775345,XC,2026-01-07,JAN,WED,False,895,PLY,1427,1426,BHM,1755,1803,8,1803,1808,5,282,DAR,2058,2108,10,True
202601077961249,XC,2026-01-07,JAN,WED,False,,BHM,1903,1915,BHM,,,,1903,1915,12,0,DAR,2212,2212,0,False
202601086774836,XC,2026-01-08,JAN,THU,False,,BHM,0603,0602,BHM,,,,0603,0602,-1,0,DAR,0906,0905,-1,False
202601086774838,XC,2026-01-08,JAN,THU,False,,BHM,0703,0703,BHM,,,,0703,0703,0,0,DAR,1006,1004,-2,False
202601086774921,XC,2026-01-08,JAN,THU,False,,BRI,0635,0635,BHM,0755,0753,-2,0803,0803,0,124,DAR,1106,1105,-1,False
202601086775326,XC,2026-01-08,JAN,THU,False,,PLY,0525,0524,BHM,0855,0854,-1,0903,0903,0,282,DAR,1206,1209,3,True
202601086775328,XC,2026-01-08,JAN,THU,False,,PLY,0620,0620,BHM,0954,0955,1,1003,1003,0,282,DAR,1306,1304,-2,False
202601086775330,XC,2026-01-08,JAN,THU,False,,PLY,0727,0726,BHM,1055,1054,-1,1103,1103,0,282,DAR,1407,1405,-2,False
202601086775008,XC,2026-01-08,JAN,THU,False,,CDF,0945,0945,BHM,1149,1149,0,1203,1203,0,143,DAR,1506,1505,-1,False
202601086775334,XC,2026-01-08,JAN,THU,False,,PLY,0927,0927,BHM,1255,1253,-2,1303,1303,0,282,DAR,1607,1602,-5,False
202601086775336,XC,2026-01-08,JAN,THU,False,895,PLY,1027,1026,BHM,1355,1409,14,1403,1415,12,282,DAR,1706,1706,0,False
202601086775339,XC,2026-01-08,JAN,THU,False,,PLY,1127,1127,BHM,1455,1507,12,1503,1513,10,282,DAR,1806,1807,1,True
202601086775343,XC,2026-01-08,JAN,THU,False,,PLY,1227,1227,BHM,1555,1554,-1,1603,1603,0,282,DAR,1908,1903,-5,False
202601086775312,XC,2026-01-08,JAN,THU,False,,PNZ,1115,1115,BHM,1655,1705,10,1703,1711,8,365,DAR,2010,2005,-5,False
202601086775345,XC,2026-01-08,JAN,THU,False,908,PLY,1427,1426,BHM,1755,1809,14,1803,1813,10,282,DAR,2058,2056,-2,False
202601086775315,XC,2026-01-08,JAN,THU,False,,PLY,1527,1526,BHM,1854,1859,5,1903,1903,0,282,DAR,2212,2212,0,False
202601096774836,XC,2026-01-09,JAN,FRI,False,,BHM,0603,0616,BHM,,,,0603,0616,13,0,DAR,0906,0904,-2,False
202601096774838,XC,2026-01-09,JAN,FRI,False,,BHM,0703,0704,BHM,,,,0703,0704,1,0,DAR,1006,1007,1,True
202601096774921,XC,2026-01-09,JAN,FRI,False,820,BRI,0635,,BHM,,,,0803,0826,23,124,DAR,1106,1104,-2,False
202601096775326,XC,2026-01-09,JAN,FRI,False,,PLY,0525,,BHM,,,,0903,0903,0,282,DAR,1206,1207,1,True
202601096775328,XC,2026-01-09,JAN,FRI,False,,PLY,0620,,BHM,,,,1003,1008,5,282,DAR,1306,1305,-1,False
202601096775330,XC,2026-01-09,JAN,FRI,False,,PLY,0727,,BHM,,,,1103,1103,0,282,DAR,1407,1408,1,True
202601096775008,XC,2026-01-09,JAN,FRI,False,820,CDF,0945,,BHM,,,,1203,1221,18,143,DAR,1506,1510,4,True
202601096775334,XC,2026-01-09,JAN,FRI,False,,PLY,0927,0927,BHM,1255,1305,10,1303,1312,9,282,DAR,1607,1603,-4,False
202601096775336,XC,2026-01-09,JAN,FRI,False,,PLY,1027,1026,BHM,1355,1350,-5,1403,1411,8,282,DAR,1706,1705,-1,False
202601096775339,XC,2026-01-09,JAN,FRI,False,,PLY,1127,1126,BHM,1455,1457,2,1503,1505,2,282,DAR,1806,1807,1,True
202601096775343,XC,2026-01-09,JAN,FRI,False,,PLY,1227,1228,BHM,1555,1555,0,1603,1603,0,282,DAR,1908,1909,1,True
202601096775312,XC,2026-01-09,JAN,FRI,False,,PNZ,1115,,BHM,1655,1655,0,1703,1703,0,365,DAR,2010,2005,-5,False
202601096775345,XC,2026-01-09,JAN,FRI,False,,PLY,1427,1426,BHM,1755,1753,-2,1803,1804,1,282,DAR,2058,2058,0,False
202601096775315,XC,2026-01-09,JAN,FRI,False,,PLY,1527,1526,BHM,1854,1857,3,1903,1903,0,282,DAR,2212,2214,2,True
202601106774837,XC,2026-01-10,JAN,SAT,False,,BHM,0603,0603,BHM,,,,0603,0603,0,0,DAR,0906,0906,0,False
202601106774839,XC,2026-01-10,JAN,SAT,False,,BHM,0703,0713,BHM,,,,0703,0713,10,0,DAR,1008,1009,1,True
202601106774920,XC,2026-01-10,JAN,SAT,False,,BRI,0615,0615,BHM,0755,0755,0,0803,0803,0,124,DAR,1106,1104,-2,False
202601106775327,XC,2026-01-10,JAN,SAT,False,,PLY,0527,0527,BHM,0855,0857,2,0903,0902,-1,282,DAR,1206,1207,1,True
202601106775329,XC,2026-01-10,JAN,SAT,False,,PLY,0627,0627,BHM,0955,0955,0,1003,1003,0,282,DAR,1306,1305,-1,False
202601106775331,XC,2026-01-10,JAN,SAT,False,,PLY,0725,0725,BHM,1055,1055,0,1103,1103,0,282,DAR,1406,1405,-1,False
202601106775332,XC,2026-01-10,JAN,SAT,False,,PLY,0827,0827,BHM,1155,1152,-3,1203,1203,0,282,DAR,1506,1505,-1,False
202601106775335,XC,2026-01-10,JAN,SAT,False,,PLY,0927,0927,BHM,1255,1253,-2,1303,1303,0,282,DAR,1606,1606,0,False
202601106775337,XC,2026-01-10,JAN,SAT,False,,PLY,1027,1030,BHM,1355,1356,1,1403,1403,0,282,DAR,1706,1705,-1,False
202601106775341,XC,2026-01-10,JAN,SAT,False,,PLY,1127,1126,BHM,1455,1452,-3,1503,1503,0,282,DAR,1806,1805,-1,False
202601106775344,XC,2026-01-10,JAN,SAT,False,904,PLY,1227,1226,BHM,1555,1606,11,1603,1610,7,282,DAR,1908,1913,5,True
202601106775311,XC,2026-01-10,JAN,SAT,False,,PNZ,1115,1115,BHM,1655,1654,-1,1703,1703,0,365,DAR,2008,2010,2,True
202601106775346,XC,2026-01-10,JAN,SAT,False,895,PLY,1427,1426,BHM,1755,1801,6,1803,1804,1,282,DAR,2057,2057,0,False
202601116774840,XC,2026-01-11,JAN,SUN,False,,BHM,0903,0903,BHM,,,,0903,0903,0,0,DAR,1205,1203,-2,False
202601116774841,XC,2026-01-11,JAN,SUN,False,,BHM,1003,1003,BHM,,,,1003,1003,0,0,DAR,1305,1304,-1,False
202601116774922,XC,2026-01-11,JAN,SUN,False,,BRI,0915,0914,BHM,1049,1052,3,1103,1104,1,124,DAR,1406,1404,-2,False
202601116774923,XC,2026-01-11,JAN,SUN,False,,BRI,1031,1031,BHM,1149,1147,-2,1203,1203,0,124,DAR,1507,1507,0,False
202601116775333,XC,2026-01-11,JAN,SUN,False,,PLY,0927,0926,BHM,1249,1249,0,1303,1303,0,282,DAR,1557,1558,1,True
202601116775338,XC,2026-01-11,JAN,SUN,False,904,PLY,1027,1027,BHM,1349,1400,11,1403,1405,2,282,DAR,1705,1714,9,True
202601116775340,XC,2026-01-11,JAN,SUN,True,526,PLY,1127,,BHM,1449,,,1503,,,282,DAR,1805,,,
202601116775342,XC,2026-01-11,JAN,SUN,False,904,PLY,1227,1227,BHM,1549,1612,23,1603,1617,14,282,DAR,1901,1902,1,True
202601116775313,XC,2026-01-11,JAN,SUN,False,,PLY,1327,,BHM,1649,1653,4,1703,1704,1,282,DAR,2007,2008,1,True
202601116775347,XC,2026-01-11,JAN,SUN,False,,PLY,1427,,BHM,1749,1755,6,1803,1803,0,282,DAR,2058,2058,0,False
202601116773526,XC,2026-01-11,JAN,SUN,False,,RDG,1736,1735,BHM,1918,1927,9,1928,1930,2,130,DAR,2207,2205,-2,False
202601126774836,XC,2026-01-12,JAN,MON,False,,BHM,0603,0604,BHM,,,,0603,0604,1,0,DAR,0906,0904,-2,False
202601126774838,XC,2026-01-12,JAN,MON,False,,BHM,0703,0703,BHM,,,,0703,0703,0,0,DAR,1006,1004,-2,False
202601126774921,XC,2026-01-12,JAN,MON,False,824,BRI,0635,0635,BHM,0755,0803,8,0803,0808,5,124,DAR,1106,1103,-3,False
202601126775326,XC,2026-01-12,JAN,MON,False,911,PLY,0525,0525,BHM,0855,0855,0,0903,0903,0,282,DAR,1206,1207,1,True
202601126775328,XC,2026-01-12,JAN,MON,False,911,PLY,0620,0619,BHM,0954,0956,2,1003,1003,0,282,DAR,1306,1308,2,True
202601126775330,XC,2026-01-12,JAN,MON,False,913,PLY,0727,0727,BHM,1055,1059,4,1103,1103,0,282,DAR,1407,1406,-1,False
202601126775008,XC,2026-01-12,JAN,MON,False,904,CDF,0945,0945,BHM,1149,1149,0,1203,1206,3,143,DAR,1506,1506,0,False
202601126775334,XC,2026-01-12,JAN,MON,False,911,PLY,0927,0927,BHM,1255,1253,-2,1303,1303,0,282,DAR,1607,1606,-1,False
202601126775336,XC,2026-01-12,JAN,MON,False,904,PLY,1027,1026,BHM,1355,1352,-3,1403,1402,-1,282,DAR,1706,1706,0,False
202601126775339,XC,2026-01-12,JAN,MON,False,,PLY,1127,1126,BHM,1455,1455,0,1503,1503,0,282,DAR,1806,1805,-1,False
202601126775343,XC,2026-01-12,JAN,MON,False,,PLY,1227,1226,BHM,1555,1559,4,1603,1606,3,282,DAR,1908,1904,-4,False
202601126775312,XC,2026-01-12,JAN,MON,False,,PNZ,1115,1115,BHM,1655,1656,1,1703,1704,1,365,DAR,2010,2008,-2,False
202601126775345,XC,2026-01-12,JAN,MON,False,901,PLY,1427,1426,BHM,1755,1806,11,1803,1809,6,282,DAR,2058,2058,0,False
202601126775315,XC,2026-01-12,JAN,MON,False,,PLY,1527,1526,BHM,1854,1854,0,1903,1903,0,282,DAR,2212,2220,8,True
202601136774836,XC,2026-01-13,JAN,TUE,False,,BHM,0603,0603,BHM,,,,0603,0603,0,0,DAR,0906,0906,0,False
202601136774838,XC,2026-01-13,JAN,TUE,False,,BHM,0703,0703,BHM,,,,0703,0703,0,0,DAR,1006,1006,0,False
202601136774921,XC,2026-01-13,JAN,TUE,False,,BRI,0635,0635,BHM,0755,0752,-3,0803,0804,1,124,DAR,1106,1104,-2,False
202601136775326,XC,2026-01-13,JAN,TUE,False,,PLY,0525,0525,BHM,0855,0857,2,0903,0902,-1,282,DAR,1206,1204,-2,False
202601136775328,XC,2026-01-13,JAN,TUE,False,,PLY,0620,0620,BHM,0954,0957,3,1003,1003,0,282,DAR,1306,1312,6,True
202601136775330,XC,2026-01-13,JAN,TUE,False,,PLY,0727,0727,BHM,1055,1054,-1,1103,1103,0,282,DAR,1407,1407,0,False
202601136775008,XC,2026-01-13,JAN,TUE,False,,CDF,0945,0945,BHM,1149,1149,0,1203,1203,0,143,DAR,1506,1507,1,True
202601136775334,XC,2026-01-13,JAN,TUE,False,,PLY,0927,0926,BHM,1255,1255,0,1303,1303,0,282,DAR,1607,1610,3,True
202601136775336,XC,2026-01-13,JAN,TUE,False,,PLY,1027,1027,BHM,1355,1351,-4,1403,1403,0,282,DAR,1706,1705,-1,False
202601136775339,XC,2026-01-13,JAN,TUE,False,,PLY,1127,1126,BHM,1455,1455,0,1503,1503,0,282,DAR,1806,1804,-2,False
202601136775343,XC,2026-01-13,JAN,TUE,False,,PLY,1227,1226,BHM,1555,1557,2,1603,1603,0,282,DAR,1908,1909,1,True
202601136775312,XC,2026-01-13,JAN,TUE,False,895,PNZ,1115,1115,BHM,1655,1656,1,1703,1703,0,365,DAR,2010,2012,2,True
202601136775345,XC,2026-01-13,JAN,TUE,False,,PLY,1427,1426,BHM,1755,1759,4,1803,1803,0,282,DAR,2058,2056,-2,False
202601136775315,XC,2026-01-13,JAN,TUE,False,,PLY,1527,1526,BHM,1854,1854,0,1903,1903,0,282,DAR,2212,2218,6,True
202601146774836,XC,2026-01-14,JAN,WED,False,,BHM,0603,0603,BHM,,,,0603,0603,0,0,DAR,0906,0904,-2,False
202601146774838,XC,2026-01-14,JAN,WED,False,,BHM,0703,0703,BHM,,,,0703,0703,0,0,DAR,1006,1003,-3,False
202601146774921,XC,2026-01-14,JAN,WED,False,,BRI,0635,0635,BHM,0755,0756,1,0803,0803,0,124,DAR,1106,1105,-1,False
202601146775326,XC,2026-01-14,JAN,WED,False,,PLY,0525,0525,BHM,0855,0857,2,0903,0912,9,282,DAR,1206,1206,0,False
202601146775328,XC,2026-01-14,JAN,WED,False,,PLY,0620,0620,BHM,0954,0952,-2,1003,1003,0,282,DAR,1306,1308,2,True
202601146775330,XC,2026-01-14,JAN,WED,False,,PLY,0727,0727,BHM,1055,1055,0,1103,1103,0,282,DAR,1407,1406,-1,False
202601146775008,XC,2026-01-14,JAN,WED,False,,CDF,0945,0945,BHM,1149,1148,-1,1203,1203,0,143,DAR,1506,1505,-1,False
202601146775334,XC,2026-01-14,JAN,WED,False,,PLY,0927,0927,BHM,1255,1252,-3,1303,1303,0,282,DAR,1607,1607,0,False
202601146775336,XC,2026-01-14,JAN,WED,False,,PLY,1027,1026,BHM,1355,1351,-4,1403,1403,0,282,DAR,1706,1708,2,True
202601146775339,XC,2026-01-14,JAN,WED,False,904,PLY,1127,1127,BHM,1455,1455,0,1503,1503,0,282,DAR,1806,1804,-2,False
202601146775343,XC,2026-01-14,JAN,WED,False,,PLY,1227,1227,BHM,1555,1556,1,1603,1604,1,282,DAR,1908,1903,-5,False
202601146775312,XC,2026-01-14,JAN,WED,False,547,PNZ,1115,1115,BHM,1655,1700,5,1703,1710,7,365,DAR,2010,2007,-3,False
202601146775345,XC,2026-01-14,JAN,WED,False,,PLY,1427,1427,BHM,1755,1758,3,1803,1803,0,282,DAR,2058,2057,-1,False
202601146775315,XC,2026-01-14,JAN,WED,False,,PLY,1527,1526,BHM,1854,1856,2,1903,1903,0,282,DAR,2212,2211,-1,False
202601156774836,XC,2026-01-15,JAN,THU,False,,BHM,0603,0603,BHM,,,,0603,0603,0,0,DAR,0906,0903,-3,False
202601156774838,XC,2026-01-15,JAN,THU,False,,BHM,0703,0703,BHM,,,,0703,0703,0,0,DAR,1006,1004,-2,False
202601156774921,XC,2026-01-15,JAN,THU,False,,BRI,0635,0635,BHM,0755,0754,-1,0803,0803,0,124,DAR,1106,1104,-2,False
202601156775326,XC,2026-01-15,JAN,THU,False,,PLY,0525,0525,BHM,0855,0853,-2,0903,0903,0,282,DAR,1206,1205,-1,False
202601156775328,XC,2026-01-15,JAN,THU,False,,PLY,0620,0620,BHM,0954,0952,-2,1003,1003,0,282,DAR,1306,1304,-2,False
202601156775330,XC,2026-01-15,JAN,THU,False,,PLY,0727,0727,BHM,1055,1054,-1,1103,1102,-1,282,DAR,1407,1407,0,False
202601156775008,XC,2026-01-15,JAN,THU,False,,CDF,0945,0946,BHM,1149,1149,0,1203,1203,0,143,DAR,1506,1503,-3,False
202601156775334,XC,2026-01-15,JAN,THU,False,,PLY,0927,0927,BHM,1255,1253,-2,1303,1303,0,282,DAR,1607,1606,-1,False
202601156775336,XC,2026-01-15,JAN,THU,False,,PLY,1027,1026,BHM,1355,1353,-2,1403,1403,0,282,DAR,1706,1705,-1,False
202601156775339,XC,2026-01-15,JAN,THU,False,,PLY,1127,1127,BHM,1455,1456,1,1503,1503,0,282,DAR,1806,1805,-1,False
202601156775343,XC,2026-01-15,JAN,THU,False,573,PLY,1227,1226,BHM,1555,1558,3,1603,1603,0,282,DAR,1908,1914,6,True
202601156775312,XC,2026-01-15,JAN,THU,False,574,PNZ,1115,1116,BHM,1655,1723,28,1703,1728,25,365,DAR,2010,2008,-2,False
202601156775345,XC,2026-01-15,JAN,THU,False,,PLY,1427,1426,BHM,1755,1753,-2,1803,1803,0,282,DAR,2058,2056,-2,False
202601156775315,XC,2026-01-15,JAN,THU,False,,PLY,1527,1527,BHM,1854,1853,-1,1903,1903,0,282,DAR,2212,2212,0,False
202601166774836,XC,2026-01-16,JAN,FRI,False,,BHM,0603,0603,BHM,,,,0603,0603,0,0,DAR,0906,0904,-2,False
202601166774838,XC,2026-01-16,JAN,FRI,False,,BHM,0703,0703,BHM,,,,0703,0703,0,0,DAR,1006,1004,-2,False
202601166774921,XC,2026-01-16,JAN,FRI,False,,BRI,0635,0635,BHM,0755,0751,-4,0803,0803,0,124,DAR,1106,1108,2,True
202601166775326,XC,2026-01-16,JAN,FRI,False,,PLY,0525,0524,BHM,0855,0854,-1,0903,0903,0,282,DAR,1206,1205,-1,False
202601166775328,XC,2026-01-16,JAN,FRI,False,,PLY,0620,0621,BHM,0954,0953,-1,1003,1003,0,282,DAR,1306,1306,0,False
202601166775330,XC,2026-01-16,JAN,FRI,False,,PLY,0727,0728,BHM,1055,1053,-2,1103,1103,0,282,DAR,1407,1405,-2,False
202601166775008,XC,2026-01-16,JAN,FRI,False,685,CDF,0945,0945,BHM,1149,1150,1,1203,1209,6,143,DAR,1506,1509,3,True
202601166775334,XC,2026-01-16,JAN,FRI,False,,PLY,0927,0927,BHM,1255,1254,-1,1303,1303,0,282,DAR,1607,1605,-2,False
202601166775336,XC,2026-01-16,JAN,FRI,False,,PLY,1027,1026,BHM,1355,1352,-3,1403,1403,0,282,DAR,1706,1706,0,False
202601166775339,XC,2026-01-16,JAN,FRI,False,,PLY,1127,1126,BHM,1455,1456,1,1503,1503,0,282,DAR,1806,1804,-2,False
202601166775343,XC,2026-01-16,JAN,FRI,False,,PLY,1227,1226,BHM,1555,1605,10,1603,1610,7,282,DAR,1908,1908,0,False
202601166775312,XC,2026-01-16,JAN,FRI,False,,PNZ,1115,1115,BHM,1655,1656,1,1703,1704,1,365,DAR,2010,2010,0,False
202601166775345,XC,2026-01-16,JAN,FRI,False,,PLY,1427,1429,BHM,1755,1758,3,1803,1803,0,282,DAR,2058,2057,-1,False
202601166775315,XC,2026-01-16,JAN,FRI,False,,PLY,1527,1526,BHM,1854,1907,13,1903,1920,17,282,DAR,2212,2217,5,True
202601176774837,XC,2026-01-17,JAN,SAT,False,,BHM,0603,0602,BHM,,,,0603,0602,-1,0,DAR,0906,0904,-2,False
202601176774839,XC,2026-01-17,JAN,SAT,False,574,BHM,0703,0711,BHM,,,,0703,0711,8,0,DAR,1008,1008,0,False
202601176774920,XC,2026-01-17,JAN,SAT,False,895,BRI,0615,0614,BHM,0755,0800,5,0803,0806,3,124,DAR,1106,1104,-2,False
202601176775327,XC,2026-01-17,JAN,SAT,False,696,PLY,0527,0527,BHM,0855,0853,-2,0903,0903,0,282,DAR,1206,1205,-1,False
202601176775329,XC,2026-01-17,JAN,SAT,False,,PLY,0627,0627,BHM,0955,0953,-2,1003,1003,0,282,DAR,1306,1304,-2,False
202601176775331,XC,2026-01-17,JAN,SAT,False,,PLY,0725,0725,BHM,1055,1054,-1,1103,1103,0,282,DAR,1406,1404,-2,False
202601176775332,XC,2026-01-17,JAN,SAT,False,904,PLY,0827,0827,BHM,1155,1204,9,1203,1210,7,282,DAR,1506,1508,2,True
202601176775335,XC,2026-01-17,JAN,SAT,False,,PLY,0927,0927,BHM,1255,1253,-2,1303,1303,0,282,DAR,1606,1602,-4,False
202601176775337,XC,2026-01-17,JAN,SAT,False,,PLY,1027,1027,BHM,1355,1355,0,1403,1403,0,282,DAR,1706,1702,-4,False
202601176775341,XC,2026-01-17,JAN,SAT,False,,PLY,1127,1126,BHM,1455,1500,5,1503,1504,1,282,DAR,1806,1804,-2,False
202601176775344,XC,2026-01-17,JAN,SAT,False,,PLY,1227,1226,BHM,1555,1559,4,1603,1608,5,282,DAR,1908,1910,2,True
202601176775311,XC,2026-01-17,JAN,SAT,False,,PNZ,1115,1115,BHM,1655,1655,0,1703,1710,7,365,DAR,2008,2010,2,True
202601176775346,XC,2026-01-17,JAN,SAT,False,,PLY,1427,1427,BHM,1755,1753,-2,1803,1804,1,282,DAR,2057,2058,1,True
202601186774840,XC,2026-01-18,JAN,SUN,False,,BHM,0903,0903,BHM,,,,0903,0903,0,0,DAR,1205,1203,-2,False
202601186774841,XC,2026-01-18,JAN,SUN,False,,BHM,1003,1003,BHM,,,,1003,1003,0,0,DAR,1305,1304,-1,False
202601186774922,XC,2026-01-18,JAN,SUN,False,,BRI,0915,0915,BHM,1049,1049,0,1103,1103,0,124,DAR,1406,1404,-2,False
202601186774923,XC,2026-01-18,JAN,SUN,False,,BRI,1031,1030,BHM,1149,1146,-3,1203,1203,0,124,DAR,1507,1502,-5,False
202601186775333,XC,2026-01-18,JAN,SUN,False,,PLY,0927,0927,BHM,1249,1247,-2,1303,1304,1,282,DAR,1557,1558,1,True
202601186775338,XC,2026-01-18,JAN,SUN,False,,PLY,1027,1027,BHM,1349,1349,0,1403,1404,1,282,DAR,1705,1706,1,True
202601186775340,XC,2026-01-18,JAN,SUN,False,,PLY,1127,1127,BHM,1449,1447,-2,1503,1504,1,282,DAR,1805,1805,0,False
202601186775342,XC,2026-01-18,JAN,SUN,False,,PLY,1227,1226,BHM,1549,1550,1,1603,1603,0,282,DAR,1901,1903,2,True
202601186775313,XC,2026-01-18,JAN,SUN,False,,PLY,1327,1326,BHM,1649,1652,3,1703,1704,1,282,DAR,2007,2004,-3,False
202601186775347,XC,2026-01-18,JAN,SUN,False,,PLY,1427,1427,BHM,1749,1753,4,1803,1803,0,282,DAR,2058,2058,0,False
202601186773526,XC,2026-01-18,JAN,SUN,True,526,RDG,1736,,BHM,1918,,,1928,,,130,DAR,2207,,,
202601196774836,XC,2026-01-19,JAN,MON,False,,BHM,0603,0603,BHM,,,,0603,0603,0,0,DAR,0906,0903,-3,False
202601196774838,XC,2026-01-19,JAN,MON,False,574,BHM,0703,0703,BHM,,,,0703,0703,0,0,DAR,1006,1007,1,True
202601196774921,XC,2026-01-19,JAN,MON,False,832,BRI,0635,0635,BHM,0755,0814,19,0803,0818,15,124,DAR,1106,1108,2,True
202601196775326,XC,2026-01-19,JAN,MON,False,832,PLY,0525,0525,BHM,0855,0905,10,0903,0909,6,282,DAR,1206,1203,-3,False
202601196775328,XC,2026-01-19,JAN,MON,False,,PLY,0620,0619,BHM,0954,0953,-1,1003,1002,-1,282,DAR,1306,1303,-3,False
202601196775330,XC,2026-01-19,JAN,MON,False,832,PLY,0727,0727,BHM,1055,1106,11,1103,1110,7,282,DAR,1407,1405,-2,False
202601196775008,XC,2026-01-19,JAN,MON,False,,CDF,0945,0945,BHM,1149,1149,0,1203,1203,0,143,DAR,1506,1502,-4,False
202601196775334,XC,2026-01-19,JAN,MON,False,895,PLY,0927,0927,BHM,1255,1306,11,1303,1312,9,282,DAR,1607,1604,-3,False
202601196775336,XC,2026-01-19,JAN,MON,False,,PLY,1027,1027,BHM,1355,1359,4,1403,1403,0,282,DAR,1706,1709,3,True
202601196775339,XC,2026-01-19,JAN,MON,False,,PLY,1127,1126,BHM,1455,1455,0,1503,1503,0,282,DAR,1806,1806,0,False
202601196775343,XC,2026-01-19,JAN,MON,False,,PLY,1227,1227,BHM,1555,1557,2,1603,1603,0,282,DAR,1908,1902,-6,False
202601196775312,XC,2026-01-19,JAN,MON,False,,PNZ,1115,1115,BHM,1655,1655,0,1703,1705,2,365,DAR,2010,2004,-6,False
202601196775345,XC,2026-01-19,JAN,MON,False,,PLY,1427,1427,BHM,1755,1755,0,1803,1803,0,282,DAR,2058,2058,0,False
202601196775315,XC,2026-01-19,JAN,MON,False,,PLY,1527,1528,BHM,1854,1855,1,1903,1903,0,282,DAR,2212,2213,1,True
202601206774836,XC,2026-01-20,JAN,TUE,False,,BHM,0603,0603,BHM,,,,0603,0603,0,0,DAR,0906,0904,-2,False
202601206774838,XC,2026-01-20,JAN,TUE,False,543,BHM,0703,0703,BHM,,,,0703,0703,0,0,DAR,1006,1004,-2,False
202601206774921,XC,2026-01-20,JAN,TUE,False,,BRI,0635,0635,BHM,0755,0753,-2,0803,0802,-1,124,DAR,1106,1105,-1,False
202601206775326,XC,2026-01-20,JAN,TUE,False,705,PLY,0525,0524,BHM,0855,0853,-2,0903,0903,0,282,DAR,1206,1204,-2,False
202601206775328,XC,2026-01-20,JAN,TUE,False,501,PLY,0620,0619,BHM,0954,0954,0,1003,1002,-1,282,DAR,1306,1326,20,True
202601206775330,XC,2026-01-20,JAN,TUE,False,501,PLY,0727,0726,BHM,1055,1057,2,1103,1102,-1,282,DAR,1407,1423,16,True
202601206775008,XC,2026-01-20,JAN,TUE,False,,CDF,0945,0945,BHM,1149,1151,2,1203,1203,0,143,DAR,1506,1502,-4,False
202601206775334,XC,2026-01-20,JAN,TUE,False,,PLY,0927,0926,BHM,1255,1305,10,1303,1309,6,282,DAR,1607,1605,-2,False
202601206775336,XC,2026-01-20,JAN,TUE,False,,PLY,1027,1026,BHM,1355,1355,0,1403,1403,0,282,DAR,1706,1705,-1,False
202601206775339,XC,2026-01-20,JAN,TUE,False,,PLY,1127,1127,BHM,1455,1456,1,1503,1503,0,282,DAR,1806,1805,-1,False
202601206775343,XC,2026-01-20,JAN,TUE,False,,PLY,1227,1227,BHM,1555,1555,0,1603,1603,0,282,DAR,1908,1903,-5,False
202601206775312,XC,2026-01-20,JAN,TUE,False,,PNZ,1115,1115,BHM,1655,1656,1,1703,1703,0,365,DAR,2010,2005,-5,False
202601206775345,XC,2026-01-20,JAN,TUE,False,,PLY,1427,1427,BHM,1755,1754,-1,1803,1803,0,282,DAR,2058,2056,-2,False
202601206775315,XC,2026-01-20,JAN,TUE,False,,PLY,1527,1527,BHM,1854,1900,6,1903,1904,1,282,DAR,2212,2219,7,True
202601216774836,XC,2026-01-21,JAN,WED,False,,BHM,0603,0603,BHM,,,,0603,0603,0,0,DAR,0906,0904,-2,False
202601216774838,XC,2026-01-21,JAN,WED,False,,BHM,0703,0703,BHM,,,,0703,0703,0,0,DAR,1006,1006,0,False
202601216774921,XC,2026-01-21,JAN,WED,False,579,BRI,0635,0635,BHM,0755,0752,-3,0803,0803,0,124,DAR,1106,1106,0,False
202601216775326,XC,2026-01-21,JAN,WED,False,,PLY,0525,0525,BHM,0855,0856,1,0903,0902,-1,282,DAR,1206,1203,-3,False
202601216775328,XC,2026-01-21,JAN,WED,False,887,PLY,0620,,BHM,0954,0959,5,1003,1027,24,282,DAR,1306,1307,1,True
202601216775330,XC,2026-01-21,JAN,WED,False,819,PLY,0727,,BHM,1055,1108,13,1103,1112,9,282,DAR,1407,1403,-4,False
202601216775008,XC,2026-01-21,JAN,WED,False,,CDF,0945,0945,BHM,1149,1148,-1,1203,1205,2,143,DAR,1506,1502,-4,False
202601216775334,XC,2026-01-21,JAN,WED,False,904,PLY,0927,0927,BHM,1255,1300,5,1303,1303,0,282,DAR,1607,1603,-4,False
202601216775336,XC,2026-01-21,JAN,WED,False,,PLY,1027,1027,BHM,1355,1352,-3,1403,1402,-1,282,DAR,1706,1706,0,False
202601216775339,XC,2026-01-21,JAN,WED,False,,PLY,1127,1126,BHM,1455,1456,1,1503,1503,0,282,DAR,1806,1808,2,True
202601216775343,XC,2026-01-21,JAN,WED,False,,PLY,1227,1226,BHM,1555,1555,0,1603,1603,0,282,DAR,1908,1907,-1,False
202601216775312,XC,2026-01-21,JAN,WED,False,,PNZ,1115,1115,BHM,1655,1655,0,1703,1703,0,365,DAR,2010,2008,-2,False
202601216775345,XC,2026-01-21,JAN,WED,False,,PLY,1427,1426,BHM,1755,1753,-2,1803,1802,-1,282,DAR,2058,2057,-1,False
202601216775315,XC,2026-01-21,JAN,WED,False,,PLY,1527,1527,BHM,1854,1857,3,1903,1903,0,282,DAR,2212,2212,0,False
202601226774836,XC,2026-01-22,JAN,THU,False,,BHM,0603,0603,BHM,,,,0603,0603,0,0,DAR,0906,0906,0,False
202601226774838,XC,2026-01-22,JAN,THU,False,,BHM,0703,0703,BHM,,,,0703,0703,0,0,DAR,1006,1005,-1,False
202601226774921,XC,2026-01-22,JAN,THU,False,,BRI,0635,0635,BHM,0755,0754,-1,0803,0803,0,124,DAR,1106,1110,4,True
202601226775326,XC,2026-01-22,JAN,THU,False,,PLY,0525,0524,BHM,0855,0855,0,0903,0905,2,282,DAR,1206,1206,0,False
202601226775328,XC,2026-01-22,JAN,THU,False,,PLY,0620,0620,BHM,0954,0953,-1,1003,1002,-1,282,DAR,1306,1309,3,True
202601226775330,XC,2026-01-22,JAN,THU,False,656,PLY,0727,0727,BHM,1055,1054,-1,1103,1103,0,282,DAR,1407,1415,8,True
202601226775008,XC,2026-01-22,JAN,THU,False,,CDF,0945,0945,BHM,1149,1149,0,1203,1203,0,143,DAR,1506,1505,-1,False
202601226775334,XC,2026-01-22,JAN,THU,False,,PLY,0927,0926,BHM,1255,1252,-3,1303,1303,0,282,DAR,1607,1605,-2,False
202601226775336,XC,2026-01-22,JAN,THU,False,,PLY,1027,1026,BHM,1355,1356,1,1403,1403,0,282,DAR,1706,1712,6,True
202601226775339,XC,2026-01-22,JAN,THU,False,,PLY,1127,1126,BHM,1455,1457,2,1503,1503,0,282,DAR,1806,1804,-2,False
202601226775343,XC,2026-01-22,JAN,THU,False,,PLY,1227,1227,BHM,1555,1607,12,1603,1621,18,282,DAR,1908,1907,-1,False
202601226775312,XC,2026-01-22,JAN,THU,False,,PNZ,1115,1116,BHM,1655,1657,2,1703,1705,2,365,DAR,2010,2005,-5,False
202601226775345,XC,2026-01-22,JAN,THU,False,,PLY,1427,1427,BHM,1755,1754,-1,1803,1803,0,282,DAR,2058,2058,0,False
202601226775315,XC,2026-01-22,JAN,THU,False,895,PLY,1527,1526,BHM,1854,1853,-1,1903,1903,0,282,DAR,2212,2224,12,True
202601236774836,XC,2026-01-23,JAN,FRI,False,,BHM,0603,0603,BHM,,,,0603,0603,0,0,DAR,0906,0905,-1,False
202601236774838,XC,2026-01-23,JAN,FRI,False,,BHM,0703,0703,BHM,,,,0703,0703,0,0,DAR,1006,1005,-1,False
202601236774921,XC,2026-01-23,JAN,FRI,False,,BRI,0635,0634,BHM,0755,0755,0,0803,0803,0,124,DAR,1106,1104,-2,False
202601236775326,XC,2026-01-23,JAN,FRI,False,,PLY,0525,0526,BHM,0855,0855,0,0903,0903,0,282,DAR,1206,1204,-2,False
202601236775328,XC,2026-01-23,JAN,FRI,False,887,PLY,0620,0620,BHM,0954,0953,-1,1003,1012,9,282,DAR,1306,1305,-1,False
202601236775330,XC,2026-01-23,JAN,FRI,False,820,PLY,0727,0727,BHM,1055,1138,43,1103,1142,39,282,DAR,1407,1428,21,True
202601236775008,XC,2026-01-23,JAN,FRI,False,910,CDF,0945,0945,BHM,1149,1151,2,1203,1226,23,143,DAR,1506,1507,1,True
202601236775334,XC,2026-01-23,JAN,FRI,False,820,PLY,0927,0927,BHM,1255,1320,25,1303,1325,22,282,DAR,1607,1602,-5,False
202601236775336,XC,2026-01-23,JAN,FRI,False,820,PLY,1027,1026,BHM,1355,1406,11,1403,1411,8,282,DAR,1706,1705,-1,False
202601236775339,XC,2026-01-23,JAN,FRI,False,820,PLY,1127,1138,BHM,1455,1527,32,1503,1535,32,282,DAR,1806,1805,-1,False
202601236775343,XC,2026-01-23,JAN,FRI,False,,PLY,1227,1226,BHM,1555,1559,4,1603,1606,3,282,DAR,1908,1907,-1,False
202601236775312,XC,2026-01-23,JAN,FRI,False,820,PNZ,1115,1125,BHM,1655,1704,9,1703,1712,9,365,DAR,2010,2004,-6,False
202601236775345,XC,2026-01-23,JAN,FRI,False,911,PLY,1427,1426,BHM,1755,1836,41,1803,1842,39,282,DAR,2058,2118,20,True
202601236775315,XC,2026-01-23,JAN,FRI,False,,PLY,1527,1530,BHM,1854,1917,23,1903,1923,20,282,DAR,2212,2212,0,False
202601246774837,XC,2026-01-24,JAN,SAT,False,,BHM,0603,0603,BHM,,,,0603,0603,0,0,DAR,0906,0904,-2,False
202601246774839,XC,2026-01-24,JAN,SAT,False,,BHM,0703,0703,BHM,,,,0703,0703,0,0,DAR,1008,1002,-6,False
202601246774920,XC,2026-01-24,JAN,SAT,False,,BRI,0615,0615,BHM,0755,0754,-1,0803,0803,0,124,DAR,1106,1105,-1,False
202601246775327,XC,2026-01-24,JAN,SAT,False,,PLY,0527,,BHM,0855,0851,-4,0903,0902,-1,282,DAR,1206,1205,-1,False
202601246775329,XC,2026-01-24,JAN,SAT,False,896,PLY,0627,,BHM,0955,1018,23,1003,1023,20,282,DAR,1306,1308,2,True
202601246775331,XC,2026-01-24,JAN,SAT,False,896,PLY,0725,,BHM,1055,1125,30,1103,1131,28,282,DAR,1406,1405,-1,False
202601246775332,XC,2026-01-24,JAN,SAT,False,823,PLY,0827,,BHM,1155,1216,21,1203,1219,16,282,DAR,1506,1505,-1,False
202601246775335,XC,2026-01-24,JAN,SAT,True,823,PLY,0927,,BHM,1255,,,1303,,,282,DAR,1606,,,
202601246775337,XC,2026-01-24,JAN,SAT,False,823,PLY,1027,,BHM,1355,1409,14,1403,1412,9,282,DAR,1706,1707,1,True
202601246775341,XC,2026-01-24,JAN,SAT,False,,PLY,1127,,BHM,1455,1500,5,1503,1503,0,282,DAR,1806,1802,-4,False
202601246775344,XC,2026-01-24,JAN,SAT,False,823,PLY,1227,,BHM,1555,1615,20,1603,1631,28,282,DAR,1908,1918,10,True
202601246775311,XC,2026-01-24,JAN,SAT,False,,PNZ,1115,,BHM,1655,1652,-3,1703,1703,0,365,DAR,2008,2008,0,False
202601246775346,XC,2026-01-24,JAN,SAT,False,,PLY,1427,,BHM,1755,1756,1,1803,1803,0,282,DAR,2057,2057,0,False
202601256774840,XC,2026-01-25,JAN,SUN,False,,BHM,0903,0903,BHM,,,,0903,0903,0,0,DAR,1205,1202,-3,False
202601256774841,XC,2026-01-25,JAN,SUN,False,,BHM,1003,1003,BHM,,,,1003,1003,0,0,DAR,1305,1305,0,False
202601256774922,XC,2026-01-25,JAN,SUN,False,,BHM,1103,1103,BHM,,,,1103,1103,0,0,DAR,1406,1405,-1,False
202601256774923,XC,2026-01-25,JAN,SUN,False,,BRI,0915,0915,BHM,1129,1133,4,1203,1203,0,124,DAR,1507,1502,-5,False
202601256775333,XC,2026-01-25,JAN,SUN,False,696,BRI,1031,1031,BHM,1228,1230,2,1303,1302,-1,124,DAR,1557,1609,12,True
202601256775338,XC,2026-01-25,JAN,SUN,False,,PLY,0927,0927,BHM,1327,1346,19,1403,1403,0,282,DAR,1705,1705,0,False
202601256775340,XC,2026-01-25,JAN,SUN,False,,PLY,1027,1027,BHM,1427,1446,19,1503,1503,0,282,DAR,1805,1802,-3,False
202601256775342,XC,2026-01-25,JAN,SUN,False,,PLY,1127,1133,BHM,1527,1527,0,1603,1603,0,282,DAR,1901,1901,0,False
202601256775313,XC,2026-01-25,JAN,SUN,False,841,PLY,1227,1230,BHM,1648,1702,14,1703,1710,7,282,DAR,2007,2002,-5,False
202601256775347,XC,2026-01-25,JAN,SUN,False,,PLY,1327,1326,BHM,1727,1746,19,1803,1803,0,282,DAR,2058,2059,1,True
202601256773526,XC,2026-01-25,JAN,SUN,False,,RDG,1736,,BHM,,,,1928,1928,0,130,DAR,2207,2208,1,True
202601266774836,XC,2026-01-26,JAN,MON,False,904,BHM,0603,0603,BHM,,,,0603,0603,0,0,DAR,0906,0924,18,True
202601266774838,XC,2026-01-26,JAN,MON,False,,BHM,0703,0703,BHM,,,,0703,0703,0,0,DAR,1006,1009,3,True
202601266774921,XC,2026-01-26,JAN,MON,False,824,BRI,0635,0635,BHM,0755,0750,-5,0803,0802,-1,124,DAR,1106,1111,5,True
202601266775326,XC,2026-01-26,JAN,MON,False,772,PLY,0525,0526,BHM,0855,0855,0,0903,0902,-1,282,DAR,1206,1221,15,True
202601266775328,XC,2026-01-26,JAN,MON,False,772,PLY,0620,0620,BHM,0954,0956,2,1003,1003,0,282,DAR,1306,1314,8,True
202601266775330,XC,2026-01-26,JAN,MON,False,,PLY,0727,0727,BHM,1055,1053,-2,1103,1103,0,282,DAR,1407,1409,2,True
202601266775008,XC,2026-01-26,JAN,MON,False,,CDF,0945,0945,BHM,1149,1149,0,1203,1204,1,143,DAR,1506,1507,1,True
202601266775334,XC,2026-01-26,JAN,MON,False,,PLY,0927,0926,BHM,1255,1259,4,1303,1307,4,282,DAR,1607,1610,3,True
202601266775336,XC,2026-01-26,JAN,MON,False,,PLY,1027,1027,BHM,1355,1359,4,1403,1403,0,282,DAR,1706,1705,-1,False
202601266775339,XC,2026-01-26,JAN,MON,False,576,PLY,1127,1127,BHM,1455,1456,1,1503,1503,0,282,DAR,1806,1824,18,True
202601266775343,XC,2026-01-26,JAN,MON,False,,PLY,1227,1227,BHM,1555,1555,0,1603,1603,0,282,DAR,1908,1908,0,False
202601266775312,XC,2026-01-26,JAN,MON,False,895,PNZ,1115,1115,BHM,1655,1659,4,1703,1703,0,365,DAR,2010,2014,4,True
202601266775345,XC,2026-01-26,JAN,MON,False,,PLY,1427,1426,BHM,1755,1752,-3,1803,1803,0,282,DAR,2058,2058,0,False
202601266775315,XC,2026-01-26,JAN,MON,False,,PLY,1527,1526,BHM,1854,1853,-1,1903,1902,-1,282,DAR,2212,2213,1,True
202601276774836,XC,2026-01-27,JAN,TUE,False,,BHM,0603,0602,BHM,,,,0603,0602,-1,0,DAR,0906,0906,0,False
202601276774838,XC,2026-01-27,JAN,TUE,False,,BHM,0703,0703,BHM,,,,0703,0703,0,0,DAR,1006,1004,-2,False
202601276774921,XC,2026-01-27,JAN,TUE,False,,BRI,0635,0637,BHM,0755,0808,13,0803,0813,10,124,DAR,1106,1108,2,True
202601276775326,XC,2026-01-27,JAN,TUE,False,820,PLY,0525,0524,BHM,0855,0921,26,0903,0929,26,282,DAR,1206,1225,19,True
202601276775328,XC,2026-01-27,JAN,TUE,True,784,PLY,0620,,BHM,0954,,,1003,,,282,DAR,1306,,,
202601276775330,XC,2026-01-27,JAN,TUE,True,784,PLY,0727,,BHM,1055,,,1103,,,282,DAR,1407,,,
202601276775008,XC,2026-01-27,JAN,TUE,False,910,CDF,0945,0945,BHM,1149,1144,-5,1203,1215,12,143,DAR,1506,1508,2,True
202601276775334,XC,2026-01-27,JAN,TUE,False,904,PLY,0927,,BHM,1255,1253,-2,1303,1302,-1,282,DAR,1607,1614,7,True
202601276775336,XC,2026-01-27,JAN,TUE,False,,PLY,1027,,BHM,1355,1356,1,1403,1403,0,282,DAR,1706,1709,3,True
202601276775339,XC,2026-01-27,JAN,TUE,False,894,PLY,1127,,BHM,1455,1457,2,1503,1504,1,282,DAR,1806,1816,10,True
202601276775343,XC,2026-01-27,JAN,TUE,False,904,PLY,1227,,BHM,1555,1556,1,1603,1603,0,282,DAR,1908,1914,6,True
202601276775312,XC,2026-01-27,JAN,TUE,False,,PNZ,1115,,BHM,1655,1656,1,1703,1703,0,365,DAR,2010,2007,-3,False
202601276775345,XC,2026-01-27,JAN,TUE,False,,PLY,1427,,BHM,1755,1755,0,1803,1803,0,282,DAR,2058,2105,7,True
202601276775315,XC,2026-01-27,JAN,TUE,False,,PLY,1527,,BHM,1854,1855,1,1903,1902,-1,282,DAR,2212,2217,5,True
202601286774836,XC,2026-01-28,JAN,WED,False,895,BHM,0603,0602,BHM,,,,0603,0602,-1,0,DAR,0906,0922,16,True
202601286774838,XC,2026-01-28,JAN,WED,False,,BHM,0703,0703,BHM,,,,0703,0703,0,0,DAR,1006,1011,5,True
202601286774921,XC,2026-01-28,JAN,WED,False,,BRI,0635,0635,BHM,0755,0751,-4,0803,0803,0,124,DAR,1106,1111,5,True
202601286775326,XC,2026-01-28,JAN,WED,False,,PLY,0525,0524,BHM,0855,0855,0,0903,0903,0,282,DAR,1206,1209,3,True
202601286775328,XC,2026-01-28,JAN,WED,False,573,PLY,0620,0619,BHM,0954,0954,0,1003,1003,0,282,DAR,1306,1344,38,True
202601286775330,XC,2026-01-28,JAN,WED,False,573,PLY,0727,0728,BHM,1055,1053,-2,1103,1103,0,282,DAR,1407,1448,41,True
202601286775008,XC,2026-01-28,JAN,WED,False,573,CDF,0945,0945,BHM,1149,1151,2,1203,1203,0,143,DAR,1506,1533,27,True
202601286775334,XC,2026-01-28,JAN,WED,False,895,PLY,0927,0927,BHM,1255,1316,21,1303,1320,17,282,DAR,1607,1611,4,True
202601286775336,XC,2026-01-28,JAN,WED,False,824,PLY,1027,1026,BHM,1355,1416,21,1403,1420,17,282,DAR,1706,1727,21,True
202601286775339,XC,2026-01-28,JAN,WED,False,,PLY,1127,1127,BHM,1455,1455,0,1503,1503,0,282,DAR,1806,1803,-3,False
202601286775343,XC,2026-01-28,JAN,WED,False,,PLY,1227,1227,BHM,1555,1558,3,1603,1604,1,282,DAR,1908,1907,-1,False
202601286775312,XC,2026-01-28,JAN,WED,False,904,PNZ,1115,1118,BHM,1655,1722,27,1703,1728,25,365,DAR,2010,2014,4,True
202601286775345,XC,2026-01-28,JAN,WED,False,886,PLY,1427,1426,BHM,1755,1800,5,1803,1806,3,282,DAR,2058,2117,19,True
202601286775315,XC,2026-01-28,JAN,WED,True,526,PLY,1527,,BHM,1854,,,1903,,,282,DAR,2212,,,
202601296774836,XC,2026-01-29,JAN,THU,False,,BHM,0603,0603,BHM,,,,0603,0603,0,0,DAR,0906,0906,0,False
202601296774838,XC,2026-01-29,JAN,THU,False,,BHM,0703,0703,BHM,,,,0703,0703,0,0,DAR,1006,1004,-2,False
202601296774921,XC,2026-01-29,JAN,THU,False,,BRI,0635,0635,BHM,0755,0752,-3,0803,0803,0,124,DAR,1106,1110,4,True
202601296775326,XC,2026-01-29,JAN,THU,False,,PLY,0525,,BHM,,,,0903,0904,1,282,DAR,1206,1204,-2,False
202601296775328,XC,2026-01-29,JAN,THU,False,,PLY,0620,0620,BHM,0954,0959,5,1003,1004,1,282,DAR,1306,1313,7,True
202601296775330,XC,2026-01-29,JAN,THU,False,,PLY,0727,0727,BHM,1055,1058,3,1103,1103,0,282,DAR,1407,1405,-2,False
202601296775008,XC,2026-01-29,JAN,THU,False,776,CDF,0945,0945,BHM,1149,1149,0,1203,1203,0,143,DAR,1506,1514,8,True
202601296775334,XC,2026-01-29,JAN,THU,False,,PLY,0927,0926,BHM,1255,1255,0,1303,1303,0,282,DAR,1607,1605,-2,False
202601296775336,XC,2026-01-29,JAN,THU,False,574,PLY,1027,1026,BHM,1355,1356,1,1403,1402,-1,282,DAR,1706,1715,9,True
202601296775339,XC,2026-01-29,JAN,THU,False,,PLY,1127,1126,BHM,1455,1501,6,1503,1507,4,282,DAR,1806,1805,-1,False
202601296775343,XC,2026-01-29,JAN,THU,False,,PLY,1227,1227,BHM,1555,1555,0,1603,1603,0,282,DAR,1908,1912,4,True
202601296775312,XC,2026-01-29,JAN,THU,False,832,PNZ,1115,1115,BHM,1655,1657,2,1703,1704,1,365,DAR,2010,2009,-1,False
202601296775345,XC,2026-01-29,JAN,THU,False,904,PLY,1427,1426,BHM,1755,1758,3,1803,1803,0,282,DAR,2058,2100,2,True
202601296775315,XC,2026-01-29,JAN,THU,False,,PLY,1527,1527,BHM,1854,1852,-2,1903,1903,0,282,DAR,2212,2212,0,False
202601306774836,XC,2026-01-30,JAN,FRI,False,,BHM,0603,0603,BHM,,,,0603,0603,0,0,DAR,0906,0904,-2,False
202601306774838,XC,2026-01-30,JAN,FRI,False,,BHM,0703,0703,BHM,,,,0703,0703,0,0,DAR,1006,1006,0,False
202601306774921,XC,2026-01-30,JAN,FRI,False,,BRI,0635,0635,BHM,0755,0752,-3,0803,0803,0,124,DAR,1106,1104,-2,False
202601306775326,XC,2026-01-30,JAN,FRI,False,,PLY,0525,,BHM,0855,0853,-2,0903,0903,0,282,DAR,1206,1206,0,False
202601306775328,XC,2026-01-30,JAN,FRI,False,,PLY,0620,0620,BHM,0954,0954,0,1003,1003,0,282,DAR,1306,1306,0,False
202601306775330,XC,2026-01-30,JAN,FRI,False,904,PLY,0727,0727,BHM,1055,1052,-3,1103,1103,0,282,DAR,1407,1411,4,True
202601306775008,XC,2026-01-30,JAN,FRI,False,904,CDF,0945,0945,BHM,1149,1149,0,1203,1203,0,143,DAR,1506,1516,10,True
202601306775334,XC,2026-01-30,JAN,FRI,False,,PLY,0927,0926,BHM,1255,1253,-2,1303,1303,0,282,DAR,1607,1606,-1,False
202601306775336,XC,2026-01-30,JAN,FRI,False,895,PLY,1027,1028,BHM,1355,1417,22,1403,1422,19,282,DAR,1706,1713,7,True
202601306775339,XC,2026-01-30,JAN,FRI,False,,PLY,1127,1126,BHM,1455,1456,1,1503,1503,0,282,DAR,1806,1805,-1,False
202601306775343,XC,2026-01-30,JAN,FRI,False,,PLY,1227,1227,BHM,1555,1554,-1,1603,1605,2,282,DAR,1908,1904,-4,False
202601306775312,XC,2026-01-30,JAN,FRI,False,832,PNZ,1115,1115,BHM,1655,1700,5,1703,1705,2,365,DAR,2010,2005,-5,False
202601306775345,XC,2026-01-30,JAN,FRI,False,,PLY,1427,1429,BHM,1755,1801,6,1803,1805,2,282,DAR,2058,2104,6,True
202601306775315,XC,2026-01-30,JAN,FRI,False,,PLY,1527,1526,BHM,1854,1903,9,1903,1907,4,282,DAR,2212,2215,3,True
202601316774837,XC,2026-01-31,JAN,SAT,False,,BHM,0603,0603,BHM,,,,0603,0603,0,0,DAR,0906,0904,-2,False
202601316774839,XC,2026-01-31,JAN,SAT,True,777,BHM,0703,,BHM,,,,0703,,,0,DAR,1008,,,
202601316774920,XC,2026-01-31,JAN,SAT,False,777,BRI,0615,0614,BHM,0755,0753,-2,0803,0803,0,124,DAR,1106,1134,28,True
202601316775327,XC,2026-01-31,JAN,SAT,False,777,PLY,0527,0527,BHM,0855,0852,-3,0903,0902,-1,282,DAR,1206,1215,9,True
202601316775329,XC,2026-01-31,JAN,SAT,False,777,PLY,0627,0627,BHM,0955,0957,2,1003,1003,0,282,DAR,1306,1325,19,True
202601316775331,XC,2026-01-31,JAN,SAT,False,777,PLY,0725,0724,BHM,1055,1054,-1,1103,1103,0,282,DAR,1406,1417,11,True
202601316775332,XC,2026-01-31,JAN,SAT,False,,PLY,0827,0827,BHM,1155,1157,2,1203,1203,0,282,DAR,1506,1504,-2,False
202601316775335,XC,2026-01-31,JAN,SAT,False,,PLY,0927,0926,BHM,1255,1253,-2,1303,1303,0,282,DAR,1606,1618,12,True
202601316775337,XC,2026-01-31,JAN,SAT,False,,PLY,1027,1027,BHM,1355,1354,-1,1403,1403,0,282,DAR,1706,1704,-2,False
202601316775341,XC,2026-01-31,JAN,SAT,False,,PLY,1127,1126,BHM,1455,1506,11,1503,1512,9,282,DAR,1806,1811,5,True
202601316775344,XC,2026-01-31,JAN,SAT,False,,PLY,1227,1227,BHM,1555,1553,-2,1603,1602,-1,282,DAR,1908,1913,5,True
202601316775311,XC,2026-01-31,JAN,SAT,False,576,PNZ,1115,1115,BHM,1655,1720,25,1703,1726,23,365,DAR,2008,2033,25,True
202601316775346,XC,2026-01-31,JAN,SAT,False,,PLY,1427,1427,BHM,1755,1756,1,1803,1803,0,282,DAR,2057,2119,22,True
202601316775374,XC,2026-01-31,JAN,SAT,False,547,RDG,1745,1745,BHM,1917,1915,-2,1927,1936,9,130,DAR,2155,2202,7,True
202602016774840,XC,2026-02-01,FEB,SUN,False,,BHM,0903,0903,BHM,,,,0903,0903,0,0,DAR,1205,1203,-2,False
202602016774841,XC,2026-02-01,FEB,SUN,False,,BHM,1003,1003,BHM,,,,1003,1003,0,0,DAR,1305,1304,-1,False
202602016774922,XC,2026-02-01,FEB,SUN,False,,BRI,0915,0914,BHM,1049,1049,0,1103,1103,0,124,DAR,1406,1405,-1,False
202602016774923,XC,2026-02-01,FEB,SUN,False,657,BRI,1031,1031,BHM,1149,1203,14,1203,1207,4,124,DAR,1507,1505,-2,False
202602016775333,XC,2026-02-01,FEB,SUN,False,832,PLY,0927,,BHM,1249,1302,13,1303,1310,7,282,DAR,1557,1610,13,True
202602016775338,XC,2026-02-01,FEB,SUN,False,,PLY,1027,1027,BHM,1349,1348,-1,1403,1404,1,282,DAR,1705,1707,2,True
202602016775340,XC,2026-02-01,FEB,SUN,False,,PLY,1127,,BHM,1449,1447,-2,1503,1504,1,282,DAR,1805,1805,0,False
202602016775342,XC,2026-02-01,FEB,SUN,False,658,PLY,1227,1226,BHM,1549,1549,0,1603,1603,0,282,DAR,1901,1926,25,True
202602016775313,XC,2026-02-01,FEB,SUN,False,,PLY,1327,1326,BHM,1649,1650,1,1703,1703,0,282,DAR,2007,2009,2,True
202602016775347,XC,2026-02-01,FEB,SUN,False,,PLY,1427,,BHM,1749,1749,0,1803,1806,3,282,DAR,2058,2112,14,True
202602016773526,XC,2026-02-01,FEB,SUN,False,,BRI,1800,1800,BHM,1919,1918,-1,1928,1929,1,124,DAR,2207,2159,1432,True
202602026774836,XC,2026-02-02,FEB,MON,False,,BHM,0600,0600,BHM,,,,0600,0600,0,0,DAR,0906,0904,-2,False
202602026774836,XC,2026-02-02,FEB,MON,False,,BHM,0600,0600,BHM,,,,0600,0600,0,0,DAR,0906,0904,-2,False
202602026774838,XC,2026-02-02,FEB,MON,False,895,BHM,0701,0702,BHM,,,,0701,0702,1,0,DAR,1006,1018,12,True
202602026774921,XC,2026-02-02,FEB,MON,False,,BRI,0635,0635,BHM,0755,0752,-3,0803,0803,0,124,DAR,1106,1111,5,True
202602026775328,XC,2026-02-02,FEB,MON,False,904,PLY,0620,0620,BHM,0954,0955,1,1003,1005,2,282,DAR,1306,1319,13,True
202602026775008,XC,2026-02-02,FEB,MON,False,,CDF,0945,0944,BHM,1149,1149,0,1203,1203,0,143,DAR,1506,1507,1,True
202602026775336,XC,2026-02-02,FEB,MON,False,825,PLY,1027,1026,BHM,1355,1353,-2,1403,1402,-1,282,DAR,1706,1748,42,True
202602026775339,XC,2026-02-02,FEB,MON,False,,PLY,1127,1126,BHM,1455,1457,2,1503,1503,0,282,DAR,1806,1817,11,True
202602026775343,XC,2026-02-02,FEB,MON,False,,PLY,1227,1227,BHM,1555,1555,0,1603,1603,0,282,DAR,1908,1913,5,True
202602026775345,XC,2026-02-02,FEB,MON,False,,PLY,1427,1426,BHM,1755,1753,-2,1803,1802,-1,282,DAR,2058,2057,-1,False
202602026775315,XC,2026-02-02,FEB,MON,False,,PLY,1527,1527,BHM,1854,1855,1,1903,1903,0,282,DAR,2212,2221,9,True
202602036774836,XC,2026-02-03,FEB,TUE,False,,BHM,0600,0600,BHM,,,,0600,0600,0,0,DAR,0906,0904,-2,False
202602036774836,XC,2026-02-03,FEB,TUE,False,,BHM,0600,0600,BHM,,,,0600,0600,0,0,DAR,0906,0904,-2,False
202602036774838,XC,2026-02-03,FEB,TUE,False,,BHM,0701,0704,BHM,,,,0701,0704,3,0,DAR,1006,1007,1,True
202602036774921,XC,2026-02-03,FEB,TUE,False,,BRI,0635,0637,BHM,0755,0753,-2,0803,0803,0,124,DAR,1106,1111,5,True
202602037966151,XC,2026-02-03,FEB,TUE,False,,BHM,1003,1003,BHM,,,,1003,1003,0,0,DAR,1306,1304,-2,False
202602036775008,XC,2026-02-03,FEB,TUE,False,650,CDF,0945,0945,BHM,1149,1149,0,1203,1215,12,143,DAR,1506,1530,24,True
202602036775336,XC,2026-02-03,FEB,TUE,False,887,PLY,1027,1026,BHM,1355,1406,11,1403,1412,9,282,DAR,1706,1730,24,True
202602036775339,XC,2026-02-03,FEB,TUE,False,,PLY,1127,1127,BHM,1455,1457,2,1503,1503,0,282,DAR,1806,1806,0,False
202602036775343,XC,2026-02-03,FEB,TUE,False,650,PLY,1227,,BHM,1555,1555,0,1603,1603,0,282,DAR,1908,1908,0,False
202602036775345,XC,2026-02-03,FEB,TUE,False,,PLY,1427,1426,BHM,1755,1754,-1,1803,1804,1,282,DAR,2058,2059,1,True
202602036775315,XC,2026-02-03,FEB,TUE,False,,PLY,1527,1526,BHM,1854,1855,1,1903,1903,0,282,DAR,2212,2213,1,True
202602046774836,XC,2026-02-04,FEB,WED,False,,BHM,0600,0600,BHM,,,,0600,0600,0,0,DAR,0906,0909,3,True
202602046774836,XC,2026-02-04,FEB,WED,False,,BHM,0600,0600,BHM,,,,0600,0600,0,0,DAR,0906,0909,3,True
202602046774838,XC,2026-02-04,FEB,WED,False,,BHM,0701,0701,BHM,,,,0701,0701,0,0,DAR,1006,1004,-2,False
202602046774921,XC,2026-02-04,FEB,WED,False,,BRI,0635,0635,BHM,0755,0752,-3,0803,0803,0,124,DAR,1106,1107,1,True
202602046775328,XC,2026-02-04,FEB,WED,False,572,PLY,0620,0620,BHM,0954,1006,12,1003,1015,12,282,DAR,1306,1322,16,True
202602046775008,XC,2026-02-04,FEB,WED,False,,CDF,0945,0945,BHM,1149,1153,4,1203,1203,0,143,DAR,1506,1502,-4,False
202602046775336,XC,2026-02-04,FEB,WED,False,,PLY,1027,1026,BHM,1355,1355,0,1403,1402,-1,282,DAR,1706,1725,19,True
202602046775339,XC,2026-02-04,FEB,WED,False,,PLY,1127,1127,BHM,1455,1457,2,1503,1503,0,282,DAR,1806,1805,-1,False
202602046775343,XC,2026-02-04,FEB,WED,False,,PLY,1227,1227,BHM,1555,1555,0,1603,1603,0,282,DAR,1908,1909,1,True
202602046775345,XC,2026-02-04,FEB,WED,False,895,PLY,1427,1427,BHM,1755,1827,32,1803,1831,28,282,DAR,2058,2142,44,True
202602046775315,XC,2026-02-04,FEB,WED,False,904,PLY,1527,1528,BHM,1854,1857,3,1903,1903,0,282,DAR,2212,2226,14,True
202602056774836,XC,2026-02-05,FEB,THU,False,547,BHM,0600,0600,BHM,,,,0600,0600,0,0,DAR,0906,0911,5,True
202602056774836,XC,2026-02-05,FEB,THU,False,547,BHM,0600,0600,BHM,,,,0600,0600,0,0,DAR,0906,0911,5,True
202602056774838,XC,2026-02-05,FEB,THU,False,841,BHM,0701,0701,BHM,,,,0701,0701,0,0,DAR,1006,1014,8,True
202602056774921,XC,2026-02-05,FEB,THU,False,,BRI,0635,0636,BHM,0755,0756,1,0803,0803,0,124,DAR,1106,1106,0,False
202602056775328,XC,2026-02-05,FEB,THU,False,,PLY,0620,0620,BHM,0954,0956,2,1003,1003,0,282,DAR,1306,1304,-2,False
202602056775008,XC,2026-02-05,FEB,THU,False,501,CDF,0945,0945,BHM,1149,1149,0,1203,1203,0,143,DAR,1506,1526,20,True
202602056775336,XC,2026-02-05,FEB,THU,False,,PLY,1027,1026,BHM,1355,1357,2,1403,1403,0,282,DAR,1706,1710,4,True
202602056775339,XC,2026-02-05,FEB,THU,False,832,PLY,1127,1126,BHM,1455,1507,12,1503,1516,13,282,DAR,1806,1817,11,True
202602056775343,XC,2026-02-05,FEB,THU,False,,PLY,1227,1226,BHM,1555,1600,5,1603,1605,2,282,DAR,1908,1908,0,False
202602056775345,XC,2026-02-05,FEB,THU,False,896,PLY,1427,1427,BHM,1755,1811,16,1803,1816,13,282,DAR,2058,2141,43,True
202602056775315,XC,2026-02-05,FEB,THU,False,887,PLY,1527,1526,BHM,1854,1902,8,1903,1910,7,282,DAR,2212,2218,6,True
202602066774836,XC,2026-02-06,FEB,FRI,False,,BHM,0600,0600,BHM,,,,0600,0600,0,0,DAR,0906,0913,7,True
202602066774836,XC,2026-02-06,FEB,FRI,False,,BHM,0600,0600,BHM,,,,0600,0600,0,0,DAR,0906,0913,7,True
202602066774838,XC,2026-02-06,FEB,FRI,False,,BHM,0701,0703,BHM,,,,0701,0703,2,0,DAR,1006,1004,-2,False
202602066774921,XC,2026-02-06,FEB,FRI,False,832,BRI,0635,0635,BHM,0755,0808,13,0803,0811,8,124,DAR,1106,1111,5,True
202602066775328,XC,2026-02-06,FEB,FRI,False,783,PLY,0620,0619,BHM,0954,1005,11,1003,1009,6,282,DAR,1306,1307,1,True
202602066775008,XC,2026-02-06,FEB,FRI,False,895,CDF,0945,0945,BHM,1149,1149,0,1203,1203,0,143,DAR,1506,1521,15,True
202602066775336,XC,2026-02-06,FEB,FRI,False,,PLY,1027,1026,BHM,1355,1354,-1,1403,1403,0,282,DAR,1706,1702,-4,False
202602066775339,XC,2026-02-06,FEB,FRI,False,832,PLY,1127,1126,BHM,1455,1524,29,1503,1527,24,282,DAR,1806,1839,33,True
202602066775343,XC,2026-02-06,FEB,FRI,False,657,PLY,1227,1226,BHM,1555,1559,4,1603,1603,0,282,DAR,1908,1912,4,True
202602066775345,XC,2026-02-06,FEB,FRI,False,904,PLY,1427,1427,BHM,1755,1757,2,1803,1803,0,282,DAR,2058,2113,15,True
202602066775315,XC,2026-02-06,FEB,FRI,True,526,PLY,1527,,BHM,1854,,,1903,,,282,DAR,2212,,,
202602076774837,XC,2026-02-07,FEB,SAT,False,,BHM,0603,0603,BHM,,,,0603,0603,0,0,DAR,0906,0902,-4,False
202602076774839,XC,2026-02-07,FEB,SAT,False,,BHM,0703,0707,BHM,,,,0703,0707,4,0,DAR,1008,1003,-5,False
202602076774920,XC,2026-02-07,FEB,SAT,False,,BRI,0615,0615,BHM,0755,0756,1,0803,0803,0,124,DAR,1106,1106,0,False
202602076775327,XC,2026-02-07,FEB,SAT,False,,PLY,0527,0527,BHM,0855,0852,-3,0903,0903,0,282,DAR,1206,1205,-1,False
202602076775329,XC,2026-02-07,FEB,SAT,False,,PLY,0627,0626,BHM,0955,0953,-2,1003,1002,-1,282,DAR,1306,1314,8,True
202602076775331,XC,2026-02-07,FEB,SAT,False,,PLY,0725,0725,BHM,1055,1055,0,1103,1102,-1,282,DAR,1406,1402,-4,False
202602076775332,XC,2026-02-07,FEB,SAT,False,543,PLY,0827,0826,BHM,1155,1225,30,1203,1229,26,282,DAR,1506,1517,11,True
202602076775335,XC,2026-02-07,FEB,SAT,False,,PLY,0927,0926,BHM,1255,1254,-1,1303,1303,0,282,DAR,1606,1604,-2,False
202602076775337,XC,2026-02-07,FEB,SAT,False,,PLY,1027,1027,BHM,1355,1409,14,1403,1412,9,282,DAR,1706,1705,-1,False
202602076775341,XC,2026-02-07,FEB,SAT,False,,PLY,1127,1127,BHM,1455,1452,-3,1503,1503,0,282,DAR,1806,1810,4,True
202602076775344,XC,2026-02-07,FEB,SAT,False,904,PLY,1227,1226,BHM,1555,1556,1,1603,1603,0,282,DAR,1908,1916,8,True
202602076775311,XC,2026-02-07,FEB,SAT,False,,PNZ,1115,1115,BHM,1655,1652,-3,1703,1703,0,365,DAR,2008,2012,4,True
202602076775346,XC,2026-02-07,FEB,SAT,False,,PLY,1427,1426,BHM,1755,1756,1,1803,1803,0,282,DAR,2057,2112,15,True
202602076775374,XC,2026-02-07,FEB,SAT,False,,BHM,1927,1929,BHM,,,,1927,1929,2,0,DAR,2155,2153,-2,False
202602086774840,XC,2026-02-08,FEB,SUN,False,,BHM,0903,0903,BHM,,,,0903,0903,0,0,DAR,1205,1204,-1,False
202602086774841,XC,2026-02-08,FEB,SUN,False,,BHM,1003,1003,BHM,,,,1003,1003,0,0,DAR,1305,1303,-2,False
202602086774922,XC,2026-02-08,FEB,SUN,False,547,BRI,0915,0915,BHM,1049,1051,2,1103,1103,0,124,DAR,1406,1416,10,True
202602086774923,XC,2026-02-08,FEB,SUN,False,576,BRI,1031,1031,BHM,1149,1149,0,1203,1203,0,124,DAR,1507,1509,2,True
202602086775333,XC,2026-02-08,FEB,SUN,False,,PLY,0927,,BHM,1249,1247,-2,1303,1305,2,282,DAR,1557,1556,-1,False
202602086775338,XC,2026-02-08,FEB,SUN,False,,PLY,1027,1026,BHM,1349,1350,1,1403,1402,-1,282,DAR,1705,1704,-1,False
202602086775340,XC,2026-02-08,FEB,SUN,False,,PLY,1127,,BHM,1449,1447,-2,1503,1504,1,282,DAR,1805,1808,3,True
202602086775342,XC,2026-02-08,FEB,SUN,False,,PLY,1227,1227,BHM,1549,1549,0,1603,1604,1,282,DAR,1901,1901,0,False
202602086775313,XC,2026-02-08,FEB,SUN,False,574,PLY,1327,1327,BHM,1649,1647,-2,1703,1704,1,282,DAR,2007,2022,15,True
202602086775347,XC,2026-02-08,FEB,SUN,False,,PLY,1427,1426,BHM,1749,1747,-2,1803,1803,0,282,DAR,2058,2058,0,False
202602086773526,XC,2026-02-08,FEB,SUN,False,,BRI,1800,1800,BHM,1918,1919,1,1928,1928,0,124,DAR,2207,2201,-6,False
202602096774836,XC,2026-02-09,FEB,MON,False,,BHM,0603,0603,BHM,,,,0603,0603,0,0,DAR,0906,0901,-5,False
202602096774838,XC,2026-02-09,FEB,MON,False,,BHM,0703,0703,BHM,,,,0703,0703,0,0,DAR,1006,1008,2,True
202602096774921,XC,2026-02-09,FEB,MON,False,,BRI,0635,0635,BHM,0755,0755,0,0803,0803,0,124,DAR,1106,1104,-2,False
202602096775326,XC,2026-02-09,FEB,MON,False,,PLY,0525,0525,BHM,0855,0853,-2,0903,0905,2,282,DAR,1206,1204,-2,False
202602096775328,XC,2026-02-09,FEB,MON,False,,PLY,0620,0620,BHM,0954,0952,-2,1003,1003,0,282,DAR,1306,1304,-2,False
202602096775330,XC,2026-02-09,FEB,MON,False,,PLY,0727,0727,BHM,1055,1052,-3,1103,1103,0,282,DAR,1407,1405,-2,False
202602096775008,XC,2026-02-09,FEB,MON,False,,CDF,0945,0945,BHM,1149,1151,2,1203,1203,0,143,DAR,1506,1502,-4,False
202602096775334,XC,2026-02-09,FEB,MON,False,895,PLY,0927,0926,BHM,1255,1307,12,1303,1312,9,282,DAR,1607,1605,-2,False
202602096775336,XC,2026-02-09,FEB,MON,False,535,PLY,1027,1026,BHM,1355,1428,33,1403,1431,28,282,DAR,1706,1726,20,True
202602096775339,XC,2026-02-09,FEB,MON,False,,PLY,1127,1127,BHM,1455,1506,11,1503,1510,7,282,DAR,1806,1805,-1,False
202602096775343,XC,2026-02-09,FEB,MON,False,,PLY,1227,1226,BHM,1555,1555,0,1603,1603,0,282,DAR,1908,1911,3,True
202602096775312,XC,2026-02-09,FEB,MON,False,,PNZ,1115,1115,BHM,1655,1658,3,1703,1703,0,365,DAR,2010,2011,1,True
202602096775345,XC,2026-02-09,FEB,MON,False,,PLY,1427,,BHM,1755,1757,2,1803,1803,0,282,DAR,2058,2058,0,False
202602096775315,XC,2026-02-09,FEB,MON,False,,PLY,1527,1539,BHM,1854,1916,22,1903,1922,19,282,DAR,2212,2225,13,True
202602106774836,XC,2026-02-10,FEB,TUE,False,,BHM,0603,0603,BHM,,,,0603,0603,0,0,DAR,0906,0905,-1,False
202602106774838,XC,2026-02-10,FEB,TUE,False,,BHM,0703,0703,BHM,,,,0703,0703,0,0,DAR,1006,1007,1,True
202602106774921,XC,2026-02-10,FEB,TUE,False,,BRI,0635,0635,BHM,0755,0750,-5,0803,0803,0,124,DAR,1106,1104,-2,False
202602106775326,XC,2026-02-10,FEB,TUE,False,574,PLY,0525,0526,BHM,0855,0855,0,0903,0903,0,282,DAR,1206,1218,12,True
202602106775328,XC,2026-02-10,FEB,TUE,False,,PLY,0620,0620,BHM,0954,0953,-1,1003,1003,0,282,DAR,1306,1304,-2,False
202602106775330,XC,2026-02-10,FEB,TUE,False,,PLY,0727,0726,BHM,1055,1052,-3,1103,1103,0,282,DAR,1407,1405,-2,False
202602106775008,XC,2026-02-10,FEB,TUE,False,650,CDF,0945,0945,BHM,1149,1149,0,1203,1226,23,143,DAR,1506,1531,25,True
202602106775334,XC,2026-02-10,FEB,TUE,False,,PLY,0927,0926,BHM,1255,1259,4,1303,1303,0,282,DAR,1607,1613,6,True
202602106775336,XC,2026-02-10,FEB,TUE,False,871,PLY,1027,1027,BHM,1355,1354,-1,1403,1403,0,282,DAR,1706,1721,15,True
202602106775339,XC,2026-02-10,FEB,TUE,False,,PLY,1127,1126,BHM,1455,1457,2,1503,1503,0,282,DAR,1806,1804,-2,False
202602106775343,XC,2026-02-10,FEB,TUE,False,871,PLY,1227,1226,BHM,1555,1556,1,1603,1603,0,282,DAR,1908,1925,17,True
202602106775312,XC,2026-02-10,FEB,TUE,False,,PNZ,1115,1115,BHM,1655,1656,1,1703,1703,0,365,DAR,2010,2005,-5,False
202602106775345,XC,2026-02-10,FEB,TUE,False,,PLY,1427,1426,BHM,1755,1759,4,1803,1804,1,282,DAR,2058,2058,0,False
202602106775315,XC,2026-02-10,FEB,TUE,False,,PLY,1527,1526,BHM,1854,1856,2,1903,1903,0,282,DAR,2212,2220,8,True
202602116774836,XC,2026-02-11,FEB,WED,False,,BHM,0603,0603,BHM,,,,0603,0603,0,0,DAR,0906,0914,8,True
202602116774838,XC,2026-02-11,FEB,WED,False,533,BHM,0703,0703,BHM,,,,0703,0703,0,0,DAR,1006,1042,36,True
202602116774921,XC,2026-02-11,FEB,WED,False,,BRI,0635,0634,BHM,0755,0756,1,0803,0803,0,124,DAR,1106,1105,-1,False
202602116775326,XC,2026-02-11,FEB,WED,False,,PLY,0525,0525,BHM,0855,0853,-2,0903,0903,0,282,DAR,1206,1207,1,True
202602116775328,XC,2026-02-11,FEB,WED,False,887,PLY,0620,0620,BHM,0954,0955,1,1003,1003,0,282,DAR,1306,1312,6,True
202602116775330,XC,2026-02-11,FEB,WED,False,,PLY,0727,0726,BHM,1055,1056,1,1103,1102,-1,282,DAR,1407,1406,-1,False
202602116775008,XC,2026-02-11,FEB,WED,False,,CDF,0945,0945,BHM,1149,1149,0,1203,1203,0,143,DAR,1506,1503,-3,False
202602116775334,XC,2026-02-11,FEB,WED,False,,PLY,0927,0927,BHM,1255,1253,-2,1303,1302,-1,282,DAR,1607,1605,-2,False
202602116775336,XC,2026-02-11,FEB,WED,False,,PLY,1027,1026,BHM,1355,1351,-4,1403,1409,6,282,DAR,1706,1705,-1,False
202602116775339,XC,2026-02-11,FEB,WED,False,,PLY,1127,1127,BHM,1455,1455,0,1503,1503,0,282,DAR,1806,1804,-2,False
202602116775343,XC,2026-02-11,FEB,WED,False,,PLY,1227,1227,BHM,1555,1556,1,1603,1603,0,282,DAR,1908,1906,-2,False
202602116775312,XC,2026-02-11,FEB,WED,False,,PNZ,1115,1118,BHM,1655,1659,4,1703,1704,1,365,DAR,2010,2015,5,True
202602116775345,XC,2026-02-11,FEB,WED,False,,PLY,1427,1427,BHM,1755,1752,-3,1803,1803,0,282,DAR,2058,2100,2,True
202602116775315,XC,2026-02-11,FEB,WED,False,,PLY,1527,1527,BHM,1854,1909,15,1903,1913,10,282,DAR,2212,2225,13,True
202602126774836,XC,2026-02-12,FEB,THU,False,576,BHM,0603,0615,BHM,,,,0603,0615,12,0,DAR,0906,0921,15,True
202602126774838,XC,2026-02-12,FEB,THU,False,,BHM,0703,0703,BHM,,,,0703,0703,0,0,DAR,1006,1008,2,True
202602126774921,XC,2026-02-12,FEB,THU,False,576,BRI,0635,0635,BHM,0755,0819,24,0803,0822,19,124,DAR,1106,1110,4,True
202602126775326,XC,2026-02-12,FEB,THU,False,579,PLY,0525,0525,BHM,0855,0904,9,0903,0908,5,282,DAR,1206,1223,17,True
202602126775328,XC,2026-02-12,FEB,THU,False,,PLY,0620,0620,BHM,0954,1005,11,1003,1010,7,282,DAR,1306,1322,16,True
202602126775330,XC,2026-02-12,FEB,THU,False,,PLY,0727,0727,BHM,1055,1100,5,1103,1106,3,282,DAR,1407,1413,6,True
202602126775008,XC,2026-02-12,FEB,THU,False,,CDF,0945,0945,BHM,1149,1148,-1,1203,1203,0,143,DAR,1506,1508,2,True
202602126775334,XC,2026-02-12,FEB,THU,False,776,PLY,0927,0927,BHM,1255,1254,-1,1303,1303,0,282,DAR,1607,1605,-2,False
202602126775336,XC,2026-02-12,FEB,THU,False,,PLY,1027,1026,BHM,1355,1352,-3,1403,1403,0,282,DAR,1706,1708,2,True
202602126775339,XC,2026-02-12,FEB,THU,False,,PLY,1127,1127,BHM,1455,1504,9,1503,1510,7,282,DAR,1806,1805,-1,False
202602126775343,XC,2026-02-12,FEB,THU,False,,PLY,1227,1227,BHM,1555,1559,4,1603,1604,1,282,DAR,1908,1902,-6,False
202602126775312,XC,2026-02-12,FEB,THU,True,576,PNZ,1115,,BHM,1655,,,1703,,,365,DAR,2010,,,
202602126775345,XC,2026-02-12,FEB,THU,False,,PLY,1427,1427,BHM,1755,1756,1,1803,1803,0,282,DAR,2058,2101,3,True
202602126775315,XC,2026-02-12,FEB,THU,False,,PLY,1527,1526,BHM,1854,1855,1,1903,1904,1,282,DAR,2212,2221,9,True
202602136774836,XC,2026-02-13,FEB,FRI,False,,BHM,0603,0604,BHM,,,,0603,0604,1,0,DAR,0906,0905,-1,False
202602136774838,XC,2026-02-13,FEB,FRI,False,832,BHM,0703,0703,BHM,,,,0703,0703,0,0,DAR,1006,1016,10,True
202602136774921,XC,2026-02-13,FEB,FRI,False,,BRI,0635,0635,BHM,0755,0756,1,0803,0803,0,124,DAR,1106,1117,11,True
202602136775326,XC,2026-02-13,FEB,FRI,False,,PLY,0525,0525,BHM,0855,0856,1,0903,0903,0,282,DAR,1206,1215,9,True
202602136775328,XC,2026-02-13,FEB,FRI,False,,PLY,0620,0620,BHM,0954,1002,8,1003,1005,2,282,DAR,1306,1316,10,True
202602136775330,XC,2026-02-13,FEB,FRI,False,,PLY,0727,0727,BHM,1055,1054,-1,1103,1103,0,282,DAR,1407,1412,5,True
202602136775008,XC,2026-02-13,FEB,FRI,False,,CDF,0945,0945,BHM,1149,1149,0,1203,1203,0,143,DAR,1506,1505,-1,False
202602136775334,XC,2026-02-13,FEB,FRI,False,,PLY,0927,0926,BHM,1255,1254,-1,1303,1303,0,282,DAR,1607,1607,0,False
202602136775336,XC,2026-02-13,FEB,FRI,False,,PLY,1027,1026,BHM,1355,1359,4,1403,1404,1,282,DAR,1706,1706,0,False
202602136775339,XC,2026-02-13,FEB,FRI,False,,PLY,1127,1126,BHM,1455,1458,3,1503,1503,0,282,DAR,1806,1803,-3,False
202602136775343,XC,2026-02-13,FEB,FRI,False,,PLY,1227,1226,BHM,1555,1557,2,1603,1603,0,282,DAR,1908,1910,2,True
202602136775312,XC,2026-02-13,FEB,FRI,False,832,PNZ,1115,1115,BHM,1655,1700,5,1703,1704,1,365,DAR,2010,2006,-4,False
202602136775345,XC,2026-02-13,FEB,FRI,False,,PLY,1427,1427,BHM,1755,1802,7,1803,1805,2,282,DAR,2058,2113,15,True
202602136775315,XC,2026-02-13,FEB,FRI,False,,PLY,1527,1527,BHM,1854,1904,10,1903,1909,6,282,DAR,2212,2213,1,True
202602146774837,XC,2026-02-14,FEB,SAT,False,,BHM,0603,0603,BHM,,,,0603,0603,0,0,DAR,0906,0906,0,False
202602146774839,XC,2026-02-14,FEB,SAT,False,896,BHM,0703,0811,BHM,,,,0703,0811,68,0,DAR,1008,1054,46,True
202602146774920,XC,2026-02-14,FEB,SAT,False,896,BRI,0615,0619,BHM,0755,0751,-4,0803,0818,15,124,DAR,1106,1109,3,True
202602146775327,XC,2026-02-14,FEB,SAT,False,896,PLY,0527,0527,BHM,0855,0854,-1,0903,0932,29,282,DAR,1206,1242,36,True
202602146775329,XC,2026-02-14,FEB,SAT,False,832,PLY,0627,0627,BHM,0955,0954,-1,1003,1002,-1,282,DAR,1306,1305,-1,False
202602146775331,XC,2026-02-14,FEB,SAT,False,,PLY,0725,0725,BHM,1055,1056,1,1103,1105,2,282,DAR,1406,1408,2,True
202602146775332,XC,2026-02-14,FEB,SAT,False,,PLY,0827,0827,BHM,1155,1155,0,1203,1204,1,282,DAR,1506,1510,4,True
202602146775335,XC,2026-02-14,FEB,SAT,False,,PLY,0927,0926,BHM,1255,1256,1,1303,1303,0,282,DAR,1606,1605,-1,False
202602146775337,XC,2026-02-14,FEB,SAT,False,,PLY,1027,1027,BHM,1355,1356,1,1403,1403,0,282,DAR,1706,1713,7,True
202602146775341,XC,2026-02-14,FEB,SAT,False,904,PLY,1127,1126,BHM,1455,1453,-2,1503,1513,10,282,DAR,1806,1824,18,True
202602146775344,XC,2026-02-14,FEB,SAT,False,896,PLY,1227,1227,BHM,1555,1634,39,1603,1641,38,282,DAR,1908,1921,13,True
202602146775311,XC,2026-02-14,FEB,SAT,False,705,PNZ,1115,1119,BHM,1655,1718,23,1703,1721,18,365,DAR,2008,2010,2,True
202602146775346,XC,2026-02-14,FEB,SAT,False,,PLY,1427,1427,BHM,1755,1811,16,1803,1820,17,282,DAR,2057,2059,2,True
202602156774840,XC,2026-02-15,FEB,SUN,False,,BHM,0903,0910,BHM,,,,0903,0910,7,0,DAR,1205,1205,0,False
202602156774841,XC,2026-02-15,FEB,SUN,False,,BHM,1003,1003,BHM,,,,1003,1003,0,0,DAR,1305,1303,-2,False
202602156774922,XC,2026-02-15,FEB,SUN,False,812,BRI,0915,0915,BHM,1049,1055,6,1103,1105,2,124,DAR,1406,1408,2,True
202602156774923,XC,2026-02-15,FEB,SUN,False,895,BRI,1031,1031,BHM,1149,1149,0,1203,1213,10,124,DAR,1507,1505,-2,False
202602156775333,XC,2026-02-15,FEB,SUN,False,,PLY,0927,0927,BHM,1249,1249,0,1303,1303,0,282,DAR,1557,1556,-1,False
202602156775338,XC,2026-02-15,FEB,SUN,False,908,PLY,1027,1026,BHM,1349,1354,5,1403,1407,4,282,DAR,1705,1703,-2,False
202602156775340,XC,2026-02-15,FEB,SUN,False,,PLY,1127,1127,BHM,1449,1446,-3,1503,1505,2,282,DAR,1805,1807,2,True
202602156775342,XC,2026-02-15,FEB,SUN,False,,PLY,1227,,BHM,1549,1549,0,1603,1603,0,282,DAR,1901,1921,20,True
202602156775313,XC,2026-02-15,FEB,SUN,False,,PLY,1327,1327,BHM,1649,1648,-1,1703,1703,0,282,DAR,2007,2002,-5,False
202602156775347,XC,2026-02-15,FEB,SUN,False,895,PLY,1427,,BHM,1749,1748,-1,1803,1805,2,282,DAR,2058,2058,0,False
202602156773526,XC,2026-02-15,FEB,SUN,False,904,RDG,1742,1742,BHM,1918,1929,11,1928,1934,6,130,DAR,2207,2233,26,True
202602166774836,XC,2026-02-16,FEB,MON,False,574,BHM,0603,0604,BHM,,,,0603,0604,1,0,DAR,0906,0914,8,True
202602166774838,XC,2026-02-16,FEB,MON,False,,BHM,0703,0703,BHM,,,,0703,0703,0,0,DAR,1006,1005,-1,False
202602166774921,XC,2026-02-16,FEB,MON,False,,BRI,0635,0635,BHM,0755,0752,-3,0803,0803,0,124,DAR,1106,1115,9,True
202602166775326,XC,2026-02-16,FEB,MON,False,681,PLY,0525,0525,BHM,0855,0951,56,0903,0955,52,282,DAR,1206,1252,46,True
202602166775328,XC,2026-02-16,FEB,MON,False,681,PLY,0620,0620,BHM,0954,1031,37,1003,1036,33,282,DAR,1306,1326,20,True
202602166775330,XC,2026-02-16,FEB,MON,False,,PLY,0727,0727,BHM,1055,1055,0,1103,1103,0,282,DAR,1407,1415,8,True
202602166775008,XC,2026-02-16,FEB,MON,False,,CDF,0945,0945,BHM,1149,1155,6,1203,1210,7,143,DAR,1506,1511,5,True
202602166775334,XC,2026-02-16,FEB,MON,False,,PLY,0927,0927,BHM,1255,1257,2,1303,1303,0,282,DAR,1607,1612,5,True
202602166775336,XC,2026-02-16,FEB,MON,False,,PLY,1027,1027,BHM,1355,1355,0,1403,1403,0,282,DAR,1706,1709,3,True
202602166775339,XC,2026-02-16,FEB,MON,False,,PLY,1127,1130,BHM,1455,1505,10,1503,1509,6,282,DAR,1806,1807,1,True
202602166775343,XC,2026-02-16,FEB,MON,False,,PLY,1227,1226,BHM,1555,1552,-3,1603,1603,0,282,DAR,1908,1906,-2,False
202602166775312,XC,2026-02-16,FEB,MON,False,,PNZ,1115,1115,BHM,1655,1653,-2,1703,1703,0,365,DAR,2010,2010,0,False
202602166775345,XC,2026-02-16,FEB,MON,False,,PLY,1427,1426,BHM,1755,1757,2,1803,1806,3,282,DAR,2058,2120,22,True
202602166775315,XC,2026-02-16,FEB,MON,False,,PLY,1527,1527,BHM,1854,1853,-1,1903,1903,0,282,DAR,2212,2219,7,True
202602176774836,XC,2026-02-17,FEB,TUE,False,,BHM,0603,0602,BHM,,,,0603,0602,-1,0,DAR,0906,0906,0,False
202602176774838,XC,2026-02-17,FEB,TUE,False,,BHM,0703,0703,BHM,,,,0703,0703,0,0,DAR,1006,1012,6,True
202602176774921,XC,2026-02-17,FEB,TUE,False,,BRI,0635,0635,BHM,0755,0751,-4,0803,0803,0,124,DAR,1106,1109,3,True
202602176775326,XC,2026-02-17,FEB,TUE,False,,PLY,0525,0525,BHM,0855,0854,-1,0903,0903,0,282,DAR,1206,1208,2,True
202602176775328,XC,2026-02-17,FEB,TUE,False,,PLY,0620,0619,BHM,0954,0954,0,1003,1003,0,282,DAR,1306,1305,-1,False
202602176775330,XC,2026-02-17,FEB,TUE,False,871,PLY,0727,0726,BHM,1055,1054,-1,1103,1103,0,282,DAR,1407,1409,2,True
202602176775008,XC,2026-02-17,FEB,TUE,False,,CDF,0945,0945,BHM,1149,1149,0,1203,1203,0,143,DAR,1506,1509,3,True
202602176775334,XC,2026-02-17,FEB,TUE,False,,PLY,0927,0927,BHM,1255,1254,-1,1303,1303,0,282,DAR,1607,1605,-2,False
202602176775336,XC,2026-02-17,FEB,TUE,False,,PLY,1027,1027,BHM,1355,1352,-3,1403,1403,0,282,DAR,1706,1705,-1,False
202602176775339,XC,2026-02-17,FEB,TUE,False,,PLY,1127,1126,BHM,1455,1451,-4,1503,1503,0,282,DAR,1806,1804,-2,False
202602176775343,XC,2026-02-17,FEB,TUE,False,895,PLY,1227,1227,BHM,1555,1552,-3,1603,1603,0,282,DAR,1908,1908,0,False
202602176775312,XC,2026-02-17,FEB,TUE,False,887,PNZ,1115,1115,BHM,1655,1653,-2,1703,1703,0,365,DAR,2010,2014,4,True
202602177968485,XC,2026-02-17,FEB,TUE,False,,BHM,1803,1809,BHM,,,,1803,1809,6,0,DAR,2058,2101,3,True
202602176775315,XC,2026-02-17,FEB,TUE,False,,PLY,1527,1526,BHM,1854,1908,14,1903,1912,9,282,DAR,2212,2213,1,True
202602186774836,XC,2026-02-18,FEB,WED,False,,BHM,0603,0603,BHM,,,,0603,0603,0,0,DAR,0906,0905,-1,False
202602186774838,XC,2026-02-18,FEB,WED,False,,BHM,0703,0703,BHM,,,,0703,0703,0,0,DAR,1006,1009,3,True
202602186774921,XC,2026-02-18,FEB,WED,False,501,BRI,0635,0635,BHM,0755,0754,-1,0803,0803,0,124,DAR,1106,1126,20,True
202602186775326,XC,2026-02-18,FEB,WED,False,,PLY,0525,0524,BHM,0855,0857,2,0903,0903,0,282,DAR,1206,1204,-2,False
202602186775328,XC,2026-02-18,FEB,WED,False,,PLY,0620,0620,BHM,0954,0953,-1,1003,1003,0,282,DAR,1306,1309,3,True
202602186775330,XC,2026-02-18,FEB,WED,False,,PLY,0727,0727,BHM,1055,1053,-2,1103,1103,0,282,DAR,1407,1405,-2,False
202602186775008,XC,2026-02-18,FEB,WED,False,,CDF,0945,0945,BHM,1149,1152,3,1203,1203,0,143,DAR,1506,1502,-4,False
202602186775334,XC,2026-02-18,FEB,WED,False,,PLY,0927,0926,BHM,1255,1254,-1,1303,1306,3,282,DAR,1607,1604,-3,False
202602186775336,XC,2026-02-18,FEB,WED,False,,PLY,1027,1026,BHM,1355,1355,0,1403,1402,-1,282,DAR,1706,1705,-1,False
202602186775339,XC,2026-02-18,FEB,WED,False,,PLY,1127,1126,BHM,1455,1456,1,1503,1503,0,282,DAR,1806,1809,3,True
202602186775343,XC,2026-02-18,FEB,WED,False,,PLY,1227,1227,BHM,1555,1558,3,1603,1604,1,282,DAR,1908,1912,4,True
202602186775312,XC,2026-02-18,FEB,WED,False,,PNZ,1115,1115,BHM,1655,1657,2,1703,1703,0,365,DAR,2010,2011,1,True
202602186775345,XC,2026-02-18,FEB,WED,False,,PLY,1427,1426,BHM,1755,1755,0,1803,1803,0,282,DAR,2058,2109,11,True
202602186775315,XC,2026-02-18,FEB,WED,False,,PLY,1527,1526,BHM,1854,1853,-1,1903,1903,0,282,DAR,2212,2216,4,True
202602196774836,XC,2026-02-19,FEB,THU,False,,BHM,0603,0603,BHM,,,,0603,0603,0,0,DAR,0906,0908,2,True
202602196774838,XC,2026-02-19,FEB,THU,False,,BHM,0703,0703,BHM,,,,0703,0703,0,0,DAR,1006,1004,-2,False
202602196774921,XC,2026-02-19,FEB,THU,False,,BRI,0635,0635,BHM,0755,0752,-3,0803,0803,0,124,DAR,1106,1109,3,True
202602196775326,XC,2026-02-19,FEB,THU,False,,PLY,0525,0525,BHM,0855,0852,-3,0903,0904,1,282,DAR,1206,1205,-1,False
202602196775328,XC,2026-02-19,FEB,THU,False,,PLY,0620,0620,BHM,0954,0958,4,1003,1003,0,282,DAR,1306,1304,-2,False
202602196775330,XC,2026-02-19,FEB,THU,False,,PLY,0727,0726,BHM,1055,1053,-2,1103,1103,0,282,DAR,1407,1407,0,False
202602196775008,XC,2026-02-19,FEB,THU,False,,CDF,0945,0946,BHM,1149,1150,1,1203,1203,0,143,DAR,1506,1509,3,True
202602196775334,XC,2026-02-19,FEB,THU,False,,PLY,0927,0926,BHM,1255,1253,-2,1303,1303,0,282,DAR,1607,1605,-2,False
202602196775336,XC,2026-02-19,FEB,THU,False,,PLY,1027,1027,BHM,1355,1354,-1,1403,1403,0,282,DAR,1706,1705,-1,False
202602196775339,XC,2026-02-19,FEB,THU,False,,PLY,1127,1127,BHM,1455,1455,0,1503,1503,0,282,DAR,1806,1804,-2,False
202602196775343,XC,2026-02-19,FEB,THU,False,,PLY,1227,1226,BHM,1555,1556,1,1603,1603,0,282,DAR,1908,1903,-5,False
202602196775312,XC,2026-02-19,FEB,THU,False,,PNZ,1115,1115,BHM,1655,1655,0,1703,1703,0,365,DAR,2010,2008,-2,False
202602196775345,XC,2026-02-19,FEB,THU,False,,PLY,1427,1427,BHM,1755,1755,0,1803,1803,0,282,DAR,2058,2101,3,True
202602196775315,XC,2026-02-19,FEB,THU,False,,PLY,1527,1527,BHM,1854,1859,5,1903,1905,2,282,DAR,2212,2211,-1,False
202602206774836,XC,2026-02-20,FEB,FRI,False,,BHM,0603,0603,BHM,,,,0603,0603,0,0,DAR,0906,0905,-1,False
202602206774838,XC,2026-02-20,FEB,FRI,False,,BHM,0703,0703,BHM,,,,0703,0703,0,0,DAR,1006,1004,-2,False
202602206774921,XC,2026-02-20,FEB,FRI,False,,BRI,0635,0635,BHM,0755,0751,-4,0803,0803,0,124,DAR,1106,1106,0,False
202602206775326,XC,2026-02-20,FEB,FRI,False,,PLY,0525,0525,BHM,0855,0857,2,0903,0903,0,282,DAR,1206,1204,-2,False
202602206775328,XC,2026-02-20,FEB,FRI,False,,PLY,0620,0620,BHM,0954,0956,2,1003,1003,0,282,DAR,1306,1308,2,True
202602206775330,XC,2026-02-20,FEB,FRI,False,,PLY,0727,0727,BHM,1055,1055,0,1103,1103,0,282,DAR,1407,1408,1,True
202602206775008,XC,2026-02-20,FEB,FRI,False,894,CDF,0945,0945,BHM,1149,1149,0,1203,1203,0,143,DAR,1506,1511,5,True
202602206775334,XC,2026-02-20,FEB,FRI,False,,PLY,0927,0926,BHM,1255,1253,-2,1303,1302,-1,282,DAR,1607,1606,-1,False
202602206775336,XC,2026-02-20,FEB,FRI,False,,PLY,1027,1027,BHM,1355,1354,-1,1403,1403,0,282,DAR,1706,1706,0,False
202602206775339,XC,2026-02-20,FEB,FRI,False,,PLY,1127,1126,BHM,1455,1454,-1,1503,1503,0,282,DAR,1806,1809,3,True
202602206775343,XC,2026-02-20,FEB,FRI,False,,PLY,1227,1227,BHM,1555,1608,13,1603,1614,11,282,DAR,1908,1906,-2,False
202602206775312,XC,2026-02-20,FEB,FRI,False,,PNZ,1115,1115,BHM,1655,1702,7,1703,1710,7,365,DAR,2010,2019,9,True
202602206775345,XC,2026-02-20,FEB,FRI,False,,PLY,1427,1426,BHM,1755,1759,4,1803,1804,1,282,DAR,2058,2057,-1,False
202602206775315,XC,2026-02-20,FEB,FRI,False,826,PLY,1527,1527,BHM,1854,1925,31,1903,1929,26,282,DAR,2212,2249,37,True
202602216774837,XC,2026-02-21,FEB,SAT,False,,BHM,0603,0603,BHM,,,,0603,0603,0,0,DAR,0906,0907,1,True
202602216774839,XC,2026-02-21,FEB,SAT,False,,BHM,0703,0702,BHM,,,,0703,0702,-1,0,DAR,1008,1007,-1,False
202602216774920,XC,2026-02-21,FEB,SAT,False,887,BRI,0615,0615,BHM,0755,0755,0,0803,0808,5,124,DAR,1106,1104,-2,False
202602216775327,XC,2026-02-21,FEB,SAT,True,501,PLY,0502,,BHM,0855,,,0903,,,282,DAR,1206,,,
202602216775329,XC,2026-02-21,FEB,SAT,False,,EXD,0727,0727,BHM,0955,0952,-3,1003,1002,-1,225,DAR,1306,1305,-1,False
202602216775331,XC,2026-02-21,FEB,SAT,False,,EXD,0827,0827,BHM,1055,1054,-1,1103,1102,-1,225,DAR,1406,1402,-4,False
202602216775332,XC,2026-02-21,FEB,SAT,False,,EXD,0927,0927,BHM,1155,1157,2,1203,1203,0,225,DAR,1506,1501,-5,False
202602216775335,XC,2026-02-21,FEB,SAT,False,,EXD,1027,1029,BHM,1255,1254,-1,1303,1302,-1,225,DAR,1606,1613,7,True
202602216775337,XC,2026-02-21,FEB,SAT,False,,EXD,1127,1127,BHM,1355,1354,-1,1403,1402,-1,225,DAR,1706,1706,0,False
202602216775341,XC,2026-02-21,FEB,SAT,False,,EXD,1227,1226,BHM,1455,1455,0,1503,1510,7,225,DAR,1806,1802,-4,False
202602216775344,XC,2026-02-21,FEB,SAT,False,,EXD,1327,1327,BHM,1555,1554,-1,1603,1603,0,225,DAR,1908,1903,-5,False
202602216775311,XC,2026-02-21,FEB,SAT,False,,EXD,1427,1427,BHM,1655,1655,0,1703,1702,-1,225,DAR,2008,2004,-4,False
202602216775346,XC,2026-02-21,FEB,SAT,False,,EXD,1527,1526,BHM,1755,1800,5,1803,1804,1,225,DAR,2057,2057,0,False
202602226774840,XC,2026-02-22,FEB,SUN,False,,BHM,0903,0903,BHM,,,,0903,0903,0,0,DAR,1205,1204,-1,False
202602226774841,XC,2026-02-22,FEB,SUN,False,547,BHM,1003,1002,BHM,,,,1003,1002,-1,0,DAR,1305,1325,20,True
202602226774922,XC,2026-02-22,FEB,SUN,False,685,BRI,0915,0915,BHM,1049,1106,17,1103,1113,10,124,DAR,1406,1405,-1,False
202602226774923,XC,2026-02-22,FEB,SUN,False,576,BRI,1031,,BHM,,,,1203,1203,0,124,DAR,1507,1506,-1,False
202602226775333,XC,2026-02-22,FEB,SUN,False,507,EXD,1027,1027,BHM,1249,1254,5,1303,1316,13,225,DAR,1557,1556,-1,False
202602226775338,XC,2026-02-22,FEB,SUN,False,573,EXD,1127,1127,BHM,1349,1446,57,1403,1455,52,225,DAR,1705,1739,34,True
202602226775340,XC,2026-02-22,FEB,SUN,False,913,EXD,1227,1227,BHM,1449,1509,20,1503,1518,15,225,DAR,1805,1805,0,False
202602226775342,XC,2026-02-22,FEB,SUN,False,,EXD,1327,1326,BHM,1549,1552,3,1603,1603,0,225,DAR,1901,1900,-1,False
202602226775313,XC,2026-02-22,FEB,SUN,False,,EXD,1427,,BHM,1649,1649,0,1703,1705,2,225,DAR,2007,2006,-1,False
202602226775347,XC,2026-02-22,FEB,SUN,False,,EXD,1527,1526,BHM,1749,1753,4,1803,1803,0,225,DAR,2058,2058,0,False
202602226773526,XC,2026-02-22,FEB,SUN,False,,RDG,1742,1742,BHM,1918,1929,11,1928,1934,6,130,DAR,2207,2209,2,True
202602236774836,XC,2026-02-23,FEB,MON,False,,BHM,0603,0603,BHM,,,,0603,0603,0,0,DAR,0906,0904,-2,False
202602236774838,XC,2026-02-23,FEB,MON,False,,BHM,0703,0703,BHM,,,,0703,0703,0,0,DAR,1006,1005,-1,False
202602236774921,XC,2026-02-23,FEB,MON,False,,BRI,0635,0635,BHM,0755,0752,-3,0803,0802,-1,124,DAR,1106,1105,-1,False
202602236775326,XC,2026-02-23,FEB,MON,False,576,EXD,0625,0625,BHM,0855,0856,1,0903,0903,0,225,DAR,1206,1204,-2,False
202602236775328,XC,2026-02-23,FEB,MON,False,576,EXD,0720,0720,BHM,0954,0953,-1,1003,1003,0,225,DAR,1306,1310,4,True
202602236775330,XC,2026-02-23,FEB,MON,False,,EXD,0827,0827,BHM,1055,1053,-2,1103,1103,0,225,DAR,1407,1408,1,True
202602236775008,XC,2026-02-23,FEB,MON,False,,CDF,0945,0945,BHM,1149,1149,0,1203,1203,0,143,DAR,1506,1504,-2,False
202602236775334,XC,2026-02-23,FEB,MON,False,574,EXD,1027,1027,BHM,1255,1322,27,1303,1328,25,225,DAR,1607,1609,2,True
202602236775336,XC,2026-02-23,FEB,MON,False,,EXD,1127,1127,BHM,1355,1351,-4,1403,1403,0,225,DAR,1706,1704,-2,False
202602236775339,XC,2026-02-23,FEB,MON,False,,EXD,1227,1227,BHM,1455,1456,1,1503,1503,0,225,DAR,1806,1801,-5,False
202602236775343,XC,2026-02-23,FEB,MON,False,648,EXD,1327,1329,BHM,1555,1558,3,1603,1603,0,225,DAR,1908,1921,13,True
202602236775312,XC,2026-02-23,FEB,MON,False,904,EXD,1427,1426,BHM,1655,1720,25,1703,1726,23,225,DAR,2010,2024,14,True
202602236775345,XC,2026-02-23,FEB,MON,False,,EXD,1527,1527,BHM,1755,1753,-2,1803,1803,0,225,DAR,2058,2109,11,True
202602236775315,XC,2026-02-23,FEB,MON,False,657,EXD,1627,1627,BHM,1854,1927,33,1903,1932,29,225,DAR,2212,2220,8,True
202602246774836,XC,2026-02-24,FEB,TUE,False,,BHM,0603,0603,BHM,,,,0603,0603,0,0,DAR,0906,0903,-3,False
202602246774838,XC,2026-02-24,FEB,TUE,False,832,BHM,0703,0703,BHM,,,,0703,0703,0,0,DAR,1006,1014,8,True
202602246774921,XC,2026-02-24,FEB,TUE,False,,BRI,0635,0635,BHM,0755,0752,-3,0803,0803,0,124,DAR,1106,1106,0,False
202602246775326,XC,2026-02-24,FEB,TUE,False,576,EXD,0625,0625,BHM,0855,0854,-1,0903,0902,-1,225,DAR,1206,1233,27,True
202602246775328,XC,2026-02-24,FEB,TUE,False,,EXD,0720,0720,BHM,0954,0953,-1,1003,1002,-1,225,DAR,1306,1305,-1,False
202602246775330,XC,2026-02-24,FEB,TUE,False,,EXD,0827,0828,BHM,1055,1053,-2,1103,1102,-1,225,DAR,1407,1402,-5,False
202602246775008,XC,2026-02-24,FEB,TUE,False,576,CDF,0945,0945,BHM,1149,1149,0,1203,1203,0,143,DAR,1506,1528,22,True
202602246775334,XC,2026-02-24,FEB,TUE,False,,EXD,1027,1027,BHM,1255,1252,-3,1303,1302,-1,225,DAR,1607,1611,4,True
202602246775336,XC,2026-02-24,FEB,TUE,False,895,EXD,1127,1127,BHM,1355,1354,-1,1403,1403,0,225,DAR,1706,1716,10,True
202602246775339,XC,2026-02-24,FEB,TUE,False,,EXD,1227,1227,BHM,1455,1455,0,1503,1503,0,225,DAR,1806,1805,-1,False
202602246775343,XC,2026-02-24,FEB,TUE,False,,EXD,1327,1327,BHM,1555,1555,0,1603,1603,0,225,DAR,1908,1909,1,True
202602246775312,XC,2026-02-24,FEB,TUE,False,,EXD,1427,1426,BHM,1655,1656,1,1703,1703,0,225,DAR,2010,2009,-1,False
202602246775345,XC,2026-02-24,FEB,TUE,False,774,EXD,1527,1527,BHM,1755,1755,0,1803,1803,0,225,DAR,2058,2135,37,True
202602256774836,XC,2026-02-25,FEB,WED,False,,BHM,0603,0603,BHM,,,,0603,0603,0,0,DAR,0906,0923,17,True
202602256774838,XC,2026-02-25,FEB,WED,False,904,BHM,0703,0703,BHM,,,,0703,0703,0,0,DAR,1006,1008,2,True
202602256774921,XC,2026-02-25,FEB,WED,False,,BRI,0635,0635,BHM,0755,0752,-3,0803,0803,0,124,DAR,1106,1103,-3,False
202602256775326,XC,2026-02-25,FEB,WED,False,895,EXD,0625,0625,BHM,0855,0854,-1,0903,0903,0,225,DAR,1206,1213,7,True
202602256775328,XC,2026-02-25,FEB,WED,False,,EXD,0720,0720,BHM,0954,0956,2,1003,1003,0,225,DAR,1306,1304,-2,False
202602256775330,XC,2026-02-25,FEB,WED,False,,EXD,0827,0827,BHM,1055,1055,0,1103,1103,0,225,DAR,1407,1417,10,True
202602256775008,XC,2026-02-25,FEB,WED,False,,CDF,0945,0945,BHM,1149,1148,-1,1203,1203,0,143,DAR,1506,1510,4,True
202602256775334,XC,2026-02-25,FEB,WED,False,,EXD,1027,1027,BHM,1255,1252,-3,1303,1303,0,225,DAR,1607,1605,-2,False
202602256775336,XC,2026-02-25,FEB,WED,False,,EXD,1127,1127,BHM,1355,1352,-3,1403,1402,-1,225,DAR,1706,1705,-1,False
202602256775339,XC,2026-02-25,FEB,WED,False,,EXD,1227,1227,BHM,1455,1455,0,1503,1503,0,225,DAR,1806,1804,-2,False
202602256775343,XC,2026-02-25,FEB,WED,False,,EXD,1327,1326,BHM,1555,1556,1,1603,1603,0,225,DAR,1908,1909,1,True
202602256775312,XC,2026-02-25,FEB,WED,False,,EXD,1427,1426,BHM,1655,1655,0,1703,1703,0,225,DAR,2010,2009,-1,False
202602256775345,XC,2026-02-25,FEB,WED,False,,EXD,1527,1526,BHM,1755,1759,4,1803,1804,1,225,DAR,2058,2058,0,False
202602256775315,XC,2026-02-25,FEB,WED,False,,EXD,1627,1626,BHM,1854,1857,3,1903,1903,0,225,DAR,2212,2214,2,True
202602266774836,XC,2026-02-26,FEB,THU,False,,BHM,0603,0603,BHM,,,,0603,0603,0,0,DAR,0906,0904,-2,False
202602266774838,XC,2026-02-26,FEB,THU,False,,BHM,0703,0703,BHM,,,,0703,0703,0,0,DAR,1006,1004,-2,False
202602266774921,XC,2026-02-26,FEB,THU,False,,BRI,0635,0635,BHM,0755,0750,-5,0803,0803,0,124,DAR,1106,1105,-1,False
202602266775326,XC,2026-02-26,FEB,THU,False,,EXD,0625,0626,BHM,0855,0854,-1,0903,0904,1,225,DAR,1206,1204,-2,False
202602266775328,XC,2026-02-26,FEB,THU,False,547,EXD,0720,0720,BHM,0954,1006,12,1003,1010,7,225,DAR,1306,1313,7,True
202602266775330,XC,2026-02-26,FEB,THU,False,,EXD,0827,0831,BHM,1055,1053,-2,1103,1103,0,225,DAR,1407,1405,-2,False
202602266775008,XC,2026-02-26,FEB,THU,False,871,CDF,0945,0945,BHM,1149,1148,-1,1203,1203,0,143,DAR,1506,1514,8,True
202602266775334,XC,2026-02-26,FEB,THU,False,,EXD,1027,1027,BHM,1255,1252,-3,1303,1303,0,225,DAR,1607,1606,-1,False
202602266775336,XC,2026-02-26,FEB,THU,False,,EXD,1127,1127,BHM,1355,1355,0,1403,1403,0,225,DAR,1706,1706,0,False
202602266775339,XC,2026-02-26,FEB,THU,False,,EXD,1227,1227,BHM,1455,1456,1,1503,1503,0,225,DAR,1806,1805,-1,False
202602266775343,XC,2026-02-26,FEB,THU,False,,EXD,1327,1326,BHM,1555,1555,0,1603,1603,0,225,DAR,1908,1910,2,True
202602266775312,XC,2026-02-26,FEB,THU,False,,EXD,1427,1426,BHM,1655,1655,0,1703,1703,0,225,DAR,2010,2008,-2,False
202602266775345,XC,2026-02-26,FEB,THU,False,,EXD,1527,1527,BHM,1755,1754,-1,1803,1803,0,225,DAR,2058,2058,0,False
202602266775315,XC,2026-02-26,FEB,THU,False,,EXD,1627,1627,BHM,1854,1851,-3,1903,1903,0,225,DAR,2212,2211,-1,False
202602276774836,XC,2026-02-27,FEB,FRI,False,,BHM,0603,0603,BHM,,,,0603,0603,0,0,DAR,0906,0904,-2,False
202602276774838,XC,2026-02-27,FEB,FRI,False,,BHM,0703,0704,BHM,,,,0703,0704,1,0,DAR,1006,1004,-2,False
202602276774921,XC,2026-02-27,FEB,FRI,False,,BRI,0635,0635,BHM,0755,0756,1,0803,0803,0,124,DAR,1106,1104,-2,False
202602276775326,XC,2026-02-27,FEB,FRI,False,,EXD,0625,0624,BHM,0855,0855,0,0903,0902,-1,225,DAR,1206,1206,0,False
202602276775328,XC,2026-02-27,FEB,FRI,False,,EXD,0720,0720,BHM,0954,0954,0,1003,1002,-1,225,DAR,1306,1306,0,False
202602276775330,XC,2026-02-27,FEB,FRI,False,,EXD,0827,0827,BHM,1055,1053,-2,1103,1104,1,225,DAR,1407,1405,-2,False
202602276775008,XC,2026-02-27,FEB,FRI,False,,CDF,0945,0945,BHM,1149,1149,0,1203,1204,1,143,DAR,1506,1508,2,True
202602276775334,XC,2026-02-27,FEB,FRI,False,,EXD,1027,1030,BHM,1255,1304,9,1303,1308,5,225,DAR,1607,1605,-2,False
202602276775336,XC,2026-02-27,FEB,FRI,False,,EXD,1127,1127,BHM,1355,1356,1,1403,1403,0,225,DAR,1706,1706,0,False
202602276775339,XC,2026-02-27,FEB,FRI,False,,EXD,1227,1227,BHM,1455,1458,3,1503,1503,0,225,DAR,1806,1804,-2,False
202602276775343,XC,2026-02-27,FEB,FRI,False,,EXD,1327,1327,BHM,1555,1558,3,1603,1606,3,225,DAR,1908,1914,6,True
202602276775312,XC,2026-02-27,FEB,FRI,False,,EXD,1427,1426,BHM,1655,1656,1,1703,1704,1,225,DAR,2010,2009,-1,False
202602276775345,XC,2026-02-27,FEB,FRI,False,,EXD,1527,1528,BHM,1755,1754,-1,1803,1803,0,225,DAR,2058,2059,1,True
202602276775315,XC,2026-02-27,FEB,FRI,False,,EXD,1627,1627,BHM,1854,1901,7,1903,1905,2,225,DAR,2212,2213,1,True
202602286774837,XC,2026-02-28,FEB,SAT,False,,BHM,0603,0603,BHM,,,,0603,0603,0,0,DAR,0906,0902,-4,False
202602286774839,XC,2026-02-28,FEB,SAT,False,,BHM,0703,0704,BHM,,,,0703,0704,1,0,DAR,1008,1007,-1,False
202602286774920,XC,2026-02-28,FEB,SAT,False,,BRI,0615,0614,BHM,0755,0755,0,0803,0803,0,124,DAR,1106,1107,1,True
202602286775327,XC,2026-02-28,FEB,SAT,False,,EXD,0627,0627,BHM,0855,0853,-2,0903,0903,0,225,DAR,1206,1202,-4,False
202602286775329,XC,2026-02-28,FEB,SAT,False,,EXD,0727,0727,BHM,0955,0957,2,1003,1003,0,225,DAR,1306,1304,-2,False
202602286775331,XC,2026-02-28,FEB,SAT,False,,EXD,0827,0826,BHM,1055,1053,-2,1103,1103,0,225,DAR,1406,1404,-2,False
202602286775332,XC,2026-02-28,FEB,SAT,False,,EXD,0927,0927,BHM,1155,1154,-1,1203,1202,-1,225,DAR,1506,1503,-3,False
202602286775335,XC,2026-02-28,FEB,SAT,False,,EXD,1027,1027,BHM,1255,1251,-4,1303,1303,0,225,DAR,1606,1609,3,True
202602286775337,XC,2026-02-28,FEB,SAT,False,,EXD,1127,1126,BHM,1355,1355,0,1403,1402,-1,225,DAR,1706,1701,-5,False
202602286775341,XC,2026-02-28,FEB,SAT,False,,EXD,1227,1227,BHM,1455,1500,5,1503,1504,1,225,DAR,1806,1802,-4,False
202602286775344,XC,2026-02-28,FEB,SAT,False,,EXD,1327,1327,BHM,1555,1553,-2,1603,1603,0,225,DAR,1908,1902,-6,False
202602286775311,XC,2026-02-28,FEB,SAT,False,,EXD,1427,1426,BHM,1655,1652,-3,1703,1703,0,225,DAR,2008,2004,-4,False
202602286775346,XC,2026-02-28,FEB,SAT,False,,EXD,1527,1526,BHM,1755,1755,0,1803,1803,0,225,DAR,2057,2059,2,True
202603016774840,XC,2026-03-01,MAR,SUN,False,,BHM,0903,0903,BHM,,,,0903,0903,0,0,DAR,1205,1210,5,True
202603016774841,XC,2026-03-01,MAR,SUN,False,,BHM,1003,1003,BHM,,,,1003,1003,0,0,DAR,1305,1303,-2,False
202603016774922,XC,2026-03-01,MAR,SUN,False,,BRI,0915,0914,BHM,1049,1049,0,1103,1104,1,124,DAR,1406,1404,-2,False
202603016774923,XC,2026-03-01,MAR,SUN,False,,BRI,1031,1031,BHM,1149,1148,-1,1203,1204,1,124,DAR,1507,1505,-2,False
202603016775333,XC,2026-03-01,MAR,SUN,False,,EXD,1027,1027,BHM,1249,1251,2,1303,1302,-1,225,DAR,1557,1556,-1,False
202603016775338,XC,2026-03-01,MAR,SUN,False,574,EXD,1127,1127,BHM,1349,1349,0,1403,1421,18,225,DAR,1705,1705,0,False
202603016775342,XC,2026-03-01,MAR,SUN,False,,EXD,1327,1327,BHM,1549,1548,-1,1603,1603,0,225,DAR,1901,1902,1,True
202603016775313,XC,2026-03-01,MAR,SUN,False,,EXD,1427,1427,BHM,1649,1653,4,1703,1703,0,225,DAR,2007,2020,13,True
202603016775347,XC,2026-03-01,MAR,SUN,False,,EXD,1527,1527,BHM,1749,1751,2,1803,1803,0,225,DAR,2058,2105,7,True
202603016773526,XC,2026-03-01,MAR,SUN,False,896,RDG,1742,1742,BHM,1918,1921,3,1928,1932,4,130,DAR,2207,2208,1,True
202603026774836,XC,2026-03-02,MAR,MON,False,,BHM,0603,0603,BHM,,,,0603,0603,0,0,DAR,0906,0904,-2,False
202603026774838,XC,2026-03-02,MAR,MON,False,,BHM,0703,0703,BHM,,,,0703,0703,0,0,DAR,1006,1004,-2,False
202603026774921,XC,2026-03-02,MAR,MON,False,,BRI,0635,0635,BHM,0755,0756,1,0803,0803,0,124,DAR,1106,1104,-2,False
202603026775326,XC,2026-03-02,MAR,MON,False,,EXD,0625,0624,BHM,0855,0853,-2,0903,0902,-1,225,DAR,1206,1207,1,True
202603026775328,XC,2026-03-02,MAR,MON,False,,EXD,0720,0720,BHM,0954,0952,-2,1003,1002,-1,225,DAR,1306,1306,0,False
202603026775330,XC,2026-03-02,MAR,MON,False,,EXD,0827,0826,BHM,1055,1053,-2,1103,1103,0,225,DAR,1407,1402,-5,False
202603026775008,XC,2026-03-02,MAR,MON,False,,CDF,0945,0945,BHM,1149,1149,0,1203,1203,0,143,DAR,1506,1510,4,True
202603026775334,XC,2026-03-02,MAR,MON,False,,EXD,1027,1027,BHM,1255,1254,-1,1303,1302,-1,225,DAR,1607,1605,-2,False
202603026775336,XC,2026-03-02,MAR,MON,False,,EXD,1127,1126,BHM,1355,1405,10,1403,1410,7,225,DAR,1706,1715,9,True
202603026775339,XC,2026-03-02,MAR,MON,False,,EXD,1227,1226,BHM,1455,1458,3,1503,1503,0,225,DAR,1806,1813,7,True
202603026775343,XC,2026-03-02,MAR,MON,False,,EXD,1327,1327,BHM,1555,1557,2,1603,1603,0,225,DAR,1908,1908,0,False
202603026775312,XC,2026-03-02,MAR,MON,False,,EXD,1427,1427,BHM,1655,1656,1,1703,1703,0,225,DAR,2010,2008,-2,False
202603026775345,XC,2026-03-02,MAR,MON,False,,EXD,1527,1527,BHM,1755,1756,1,1803,1803,0,225,DAR,2058,2057,-1,False
202603026775315,XC,2026-03-02,MAR,MON,False,,EXD,1627,1627,BHM,1854,1855,1,1903,1903,0,225,DAR,2212,2219,7,True
202603036774836,XC,2026-03-03,MAR,TUE,False,,BHM,0603,0603,BHM,,,,0603,0603,0,0,DAR,0906,0904,-2,False
202603036774838,XC,2026-03-03,MAR,TUE,False,895,BHM,0703,0704,BHM,,,,0703,0704,1,0,DAR,1006,1014,8,True
202603036774921,XC,2026-03-03,MAR,TUE,False,,BRI,0635,0635,BHM,0755,0751,-4,0803,0803,0,124,DAR,1106,1111,5,True
202603036775326,XC,2026-03-03,MAR,TUE,False,,EXD,0625,0625,BHM,0855,0854,-1,0903,0902,-1,225,DAR,1206,1204,-2,False
202603036775328,XC,2026-03-03,MAR,TUE,False,,EXD,0720,0720,BHM,0954,0954,0,1003,1003,0,225,DAR,1306,1304,-2,False
202603036775330,XC,2026-03-03,MAR,TUE,False,896,EXD,0827,0827,BHM,1055,1054,-1,1103,1103,0,225,DAR,1407,1441,34,True
202603036775008,XC,2026-03-03,MAR,TUE,False,832,CDF,0945,0945,BHM,1149,1148,-1,1203,1203,0,143,DAR,1506,1516,10,True
202603036775334,XC,2026-03-03,MAR,TUE,False,,EXD,1027,1027,BHM,1255,1253,-2,1303,1303,0,225,DAR,1607,1619,12,True
202603036775336,XC,2026-03-03,MAR,TUE,False,,EXD,1127,1126,BHM,1355,1354,-1,1403,1402,-1,225,DAR,1706,1731,25,True
202603036775339,XC,2026-03-03,MAR,TUE,False,824,EXD,1227,1227,BHM,1455,1453,-2,1503,1503,0,225,DAR,1806,1830,24,True
202603036775343,XC,2026-03-03,MAR,TUE,False,574,EXD,1327,1328,BHM,1555,1554,-1,1603,1603,0,225,DAR,1908,1911,3,True
202603036775312,XC,2026-03-03,MAR,TUE,False,,EXD,1427,1427,BHM,1655,1701,6,1703,1705,2,225,DAR,2010,2021,11,True
202603036775345,XC,2026-03-03,MAR,TUE,False,,EXD,1527,1527,BHM,1755,1754,-1,1803,1803,0,225,DAR,2058,2122,24,True
202603036775315,XC,2026-03-03,MAR,TUE,False,,EXD,1627,1627,BHM,1854,1858,4,1903,1906,3,225,DAR,2212,2223,11,True
202603046774836,XC,2026-03-04,MAR,WED,False,,BHM,0603,0603,BHM,,,,0603,0603,0,0,DAR,0906,0904,-2,False
202603046774838,XC,2026-03-04,MAR,WED,False,573,BHM,0703,0703,BHM,,,,0703,0703,0,0,DAR,1006,1014,8,True
202603046774921,XC,2026-03-04,MAR,WED,False,,BRI,0635,0635,BHM,0755,0753,-2,0803,0803,0,124,DAR,1106,1105,-1,False
202603046775326,XC,2026-03-04,MAR,WED,False,,EXD,0625,0626,BHM,0855,0854,-1,0903,0903,0,225,DAR,1206,1204,-2,False
202603046775328,XC,2026-03-04,MAR,WED,False,,EXD,0720,0719,BHM,0954,0958,4,1003,1004,1,225,DAR,1306,1304,-2,False
202603046775330,XC,2026-03-04,MAR,WED,False,,EXD,0827,0827,BHM,1055,1052,-3,1103,1103,0,225,DAR,1407,1405,-2,False
202603046775008,XC,2026-03-04,MAR,WED,False,895,CDF,0945,0945,BHM,1149,1148,-1,1203,1203,0,143,DAR,1506,1514,8,True
202603046775334,XC,2026-03-04,MAR,WED,False,,EXD,1027,1026,BHM,1255,1254,-1,1303,1302,-1,225,DAR,1607,1605,-2,False
202603046775336,XC,2026-03-04,MAR,WED,False,576,EXD,1127,1126,BHM,1355,1352,-3,1403,1404,1,225,DAR,1706,1706,0,False
202603046775339,XC,2026-03-04,MAR,WED,False,,EXD,1227,1227,BHM,1455,1456,1,1503,1503,0,225,DAR,1806,1804,-2,False
202603046775343,XC,2026-03-04,MAR,WED,False,,EXD,1327,1328,BHM,1555,1555,0,1603,1604,1,225,DAR,1908,1909,1,True
202603046775312,XC,2026-03-04,MAR,WED,False,904,EXD,1427,1428,BHM,1655,1653,-2,1703,1704,1,225,DAR,2010,2020,10,True
202603046775345,XC,2026-03-04,MAR,WED,False,,EXD,1527,1527,BHM,1755,1753,-2,1803,1803,0,225,DAR,2058,2100,2,True
202603046775315,XC,2026-03-04,MAR,WED,False,,EXD,1627,1627,BHM,1854,1858,4,1903,1903,0,225,DAR,2212,2212,0,False
202603056774836,XC,2026-03-05,MAR,THU,False,,BHM,0603,0603,BHM,,,,0603,0603,0,0,DAR,0906,0904,-2,False
202603056774838,XC,2026-03-05,MAR,THU,False,895,BHM,0703,0703,BHM,,,,0703,0703,0,0,DAR,1006,1013,7,True
202603056774921,XC,2026-03-05,MAR,THU,False,,BRI,0635,0635,BHM,0755,0751,-4,0803,0803,0,124,DAR,1106,1102,-4,False
202603056775326,XC,2026-03-05,MAR,THU,False,,EXD,0625,0624,BHM,0855,0858,3,0903,0903,0,225,DAR,1206,1202,-4,False
202603056775328,XC,2026-03-05,MAR,THU,False,,EXD,0720,0720,BHM,0954,0956,2,1003,1003,0,225,DAR,1306,1306,0,False
202603056775330,XC,2026-03-05,MAR,THU,False,,EXD,0827,0827,BHM,1055,1053,-2,1103,1104,1,225,DAR,1407,1407,0,False
202603056775008,XC,2026-03-05,MAR,THU,False,,CDF,0945,0945,BHM,1149,1150,1,1203,1203,0,143,DAR,1506,1502,-4,False
202603056775334,XC,2026-03-05,MAR,THU,False,,EXD,1027,1027,BHM,1255,1252,-3,1303,1302,-1,225,DAR,1607,1609,2,True
202603056775336,XC,2026-03-05,MAR,THU,False,,EXD,1127,1126,BHM,1355,1351,-4,1403,1403,0,225,DAR,1706,1707,1,True
202603056775339,XC,2026-03-05,MAR,THU,False,,EXD,1227,1226,BHM,1455,1455,0,1503,1503,0,225,DAR,1806,1804,-2,False
202603056775343,XC,2026-03-05,MAR,THU,False,,EXD,1327,1327,BHM,1555,1555,0,1603,1603,0,225,DAR,1908,1907,-1,False
202603056775312,XC,2026-03-05,MAR,THU,False,,EXD,1427,1428,BHM,1655,1655,0,1703,1703,0,225,DAR,2010,2010,0,False
202603056775345,XC,2026-03-05,MAR,THU,False,,EXD,1527,1527,BHM,1755,1752,-3,1803,1802,-1,225,DAR,2058,2058,0,False
202603056775315,XC,2026-03-05,MAR,THU,False,,EXD,1627,1628,BHM,1854,1857,3,1903,1904,1,225,DAR,2212,2213,1,True
202603066774836,XC,2026-03-06,MAR,FRI,False,,BHM,0603,0603,BHM,,,,0603,0603,0,0,DAR,0906,0904,-2,False
202603066774838,XC,2026-03-06,MAR,FRI,False,,BHM,0703,0703,BHM,,,,0703,0703,0,0,DAR,1006,1004,-2,False
202603066774921,XC,2026-03-06,MAR,FRI,False,501,BRI,0635,0635,BHM,0755,0821,26,0803,0827,24,124,DAR,1106,1133,27,True
202603066775326,XC,2026-03-06,MAR,FRI,False,501,EXD,0625,0625,BHM,0855,0852,-3,0903,0903,0,225,DAR,1206,1207,1,True
202603066775328,XC,2026-03-06,MAR,FRI,False,,EXD,0720,0720,BHM,0954,0956,2,1003,1003,0,225,DAR,1306,1304,-2,False
202603066775330,XC,2026-03-06,MAR,FRI,False,,EXD,0827,0827,BHM,1055,1053,-2,1103,1103,0,225,DAR,1407,1402,-5,False
202603066775008,XC,2026-03-06,MAR,FRI,False,,CDF,0945,0945,BHM,1149,1149,0,1203,1203,0,143,DAR,1506,1511,5,True
202603066775334,XC,2026-03-06,MAR,FRI,False,,EXD,1027,1027,BHM,1255,1252,-3,1303,1302,-1,225,DAR,1607,1605,-2,False
202603066775336,XC,2026-03-06,MAR,FRI,False,,EXD,1127,1127,BHM,1355,1356,1,1403,1403,0,225,DAR,1706,1705,-1,False
202603066775339,XC,2026-03-06,MAR,FRI,False,,EXD,1227,1227,BHM,1455,1456,1,1503,1503,0,225,DAR,1806,1804,-2,False
202603066775343,XC,2026-03-06,MAR,FRI,False,824,EXD,1327,1327,BHM,1555,1554,-1,1603,1603,0,225,DAR,1908,1914,6,True
202603066775312,XC,2026-03-06,MAR,FRI,False,,EXD,1427,1427,BHM,1655,1656,1,1703,1703,0,225,DAR,2010,2009,-1,False
202603066775345,XC,2026-03-06,MAR,FRI,False,,EXD,1527,1527,BHM,1755,1753,-2,1803,1802,-1,225,DAR,2058,2057,-1,False
202603066775315,XC,2026-03-06,MAR,FRI,False,,EXD,1627,1627,BHM,1854,1858,4,1903,1903,0,225,DAR,2212,2234,22,True
202603096774836,XC,2026-03-09,MAR,MON,False,,BHM,0603,0603,BHM,,,,0603,0603,0,0,DAR,0906,0904,-2,False
202603096774838,XC,2026-03-09,MAR,MON,False,,BHM,0703,0703,BHM,,,,0703,0703,0,0,DAR,1006,1006,0,False
202603096774921,XC,2026-03-09,MAR,MON,False,,BRI,0635,0635,BHM,0755,0752,-3,0803,0804,1,124,DAR,1106,1111,5,True
202603096775326,XC,2026-03-09,MAR,MON,False,896,PLY,0525,0525,BHM,0855,0852,-3,0903,0902,-1,282,DAR,1206,1217,11,True
202603096775328,XC,2026-03-09,MAR,MON,False,895,PLY,0620,0620,BHM,0954,1006,12,1003,1009,6,282,DAR,1306,1308,2,True
202603096775330,XC,2026-03-09,MAR,MON,False,,PLY,0727,0727,BHM,1055,1054,-1,1103,1103,0,282,DAR,1407,1407,0,False
202603096775008,XC,2026-03-09,MAR,MON,False,,CDF,0945,0944,BHM,1149,1149,0,1203,1203,0,143,DAR,1506,1504,-2,False
202603096775334,XC,2026-03-09,MAR,MON,False,896,PLY,0927,0927,BHM,1255,1257,2,1303,1303,0,282,DAR,1607,1626,19,True
202603096775336,XC,2026-03-09,MAR,MON,False,904,PLY,1027,1026,BHM,1355,1354,-1,1403,1405,2,282,DAR,1706,1714,8,True
202603096775339,XC,2026-03-09,MAR,MON,False,,PLY,1127,1127,BHM,1455,1456,1,1503,1503,0,282,DAR,1806,1809,3,True
202603096775343,XC,2026-03-09,MAR,MON,False,,PLY,1227,1227,BHM,1555,1555,0,1603,1603,0,282,DAR,1908,1907,-1,False
202603096775312,XC,2026-03-09,MAR,MON,False,,PNZ,1115,1115,BHM,1655,1655,0,1703,1703,0,365,DAR,2010,2008,-2,False
202603096775345,XC,2026-03-09,MAR,MON,False,,PLY,1427,1427,BHM,1755,1755,0,1803,1803,0,282,DAR,2058,2057,-1,False
202603096775315,XC,2026-03-09,MAR,MON,False,,PLY,1527,1526,BHM,1854,1901,7,1903,1905,2,282,DAR,2212,2211,-1,False
202603106774836,XC,2026-03-10,MAR,TUE,False,,BHM,0603,0603,BHM,,,,0603,0603,0,0,DAR,0906,0904,-2,False
202603106774838,XC,2026-03-10,MAR,TUE,False,,BHM,0703,0703,BHM,,,,0703,0703,0,0,DAR,1006,1004,-2,False
202603106774921,XC,2026-03-10,MAR,TUE,False,,BRI,0635,0634,BHM,0755,0752,-3,0803,0803,0,124,DAR,1106,1104,-2,False
202603106775326,XC,2026-03-10,MAR,TUE,False,,PLY,0525,0525,BHM,0855,0855,0,0903,0903,0,282,DAR,1206,1203,-3,False
202603106775328,XC,2026-03-10,MAR,TUE,False,810,PLY,0620,0620,BHM,0954,0956,2,1003,1003,0,282,DAR,1306,1301,-5,False
202603106775330,XC,2026-03-10,MAR,TUE,False,576,PLY,0727,0727,BHM,1055,1213,78,1103,1219,76,282,DAR,1407,1504,57,True
202603106775008,XC,2026-03-10,MAR,TUE,False,650,PLY,0827,0827,BHM,1155,1336,101,1203,1341,98,282,DAR,1506,1557,51,True
202603106775334,XC,2026-03-10,MAR,TUE,False,650,PLY,0927,0926,BHM,1255,1354,59,1303,1358,55,282,DAR,1607,1633,26,True
202603106775336,XC,2026-03-10,MAR,TUE,False,650,PLY,1027,1026,BHM,1355,1418,23,1403,1424,21,282,DAR,1706,1702,-4,False
202603106775339,XC,2026-03-10,MAR,TUE,False,,PLY,1127,1126,BHM,1455,1506,11,1503,1511,8,282,DAR,1806,1803,-3,False
202603106775343,XC,2026-03-10,MAR,TUE,False,,PLY,1227,1226,BHM,1555,1556,1,1603,1603,0,282,DAR,1908,1909,1,True
202603106775312,XC,2026-03-10,MAR,TUE,False,,PNZ,1115,1115,BHM,1655,1656,1,1703,1704,1,365,DAR,2010,2001,-9,False
202603106775345,XC,2026-03-10,MAR,TUE,False,576,PLY,1427,1432,BHM,1755,1808,13,1803,1820,17,282,DAR,2058,2111,13,True
202603106775315,XC,2026-03-10,MAR,TUE,False,,PLY,1527,1526,BHM,1854,1900,6,1903,1903,0,282,DAR,2212,2210,-2,False
202603116774836,XC,2026-03-11,MAR,WED,False,,BHM,0603,0603,BHM,,,,0603,0603,0,0,DAR,0906,0903,-3,False
202603116774838,XC,2026-03-11,MAR,WED,False,895,BHM,0703,0703,BHM,,,,0703,0703,0,0,DAR,1006,1010,4,True
202603116774921,XC,2026-03-11,MAR,WED,False,,BRI,0635,0634,BHM,0755,0753,-2,0803,0803,0,124,DAR,1106,1102,-4,False
202603116775326,XC,2026-03-11,MAR,WED,False,,PLY,0525,0524,BHM,0855,0858,3,0903,0904,1,282,DAR,1206,1203,-3,False
202603116775328,XC,2026-03-11,MAR,WED,False,,PLY,0620,0620,BHM,0954,0955,1,1003,1003,0,282,DAR,1306,1305,-1,False
202603116775330,XC,2026-03-11,MAR,WED,False,919,PLY,0727,0727,BHM,1055,1105,10,1103,1111,8,282,DAR,1407,1406,-1,False
202603116775008,XC,2026-03-11,MAR,WED,False,904,PLY,0827,0827,BHM,1155,1206,11,1203,1209,6,282,DAR,1506,1505,-1,False
202603116775334,XC,2026-03-11,MAR,WED,False,,PLY,0927,0927,BHM,1255,1254,-1,1303,1302,-1,282,DAR,1607,1603,-4,False
202603116775336,XC,2026-03-11,MAR,WED,False,895,PLY,1027,1027,BHM,1355,1406,11,1403,1409,6,282,DAR,1706,1700,-6,False
202603116775339,XC,2026-03-11,MAR,WED,False,,PLY,1127,1126,BHM,1455,1456,1,1503,1503,0,282,DAR,1806,1759,1433,True
202603116775343,XC,2026-03-11,MAR,WED,False,904,PLY,1227,1226,BHM,1555,1556,1,1603,1603,0,282,DAR,1908,1916,8,True
202603116775312,XC,2026-03-11,MAR,WED,False,,PNZ,1115,1115,BHM,1655,1659,4,1703,1703,0,365,DAR,2010,2006,-4,False
202603116775345,XC,2026-03-11,MAR,WED,False,,PLY,1427,1430,BHM,1755,1754,-1,1803,1803,0,282,DAR,2058,2100,2,True
202603116775315,XC,2026-03-11,MAR,WED,False,904,PLY,1527,1526,BHM,1854,1903,9,1903,1907,4,282,DAR,2212,2219,7,True
202603126774836,XC,2026-03-12,MAR,THU,False,,BHM,0603,0603,BHM,,,,0603,0603,0,0,DAR,0906,0914,8,True
202603126774838,XC,2026-03-12,MAR,THU,False,,BHM,0703,0703,BHM,,,,0703,0703,0,0,DAR,1006,1003,-3,False
202603126774921,XC,2026-03-12,MAR,THU,False,,BRI,0635,0635,BHM,0755,0751,-4,0803,0803,0,124,DAR,1106,1103,-3,False
202603126775326,XC,2026-03-12,MAR,THU,False,575,PLY,0525,0546,BHM,0855,0909,14,0903,0913,10,282,DAR,1206,1224,18,True
202603126775328,XC,2026-03-12,MAR,THU,False,,PLY,0620,0620,BHM,0954,0954,0,1003,1003,0,282,DAR,1306,1301,-5,False
202603126775330,XC,2026-03-12,MAR,THU,False,895,PLY,0727,0727,BHM,1055,1059,4,1103,1103,0,282,DAR,1407,1402,-5,False
202603126775008,XC,2026-03-12,MAR,THU,False,904,PLY,0827,0827,BHM,1155,1200,5,1203,1204,1,282,DAR,1506,1508,2,True
202603126775334,XC,2026-03-12,MAR,THU,False,,PLY,0927,0927,BHM,1255,1304,9,1303,1308,5,282,DAR,1607,1607,0,False
202603126775336,XC,2026-03-12,MAR,THU,False,,PLY,1027,1027,BHM,1355,1357,2,1403,1404,1,282,DAR,1706,1705,-1,False
202603126775339,XC,2026-03-12,MAR,THU,False,908,PLY,1127,1126,BHM,1455,1505,10,1503,1512,9,282,DAR,1806,1811,5,True
202603126775343,XC,2026-03-12,MAR,THU,False,832,PLY,1227,1227,BHM,1555,1608,13,1603,1617,14,282,DAR,1908,1913,5,True
202603126775312,XC,2026-03-12,MAR,THU,False,892,PNZ,1115,1115,BHM,1655,1735,40,1703,1740,37,365,DAR,2010,2025,15,True
202603126775345,XC,2026-03-12,MAR,THU,False,892,PLY,1427,1426,BHM,1755,1906,71,1803,1910,67,282,DAR,2058,2139,41,True
202603126775315,XC,2026-03-12,MAR,THU,False,892,PLY,1527,,BHM,1854,1935,41,1903,1940,37,282,DAR,2212,2241,29,True
202603136774836,XC,2026-03-13,MAR,FRI,False,,BHM,0603,0603,BHM,,,,0603,0603,0,0,DAR,0906,0903,-3,False
202603136774838,XC,2026-03-13,MAR,FRI,False,574,BHM,0703,0736,BHM,,,,0703,0736,33,0,DAR,1006,1000,-6,False
202603136774921,XC,2026-03-13,MAR,FRI,False,,BRI,0635,0635,BHM,0755,0751,-4,0803,0803,0,124,DAR,1106,1104,-2,False
202603136775326,XC,2026-03-13,MAR,FRI,False,,PLY,0525,0525,BHM,0855,0855,0,0903,0903,0,282,DAR,1206,1201,-5,False
202603136775328,XC,2026-03-13,MAR,FRI,False,,PLY,0620,0620,BHM,0954,1006,12,1003,1010,7,282,DAR,1306,1304,-2,False
202603136775330,XC,2026-03-13,MAR,FRI,False,904,PLY,0727,0727,BHM,1055,1110,15,1103,1114,11,282,DAR,1407,1428,21,True
202603136775008,XC,2026-03-13,MAR,FRI,False,,PLY,0827,0827,BHM,1155,1212,17,1203,1217,14,282,DAR,1506,1509,3,True
202603136775334,XC,2026-03-13,MAR,FRI,False,,PLY,0927,0928,BHM,1255,1306,11,1303,1309,6,282,DAR,1607,1611,4,True
202603136775336,XC,2026-03-13,MAR,FRI,False,,PLY,1027,1027,BHM,1355,1359,4,1403,1404,1,282,DAR,1706,1708,2,True
202603136775339,XC,2026-03-13,MAR,FRI,False,886,PLY,1127,1127,BHM,1455,1457,2,1503,1503,0,282,DAR,1806,1802,-4,False
202603136775343,XC,2026-03-13,MAR,FRI,False,,PLY,1227,1229,BHM,1555,1558,3,1603,1603,0,282,DAR,1908,1908,0,False
202603136775312,XC,2026-03-13,MAR,FRI,False,832,PNZ,1115,,BHM,1655,1700,5,1703,1706,3,365,DAR,2010,2014,4,True
202603136775345,XC,2026-03-13,MAR,FRI,False,904,PLY,1427,1428,BHM,1755,1808,13,1803,1812,9,282,DAR,2058,2056,-2,False
202603136775315,XC,2026-03-13,MAR,FRI,False,705,PLY,1527,1527,BHM,1854,1916,22,1903,1920,17,282,DAR,2212,2215,3,True
202603166774836,XC,2026-03-16,MAR,MON,False,,BHM,0603,0603,BHM,,,,0603,0603,0,0,DAR,0906,0900,-6,False
202603166774838,XC,2026-03-16,MAR,MON,False,,BHM,0703,0703,BHM,,,,0703,0703,0,0,DAR,1006,1003,-3,False
202603166774921,XC,2026-03-16,MAR,MON,False,,BRI,0635,0637,BHM,0755,0754,-1,0803,0804,1,124,DAR,1106,1103,-3,False
202603166775326,XC,2026-03-16,MAR,MON,False,,PLY,0525,0525,BHM,0855,0859,4,0903,0903,0,282,DAR,1206,1203,-3,False
202603166775328,XC,2026-03-16,MAR,MON,False,576,PLY,0620,0620,BHM,0954,1006,12,1003,1010,7,282,DAR,1306,1303,-3,False
202603166775330,XC,2026-03-16,MAR,MON,False,895,PLY,0727,0726,BHM,1055,1058,3,1103,1103,0,282,DAR,1407,1410,3,True
202603166775008,XC,2026-03-16,MAR,MON,False,,CDF,0945,0947,BHM,1149,1150,1,1203,1204,1,143,DAR,1506,1518,12,True
202603166775334,XC,2026-03-16,MAR,MON,False,,PLY,0927,0927,BHM,1255,1254,-1,1303,1305,2,282,DAR,1607,1604,-3,False
202603166775336,XC,2026-03-16,MAR,MON,False,,PLY,1027,1027,BHM,1355,1355,0,1403,1403,0,282,DAR,1706,1712,6,True
202603166775339,XC,2026-03-16,MAR,MON,False,,PLY,1127,1127,BHM,1455,1456,1,1503,1504,1,282,DAR,1806,1812,6,True
202603166775343,XC,2026-03-16,MAR,MON,False,,PLY,1227,1228,BHM,1555,1557,2,1603,1607,4,282,DAR,1908,1909,1,True
202603166775312,XC,2026-03-16,MAR,MON,False,,PNZ,1115,1116,BHM,1655,1653,-2,1703,1705,2,365,DAR,2010,2006,-4,False
202603166775345,XC,2026-03-16,MAR,MON,False,,PLY,1427,1427,BHM,1755,1751,-4,1803,1802,-1,282,DAR,2058,2057,-1,False
202603166775315,XC,2026-03-16,MAR,MON,False,886,PLY,1527,1527,BHM,1854,1855,1,1903,1903,0,282,DAR,2212,2211,-1,False
202603176774836,XC,2026-03-17,MAR,TUE,False,,BHM,0603,0604,BHM,,,,0603,0604,1,0,DAR,0906,0904,-2,False
202603176774838,XC,2026-03-17,MAR,TUE,False,895,BHM,0703,0703,BHM,,,,0703,0703,0,0,DAR,1006,1018,12,True
202603176774921,XC,2026-03-17,MAR,TUE,False,,BRI,0635,0635,BHM,0755,0756,1,0803,0803,0,124,DAR,1106,1109,3,True
202603176775326,XC,2026-03-17,MAR,TUE,False,576,PLY,0525,0524,BHM,0855,0853,-2,0903,0903,0,282,DAR,1206,1216,10,True
202603176775328,XC,2026-03-17,MAR,TUE,False,576,PLY,0620,0619,BHM,0954,1009,15,1003,1013,10,282,DAR,1306,1311,5,True
202603176775330,XC,2026-03-17,MAR,TUE,False,832,PLY,0727,0727,BHM,1055,1113,18,1103,1117,14,282,DAR,1407,1409,2,True
202603176775008,XC,2026-03-17,MAR,TUE,False,832,CDF,0945,0946,BHM,1149,1206,17,1203,1222,19,143,DAR,1506,1505,-1,False
202603176775334,XC,2026-03-17,MAR,TUE,False,,PLY,0927,0927,BHM,1255,1255,0,1303,1303,0,282,DAR,1607,1614,7,True
202603176775336,XC,2026-03-17,MAR,TUE,False,896,PLY,1027,1026,BHM,1355,1410,15,1403,1419,16,282,DAR,1706,1735,29,True
202603176775339,XC,2026-03-17,MAR,TUE,False,896,PLY,1127,1126,BHM,1455,1453,-2,1503,1503,0,282,DAR,1806,1829,23,True
202603176775343,XC,2026-03-17,MAR,TUE,False,,PLY,1227,1226,BHM,1555,1605,10,1603,1611,8,282,DAR,1908,1904,-4,False
202603177972768,XC,2026-03-17,MAR,TUE,False,,BHM,1703,1703,BHM,,,,1703,1703,0,0,DAR,2010,2007,-3,False
202603177972779,XC,2026-03-17,MAR,TUE,False,,BHM,1803,1806,BHM,,,,1803,1806,3,0,DAR,2058,2053,-5,False
202603176775315,XC,2026-03-17,MAR,TUE,False,896,PLY,1527,1526,BHM,1854,1922,28,1903,1928,25,282,DAR,2212,2228,16,True
202603186774836,XC,2026-03-18,MAR,WED,False,,BHM,0603,0603,BHM,,,,0603,0603,0,0,DAR,0906,0902,-4,False
202603186774838,XC,2026-03-18,MAR,WED,False,,BHM,0703,0703,BHM,,,,0703,0703,0,0,DAR,1006,1004,-2,False
202603186774921,XC,2026-03-18,MAR,WED,False,,BRI,0635,0635,BHM,0755,0752,-3,0803,0803,0,124,DAR,1106,1103,-3,False
202603186775326,XC,2026-03-18,MAR,WED,False,,PLY,0525,0525,BHM,0855,0858,3,0903,0903,0,282,DAR,1206,1203,-3,False
202603186775328,XC,2026-03-18,MAR,WED,False,,PLY,0620,0620,BHM,0954,0955,1,1003,1002,-1,282,DAR,1306,1313,7,True
202603186775330,XC,2026-03-18,MAR,WED,False,,PLY,0727,0726,BHM,1055,1057,2,1103,1103,0,282,DAR,1407,1404,-3,False
202603186775008,XC,2026-03-18,MAR,WED,False,,CDF,0945,0945,BHM,1149,1153,4,1203,1205,2,143,DAR,1506,1503,-3,False
202603186775334,XC,2026-03-18,MAR,WED,False,,PLY,0927,0927,BHM,1255,1253,-2,1303,1302,-1,282,DAR,1607,1604,-3,False
202603186775336,XC,2026-03-18,MAR,WED,False,576,PLY,1027,1026,BHM,1355,1353,-2,1403,1408,5,282,DAR,1706,1746,40,True
202603186775339,XC,2026-03-18,MAR,WED,False,,PLY,1127,1126,BHM,1455,1456,1,1503,1503,0,282,DAR,1806,1814,8,True
202603186775343,XC,2026-03-18,MAR,WED,False,887,PLY,1227,1226,BHM,1555,1555,0,1603,1603,0,282,DAR,1908,1931,23,True
202603186775312,XC,2026-03-18,MAR,WED,False,,PNZ,1115,1115,BHM,1655,1656,1,1703,1704,1,365,DAR,2010,2001,-9,False
202603186775345,XC,2026-03-18,MAR,WED,False,,PLY,1427,1427,BHM,1755,1754,-1,1803,1803,0,282,DAR,2058,2104,6,True
202603186775315,XC,2026-03-18,MAR,WED,False,887,PLY,1527,1527,BHM,1854,1853,-1,1903,1903,0,282,DAR,2212,2218,6,True
202603196774836,XC,2026-03-19,MAR,THU,False,,BHM,0603,0603,BHM,,,,0603,0603,0,0,DAR,0906,0905,-1,False
202603196774838,XC,2026-03-19,MAR,THU,False,,BHM,0703,0703,BHM,,,,0703,0703,0,0,DAR,1006,1006,0,False
202603196774921,XC,2026-03-19,MAR,THU,False,,BRI,0635,0635,BHM,0755,0752,-3,0803,0803,0,124,DAR,1106,1101,-5,False
202603196775326,XC,2026-03-19,MAR,THU,False,,PLY,0525,0524,BHM,0855,0854,-1,0903,0903,0,282,DAR,1206,1200,-6,False
202603196775328,XC,2026-03-19,MAR,THU,False,895,PLY,0620,0620,BHM,0954,1012,18,1003,1018,15,282,DAR,1306,1327,21,True
202603196775330,XC,2026-03-19,MAR,THU,False,,PLY,0727,0727,BHM,1055,1053,-2,1103,1103,0,282,DAR,1407,1414,7,True
202603196775008,XC,2026-03-19,MAR,THU,False,832,CDF,0945,0945,BHM,1149,1148,-1,1203,1203,0,143,DAR,1506,1501,-5,False
202603196775334,XC,2026-03-19,MAR,THU,False,579,PLY,0927,0927,BHM,1255,1345,50,1303,1349,46,282,DAR,1607,1626,19,True
202603196775336,XC,2026-03-19,MAR,THU,False,579,PLY,1027,1026,BHM,1355,1422,27,1403,1427,24,282,DAR,1706,1739,33,True
202603196775339,XC,2026-03-19,MAR,THU,False,585,PLY,1127,1129,BHM,1455,1505,10,1503,1513,10,282,DAR,1806,1805,-1,False
202603196775343,XC,2026-03-19,MAR,THU,False,,PLY,1227,1226,BHM,1555,1559,4,1603,1605,2,282,DAR,1908,1907,-1,False
202603196775312,XC,2026-03-19,MAR,THU,False,,PNZ,1115,1115,BHM,1655,1655,0,1703,1703,0,365,DAR,2010,2007,-3,False
202603196775345,XC,2026-03-19,MAR,THU,False,,PLY,1427,1426,BHM,1755,1755,0,1803,1803,0,282,DAR,2058,2057,-1,False
202603196775315,XC,2026-03-19,MAR,THU,False,,PLY,1527,,BHM,1854,1900,6,1903,1903,0,282,DAR,2212,2210,-2,False
202603206774836,XC,2026-03-20,MAR,FRI,False,,BHM,0603,0604,BHM,,,,0603,0604,1,0,DAR,0906,0903,-3,False
202603206774838,XC,2026-03-20,MAR,FRI,False,,BHM,0703,0703,BHM,,,,0703,0703,0,0,DAR,1006,1005,-1,False
202603206774921,XC,2026-03-20,MAR,FRI,False,,BRI,0635,0635,BHM,0755,0759,4,0803,0803,0,124,DAR,1106,1103,-3,False
202603206775326,XC,2026-03-20,MAR,FRI,False,,PLY,0525,0524,BHM,0855,0853,-2,0903,0903,0,282,DAR,1206,1202,-4,False
202603206775328,XC,2026-03-20,MAR,FRI,False,,PLY,0620,0619,BHM,0954,0955,1,1003,1003,0,282,DAR,1306,1305,-1,False
202603206775330,XC,2026-03-20,MAR,FRI,False,,PLY,0727,0727,BHM,1055,1053,-2,1103,1103,0,282,DAR,1407,1404,-3,False
202603206775008,XC,2026-03-20,MAR,FRI,False,,CDF,0945,0945,BHM,1149,1148,-1,1203,1204,1,143,DAR,1506,1508,2,True
202603206775334,XC,2026-03-20,MAR,FRI,False,,PLY,0927,0927,BHM,1255,1252,-3,1303,1303,0,282,DAR,1607,1603,-4,False
202603206775336,XC,2026-03-20,MAR,FRI,False,,PLY,1027,1027,BHM,1355,1400,5,1403,1404,1,282,DAR,1706,1704,-2,False
202603206775339,XC,2026-03-20,MAR,FRI,False,,PLY,1127,1127,BHM,1455,1456,1,1503,1504,1,282,DAR,1806,1803,-3,False
202603206775343,XC,2026-03-20,MAR,FRI,False,,PLY,1227,1226,BHM,1555,1556,1,1603,1603,0,282,DAR,1908,1902,-6,False
202603206775312,XC,2026-03-20,MAR,FRI,False,573,PNZ,1115,1118,BHM,1655,1700,5,1703,1704,1,365,DAR,2010,2018,8,True
202603206775345,XC,2026-03-20,MAR,FRI,False,,PLY,1427,1427,BHM,1755,1758,3,1803,1803,0,282,DAR,2058,2056,-2,False
202603206775315,XC,2026-03-20,MAR,FRI,False,,PLY,1527,1527,BHM,1854,1859,5,1903,1905,2,282,DAR,2212,2211,-1,False
202603236774836,XC,2026-03-23,MAR,MON,False,,BHM,0603,0603,BHM,,,,0603,0603,0,0,DAR,0906,0906,0,False
202603236774838,XC,2026-03-23,MAR,MON,True,574,BHM,0703,,BHM,,,,0703,,,0,DAR,1006,,,
202603236774921,XC,2026-03-23,MAR,MON,False,,BRI,0635,0635,BHM,0755,0752,-3,0803,0803,0,124,DAR,1106,1111,5,True
202603236775326,XC,2026-03-23,MAR,MON,False,,PLY,0525,0524,BHM,0855,0854,-1,0903,0903,0,282,DAR,1206,1201,-5,False
202603236775328,XC,2026-03-23,MAR,MON,False,,PLY,0620,0620,BHM,0954,0952,-2,1003,1003,0,282,DAR,1306,1304,-2,False
202603236775330,XC,2026-03-23,MAR,MON,False,,PLY,0727,0726,BHM,1055,1052,-3,1103,1103,0,282,DAR,1407,1406,-1,False
202603236775008,XC,2026-03-23,MAR,MON,False,543,CDF,0945,0944,BHM,1149,1149,0,1203,1213,10,143,DAR,1506,1508,2,True
202603236775334,XC,2026-03-23,MAR,MON,False,895,PLY,0927,0926,BHM,1255,1309,14,1303,1315,12,282,DAR,1607,1616,9,True
202603236775362,XC,2026-03-23,MAR,MON,False,909,BHM,1428,1428,BHM,,,,1428,1428,0,0,DAR,1653,1703,10,True
202603236775339,XC,2026-03-23,MAR,MON,False,895,PLY,1127,1126,BHM,1455,1502,7,1503,1517,14,282,DAR,1806,1808,2,True
202603236775343,XC,2026-03-23,MAR,MON,False,777,PLY,1227,1227,BHM,1555,1556,1,1603,1603,0,282,DAR,1908,2048,100,True
202603236775312,XC,2026-03-23,MAR,MON,False,649,PNZ,1115,1118,BHM,1655,1705,10,1703,1709,6,365,DAR,2010,2054,44,True
202603236775345,XC,2026-03-23,MAR,MON,False,777,PLY,1427,1426,BHM,1755,1807,12,1803,1810,7,282,DAR,2058,2242,104,True
202603236775315,XC,2026-03-23,MAR,MON,False,,PLY,1527,1527,BHM,1854,1857,3,1903,1907,4,282,DAR,2212,2229,17,True
202603246774836,XC,2026-03-24,MAR,TUE,True,777,BHM,0603,,BHM,,,,0603,,,0,DAR,0906,,,
202603246774838,XC,2026-03-24,MAR,TUE,False,773,BHM,0703,0703,BHM,,,,0703,0703,0,0,DAR,1006,1012,6,True
202603246774921,XC,2026-03-24,MAR,TUE,False,773,BRI,0635,0634,BHM,0755,0751,-4,0803,0803,0,124,DAR,1106,1108,2,True
202603246775326,XC,2026-03-24,MAR,TUE,False,,PLY,0525,0525,BHM,0855,0855,0,0903,0903,0,282,DAR,1206,1202,-4,False
202603246775328,XC,2026-03-24,MAR,TUE,False,,PLY,0620,0620,BHM,0954,0955,1,1003,1003,0,282,DAR,1306,1303,-3,False
202603246775330,XC,2026-03-24,MAR,TUE,False,,PLY,0727,0727,BHM,1055,1053,-2,1103,1103,0,282,DAR,1407,1404,-3,False
202603246775008,XC,2026-03-24,MAR,TUE,False,832,CDF,0945,0945,BHM,1149,1149,0,1203,1216,13,143,DAR,1506,1509,3,True
202603246775334,XC,2026-03-24,MAR,TUE,False,,PLY,0927,0926,BHM,1255,1305,10,1303,1309,6,282,DAR,1607,1609,2,True
202603246775336,XC,2026-03-24,MAR,TUE,False,919,PLY,1027,1027,BHM,1355,1405,10,1403,1411,8,282,DAR,1706,1700,-6,False
202603246775339,XC,2026-03-24,MAR,TUE,False,832,PLY,1127,1126,BHM,1455,1505,10,1503,1509,6,282,DAR,1806,1809,3,True
202603246775343,XC,2026-03-24,MAR,TUE,False,832,PLY,1227,1226,BHM,1555,1557,2,1603,1603,0,282,DAR,1908,1903,-5,False
202603246775312,XC,2026-03-24,MAR,TUE,False,,PNZ,1115,1115,BHM,1655,1657,2,1703,1703,0,365,DAR,2010,2003,-7,False
202603246775345,XC,2026-03-24,MAR,TUE,False,,PLY,1427,1427,BHM,1755,1758,3,1803,1803,0,282,DAR,2058,2100,2,True
202603246775315,XC,2026-03-24,MAR,TUE,False,,PLY,1527,1527,BHM,1854,1859,5,1903,1906,3,282,DAR,2212,2216,4,True
202603256774836,XC,2026-03-25,MAR,WED,False,,BHM,0603,0603,BHM,,,,0603,0603,0,0,DAR,0906,0902,-4,False
202603256774838,XC,2026-03-25,MAR,WED,False,,BHM,0703,0703,BHM,,,,0703,0703,0,0,DAR,1006,1004,-2,False
202603256774921,XC,2026-03-25,MAR,WED,False,,BRI,0635,0635,BHM,0755,0750,-5,0803,0803,0,124,DAR,1106,1109,3,True
202603256775326,XC,2026-03-25,MAR,WED,False,,PLY,0525,0525,BHM,0855,0855,0,0903,0903,0,282,DAR,1206,1203,-3,False
202603256775328,XC,2026-03-25,MAR,WED,False,,PLY,0620,0620,BHM,0954,0956,2,1003,1003,0,282,DAR,1306,1307,1,True
202603256775330,XC,2026-03-25,MAR,WED,False,895,PLY,0727,0727,BHM,1055,1054,-1,1103,1103,0,282,DAR,1407,1417,10,True
202603256775008,XC,2026-03-25,MAR,WED,False,,CDF,0945,0945,BHM,1149,1159,10,1203,1208,5,143,DAR,1506,1509,3,True
202603256775334,XC,2026-03-25,MAR,WED,False,579,PLY,0927,0927,BHM,1255,1259,4,1303,1304,1,282,DAR,1607,1613,6,True
202603256775336,XC,2026-03-25,MAR,WED,False,895,PLY,1027,1027,BHM,1355,1408,13,1403,1411,8,282,DAR,1706,1704,-2,False
202603256775339,XC,2026-03-25,MAR,WED,False,,PLY,1127,1126,BHM,1455,1455,0,1503,1504,1,282,DAR,1806,1802,-4,False
202603256775343,XC,2026-03-25,MAR,WED,False,,PLY,1227,1226,BHM,1555,1559,4,1603,1605,2,282,DAR,1908,1906,-2,False
202603256775312,XC,2026-03-25,MAR,WED,False,887,PNZ,1115,1115,BHM,1655,1700,5,1703,1706,3,365,DAR,2010,2024,14,True
202603256775345,XC,2026-03-25,MAR,WED,False,904,PLY,1427,1426,BHM,1755,1812,17,1803,1819,16,282,DAR,2058,2117,19,True
202603256775315,XC,2026-03-25,MAR,WED,False,,PLY,1527,1526,BHM,1854,1856,2,1903,1903,0,282,DAR,2212,2212,0,False
202603266774836,XC,2026-03-26,MAR,THU,False,,BHM,0603,0603,BHM,,,,0603,0603,0,0,DAR,0906,0903,-3,False
202603266774838,XC,2026-03-26,MAR,THU,False,,BHM,0703,0710,BHM,,,,0703,0710,7,0,DAR,1006,1004,-2,False
202603266774921,XC,2026-03-26,MAR,THU,False,,BRI,0635,0635,BHM,0755,0756,1,0803,0803,0,124,DAR,1106,1107,1,True
202603266775326,XC,2026-03-26,MAR,THU,False,,PLY,0525,0525,BHM,0855,0856,1,0903,0903,0,282,DAR,1206,1203,-3,False
202603266775328,XC,2026-03-26,MAR,THU,False,,PLY,0620,0620,BHM,0954,0958,4,1003,1003,0,282,DAR,1306,1304,-2,False
202603266775330,XC,2026-03-26,MAR,THU,False,,PLY,0727,0727,BHM,1055,1054,-1,1103,1103,0,282,DAR,1407,1406,-1,False
202603266775008,XC,2026-03-26,MAR,THU,False,,CDF,0945,0945,BHM,1149,1149,0,1203,1208,5,143,DAR,1506,1500,-6,False
202603266775334,XC,2026-03-26,MAR,THU,False,,PLY,0927,0926,BHM,1255,1306,11,1303,1311,8,282,DAR,1607,1604,-3,False
202603266775336,XC,2026-03-26,MAR,THU,False,576,PLY,1027,1026,BHM,1355,1426,31,1403,1431,28,282,DAR,1706,1719,13,True
202603266775339,XC,2026-03-26,MAR,THU,False,574,PLY,1127,1127,BHM,1455,1515,20,1503,1525,22,282,DAR,1806,1821,15,True
202603266775343,XC,2026-03-26,MAR,THU,False,,PLY,1227,1227,BHM,1555,1555,0,1603,1603,0,282,DAR,1908,1907,-1,False
202603266775312,XC,2026-03-26,MAR,THU,False,,PNZ,1115,1115,BHM,1655,1657,2,1703,1705,2,365,DAR,2010,2008,-2,False
202603266775345,XC,2026-03-26,MAR,THU,False,576,PLY,1427,1427,BHM,1755,1812,17,1803,1821,18,282,DAR,2058,2135,37,True
202603266775315,XC,2026-03-26,MAR,THU,False,650,PLY,1527,1526,BHM,1854,1910,16,1903,1917,14,282,DAR,2212,2211,-1,False
202603276774836,XC,2026-03-27,MAR,FRI,False,,BHM,0603,0603,BHM,,,,0603,0603,0,0,DAR,0906,0921,15,True
202603276774838,XC,2026-03-27,MAR,FRI,False,832,BHM,0703,0703,BHM,,,,0703,0703,0,0,DAR,1006,1014,8,True
202603276774921,XC,2026-03-27,MAR,FRI,False,,BRI,0635,0635,BHM,0755,0754,-1,0803,0803,0,124,DAR,1106,1108,2,True
202603276775326,XC,2026-03-27,MAR,FRI,False,904,PLY,0525,0527,BHM,0855,0856,1,0903,0903,0,282,DAR,1206,1208,2,True
202603276775328,XC,2026-03-27,MAR,FRI,False,,PLY,0620,0620,BHM,0954,0953,-1,1003,1002,-1,282,DAR,1306,1303,-3,False
202603276775330,XC,2026-03-27,MAR,FRI,False,,PLY,0727,0727,BHM,1055,1058,3,1103,1103,0,282,DAR,1407,1405,-2,False
202603276775008,XC,2026-03-27,MAR,FRI,False,570,CDF,0945,0945,BHM,1149,1150,1,1203,1212,9,143,DAR,1506,1517,11,True
202603276775334,XC,2026-03-27,MAR,FRI,False,,PLY,0927,0926,BHM,1255,1256,1,1303,1304,1,282,DAR,1607,1604,-3,False
202603276775336,XC,2026-03-27,MAR,FRI,False,895,PLY,1027,1027,BHM,1355,1359,4,1403,1403,0,282,DAR,1706,1714,8,True
202603276775339,XC,2026-03-27,MAR,FRI,False,895,PLY,1127,1126,BHM,1455,1458,3,1503,1504,1,282,DAR,1806,1803,-3,False
202603276775343,XC,2026-03-27,MAR,FRI,False,,PLY,1227,1227,BHM,1555,1558,3,1603,1604,1,282,DAR,1908,1910,2,True
202603276775312,XC,2026-03-27,MAR,FRI,False,,PNZ,1115,1115,BHM,1655,1656,1,1703,1703,0,365,DAR,2010,2007,-3,False
202603276775345,XC,2026-03-27,MAR,FRI,True,574,PLY,1427,,BHM,1755,,,1803,,,282,DAR,2058,,,
202603276775315,XC,2026-03-27,MAR,FRI,False,,PLY,1527,1532,BHM,1854,1856,2,1903,1904,1,282,DAR,2212,2213,1,True
202603306774836,XC,2026-03-30,MAR,MON,False,,BHM,0603,0604,BHM,,,,0603,0604,1,0,DAR,0906,0904,-2,False
202603306774838,XC,2026-03-30,MAR,MON,False,,BHM,0703,0703,BHM,,,,0703,0703,0,0,DAR,1006,1005,-1,False
202603306774921,XC,2026-03-30,MAR,MON,False,,BRI,0635,0635,BHM,0755,0758,3,0803,0803,0,124,DAR,1106,1108,2,True
202603306775326,XC,2026-03-30,MAR,MON,False,,PLY,0525,0524,BHM,0855,0853,-2,0903,0902,-1,282,DAR,1206,1212,6,True
202603306775328,XC,2026-03-30,MAR,MON,False,,PLY,0620,0620,BHM,0954,0954,0,1003,1003,0,282,DAR,1306,1305,-1,False
202603306775330,XC,2026-03-30,MAR,MON,False,,PLY,0727,0727,BHM,1055,1054,-1,1103,1102,-1,282,DAR,1407,1410,3,True
202603306775008,XC,2026-03-30,MAR,MON,False,,CDF,0945,0945,BHM,1149,1148,-1,1203,1203,0,143,DAR,1506,1509,3,True
202603306775334,XC,2026-03-30,MAR,MON,False,895,PLY,0927,0926,BHM,1255,1316,21,1303,1320,17,282,DAR,1607,1607,0,False
202603306775336,XC,2026-03-30,MAR,MON,False,,PLY,1027,,BHM,,,,1403,1405,2,282,DAR,1706,1707,1,True
202603306775339,XC,2026-03-30,MAR,MON,False,,PLY,1127,1127,BHM,1455,1455,0,1503,1504,1,282,DAR,1806,1803,-3,False
202603306775343,XC,2026-03-30,MAR,MON,False,,PLY,1227,1226,BHM,1555,1556,1,1603,1603,0,282,DAR,1908,1905,-3,False
202603306775312,XC,2026-03-30,MAR,MON,False,,PNZ,1115,1115,BHM,1655,1656,1,1703,1703,0,365,DAR,2010,2003,-7,False
202603306775345,XC,2026-03-30,MAR,MON,False,,PLY,1427,1426,BHM,1755,1753,-2,1803,1803,0,282,DAR,2058,2059,1,True
202603306775315,XC,2026-03-30,MAR,MON,False,,PLY,1527,1526,BHM,1854,1853,-1,1903,1903,0,282,DAR,2212,2212,0,False
202603316774836,XC,2026-03-31,MAR,TUE,False,,BHM,0603,0603,BHM,,,,0603,0603,0,0,DAR,0906,0903,-3,False
202603316774838,XC,2026-03-31,MAR,TUE,False,,BHM,0703,0703,BHM,,,,0703,0703,0,0,DAR,1006,1003,-3,False
202603316774921,XC,2026-03-31,MAR,TUE,False,,BRI,0635,0635,BHM,0755,0752,-3,0803,0803,0,124,DAR,1106,1110,4,True
202603316775326,XC,2026-03-31,MAR,TUE,False,,PLY,0525,0524,BHM,0855,0852,-3,0903,0902,-1,282,DAR,1206,1203,-3,False
202603316775328,XC,2026-03-31,MAR,TUE,False,,PLY,0620,0620,BHM,0954,0957,3,1003,1003,0,282,DAR,1306,1307,1,True
202603316775330,XC,2026-03-31,MAR,TUE,False,,PLY,0727,0727,BHM,1055,1058,3,1103,1103,0,282,DAR,1407,1402,-5,False
202603316775008,XC,2026-03-31,MAR,TUE,False,,CDF,0945,0945,BHM,1149,1149,0,1203,1204,1,143,DAR,1506,1506,0,False
202603316775334,XC,2026-03-31,MAR,TUE,False,,PLY,0927,0927,BHM,1255,1301,6,1303,1305,2,282,DAR,1607,1603,-4,False
202603316775336,XC,2026-03-31,MAR,TUE,False,,PLY,1027,1027,BHM,1355,1353,-2,1403,1407,4,282,DAR,1706,1705,-1,False
202603316775339,XC,2026-03-31,MAR,TUE,False,,PLY,1127,1126,BHM,1455,1459,4,1503,1504,1,282,DAR,1806,1803,-3,False
202603316775343,XC,2026-03-31,MAR,TUE,False,,PLY,1227,1227,BHM,1555,1600,5,1603,1604,1,282,DAR,1908,1905,-3,False
202603316775312,XC,2026-03-31,MAR,TUE,False,,PNZ,1115,1116,BHM,1655,1701,6,1703,1705,2,365,DAR,2010,2006,-4,False
202603316775345,XC,2026-03-31,MAR,TUE,False,,PLY,1427,1427,BHM,1755,1753,-2,1803,1803,0,282,DAR,2058,2055,-3,False
202603316775315,XC,2026-03-31,MAR,TUE,False,,PLY,1527,1527,BHM,1854,1854,0,1903,1903,0,282,DAR,2212,2213,1,True
202604016774836,XC,2026-04-01,APR,WED,False,,BHM,0603,0602,BHM,,,,0603,0602,-1,0,DAR,0906,0903,-3,False
202604016774838,XC,2026-04-01,APR,WED,False,,BHM,0703,0703,BHM,,,,0703,0703,0,0,DAR,1006,1003,-3,False
202604016774921,XC,2026-04-01,APR,WED,False,,BRI,0635,0634,BHM,0755,0751,-4,0803,0802,-1,124,DAR,1106,1109,3,True
202604016775326,XC,2026-04-01,APR,WED,False,895,PLY,0525,0525,BHM,0855,0855,0,0903,0902,-1,282,DAR,1206,1217,11,True
202604016775328,XC,2026-04-01,APR,WED,False,,PLY,0620,0619,BHM,0954,0957,3,1003,1003,0,282,DAR,1306,1306,0,False
202604016775330,XC,2026-04-01,APR,WED,False,,PLY,0727,0727,BHM,1055,1055,0,1103,1103,0,282,DAR,1407,1410,3,True
202604016775008,XC,2026-04-01,APR,WED,False,,CDF,0945,0945,BHM,1149,1149,0,1203,1203,0,143,DAR,1506,1508,2,True
202604016775334,XC,2026-04-01,APR,WED,False,,PLY,0927,0927,BHM,1255,1254,-1,1303,1303,0,282,DAR,1607,1604,-3,False
202604016775336,XC,2026-04-01,APR,WED,False,,PLY,1027,1027,BHM,1355,1355,0,1403,1404,1,282,DAR,1706,1708,2,True
202604016775339,XC,2026-04-01,APR,WED,False,,PLY,1127,1127,BHM,1455,1456,1,1503,1503,0,282,DAR,1806,1802,-4,False
202604016775343,XC,2026-04-01,APR,WED,False,,PLY,1227,1226,BHM,1555,1606,11,1603,1612,9,282,DAR,1908,1919,11,True
202604016775312,XC,2026-04-01,APR,WED,False,777,PNZ,1115,1115,BHM,1655,1656,1,1703,1705,2,365,DAR,2010,2006,-4,False
202604016775345,XC,2026-04-01,APR,WED,False,777,PLY,1427,,BHM,1755,1756,1,1803,1803,0,282,DAR,2058,2057,-1,False
202604016775315,XC,2026-04-01,APR,WED,False,777,PLY,1527,1526,BHM,1854,1904,10,1903,1908,5,282,DAR,2212,2212,0,False
202604026774836,XC,2026-04-02,APR,THU,False,,BHM,0603,0603,BHM,,,,0603,0603,0,0,DAR,0906,0903,-3,False
202604026774838,XC,2026-04-02,APR,THU,False,,BHM,0703,0703,BHM,,,,0703,0703,0,0,DAR,1006,1007,1,True
202604026774921,XC,2026-04-02,APR,THU,False,,BRI,0635,0635,BHM,0755,0752,-3,0803,0802,-1,124,DAR,1106,1105,-1,False
202604026775326,XC,2026-04-02,APR,THU,False,,PLY,0525,0525,BHM,0855,0852,-3,0903,0903,0,282,DAR,1206,1205,-1,False
202604026775328,XC,2026-04-02,APR,THU,False,576,PLY,0620,0620,BHM,0954,0955,1,1003,1003,0,282,DAR,1306,1317,11,True
202604026775330,XC,2026-04-02,APR,THU,False,,PLY,0727,0727,BHM,1055,1053,-2,1103,1103,0,282,DAR,1407,1408,1,True
202604026775008,XC,2026-04-02,APR,THU,False,,CDF,0945,0949,BHM,1149,1149,0,1203,1203,0,143,DAR,1506,1505,-1,False
202604026775334,XC,2026-04-02,APR,THU,False,,PLY,0927,0927,BHM,1255,1253,-2,1303,1303,0,282,DAR,1607,1604,-3,False
202604026775336,XC,2026-04-02,APR,THU,False,,PLY,1027,1026,BHM,1355,1353,-2,1403,1403,0,282,DAR,1706,1708,2,True
202604026775339,XC,2026-04-02,APR,THU,False,886,PLY,1127,1130,BHM,1455,1458,3,1503,1504,1,282,DAR,1806,1805,-1,False
202604026775343,XC,2026-04-02,APR,THU,False,,PLY,1227,1226,BHM,1555,1553,-2,1603,1603,0,282,DAR,1908,1910,2,True
202604026775312,XC,2026-04-02,APR,THU,False,,PNZ,1115,1115,BHM,1655,1656,1,1703,1703,0,365,DAR,2010,2006,-4,False
202604026775345,XC,2026-04-02,APR,THU,False,,PLY,1427,1426,BHM,1755,1756,1,1803,1803,0,282,DAR,2058,2057,-1,False
202604026775315,XC,2026-04-02,APR,THU,False,,PLY,1527,1527,BHM,1854,1852,-2,1903,1903,0,282,DAR,2212,2211,-1,False
202604036774836,XC,2026-04-03,APR,FRI,False,,BHM,0603,0603,BHM,,,,0603,0603,0,0,DAR,0906,0903,-3,False
202604036774838,XC,2026-04-03,APR,FRI,False,,BHM,0703,0703,BHM,,,,0703,0703,0,0,DAR,1006,1007,1,True
202604036774921,XC,2026-04-03,APR,FRI,False,,BRI,0635,0635,BHM,0755,0750,-5,0803,0802,-1,124,DAR,1106,1105,-1,False
202604036775326,XC,2026-04-03,APR,FRI,False,,PLY,0525,0525,BHM,0855,0855,0,0903,0903,0,282,DAR,1206,1208,2,True
202604036775328,XC,2026-04-03,APR,FRI,False,501,PLY,0620,0620,BHM,0954,0954,0,1003,1003,0,282,DAR,1306,1317,11,True
202604036775330,XC,2026-04-03,APR,FRI,False,,PLY,0727,0727,BHM,1055,1054,-1,1103,1102,-1,282,DAR,1407,1409,2,True
202604036775008,XC,2026-04-03,APR,FRI,False,910,CDF,0945,0945,BHM,1149,1150,1,1203,1216,13,143,DAR,1506,1541,35,True
202604036775334,XC,2026-04-03,APR,FRI,False,,PLY,0927,0926,BHM,1255,1257,2,1303,1304,1,282,DAR,1607,1610,3,True
202604036775336,XC,2026-04-03,APR,FRI,False,,PLY,1027,1026,BHM,1355,1355,0,1403,1403,0,282,DAR,1706,1710,4,True
202604036775339,XC,2026-04-03,APR,FRI,False,,PLY,1127,1127,BHM,1455,1456,1,1503,1505,2,282,DAR,1806,1805,-1,False
202604036775343,XC,2026-04-03,APR,FRI,False,,PLY,1227,1226,BHM,1555,1556,1,1603,1603,0,282,DAR,1908,1907,-1,False
202604036775312,XC,2026-04-03,APR,FRI,False,,PNZ,1115,1115,BHM,1655,1656,1,1703,1703,0,365,DAR,2010,2011,1,True
202604036775345,XC,2026-04-03,APR,FRI,False,,PLY,1427,1426,BHM,1755,1753,-2,1803,1802,-1,282,DAR,2058,2102,4,True
202604036775315,XC,2026-04-03,APR,FRI,False,,PLY,1527,1528,BHM,1854,1856,2,1903,1903,0,282,DAR,2212,2212,0,False
202604046774837,XC,2026-04-04,APR,SAT,False,,BHM,0603,0603,BHM,,,,0603,0603,0,0,DAR,0906,0903,-3,False
202604046774839,XC,2026-04-04,APR,SAT,False,,BHM,0703,0706,BHM,,,,0703,0706,3,0,DAR,1008,1006,-2,False
202604046774920,XC,2026-04-04,APR,SAT,False,,BRI,0615,0615,BHM,0755,0751,-4,0803,0803,0,124,DAR,1106,1106,0,False
202604046775327,XC,2026-04-04,APR,SAT,False,,PLY,0527,0527,BHM,0855,0852,-3,0903,0903,0,282,DAR,1206,1207,1,True
202604046775329,XC,2026-04-04,APR,SAT,False,,PLY,0627,0627,BHM,0955,0952,-3,1003,1003,0,282,DAR,1306,1304,-2,False
202604046775331,XC,2026-04-04,APR,SAT,False,,PLY,0725,0725,BHM,1055,1054,-1,1103,1103,0,282,DAR,1406,1408,2,True
202604046775332,XC,2026-04-04,APR,SAT,False,,PLY,0827,0827,BHM,1155,1155,0,1203,1204,1,282,DAR,1506,1506,0,False
202604047974575,XC,2026-04-04,APR,SAT,False,,BHM,1303,1310,BHM,,,,1303,1310,7,0,DAR,1606,1605,-1,False
202604046775337,XC,2026-04-04,APR,SAT,False,,PLY,1027,1027,BHM,1355,1355,0,1403,1403,0,282,DAR,1706,1703,-3,False
202604046775341,XC,2026-04-04,APR,SAT,False,,PLY,1127,1128,BHM,1455,1454,-1,1503,1503,0,282,DAR,1806,1802,-4,False
202604046775344,XC,2026-04-04,APR,SAT,False,,PLY,1227,1227,BHM,1555,1555,0,1603,1603,0,282,DAR,1908,1907,-1,False
202604046775311,XC,2026-04-04,APR,SAT,False,,PNZ,1115,1115,BHM,1655,1654,-1,1703,1703,0,365,DAR,2008,2005,-3,False
202604046775346,XC,2026-04-04,APR,SAT,False,,PLY,1427,1427,BHM,1755,1753,-2,1803,1803,0,282,DAR,2057,2056,-1,False
202604056774840,XC,2026-04-05,APR,SUN,False,,BHM,0903,0903,BHM,,,,0903,0903,0,0,DAR,1205,1204,-1,False
202604056774841,XC,2026-04-05,APR,SUN,False,,BHM,1003,1004,BHM,,,,1003,1004,1,0,DAR,1305,1304,-1,False
202604056774922,XC,2026-04-05,APR,SUN,False,,BRI,0915,0914,BHM,1049,1048,-1,1103,1103,0,124,DAR,1406,1404,-2,False
202604056774923,XC,2026-04-05,APR,SUN,False,,BRI,1031,1033,BHM,1149,1148,-1,1203,1203,0,124,DAR,1507,1506,-1,False
202604056775333,XC,2026-04-05,APR,SUN,False,,PLY,0927,0926,BHM,1249,1250,1,1303,1303,0,282,DAR,1557,1556,-1,False
202604056775338,XC,2026-04-05,APR,SUN,False,,PLY,1027,1027,BHM,1349,1352,3,1403,1403,0,282,DAR,1705,1703,-2,False
202604056775340,XC,2026-04-05,APR,SUN,False,,PLY,1127,1127,BHM,1449,1455,6,1503,1504,1,282,DAR,1805,1805,0,False
202604056775342,XC,2026-04-05,APR,SUN,False,655,PLY,1227,1227,BHM,1549,1627,38,1603,1633,30,282,DAR,1901,1923,22,True
202604056775313,XC,2026-04-05,APR,SUN,False,655,PLY,1327,1326,BHM,1649,1658,9,1703,1704,1,282,DAR,2007,2001,-6,False
202604056775347,XC,2026-04-05,APR,SUN,False,,PLY,1427,1427,BHM,1749,1752,3,1803,1803,0,282,DAR,2058,2101,3,True
202604056773526,XC,2026-04-05,APR,SUN,False,,RDG,1742,,BHM,,,,1928,1928,0,130,DAR,2207,2206,-1,False
202604066774836,XC,2026-04-06,APR,MON,False,,BHM,0603,0603,BHM,,,,0603,0603,0,0,DAR,0906,0904,-2,False
202604066774838,XC,2026-04-06,APR,MON,False,,BHM,0703,0703,BHM,,,,0703,0703,0,0,DAR,1006,1006,0,False
202604066774921,XC,2026-04-06,APR,MON,False,904,BRI,0635,0643,BHM,0755,0805,10,0803,0813,10,124,DAR,1106,1131,25,True
202604066775326,XC,2026-04-06,APR,MON,False,,PLY,0525,0524,BHM,0855,0853,-2,0903,0903,0,282,DAR,1206,1204,-2,False
202604066775328,XC,2026-04-06,APR,MON,False,,PLY,0620,0620,BHM,0954,0953,-1,1003,1003,0,282,DAR,1306,1306,0,False
202604066775330,XC,2026-04-06,APR,MON,False,,PLY,0727,0727,BHM,1055,1059,4,1103,1103,0,282,DAR,1407,1413,6,True
202604066775008,XC,2026-04-06,APR,MON,False,,CDF,0945,0945,BHM,1149,1152,3,1203,1203,0,143,DAR,1506,1511,5,True
202604066775334,XC,2026-04-06,APR,MON,False,,PLY,0927,0927,BHM,1255,1300,5,1303,1304,1,282,DAR,1607,1605,-2,False
202604066775336,XC,2026-04-06,APR,MON,False,569,PLY,1027,1027,BHM,1355,1419,24,1403,1423,20,282,DAR,1706,1717,11,True
202604066775339,XC,2026-04-06,APR,MON,False,,PLY,1127,1127,BHM,1455,1456,1,1503,1504,1,282,DAR,1806,1809,3,True
202604066775343,XC,2026-04-06,APR,MON,False,,PLY,1227,1226,BHM,1555,1555,0,1603,1603,0,282,DAR,1908,1906,-2,False
202604066775312,XC,2026-04-06,APR,MON,False,547,PNZ,1115,1115,BHM,1655,1703,8,1703,1708,5,365,DAR,2010,2008,-2,False
202604066775345,XC,2026-04-06,APR,MON,False,,PLY,1427,1426,BHM,1755,1803,8,1803,1808,5,282,DAR,2058,2101,3,True
202604066775315,XC,2026-04-06,APR,MON,False,,PLY,1527,1526,BHM,1854,1857,3,1903,1903,0,282,DAR,2212,2214,2,True
202604076774836,XC,2026-04-07,APR,TUE,False,,BHM,0603,0604,BHM,,,,0603,0604,1,0,DAR,0906,0906,0,False
202604076774838,XC,2026-04-07,APR,TUE,False,,BHM,0703,0703,BHM,,,,0703,0703,0,0,DAR,1006,1003,-3,False
202604076774921,XC,2026-04-07,APR,TUE,False,,BRI,0635,0635,BHM,0755,0753,-2,0803,0803,0,124,DAR,1106,1109,3,True
202604076775326,XC,2026-04-07,APR,TUE,False,895,PLY,0525,0525,BHM,0855,0857,2,0903,0903,0,282,DAR,1206,1204,-2,False
202604076775328,XC,2026-04-07,APR,TUE,False,733,PLY,0620,0620,BHM,0954,0958,4,1003,1003,0,282,DAR,1306,1315,9,True
202604076775330,XC,2026-04-07,APR,TUE,False,,PLY,0727,0727,BHM,1055,1101,6,1103,1105,2,282,DAR,1407,1406,-1,False
202604076775008,XC,2026-04-07,APR,TUE,False,,CDF,0945,0949,BHM,1149,1149,0,1203,1203,0,143,DAR,1506,1508,2,True
202604076775334,XC,2026-04-07,APR,TUE,False,,PLY,0927,0927,BHM,1255,1300,5,1303,1304,1,282,DAR,1607,1607,0,False
202604076775336,XC,2026-04-07,APR,TUE,False,832,PLY,1027,1026,BHM,1355,1424,29,1403,1429,26,282,DAR,1706,1717,11,True
202604076775339,XC,2026-04-07,APR,TUE,False,,PLY,1127,1126,BHM,1455,1458,3,1503,1504,1,282,DAR,1806,1805,-1,False
202604076775343,XC,2026-04-07,APR,TUE,False,,PLY,1227,1226,BHM,1555,1555,0,1603,1603,0,282,DAR,1908,1906,-2,False
202604076775312,XC,2026-04-07,APR,TUE,False,705,PNZ,1115,1115,BHM,1655,1658,3,1703,1704,1,365,DAR,2010,2007,-3,False
202604076775345,XC,2026-04-07,APR,TUE,False,895,PLY,1427,1427,BHM,1755,1827,32,1803,1831,28,282,DAR,2058,2136,38,True
202604076775315,XC,2026-04-07,APR,TUE,False,895,PLY,1527,,BHM,1854,1858,4,1903,1903,0,282,DAR,2212,2218,6,True
202604086774836,XC,2026-04-08,APR,WED,False,,BHM,0603,0604,BHM,,,,0603,0604,1,0,DAR,0906,0902,-4,False
202604086774838,XC,2026-04-08,APR,WED,False,894,BHM,0703,0703,BHM,,,,0703,0703,0,0,DAR,1006,1015,9,True
202604086774921,XC,2026-04-08,APR,WED,False,,BRI,0635,0634,BHM,0755,0751,-4,0803,0803,0,124,DAR,1106,1104,-2,False
202604086775326,XC,2026-04-08,APR,WED,False,,PLY,0525,0525,BHM,0855,0855,0,0903,0903,0,282,DAR,1206,1205,-1,False
202604086775328,XC,2026-04-08,APR,WED,False,,PLY,0620,0619,BHM,0954,0953,-1,1003,1003,0,282,DAR,1306,1301,-5,False
202604086775330,XC,2026-04-08,APR,WED,False,904,PLY,0727,0727,BHM,1055,1059,4,1103,1103,0,282,DAR,1407,1403,-4,False
202604086775008,XC,2026-04-08,APR,WED,False,895,CDF,0945,0945,BHM,1149,1152,3,1203,1205,2,143,DAR,1506,1510,4,True
202604086775334,XC,2026-04-08,APR,WED,False,,PLY,0927,0927,BHM,1255,1255,0,1303,1302,-1,282,DAR,1607,1604,-3,False
202604086775336,XC,2026-04-08,APR,WED,False,895,PLY,1027,1026,BHM,1355,1410,15,1403,1414,11,282,DAR,1706,1708,2,True
202604086775339,XC,2026-04-08,APR,WED,False,573,PLY,1127,1127,BHM,1455,1457,2,1503,1503,0,282,DAR,1806,1803,-3,False
202604086775343,XC,2026-04-08,APR,WED,False,,PLY,1227,1227,BHM,1555,1557,2,1603,1603,0,282,DAR,1908,1910,2,True
202604086775312,XC,2026-04-08,APR,WED,True,896,PNZ,1115,,BHM,1655,,,1703,,,365,DAR,2010,,,
202604086775345,XC,2026-04-08,APR,WED,False,894,PLY,1427,1426,BHM,1755,1807,12,1803,1813,10,282,DAR,2058,2200,62,True
202604086775315,XC,2026-04-08,APR,WED,False,904,PLY,1527,1526,BHM,1854,1902,8,1903,1906,3,282,DAR,2212,2225,13,True
202604096774836,XC,2026-04-09,APR,THU,False,501,BHM,0603,0603,BHM,,,,0603,0603,0,0,DAR,0906,0925,19,True
202604096774838,XC,2026-04-09,APR,THU,False,,BHM,0703,0704,BHM,,,,0703,0704,1,0,DAR,1006,1015,9,True
202604096774921,XC,2026-04-09,APR,THU,False,576,BRI,0635,0635,BHM,0755,0751,-4,0803,0803,0,124,DAR,1106,1124,18,True
202604096775326,XC,2026-04-09,APR,THU,False,,PLY,0525,0525,BHM,0855,0854,-1,0903,0909,6,282,DAR,1206,1205,-1,False
202604096775328,XC,2026-04-09,APR,THU,False,,PLY,0620,0620,BHM,0954,0956,2,1003,1003,0,282,DAR,1306,1304,-2,False
202604096775330,XC,2026-04-09,APR,THU,False,911,PLY,0727,0727,BHM,1055,1112,17,1103,1117,14,282,DAR,1407,1409,2,True
202604096775008,XC,2026-04-09,APR,THU,True,,CDF,0945,,BHM,1149,,,1203,,,143,DAR,1506,,,
202604096775334,XC,2026-04-09,APR,THU,False,887,PLY,0927,0927,BHM,1255,1323,28,1303,1330,27,282,DAR,1607,1620,13,True
202604096775336,XC,2026-04-09,APR,THU,False,,PLY,1027,1027,BHM,1355,1355,0,1403,1404,1,282,DAR,1706,1708,2,True
202604096775339,XC,2026-04-09,APR,THU,False,576,PLY,1127,1126,BHM,1455,1505,10,1503,1509,6,282,DAR,1806,1807,1,True
202604096775343,XC,2026-04-09,APR,THU,False,,PLY,1227,1227,BHM,1555,1555,0,1603,1603,0,282,DAR,1908,1911,3,True
202604096775312,XC,2026-04-09,APR,THU,False,910,PNZ,1115,1115,BHM,1655,1657,2,1703,1708,5,365,DAR,2010,2007,-3,False
202604096775345,XC,2026-04-09,APR,THU,False,543,PLY,1427,1426,BHM,1755,1806,11,1803,1811,8,282,DAR,2058,2056,-2,False
202604096775315,XC,2026-04-09,APR,THU,False,,PLY,1527,1527,BHM,1854,1858,4,1903,1903,0,282,DAR,2212,2211,-1,False
202604106774836,XC,2026-04-10,APR,FRI,False,,BHM,0603,0603,BHM,,,,0603,0603,0,0,DAR,0906,0903,-3,False
202604106774838,XC,2026-04-10,APR,FRI,False,,BHM,0703,0703,BHM,,,,0703,0703,0,0,DAR,1006,1002,-4,False
202604106774921,XC,2026-04-10,APR,FRI,False,,BRI,0635,0635,BHM,0755,0753,-2,0803,0803,0,124,DAR,1106,1104,-2,False
202604106775326,XC,2026-04-10,APR,FRI,False,,PLY,0525,0525,BHM,0855,0853,-2,0903,0902,-1,282,DAR,1206,1203,-3,False
202604106775328,XC,2026-04-10,APR,FRI,False,,PLY,0620,0620,BHM,0954,0956,2,1003,1003,0,282,DAR,1306,1308,2,True
202604106775330,XC,2026-04-10,APR,FRI,False,,PLY,0727,0727,BHM,1055,1055,0,1103,1103,0,282,DAR,1407,1407,0,False
202604106775008,XC,2026-04-10,APR,FRI,False,,CDF,0945,0945,BHM,1149,1149,0,1203,1203,0,143,DAR,1506,1504,-2,False
202604106775334,XC,2026-04-10,APR,FRI,False,,PLY,0927,0927,BHM,1255,1253,-2,1303,1304,1,282,DAR,1607,1604,-3,False
202604106775336,XC,2026-04-10,APR,FRI,False,,PLY,1027,1026,BHM,1355,1352,-3,1403,1403,0,282,DAR,1706,1710,4,True
202604106775339,XC,2026-04-10,APR,FRI,False,576,PLY,1127,1126,BHM,1455,1456,1,1503,1503,0,282,DAR,1806,1824,18,True
202604106775343,XC,2026-04-10,APR,FRI,False,895,PLY,1227,1227,BHM,1555,1559,4,1603,1604,1,282,DAR,1908,1911,3,True
202604106775312,XC,2026-04-10,APR,FRI,False,,PNZ,1115,1115,BHM,1655,1659,4,1703,1704,1,365,DAR,2010,2002,-8,False
202604106775345,XC,2026-04-10,APR,FRI,False,,PLY,1427,1426,BHM,1755,1754,-1,1803,1802,-1,282,DAR,2058,2056,-2,False
202604106775315,XC,2026-04-10,APR,FRI,False,,PLY,1527,1527,BHM,1854,1853,-1,1903,1903,0,282,DAR,2212,2213,1,True
202604116774837,XC,2026-04-11,APR,SAT,False,,BHM,0603,0603,BHM,,,,0603,0603,0,0,DAR,0906,0903,-3,False
202604116774839,XC,2026-04-11,APR,SAT,False,576,BHM,0703,0703,BHM,,,,0703,0703,0,0,DAR,1008,1021,13,True
202604116774920,XC,2026-04-11,APR,SAT,False,,BRI,0551,0550,BHM,0755,0756,1,0803,0803,0,124,DAR,1106,1104,-2,False
202604116775327,XC,2026-04-11,APR,SAT,False,,BRI,0648,0648,BHM,0855,0851,-4,0903,0903,0,124,DAR,1206,1205,-1,False
202604116775329,XC,2026-04-11,APR,SAT,False,,PLY,0527,0527,BHM,0955,0957,2,1003,1013,10,282,DAR,1306,1320,14,True
202604117975334,XC,2026-04-11,APR,SAT,False,576,GCR,1002,1109,BHM,1055,1208,73,1103,1218,75,,DAR,1406,1513,67,True
202604116775332,XC,2026-04-11,APR,SAT,True,576,PLY,0725,,BHM,1155,,,1203,,,282,DAR,1506,,,
202604116775335,XC,2026-04-11,APR,SAT,True,576,PLY,0827,,BHM,1255,,,1303,,,282,DAR,1606,,,
202604116775337,XC,2026-04-11,APR,SAT,False,650,PLY,0927,0927,BHM,1355,1435,40,1403,1442,39,282,DAR,1706,1738,32,True
202604116775341,XC,2026-04-11,APR,SAT,False,,PLY,1027,1027,BHM,1455,1456,1,1503,1504,1,282,DAR,1806,1804,-2,False
202604116775344,XC,2026-04-11,APR,SAT,False,,PLY,1127,1127,BHM,1555,1555,0,1603,1603,0,282,DAR,1908,1909,1,True
202604116775311,XC,2026-04-11,APR,SAT,False,,PLY,1227,1227,BHM,1655,1658,3,1703,1703,0,282,DAR,2008,2004,-4,False
202604116775346,XC,2026-04-11,APR,SAT,False,,PNZ,1115,1115,BHM,1755,1756,1,1803,1802,-1,365,DAR,2057,2058,1,True
202604116775374,XC,2026-04-11,APR,SAT,False,,RDG,1745,1745,BHM,1917,1921,4,1927,1927,0,130,DAR,2155,2156,1,True
202604126774840,XC,2026-04-12,APR,SUN,False,,BHM,0903,0904,BHM,,,,0903,0904,1,0,DAR,1205,1202,-3,False
202604126774841,XC,2026-04-12,APR,SUN,False,,BHM,1003,1003,BHM,,,,1003,1003,0,0,DAR,1305,1302,-3,False
202604126774922,XC,2026-04-12,APR,SUN,False,,BRI,0851,0851,BHM,1049,1053,4,1103,1104,1,124,DAR,1406,1404,-2,False
202604126774923,XC,2026-04-12,APR,SUN,False,,BRI,0953,0953,BHM,1149,1150,1,1203,1203,0,124,DAR,1507,1506,-1,False
202604126775333,XC,2026-04-12,APR,SUN,False,894,BRI,1053,1054,BHM,1249,1319,30,1303,1324,21,124,DAR,1557,1609,12,True
202604126775338,XC,2026-04-12,APR,SUN,False,,PLY,0927,0926,BHM,1349,1350,1,1403,1403,0,282,DAR,1705,1705,0,False
202604126775340,XC,2026-04-12,APR,SUN,False,,PLY,1027,1028,BHM,1449,1451,2,1503,1504,1,282,DAR,1805,1803,-2,False
202604126775342,XC,2026-04-12,APR,SUN,False,,PLY,1127,1126,BHM,1549,1549,0,1603,1605,2,282,DAR,1901,1902,1,True
202604126775313,XC,2026-04-12,APR,SUN,False,,PLY,1227,1228,BHM,1649,1648,-1,1703,1703,0,282,DAR,2007,2003,-4,False
202604126775347,XC,2026-04-12,APR,SUN,False,,PLY,1327,1327,BHM,1749,1751,2,1803,1803,0,282,DAR,2058,2059,1,True
202604126773526,XC,2026-04-12,APR,SUN,False,,RDG,1742,1746,BHM,1918,1920,2,1928,1928,0,130,DAR,2207,2206,-1,False
202604136774836,XC,2026-04-13,APR,MON,False,,BHM,0603,0603,BHM,,,,0603,0603,0,0,DAR,0906,0903,-3,False
202604136774838,XC,2026-04-13,APR,MON,False,904,BHM,0703,0704,BHM,,,,0703,0704,1,0,DAR,1006,1010,4,True
202604136774921,XC,2026-04-13,APR,MON,False,896,BRI,0635,0634,BHM,0755,0820,25,0803,0824,21,124,DAR,1106,1115,9,True
202604136775326,XC,2026-04-13,APR,MON,False,904,PLY,0525,0524,BHM,0855,0909,14,0903,0915,12,282,DAR,1206,1232,26,True
202604136775328,XC,2026-04-13,APR,MON,False,,PLY,0620,0620,BHM,0954,1005,11,1003,1009,6,282,DAR,1306,1312,6,True
202604136775330,XC,2026-04-13,APR,MON,False,,PLY,0727,0727,BHM,1055,1059,4,1103,1103,0,282,DAR,1407,1410,3,True
202604136775008,XC,2026-04-13,APR,MON,False,,CDF,0945,0945,BHM,1149,1149,0,1203,1203,0,143,DAR,1506,1509,3,True
202604136775334,XC,2026-04-13,APR,MON,False,895,PLY,0927,0926,BHM,1255,1308,13,1303,1311,8,282,DAR,1607,1611,4,True
202604136775336,XC,2026-04-13,APR,MON,False,,PLY,1027,1026,BHM,1355,1408,13,1403,1413,10,282,DAR,1706,1708,2,True
202604136775339,XC,2026-04-13,APR,MON,False,,PLY,1127,1128,BHM,1455,1457,2,1503,1503,0,282,DAR,1806,1804,-2,False
202604136775343,XC,2026-04-13,APR,MON,False,,PLY,1227,,BHM,1555,1556,1,1603,1608,5,282,DAR,1908,1902,-6,False
202604136775312,XC,2026-04-13,APR,MON,False,,PNZ,1115,1115,BHM,1655,1657,2,1703,1704,1,365,DAR,2010,2007,-3,False
202604136775345,XC,2026-04-13,APR,MON,False,,PLY,1427,1426,BHM,1755,1753,-2,1803,1803,0,282,DAR,2058,2057,-1,False
202604136775315,XC,2026-04-13,APR,MON,False,,PLY,1527,1527,BHM,1854,1859,5,1903,1904,1,282,DAR,2212,2212,0,False
202604146774836,XC,2026-04-14,APR,TUE,False,,BHM,0603,0603,BHM,,,,0603,0603,0,0,DAR,0906,0903,-3,False
202604146774838,XC,2026-04-14,APR,TUE,False,,BHM,0703,0703,BHM,,,,0703,0703,0,0,DAR,1006,1003,-3,False
202604146774921,XC,2026-04-14,APR,TUE,False,,BRI,0635,0634,BHM,0755,0751,-4,0803,0803,0,124,DAR,1106,1108,2,True
202604146775326,XC,2026-04-14,APR,TUE,False,,PLY,0525,0525,BHM,0855,0858,3,0903,0906,3,282,DAR,1206,1204,-2,False
202604146775328,XC,2026-04-14,APR,TUE,False,,PLY,0620,0620,BHM,0954,1005,11,1003,1010,7,282,DAR,1306,1307,1,True
202604146775330,XC,2026-04-14,APR,TUE,False,895,PLY,0727,0727,BHM,1055,1106,11,1103,1115,12,282,DAR,1407,1411,4,True
202604146775008,XC,2026-04-14,APR,TUE,False,700,CDF,0945,0945,BHM,1149,1150,1,1203,1223,20,143,DAR,1506,1505,-1,False
202604146775334,XC,2026-04-14,APR,TUE,False,,PLY,0927,0926,BHM,1255,1254,-1,1303,1303,0,282,DAR,1607,1605,-2,False
202604146775336,XC,2026-04-14,APR,TUE,False,,PLY,1027,1026,BHM,1355,1353,-2,1403,1403,0,282,DAR,1706,1705,-1,False
202604146775339,XC,2026-04-14,APR,TUE,False,576,PLY,1127,1127,BHM,1455,1457,2,1503,1503,0,282,DAR,1806,1802,-4,False
202604146775343,XC,2026-04-14,APR,TUE,False,904,PLY,1227,1226,BHM,1555,1557,2,1603,1604,1,282,DAR,1908,1925,17,True
202604146775312,XC,2026-04-14,APR,TUE,False,,PNZ,1115,1115,BHM,1655,1655,0,1703,1703,0,365,DAR,2010,2007,-3,False
202604146775345,XC,2026-04-14,APR,TUE,False,574,PLY,1427,1426,BHM,1755,1754,-1,1803,1803,0,282,DAR,2058,2120,22,True
202604146775315,XC,2026-04-14,APR,TUE,False,,PLY,1527,1526,BHM,1854,1855,1,1903,1903,0,282,DAR,2212,2218,6,True
202604156774836,XC,2026-04-15,APR,WED,False,,BHM,0603,0603,BHM,,,,0603,0603,0,0,DAR,0906,0903,-3,False
202604156774838,XC,2026-04-15,APR,WED,False,,BHM,0703,0703,BHM,,,,0703,0703,0,0,DAR,1006,1004,-2,False
202604156774921,XC,2026-04-15,APR,WED,False,,BRI,0635,0635,BHM,0755,0752,-3,0803,0803,0,124,DAR,1106,1107,1,True
202604156775326,XC,2026-04-15,APR,WED,False,,PLY,0525,0524,BHM,0855,0853,-2,0903,0902,-1,282,DAR,1206,1204,-2,False
202604156775328,XC,2026-04-15,APR,WED,False,,PLY,0620,0619,BHM,0954,0953,-1,1003,1004,1,282,DAR,1306,1308,2,True
202604156775330,XC,2026-04-15,APR,WED,False,,PLY,0727,0726,BHM,1055,1055,0,1103,1102,-1,282,DAR,1407,1404,-3,False
202604156775008,XC,2026-04-15,APR,WED,False,535,CDF,0945,0945,BHM,1149,1149,0,1203,1203,0,143,DAR,1506,1510,4,True
202604156775334,XC,2026-04-15,APR,WED,False,,PLY,0927,0927,BHM,1255,1306,11,1303,1310,7,282,DAR,1607,1606,-1,False
202604156775336,XC,2026-04-15,APR,WED,False,904,PLY,1027,1027,BHM,1355,1359,4,1403,1403,0,282,DAR,1706,1714,8,True
202604156775339,XC,2026-04-15,APR,WED,False,,PLY,1127,1126,BHM,1455,1458,3,1503,1505,2,282,DAR,1806,1804,-2,False
202604156775343,XC,2026-04-15,APR,WED,False,,PLY,1227,1226,BHM,1555,1556,1,1603,1603,0,282,DAR,1908,1905,-3,False
202604156775312,XC,2026-04-15,APR,WED,False,,PNZ,1115,1115,BHM,1655,1658,3,1703,1703,0,365,DAR,2010,2006,-4,False
202604156775345,XC,2026-04-15,APR,WED,False,895,PLY,1427,1427,BHM,1755,1811,16,1803,1817,14,282,DAR,2058,2124,26,True
202604156775315,XC,2026-04-15,APR,WED,False,,PLY,1527,1526,BHM,1854,1858,4,1903,1906,3,282,DAR,2212,2216,4,True
202604166774836,XC,2026-04-16,APR,THU,False,,BHM,0603,0603,BHM,,,,0603,0603,0,0,DAR,0906,0903,-3,False
202604166774838,XC,2026-04-16,APR,THU,False,,BHM,0703,0703,BHM,,,,0703,0703,0,0,DAR,1006,1003,-3,False
202604166774921,XC,2026-04-16,APR,THU,False,,BRI,0635,0635,BHM,0755,0752,-3,0803,0802,-1,124,DAR,1106,1104,-2,False
202604166775326,XC,2026-04-16,APR,THU,False,,PLY,0525,0524,BHM,0855,0853,-2,0903,0903,0,282,DAR,1206,1203,-3,False
202604166775328,XC,2026-04-16,APR,THU,False,,PLY,0620,0620,BHM,0954,0958,4,1003,1003,0,282,DAR,1306,1304,-2,False
202604166775330,XC,2026-04-16,APR,THU,False,,PLY,0727,0727,BHM,1055,1059,4,1103,1103,0,282,DAR,1407,1404,-3,False
202604166775008,XC,2026-04-16,APR,THU,False,,CDF,0945,0945,BHM,1149,1149,0,1203,1203,0,143,DAR,1506,1506,0,False
202604166775334,XC,2026-04-16,APR,THU,False,,PLY,0927,0927,BHM,1255,1253,-2,1303,1303,0,282,DAR,1607,1607,0,False
202604166775336,XC,2026-04-16,APR,THU,False,,PLY,1027,1027,BHM,1355,1359,4,1403,1403,0,282,DAR,1706,1725,19,True
202604166775339,XC,2026-04-16,APR,THU,False,,PLY,1127,1126,BHM,1455,1500,5,1503,1508,5,282,DAR,1806,1805,-1,False
202604166775343,XC,2026-04-16,APR,THU,False,576,PLY,1227,1229,BHM,1555,1553,-2,1603,1604,1,282,DAR,1908,1928,20,True
202604166775312,XC,2026-04-16,APR,THU,False,,PNZ,1115,1115,BHM,1655,1654,-1,1703,1703,0,365,DAR,2010,2007,-3,False
202604166775345,XC,2026-04-16,APR,THU,False,,PLY,1427,1426,BHM,1755,1754,-1,1803,1803,0,282,DAR,2058,2059,1,True
202604166775315,XC,2026-04-16,APR,THU,False,,PLY,1527,1526,BHM,1854,1854,0,1903,1903,0,282,DAR,2212,2214,2,True
202604176774836,XC,2026-04-17,APR,FRI,False,,BHM,0603,0603,BHM,,,,0603,0603,0,0,DAR,0906,0909,3,True
202604176774838,XC,2026-04-17,APR,FRI,True,526,BHM,0703,,BHM,,,,0703,,,0,DAR,1006,,,
202604176774921,XC,2026-04-17,APR,FRI,False,895,BRI,0635,0634,BHM,0755,0753,-2,0803,0803,0,124,DAR,1106,1112,6,True
202604176775326,XC,2026-04-17,APR,FRI,False,,PLY,0525,0524,BHM,0855,0857,2,0903,0903,0,282,DAR,1206,1202,-4,False
202604176775328,XC,2026-04-17,APR,FRI,False,,PLY,0620,0620,BHM,0954,0953,-1,1003,1003,0,282,DAR,1306,1310,4,True
202604176775330,XC,2026-04-17,APR,FRI,False,,PLY,0727,0727,BHM,1055,1054,-1,1103,1103,0,282,DAR,1407,1404,-3,False
202604176775008,XC,2026-04-17,APR,FRI,False,910,CDF,0945,0945,BHM,1149,1151,2,1203,1214,11,143,DAR,1506,1506,0,False
202604176775334,XC,2026-04-17,APR,FRI,False,,PLY,0927,0928,BHM,1255,1255,0,1303,1302,-1,282,DAR,1607,1606,-1,False
202604176775336,XC,2026-04-17,APR,FRI,False,,PLY,1027,1027,BHM,1355,1355,0,1403,1403,0,282,DAR,1706,1703,-3,False
202604176775339,XC,2026-04-17,APR,FRI,False,,PLY,1127,1127,BHM,1455,1502,7,1503,1510,7,282,DAR,1806,1804,-2,False
202604176775343,XC,2026-04-17,APR,FRI,False,,PLY,1227,1227,BHM,1555,1558,3,1603,1605,2,282,DAR,1908,1904,-4,False
202604176775312,XC,2026-04-17,APR,FRI,False,,PNZ,1115,1115,BHM,1655,1656,1,1703,1709,6,365,DAR,2010,2003,-7,False
202604176775345,XC,2026-04-17,APR,FRI,False,,PLY,1427,1427,BHM,1755,1755,0,1803,1802,-1,282,DAR,2058,2058,0,False
202604176775315,XC,2026-04-17,APR,FRI,False,,PLY,1527,1526,BHM,1854,1859,5,1903,1905,2,282,DAR,2212,2213,1,True
202604186774837,XC,2026-04-18,APR,SAT,False,,BHM,0603,0603,BHM,,,,0603,0603,0,0,DAR,0906,0906,0,False
202604186774839,XC,2026-04-18,APR,SAT,False,,BHM,0703,0703,BHM,,,,0703,0703,0,0,DAR,1008,1002,-6,False
202604186774920,XC,2026-04-18,APR,SAT,False,,BRI,0551,0551,BHM,0755,0752,-3,0803,0806,3,124,DAR,1106,1106,0,False
202604186775327,XC,2026-04-18,APR,SAT,False,,BRI,0648,0647,BHM,0855,0854,-1,0903,0903,0,124,DAR,1206,1202,-4,False
202604186775329,XC,2026-04-18,APR,SAT,False,,PLY,0527,0526,BHM,0955,0952,-3,1003,1003,0,282,DAR,1306,1306,0,False
202604186775331,XC,2026-04-18,APR,SAT,False,,PLY,0627,0627,BHM,1055,1054,-1,1103,1103,0,282,DAR,1406,1409,3,True
202604186775332,XC,2026-04-18,APR,SAT,False,689,PLY,0725,0726,BHM,1155,1153,-2,1203,1205,2,282,DAR,1506,1511,5,True
202604186775335,XC,2026-04-18,APR,SAT,False,,PLY,0827,0828,BHM,1255,1255,0,1303,1303,0,282,DAR,1606,1611,5,True
202604186775337,XC,2026-04-18,APR,SAT,False,,PLY,0927,0926,BHM,1355,1352,-3,1403,1403,0,282,DAR,1706,1707,1,True
202604186775341,XC,2026-04-18,APR,SAT,False,576,PLY,1027,1027,BHM,1455,1520,25,1503,1525,22,282,DAR,1806,1814,8,True
202604186775344,XC,2026-04-18,APR,SAT,False,,PLY,1127,1127,BHM,1555,1552,-3,1603,1603,0,282,DAR,1908,1913,5,True
202604186775311,XC,2026-04-18,APR,SAT,False,,PLY,1227,1226,BHM,1655,1654,-1,1703,1703,0,282,DAR,2008,2003,-5,False
202604186775346,XC,2026-04-18,APR,SAT,False,,PNZ,1115,1115,BHM,1755,1753,-2,1803,1803,0,365,DAR,2057,2110,13,True
202604186775374,XC,2026-04-18,APR,SAT,False,,RDG,1745,1747,BHM,1917,1916,-1,1927,1928,1,130,DAR,2155,2157,2,True
202604196774840,XC,2026-04-19,APR,SUN,False,,BHM,0903,0903,BHM,,,,0903,0903,0,0,DAR,1205,1201,-4,False
202604196774841,XC,2026-04-19,APR,SUN,False,,BHM,1003,1012,BHM,,,,1003,1012,9,0,DAR,1305,1305,0,False
202604196774922,XC,2026-04-19,APR,SUN,False,,BRI,0851,0850,BHM,1049,1048,-1,1103,1103,0,124,DAR,1406,1404,-2,False
202604196774923,XC,2026-04-19,APR,SUN,False,,BRI,0953,0956,BHM,1149,1150,1,1203,1203,0,124,DAR,1507,1508,1,True
202604196775333,XC,2026-04-19,APR,SUN,False,825,BRI,1055,1100,BHM,1249,1326,37,1303,1337,34,124,DAR,1557,1635,38,True
202604196775338,XC,2026-04-19,APR,SUN,True,557,PLY,0927,,BHM,1349,,,1403,,,282,DAR,1705,,,
202604196775340,XC,2026-04-19,APR,SUN,False,557,PLY,1027,,BHM,1449,1518,29,1503,1523,20,282,DAR,1805,1826,21,True
202604196775342,XC,2026-04-19,APR,SUN,False,,PLY,1127,1127,BHM,1549,1555,6,1603,1604,1,282,DAR,1901,1900,-1,False
202604196775313,XC,2026-04-19,APR,SUN,False,,PLY,1227,1230,BHM,1649,1646,-3,1703,1703,0,282,DAR,2007,2001,-6,False
202604196775347,XC,2026-04-19,APR,SUN,False,,PLY,1327,1328,BHM,1749,1754,5,1803,1803,0,282,DAR,2058,2117,19,True
202604196773526,XC,2026-04-19,APR,SUN,False,895,RDG,1742,,BHM,,,,1928,1928,0,130,DAR,2207,2207,0,False
202604206774836,XC,2026-04-20,APR,MON,False,547,BHM,0603,0603,BHM,,,,0603,0603,0,0,DAR,0906,0915,9,True
202604206774838,XC,2026-04-20,APR,MON,False,,BHM,0703,0703,BHM,,,,0703,0703,0,0,DAR,1006,1004,-2,False
202604206774921,XC,2026-04-20,APR,MON,False,,BRI,0635,0635,BHM,0755,0755,0,0803,0803,0,124,DAR,1106,1108,2,True
202604206775326,XC,2026-04-20,APR,MON,False,,PLY,0525,0527,BHM,0855,0854,-1,0903,0903,0,282,DAR,1206,1203,-3,False
202604206775328,XC,2026-04-20,APR,MON,False,,PLY,0620,0620,BHM,0954,1006,12,1003,1010,7,282,DAR,1306,1303,-3,False
202604206775330,XC,2026-04-20,APR,MON,False,,PLY,0727,0726,BHM,1055,1059,4,1103,1104,1,282,DAR,1407,1403,-4,False
202604206775008,XC,2026-04-20,APR,MON,False,910,CDF,0945,0945,BHM,1149,1149,0,1203,1215,12,143,DAR,1506,1504,-2,False
202604206775334,XC,2026-04-20,APR,MON,False,895,PLY,0927,0927,BHM,1255,1302,7,1303,1308,5,282,DAR,1607,1602,-5,False
202604206775336,XC,2026-04-20,APR,MON,False,,PLY,1027,1028,BHM,1355,1420,25,1403,1425,22,282,DAR,1706,1711,5,True
202604206775339,XC,2026-04-20,APR,MON,False,,PLY,1127,1127,BHM,1455,1456,1,1503,1503,0,282,DAR,1806,1803,-3,False
202604206775343,XC,2026-04-20,APR,MON,False,,PLY,1227,1226,BHM,1555,1555,0,1603,1603,0,282,DAR,1908,1912,4,True
202604206775312,XC,2026-04-20,APR,MON,False,,PNZ,1115,1115,BHM,1655,1655,0,1703,1703,0,365,DAR,2010,2006,-4,False
202604206775345,XC,2026-04-20,APR,MON,False,,PLY,1427,1427,BHM,1755,1755,0,1803,1803,0,282,DAR,2058,2057,-1,False
202604206775315,XC,2026-04-20,APR,MON,True,526,PLY,1527,,BHM,1854,,,1903,,,282,DAR,2212,,,
202604216774836,XC,2026-04-21,APR,TUE,False,,BHM,0603,0603,BHM,,,,0603,0603,0,0,DAR,0906,0904,-2,False
202604216774838,XC,2026-04-21,APR,TUE,False,,BHM,0703,0703,BHM,,,,0703,0703,0,0,DAR,1006,1006,0,False
202604216774921,XC,2026-04-21,APR,TUE,False,,BRI,0635,0635,BHM,0755,0807,12,0803,0811,8,124,DAR,1106,1105,-1,False
202604216775326,XC,2026-04-21,APR,TUE,False,,PLY,0525,0524,BHM,0855,0857,2,0903,0903,0,282,DAR,1206,1204,-2,False
202604216775328,XC,2026-04-21,APR,TUE,False,,PLY,0620,0620,BHM,0954,1007,13,1003,1015,12,282,DAR,1306,1308,2,True
202604216775330,XC,2026-04-21,APR,TUE,False,,PLY,0727,0727,BHM,1055,1058,3,1103,1102,-1,282,DAR,1407,1406,-1,False
202604216775008,XC,2026-04-21,APR,TUE,False,,CDF,0945,0945,BHM,1149,1149,0,1203,1203,0,143,DAR,1506,1509,3,True
202604216775334,XC,2026-04-21,APR,TUE,False,,PLY,0927,0927,BHM,1255,1253,-2,1303,1303,0,282,DAR,1607,1602,-5,False
202604216775336,XC,2026-04-21,APR,TUE,False,,PLY,1027,1026,BHM,1355,1356,1,1403,1403,0,282,DAR,1706,1704,-2,False
202604216775339,XC,2026-04-21,APR,TUE,False,,PLY,1127,1126,BHM,1455,1456,1,1503,1503,0,282,DAR,1806,1803,-3,False
202604216775343,XC,2026-04-21,APR,TUE,False,,PLY,1227,1226,BHM,1555,1556,1,1603,1603,0,282,DAR,1908,1904,-4,False
202604216775312,XC,2026-04-21,APR,TUE,False,,PNZ,1115,1115,BHM,1655,1656,1,1703,1703,0,365,DAR,2010,2009,-1,False
202604216775345,XC,2026-04-21,APR,TUE,False,573,PLY,1427,1427,BHM,1755,1757,2,1803,1803,0,282,DAR,2058,2107,9,True
202604216775315,XC,2026-04-21,APR,TUE,False,,PLY,1527,1527,BHM,1854,1854,0,1903,1902,-1,282,DAR,2212,2211,-1,False
202604226774836,XC,2026-04-22,APR,WED,False,895,BHM,0603,0603,BHM,,,,0603,0603,0,0,DAR,0906,0904,-2,False
202604226774838,XC,2026-04-22,APR,WED,False,,BHM,0703,0703,BHM,,,,0703,0703,0,0,DAR,1006,1002,-4,False
202604226774921,XC,2026-04-22,APR,WED,False,895,BRI,0635,0635,BHM,0755,0752,-3,0803,0803,0,124,DAR,1106,1119,13,True
202604226775326,XC,2026-04-22,APR,WED,False,,PLY,0525,0525,BHM,0855,0857,2,0903,0903,0,282,DAR,1206,1205,-1,False
202604226775328,XC,2026-04-22,APR,WED,False,,PLY,0620,0619,BHM,0954,0957,3,1003,1003,0,282,DAR,1306,1306,0,False
202604226775330,XC,2026-04-22,APR,WED,False,,PLY,0727,0727,BHM,1055,1054,-1,1103,1103,0,282,DAR,1407,1403,-4,False
202604226775008,XC,2026-04-22,APR,WED,False,,CDF,0945,0945,BHM,1149,1149,0,1203,1203,0,143,DAR,1506,1509,3,True
202604226775334,XC,2026-04-22,APR,WED,False,895,PLY,0927,0928,BHM,1255,1309,14,1303,1313,10,282,DAR,1607,1605,-2,False
202604226775336,XC,2026-04-22,APR,WED,False,,PLY,1027,1027,BHM,1355,1358,3,1403,1403,0,282,DAR,1706,1710,4,True
202604226775339,XC,2026-04-22,APR,WED,False,,PLY,1127,1136,BHM,1455,1457,2,1503,1505,2,282,DAR,1806,1807,1,True
202604226775343,XC,2026-04-22,APR,WED,False,,PLY,1227,1226,BHM,1555,1555,0,1603,1603,0,282,DAR,1908,1912,4,True
202604226775312,XC,2026-04-22,APR,WED,False,,PNZ,1115,1115,BHM,1655,1656,1,1703,1709,6,365,DAR,2010,2009,-1,False
202604226775345,XC,2026-04-22,APR,WED,False,,PLY,1427,1426,BHM,1755,1752,-3,1803,1803,0,282,DAR,2058,2059,1,True
202604226775315,XC,2026-04-22,APR,WED,False,895,PLY,1527,1528,BHM,1854,1911,17,1903,1917,14,282,DAR,2212,2213,1,True
202604236774836,XC,2026-04-23,APR,THU,False,,BHM,0603,0604,BHM,,,,0603,0604,1,0,DAR,0906,0903,-3,False
202604236774838,XC,2026-04-23,APR,THU,False,,BHM,0703,0705,BHM,,,,0703,0705,2,0,DAR,1006,1003,-3,False
202604236774921,XC,2026-04-23,APR,THU,False,,BRI,0635,0635,BHM,0755,0752,-3,0803,0803,0,124,DAR,1106,1103,-3,False
202604236775326,XC,2026-04-23,APR,THU,False,,PLY,0525,0524,BHM,0855,0856,1,0903,0903,0,282,DAR,1206,1204,-2,False
202604236775328,XC,2026-04-23,APR,THU,False,,PLY,0620,0620,BHM,0954,0952,-2,1003,1002,-1,282,DAR,1306,1305,-1,False
202604236775330,XC,2026-04-23,APR,THU,False,,PLY,0727,0727,BHM,1055,1053,-2,1103,1102,-1,282,DAR,1407,1407,0,False
202604236775008,XC,2026-04-23,APR,THU,False,,CDF,0945,0944,BHM,1149,1149,0,1203,1204,1,143,DAR,1506,1511,5,True
202604236775334,XC,2026-04-23,APR,THU,False,,PLY,0927,0927,BHM,1255,1255,0,1303,1303,0,282,DAR,1607,1608,1,True
202604236775336,XC,2026-04-23,APR,THU,False,895,PLY,1027,1027,BHM,1355,1355,0,1403,1403,0,282,DAR,1706,1702,-4,False
202604236775339,XC,2026-04-23,APR,THU,False,910,PLY,1127,1127,BHM,1455,1456,1,1503,1503,0,282,DAR,1806,1828,22,True
202604236775343,XC,2026-04-23,APR,THU,False,,PLY,1227,1228,BHM,1555,1556,1,1603,1603,0,282,DAR,1908,1902,-6,False
202604236775312,XC,2026-04-23,APR,THU,False,,PNZ,1115,1116,BHM,1655,1657,2,1703,1704,1,365,DAR,2010,2004,-6,False
202604236775345,XC,2026-04-23,APR,THU,False,895,PLY,1427,1426,BHM,1755,1802,7,1803,1806,3,282,DAR,2058,2104,6,True
202604236775315,XC,2026-04-23,APR,THU,False,,PLY,1527,1526,BHM,1854,1854,0,1903,1903,0,282,DAR,2212,2215,3,True
202604246774836,XC,2026-04-24,APR,FRI,False,,BHM,0603,0604,BHM,,,,0603,0604,1,0,DAR,0906,0904,-2,False
202604246774838,XC,2026-04-24,APR,FRI,False,,BHM,0703,0708,BHM,,,,0703,0708,5,0,DAR,1006,1003,-3,False
202604246774921,XC,2026-04-24,APR,FRI,False,,BRI,0635,0635,BHM,0755,0755,0,0803,0806,3,124,DAR,1106,1107,1,True
202604246775326,XC,2026-04-24,APR,FRI,False,896,PLY,0525,0524,BHM,0855,0910,15,0903,0914,11,282,DAR,1206,1204,-2,False
202604246775328,XC,2026-04-24,APR,FRI,False,896,PLY,0620,0620,BHM,0954,0954,0,1003,1003,0,282,DAR,1306,1304,-2,False
202604246775330,XC,2026-04-24,APR,FRI,False,896,PLY,0727,0727,BHM,1055,1115,20,1103,1119,16,282,DAR,1407,1414,7,True
202604246775008,XC,2026-04-24,APR,FRI,False,832,CDF,0945,0945,BHM,1149,1157,8,1203,1225,22,143,DAR,1506,1517,11,True
202604246775334,XC,2026-04-24,APR,FRI,False,896,PLY,0927,0927,BHM,1255,1338,43,1303,1344,41,282,DAR,1607,1618,11,True
202604246775336,XC,2026-04-24,APR,FRI,False,574,PLY,1027,1027,BHM,1355,1430,35,1403,1435,32,282,DAR,1706,1743,37,True
202604246775339,XC,2026-04-24,APR,FRI,False,576,PLY,1127,1127,BHM,1455,1506,11,1503,1512,9,282,DAR,1806,1812,6,True
202604246775343,XC,2026-04-24,APR,FRI,False,,PLY,1227,1227,BHM,1555,1555,0,1603,1603,0,282,DAR,1908,1906,-2,False
202604246775312,XC,2026-04-24,APR,FRI,False,894,PNZ,1115,1115,BHM,1655,1656,1,1703,1707,4,365,DAR,2010,2027,17,True
202604246775345,XC,2026-04-24,APR,FRI,False,895,PLY,1427,1427,BHM,1755,1806,11,1803,1813,10,282,DAR,2058,2126,28,True
202604246775315,XC,2026-04-24,APR,FRI,False,,PLY,1527,1526,BHM,1854,1858,4,1903,1903,0,282,DAR,2212,2223,11,True
202604256774837,XC,2026-04-25,APR,SAT,False,,BHM,0603,0605,BHM,,,,0603,0605,2,0,DAR,0906,0903,-3,False
202604256774839,XC,2026-04-25,APR,SAT,False,832,BHM,0703,0708,BHM,,,,0703,0708,5,0,DAR,1008,1009,1,True
202604256774920,XC,2026-04-25,APR,SAT,False,,BRI,0615,0615,BHM,0755,0753,-2,0803,0803,0,124,DAR,1106,1101,-5,False
202604256775327,XC,2026-04-25,APR,SAT,False,832,PLY,0527,0527,BHM,0855,0909,14,0903,0919,16,282,DAR,1206,1217,11,True
202604256775329,XC,2026-04-25,APR,SAT,False,,PLY,0627,0627,BHM,0955,0958,3,1003,1003,0,282,DAR,1306,1308,2,True
202604256775331,XC,2026-04-25,APR,SAT,False,908,PLY,0725,0725,BHM,1055,1105,10,1103,1115,12,282,DAR,1406,1415,9,True
202604256775332,XC,2026-04-25,APR,SAT,False,904,PLY,0827,0827,BHM,1155,1206,11,1203,1212,9,282,DAR,1506,1507,1,True
202604256775335,XC,2026-04-25,APR,SAT,False,,PLY,0927,0927,BHM,1255,1301,6,1303,1308,5,282,DAR,1606,1608,2,True
202604256775337,XC,2026-04-25,APR,SAT,False,832,PLY,1027,1027,BHM,1355,1418,23,1403,1422,19,282,DAR,1706,1720,14,True
202604256775341,XC,2026-04-25,APR,SAT,False,904,PLY,1127,1127,BHM,1455,1511,16,1503,1516,13,282,DAR,1806,1827,21,True
202604256775344,XC,2026-04-25,APR,SAT,False,832,PLY,1227,1229,BHM,1555,1657,62,1603,1704,61,282,DAR,1908,1944,36,True
202604256775311,XC,2026-04-25,APR,SAT,False,526,PNZ,1115,,BHM,1655,1717,22,1703,1723,20,365,DAR,2008,2019,11,True
202604256775346,XC,2026-04-25,APR,SAT,False,904,PLY,1427,1434,BHM,1755,1819,24,1803,1825,22,282,DAR,2057,2112,15,True
202604256775374,XC,2026-04-25,APR,SAT,False,887,RDG,1745,1807,BHM,1917,1949,32,1927,1954,27,130,DAR,2155,2214,19,True
202604266774840,XC,2026-04-26,APR,SUN,False,,BHM,0903,0903,BHM,,,,0903,0903,0,0,DAR,1205,1206,1,True
202604266774841,XC,2026-04-26,APR,SUN,False,,BHM,1003,1003,BHM,,,,1003,1003,0,0,DAR,1305,1259,1434,True
202604266774922,XC,2026-04-26,APR,SUN,True,526,BRI,0915,,BHM,1049,,,1103,,,124,DAR,1406,,,
202604266774923,XC,2026-04-26,APR,SUN,False,,BRI,1031,1033,BHM,1149,1150,1,1203,1204,1,124,DAR,1507,1500,-7,False
202604266775333,XC,2026-04-26,APR,SUN,False,,PLY,0927,0927,BHM,1249,1251,2,1303,1304,1,282,DAR,1557,1559,2,True
202604266775338,XC,2026-04-26,APR,SUN,False,,PLY,1027,1027,BHM,1350,1355,5,1403,1403,0,282,DAR,1705,1705,0,False
202604266775340,XC,2026-04-26,APR,SUN,False,904,PLY,1127,1126,BHM,1449,1451,2,1503,1503,0,282,DAR,1805,1802,-3,False
202604266775342,XC,2026-04-26,APR,SUN,False,,PLY,1227,1227,BHM,1549,1550,1,1603,1603,0,282,DAR,1901,1902,1,True
202604266775313,XC,2026-04-26,APR,SUN,False,576,PLY,1327,1328,BHM,1649,1708,19,1703,1716,13,282,DAR,2007,2010,3,True
202604266775347,XC,2026-04-26,APR,SUN,False,,PLY,1427,1427,BHM,1749,1755,6,1803,1805,2,282,DAR,2058,2056,-2,False
202604266773526,XC,2026-04-26,APR,SUN,False,526,RDG,1742,,BHM,,,,1928,1944,16,130,DAR,2207,2222,15,True
202604276774836,XC,2026-04-27,APR,MON,False,,BHM,0603,0604,BHM,,,,0603,0604,1,0,DAR,0906,0903,-3,False
202604276774838,XC,2026-04-27,APR,MON,False,,BHM,0703,0703,BHM,,,,0703,0703,0,0,DAR,1006,1003,-3,False
202604276774921,XC,2026-04-27,APR,MON,False,,BRI,0635,0634,BHM,0755,0751,-4,0803,0803,0,124,DAR,1106,1103,-3,False
202604276775326,XC,2026-04-27,APR,MON,False,,PLY,0525,0525,BHM,0855,0854,-1,0903,0903,0,282,DAR,1206,1203,-3,False
202604276775328,XC,2026-04-27,APR,MON,False,,PLY,0620,0620,BHM,0954,1001,7,1003,1006,3,282,DAR,1306,1310,4,True
202604276775330,XC,2026-04-27,APR,MON,False,,PLY,0727,0727,BHM,1055,1056,1,1103,1104,1,282,DAR,1407,1408,1,True
202604276775008,XC,2026-04-27,APR,MON,False,894,CDF,0945,0945,BHM,1149,1155,6,1203,1209,6,143,DAR,1506,1524,18,True
202604276775334,XC,2026-04-27,APR,MON,False,,PLY,0927,0927,BHM,1255,1255,0,1303,1304,1,282,DAR,1607,1608,1,True
202604276775336,XC,2026-04-27,APR,MON,False,895,PLY,1027,1026,BHM,1355,1358,3,1403,1408,5,282,DAR,1706,1709,3,True
202604276775339,XC,2026-04-27,APR,MON,False,,PLY,1127,1127,BHM,1455,1500,5,1503,1506,3,282,DAR,1806,1804,-2,False
202604276775343,XC,2026-04-27,APR,MON,False,574,PLY,1227,1227,BHM,1555,1627,32,1603,1634,31,282,DAR,1908,1933,25,True
202604276775312,XC,2026-04-27,APR,MON,False,832,PNZ,1115,1115,BHM,1655,1726,31,1703,1734,31,365,DAR,2010,2020,10,True
202604276775345,XC,2026-04-27,APR,MON,False,832,PLY,1427,1426,BHM,1755,1815,20,1803,1822,19,282,DAR,2058,2132,34,True
202604276775315,XC,2026-04-27,APR,MON,False,832,PLY,1527,1527,BHM,1854,1918,24,1903,1930,27,282,DAR,2212,2220,8,True
202604286774836,XC,2026-04-28,APR,TUE,False,,BHM,0603,0604,BHM,,,,0603,0604,1,0,DAR,0906,0905,-1,False
202604286774838,XC,2026-04-28,APR,TUE,False,,BHM,0703,0703,BHM,,,,0703,0703,0,0,DAR,1006,1008,2,True
202604286774921,XC,2026-04-28,APR,TUE,False,,BRI,0635,0635,BHM,0755,0801,6,0803,0804,1,124,DAR,1106,1104,-2,False
202604286775326,XC,2026-04-28,APR,TUE,False,,PLY,0525,0525,BHM,0855,0903,8,0903,0906,3,282,DAR,1206,1202,-4,False
202604286775328,XC,2026-04-28,APR,TUE,False,,PLY,0620,0620,BHM,0954,1010,16,1003,1014,11,282,DAR,1306,1316,10,True
202604286775330,XC,2026-04-28,APR,TUE,False,,PLY,0727,0727,BHM,1055,1100,5,1103,1105,2,282,DAR,1407,1401,-6,False
202604286775008,XC,2026-04-28,APR,TUE,False,,CDF,0945,0945,BHM,1149,1149,0,1203,1203,0,143,DAR,1506,1504,-2,False
202604286775334,XC,2026-04-28,APR,TUE,False,,PLY,0927,0927,BHM,1255,1254,-1,1303,1303,0,282,DAR,1607,1602,-5,False
202604286775336,XC,2026-04-28,APR,TUE,False,,PLY,1027,1027,BHM,1355,1354,-1,1403,1402,-1,282,DAR,1706,1711,5,True
202604286775339,XC,2026-04-28,APR,TUE,False,824,PLY,1127,1129,BHM,1455,1455,0,1503,1503,0,282,DAR,1806,1815,9,True
202604286775343,XC,2026-04-28,APR,TUE,False,,PLY,1227,1227,BHM,1555,1556,1,1603,1603,0,282,DAR,1908,1906,-2,False
202604286775312,XC,2026-04-28,APR,TUE,False,733,PNZ,1115,1115,BHM,1655,1723,28,1703,1729,26,365,DAR,2010,2017,7,True
202604286775345,XC,2026-04-28,APR,TUE,False,,PLY,1427,1426,BHM,1755,1754,-1,1803,1803,0,282,DAR,2058,2054,-4,False
202604286775315,XC,2026-04-28,APR,TUE,False,895,PLY,1527,1527,BHM,1854,1852,-2,1903,1903,0,282,DAR,2212,2210,-2,False
202604296774836,XC,2026-04-29,APR,WED,False,,BHM,0603,0604,BHM,,,,0603,0604,1,0,DAR,0906,0902,-4,False
202604296774838,XC,2026-04-29,APR,WED,False,,BHM,0703,0708,BHM,,,,0703,0708,5,0,DAR,1006,1004,-2,False
202604296774921,XC,2026-04-29,APR,WED,False,,BRI,0635,0634,BHM,0755,0755,0,0803,0803,0,124,DAR,1106,1104,-2,False
202604296775326,XC,2026-04-29,APR,WED,False,895,PLY,0525,0524,BHM,0855,0908,13,0903,0912,9,282,DAR,1206,1202,-4,False
202604296775328,XC,2026-04-29,APR,WED,False,,PLY,0620,0620,BHM,0954,0955,1,1003,1003,0,282,DAR,1306,1302,-4,False
202604296775330,XC,2026-04-29,APR,WED,False,,PLY,0727,0727,BHM,1055,1053,-2,1103,1102,-1,282,DAR,1407,1404,-3,False
202604296775008,XC,2026-04-29,APR,WED,False,886,CDF,0945,0946,BHM,1149,1149,0,1203,1228,25,143,DAR,1506,1541,35,True
202604296775334,XC,2026-04-29,APR,WED,False,,PLY,0927,0927,BHM,1255,1255,0,1303,1303,0,282,DAR,1607,1603,-4,False
202604296775336,XC,2026-04-29,APR,WED,False,,PLY,1027,1026,BHM,1355,1357,2,1403,1403,0,282,DAR,1706,1705,-1,False
202604296775339,XC,2026-04-29,APR,WED,False,,PLY,1127,1126,BHM,1455,1456,1,1503,1509,6,282,DAR,1806,1805,-1,False
202604296775343,XC,2026-04-29,APR,WED,False,,PLY,1227,1226,BHM,1555,1556,1,1603,1603,0,282,DAR,1908,1904,-4,False
202604296775312,XC,2026-04-29,APR,WED,False,,PNZ,1115,1115,BHM,1655,1700,5,1703,1705,2,365,DAR,2010,2007,-3,False
202604296775345,XC,2026-04-29,APR,WED,False,,PLY,1427,1426,BHM,1755,1755,0,1803,1803,0,282,DAR,2058,2056,-2,False
202604296775315,XC,2026-04-29,APR,WED,False,,PLY,1527,1526,BHM,1854,1853,-1,1903,1904,1,282,DAR,2212,2212,0,False
202604306774836,XC,2026-04-30,APR,THU,False,,BHM,0603,0603,BHM,,,,0603,0603,0,0,DAR,0906,0901,-5,False
202604306774838,XC,2026-04-30,APR,THU,False,,BHM,0703,0703,BHM,,,,0703,0703,0,0,DAR,1006,1001,-5,False
202604306774921,XC,2026-04-30,APR,THU,False,895,BRI,0635,0635,BHM,0755,0752,-3,0803,0803,0,124,DAR,1106,1101,-5,False
202604306775326,XC,2026-04-30,APR,THU,False,705,PLY,0525,0524,BHM,0855,0852,-3,0903,0903,0,282,DAR,1206,1224,18,True
202604306775328,XC,2026-04-30,APR,THU,False,,PLY,0620,0620,BHM,0954,0952,-2,1003,1003,0,282,DAR,1306,1314,8,True
202604306775330,XC,2026-04-30,APR,THU,False,,PLY,0727,0726,BHM,1055,1054,-1,1103,1103,0,282,DAR,1407,1407,0,False
202604306775008,XC,2026-04-30,APR,THU,False,,CDF,0945,0945,BHM,1149,1150,1,1203,1203,0,143,DAR,1506,1504,-2,False
202604306775334,XC,2026-04-30,APR,THU,False,,PLY,0927,0927,BHM,1255,1254,-1,1303,1303,0,282,DAR,1607,1604,-3,False
202604306775336,XC,2026-04-30,APR,THU,False,,PLY,1027,1027,BHM,1355,1359,4,1403,1404,1,282,DAR,1706,1705,-1,False
202604306775339,XC,2026-04-30,APR,THU,False,,PLY,1127,1126,BHM,1455,1507,12,1503,1512,9,282,DAR,1806,1802,-4,False
202604306775343,XC,2026-04-30,APR,THU,False,,PLY,1227,1227,BHM,1555,1556,1,1603,1604,1,282,DAR,1908,1908,0,False
202604306775312,XC,2026-04-30,APR,THU,False,576,PNZ,1115,1119,BHM,1655,1721,26,1703,1732,29,365,DAR,2010,2030,20,True
202604306775345,XC,2026-04-30,APR,THU,False,,PLY,1427,1427,BHM,1755,1756,1,1803,1803,0,282,DAR,2058,2055,-3,False
202604306775315,XC,2026-04-30,APR,THU,False,536,PLY,1527,1526,BHM,1854,1854,0,1903,1904,1,282,DAR,2212,2226,14,True
202605016774836,XC,2026-05-01,MAY,FRI,False,,BHM,0603,0612,BHM,,,,0603,0612,9,0,DAR,0906,0903,-3,False
202605016774838,XC,2026-05-01,MAY,FRI,False,,BHM,0703,0703,BHM,,,,0703,0703,0,0,DAR,1006,1003,-3,False
202605016774921,XC,2026-05-01,MAY,FRI,False,,BRI,0635,0635,BHM,0755,0753,-2,0803,0803,0,124,DAR,1106,1107,1,True
202605016775326,XC,2026-05-01,MAY,FRI,False,,PLY,0525,0524,BHM,0855,0853,-2,0903,0903,0,282,DAR,1206,1207,1,True
202605016775328,XC,2026-05-01,MAY,FRI,False,,PLY,0620,0619,BHM,0954,0954,0,1003,1003,0,282,DAR,1306,1303,-3,False
202605016775330,XC,2026-05-01,MAY,FRI,False,896,PLY,0727,0726,BHM,1055,1054,-1,1103,1103,0,282,DAR,1407,1515,68,True
202605016775008,XC,2026-05-01,MAY,FRI,False,896,CDF,0945,0945,BHM,1149,1153,4,1203,1203,0,143,DAR,1506,1540,34,True
202605016775334,XC,2026-05-01,MAY,FRI,False,,PLY,0927,0927,BHM,1255,1259,4,1303,1306,3,282,DAR,1607,1607,0,False
202605016775336,XC,2026-05-01,MAY,FRI,False,574,PLY,1027,1027,BHM,1355,1412,17,1403,1416,13,282,DAR,1706,1801,55,True
202605016775339,XC,2026-05-01,MAY,FRI,False,,PLY,1127,1128,BHM,1455,1505,10,1503,1512,9,282,DAR,1806,1825,19,True
202605016775343,XC,2026-05-01,MAY,FRI,False,811,PLY,1227,1227,BHM,1555,1601,6,1603,1607,4,282,DAR,1908,1909,1,True
202605016775312,XC,2026-05-01,MAY,FRI,False,811,PNZ,1115,1115,BHM,1655,1705,10,1703,1713,10,365,DAR,2010,2033,23,True
202605016775345,XC,2026-05-01,MAY,FRI,False,,PLY,1427,1426,BHM,1755,1758,3,1803,1803,0,282,DAR,2058,2102,4,True
202605016775315,XC,2026-05-01,MAY,FRI,False,887,PLY,1527,1527,BHM,1854,1855,1,1903,1903,0,282,DAR,2212,2234,22,True
202605056774836,XC,2026-05-05,MAY,TUE,False,,BHM,0603,0603,BHM,,,,0603,0603,0,0,DAR,0906,0904,-2,False
202605056774838,XC,2026-05-05,MAY,TUE,False,,BHM,0703,0703,BHM,,,,0703,0703,0,0,DAR,1006,1003,-3,False
202605056774921,XC,2026-05-05,MAY,TUE,False,,BRI,0635,0635,BHM,0755,0752,-3,0803,0803,0,124,DAR,1106,1104,-2,False
202605056775326,XC,2026-05-05,MAY,TUE,False,,PLY,0525,0525,BHM,0855,0855,0,0903,0903,0,282,DAR,1206,1203,-3,False
202605056775328,XC,2026-05-05,MAY,TUE,False,904,PLY,0620,0620,BHM,0954,0953,-1,1003,1002,-1,282,DAR,1306,1315,9,True
202605056775330,XC,2026-05-05,MAY,TUE,False,895,PLY,0727,0727,BHM,1055,1053,-2,1103,1103,0,282,DAR,1407,1407,0,False
202605056775008,XC,2026-05-05,MAY,TUE,False,,CDF,0945,0945,BHM,1149,1149,0,1203,1203,0,143,DAR,1506,1508,2,True
202605056775334,XC,2026-05-05,MAY,TUE,False,,PLY,0927,0927,BHM,1255,1259,4,1303,1303,0,282,DAR,1607,1605,-2,False
202605056775336,XC,2026-05-05,MAY,TUE,False,895,PLY,1027,1026,BHM,1355,1405,10,1403,1408,5,282,DAR,1706,1714,8,True
202605056775339,XC,2026-05-05,MAY,TUE,False,,PLY,1127,1126,BHM,1455,1456,1,1503,1503,0,282,DAR,1806,1802,-4,False
202605056775343,XC,2026-05-05,MAY,TUE,False,904,PLY,1227,1226,BHM,1555,1606,11,1603,1614,11,282,DAR,1908,1914,6,True
202605056775312,XC,2026-05-05,MAY,TUE,False,,PNZ,1115,1116,BHM,1655,1655,0,1703,1704,1,365,DAR,2010,2003,-7,False
202605056775345,XC,2026-05-05,MAY,TUE,False,,PLY,1427,1427,BHM,1755,1805,10,1803,1809,6,282,DAR,2058,2057,-1,False
202605056775315,XC,2026-05-05,MAY,TUE,True,576,PLY,1527,,BHM,1854,,,1903,,,282,DAR,2212,,,
202605066774836,XC,2026-05-06,MAY,WED,False,,BHM,0603,0604,BHM,,,,0603,0604,1,0,DAR,0906,0904,-2,False
202605066774838,XC,2026-05-06,MAY,WED,False,895,BHM,0703,0703,BHM,,,,0703,0703,0,0,DAR,1006,1014,8,True
202605066774921,XC,2026-05-06,MAY,WED,False,,BRI,0635,0634,BHM,0755,0750,-5,0803,0803,0,124,DAR,1106,1103,-3,False
202605066775326,XC,2026-05-06,MAY,WED,False,,PLY,0525,0524,BHM,0855,0853,-2,0903,0903,0,282,DAR,1206,1203,-3,False
202605066775328,XC,2026-05-06,MAY,WED,False,,PLY,0620,0620,BHM,0954,0957,3,1003,1003,0,282,DAR,1306,1305,-1,False
202605066775330,XC,2026-05-06,MAY,WED,False,,PLY,0727,0728,BHM,1055,1056,1,1103,1104,1,282,DAR,1407,1406,-1,False
202605066775008,XC,2026-05-06,MAY,WED,False,,CDF,0945,0945,BHM,1149,1148,-1,1203,1204,1,143,DAR,1506,1504,-2,False
202605066775334,XC,2026-05-06,MAY,WED,False,,PLY,0927,0927,BHM,1255,1254,-1,1303,1303,0,282,DAR,1607,1608,1,True
202605066775336,XC,2026-05-06,MAY,WED,False,,PLY,1027,1026,BHM,1355,1359,4,1403,1404,1,282,DAR,1706,1705,-1,False
202605066775339,XC,2026-05-06,MAY,WED,False,,PLY,1127,1126,BHM,1455,1456,1,1503,1503,0,282,DAR,1806,1808,2,True
202605066775343,XC,2026-05-06,MAY,WED,True,574,PLY,1227,,BHM,1555,,,1603,,,282,DAR,1908,,,
202605066775312,XC,2026-05-06,MAY,WED,False,,PNZ,1115,1115,BHM,1655,1656,1,1703,1705,2,365,DAR,2010,2008,-2,False
202605066775345,XC,2026-05-06,MAY,WED,False,895,PLY,1427,1426,BHM,1755,1805,10,1803,1811,8,282,DAR,2058,2120,22,True
202605066775315,XC,2026-05-06,MAY,WED,True,526,PLY,1527,,BHM,1854,,,1903,,,282,DAR,2212,,,
202605076774836,XC,2026-05-07,MAY,THU,False,,BHM,0603,0604,BHM,,,,0603,0604,1,0,DAR,0906,0904,-2,False
202605076774838,XC,2026-05-07,MAY,THU,False,,BHM,0703,0703,BHM,,,,0703,0703,0,0,DAR,1006,1003,-3,False
202605076774921,XC,2026-05-07,MAY,THU,False,581,BRI,0635,0635,BHM,0755,0750,-5,0803,0803,0,124,DAR,1106,1120,14,True
202605076775326,XC,2026-05-07,MAY,THU,False,,PLY,0525,0525,BHM,0855,0854,-1,0903,0907,4,282,DAR,1206,1208,2,True
202605076775328,XC,2026-05-07,MAY,THU,False,,PLY,0620,0620,BHM,0954,0958,4,1003,1005,2,282,DAR,1306,1305,-1,False
202605076775330,XC,2026-05-07,MAY,THU,False,,PLY,0727,0727,BHM,1055,1054,-1,1103,1105,2,282,DAR,1407,1403,-4,False
202605076775008,XC,2026-05-07,MAY,THU,False,,CDF,0945,0944,BHM,1149,1148,-1,1203,1203,0,143,DAR,1506,1508,2,True
202605076775334,XC,2026-05-07,MAY,THU,False,914,PLY,0927,0927,BHM,1255,1318,23,1303,1323,20,282,DAR,1607,1606,-1,False
202605076775336,XC,2026-05-07,MAY,THU,False,914,PLY,1027,1027,BHM,1355,1408,13,1403,1412,9,282,DAR,1706,1737,31,True
202605076775339,XC,2026-05-07,MAY,THU,False,,PLY,1127,1126,BHM,1455,1457,2,1503,1503,0,282,DAR,1806,1804,-2,False
202605076775343,XC,2026-05-07,MAY,THU,False,,PLY,1227,1227,BHM,1555,1557,2,1603,1604,1,282,DAR,1908,1909,1,True
202605076775312,XC,2026-05-07,MAY,THU,False,895,PNZ,1115,1115,BHM,1655,1721,26,1703,1728,25,365,DAR,2010,2008,-2,False
202605076775345,XC,2026-05-07,MAY,THU,False,,PLY,1427,1426,BHM,1755,1754,-1,1803,1803,0,282,DAR,2058,2059,1,True
202605076775315,XC,2026-05-07,MAY,THU,False,,PLY,1527,1526,BHM,1854,1857,3,1903,1903,0,282,DAR,2212,2211,-1,False
202605086774836,XC,2026-05-08,MAY,FRI,False,832,BHM,0603,0603,BHM,,,,0603,0603,0,0,DAR,0906,0905,-1,False
202605086774838,XC,2026-05-08,MAY,FRI,False,832,BHM,0703,0703,BHM,,,,0703,0703,0,0,DAR,1006,1009,3,True
202605086774921,XC,2026-05-08,MAY,FRI,False,,BRI,0635,0635,BHM,0755,0751,-4,0803,0802,-1,124,DAR,1106,1103,-3,False
202605086775326,XC,2026-05-08,MAY,FRI,False,,PLY,0525,0525,BHM,0855,0853,-2,0903,0902,-1,282,DAR,1206,1208,2,True
202605086775328,XC,2026-05-08,MAY,FRI,False,,PLY,0620,0620,BHM,0954,0952,-2,1003,1003,0,282,DAR,1306,1307,1,True
202605086775330,XC,2026-05-08,MAY,FRI,False,,PLY,0727,0727,BHM,1055,1053,-2,1103,1103,0,282,DAR,1407,1409,2,True
202605086775008,XC,2026-05-08,MAY,FRI,False,,CDF,0945,0945,BHM,1149,1149,0,1203,1203,0,143,DAR,1506,1503,-3,False
202605086775334,XC,2026-05-08,MAY,FRI,False,,PLY,0927,0927,BHM,1255,1252,-3,1303,1305,2,282,DAR,1607,1604,-3,False
202605086775336,XC,2026-05-08,MAY,FRI,False,895,PLY,1027,1026,BHM,1355,1356,1,1403,1402,-1,282,DAR,1706,1713,7,True
202605086775339,XC,2026-05-08,MAY,FRI,False,,PLY,1127,1126,BHM,1455,1455,0,1503,1503,0,282,DAR,1806,1810,4,True
202605086775343,XC,2026-05-08,MAY,FRI,False,,PLY,1227,1227,BHM,1555,1555,0,1603,1603,0,282,DAR,1908,1906,-2,False
202605086775312,XC,2026-05-08,MAY,FRI,False,704,PNZ,1115,1117,BHM,1655,1655,0,1703,1704,1,365,DAR,2010,2018,8,True
202605086775345,XC,2026-05-08,MAY,FRI,False,887,PLY,1427,1426,BHM,1755,1756,1,1803,1803,0,282,DAR,2058,2113,15,True
202605086775315,XC,2026-05-08,MAY,FRI,False,895,PLY,1527,1527,BHM,1854,1855,1,1903,1903,0,282,DAR,2212,2217,5,True
202605096774837,XC,2026-05-09,MAY,SAT,False,,BHM,0603,0603,BHM,,,,0603,0603,0,0,DAR,0906,0906,0,False
202605096774839,XC,2026-05-09,MAY,SAT,False,,BHM,0703,0703,BHM,,,,0703,0703,0,0,DAR,1008,1010,2,True
202605096774920,XC,2026-05-09,MAY,SAT,False,,BRI,0615,0614,BHM,0755,0754,-1,0803,0803,0,124,DAR,1106,1110,4,True
202605096775327,XC,2026-05-09,MAY,SAT,False,887,PLY,0527,0527,BHM,0855,0854,-1,0903,0902,-1,282,DAR,1206,1227,21,True
202605096775329,XC,2026-05-09,MAY,SAT,False,904,PLY,0627,0626,BHM,0955,0952,-3,1003,1003,0,282,DAR,1306,1316,10,True
202605096775331,XC,2026-05-09,MAY,SAT,False,,PLY,0725,0725,BHM,1055,1052,-3,1103,1103,0,282,DAR,1406,1404,-2,False
202605096775332,XC,2026-05-09,MAY,SAT,False,,PLY,0827,0826,BHM,1155,1157,2,1203,1203,0,282,DAR,1506,1508,2,True
202605096775335,XC,2026-05-09,MAY,SAT,False,576,PLY,0927,0927,BHM,1255,1320,25,1303,1325,22,282,DAR,1606,1626,20,True
202605096775337,XC,2026-05-09,MAY,SAT,False,,PLY,1027,1027,BHM,1355,1358,3,1403,1403,0,282,DAR,1706,1703,-3,False
202605096775341,XC,2026-05-09,MAY,SAT,False,,PLY,1127,1126,BHM,1455,1452,-3,1503,1503,0,282,DAR,1806,1803,-3,False
202605096775344,XC,2026-05-09,MAY,SAT,False,,PLY,1227,1227,BHM,1555,1553,-2,1603,1603,0,282,DAR,1908,1905,-3,False
202605096775311,XC,2026-05-09,MAY,SAT,False,904,PNZ,1115,1119,BHM,1655,1655,0,1703,1720,17,365,DAR,2008,2025,17,True
202605096775346,XC,2026-05-09,MAY,SAT,False,,PLY,1427,1427,BHM,1755,1752,-3,1803,1807,4,282,DAR,2057,2105,8,True
202605106774840,XC,2026-05-10,MAY,SUN,False,,BHM,0903,0903,BHM,,,,0903,0903,0,0,DAR,1205,1203,-2,False
202605106774841,XC,2026-05-10,MAY,SUN,False,,BHM,1003,1002,BHM,,,,1003,1002,-1,0,DAR,1305,1306,1,True
202605106774922,XC,2026-05-10,MAY,SUN,False,,BRI,0915,0914,BHM,1049,1051,2,1103,1103,0,124,DAR,1406,1405,-1,False
202605106774923,XC,2026-05-10,MAY,SUN,False,,BRI,1031,1034,BHM,1149,1149,0,1203,1204,1,124,DAR,1507,1511,4,True
202605106775333,XC,2026-05-10,MAY,SUN,False,576,PLY,0927,0927,BHM,1249,1252,3,1303,1304,1,282,DAR,1557,1612,15,True
202605106775338,XC,2026-05-10,MAY,SUN,False,,PLY,1027,1027,BHM,1349,1352,3,1403,1406,3,282,DAR,1705,1709,4,True
202605106775340,XC,2026-05-10,MAY,SUN,False,535,PLY,1127,1127,BHM,1449,1449,0,1503,1503,0,282,DAR,1805,1815,10,True
202605106775342,XC,2026-05-10,MAY,SUN,False,,PLY,1227,1226,BHM,1549,1548,-1,1603,1603,0,282,DAR,1901,1907,6,True
202605106775313,XC,2026-05-10,MAY,SUN,False,,PLY,1327,1327,BHM,1649,1647,-2,1703,1703,0,282,DAR,2007,2007,0,False
202605106775347,XC,2026-05-10,MAY,SUN,False,536,PLY,1427,1427,BHM,1749,1757,8,1803,1803,0,282,DAR,2058,2120,22,True
202605116774836,XC,2026-05-11,MAY,MON,False,,BHM,0603,0604,BHM,,,,0603,0604,1,0,DAR,0906,0902,-4,False
202605116774838,XC,2026-05-11,MAY,MON,False,,BHM,0703,0703,BHM,,,,0703,0703,0,0,DAR,1006,1005,-1,False
202605116774921,XC,2026-05-11,MAY,MON,False,,BRI,0635,0635,BHM,0755,0754,-1,0803,0803,0,124,DAR,1106,1106,0,False
202605116775326,XC,2026-05-11,MAY,MON,False,896,PLY,0525,0525,BHM,0855,0918,23,0903,0922,19,282,DAR,1206,1212,6,True
202605116775328,XC,2026-05-11,MAY,MON,False,,PLY,0620,0620,BHM,0954,0953,-1,1003,1003,0,282,DAR,1306,1303,-3,False
202605116775330,XC,2026-05-11,MAY,MON,False,,PLY,0727,0727,BHM,1055,1106,11,1103,1110,7,282,DAR,1407,1404,-3,False
202605116775008,XC,2026-05-11,MAY,MON,False,,CDF,0945,0946,BHM,1149,1149,0,1203,1208,5,143,DAR,1506,1505,-1,False
202605116775334,XC,2026-05-11,MAY,MON,False,,PLY,0927,0927,BHM,1255,1255,0,1303,1302,-1,282,DAR,1607,1606,-1,False
202605116775336,XC,2026-05-11,MAY,MON,False,895,PLY,1027,1027,BHM,1355,1417,22,1403,1422,19,282,DAR,1706,1707,1,True
202605116775339,XC,2026-05-11,MAY,MON,False,,PLY,1127,1126,BHM,1455,1506,11,1503,1510,7,282,DAR,1806,1813,7,True
202605116775343,XC,2026-05-11,MAY,MON,False,895,PLY,1227,1233,BHM,1555,1606,11,1603,1611,8,282,DAR,1908,1910,2,True
202605116775312,XC,2026-05-11,MAY,MON,False,,PNZ,1115,1115,BHM,1655,1653,-2,1703,1705,2,365,DAR,2010,2013,3,True
202605116775345,XC,2026-05-11,MAY,MON,False,,PLY,1427,1426,BHM,1755,1754,-1,1803,1802,-1,282,DAR,2058,2057,-1,False
202605116775315,XC,2026-05-11,MAY,MON,False,,PLY,1527,1527,BHM,1854,1856,2,1903,1904,1,282,DAR,2212,2210,-2,False
202605126774836,XC,2026-05-12,MAY,TUE,False,,BHM,0603,0602,BHM,,,,0603,0602,-1,0,DAR,0906,0903,-3,False
202605126774838,XC,2026-05-12,MAY,TUE,False,895,BHM,0703,0703,BHM,,,,0703,0703,0,0,DAR,1006,1014,8,True
202605126774921,XC,2026-05-12,MAY,TUE,False,895,BRI,0635,0635,BHM,0755,0752,-3,0803,0803,0,124,DAR,1106,1107,1,True
202605126775326,XC,2026-05-12,MAY,TUE,False,,PLY,0525,0525,BHM,0855,0854,-1,0903,0903,0,282,DAR,1206,1205,-1,False
202605126775328,XC,2026-05-12,MAY,TUE,False,895,PLY,0620,0619,BHM,0954,0955,1,1003,1003,0,282,DAR,1306,1312,6,True
202605126775330,XC,2026-05-12,MAY,TUE,False,,PLY,0727,0727,BHM,1055,1052,-3,1103,1103,0,282,DAR,1407,1404,-3,False
202605126775008,XC,2026-05-12,MAY,TUE,False,,CDF,0945,0945,BHM,1149,1201,12,1203,1211,8,143,DAR,1506,1500,-6,False
202605126775334,XC,2026-05-12,MAY,TUE,False,576,PLY,0927,0927,BHM,1255,1257,2,1303,1303,0,282,DAR,1607,1607,0,False
202605126775336,XC,2026-05-12,MAY,TUE,False,824,PLY,1027,1027,BHM,1355,1354,-1,1403,1404,1,282,DAR,1706,1709,3,True
202605126775339,XC,2026-05-12,MAY,TUE,False,851,PLY,1127,1127,BHM,1455,1455,0,1503,1503,0,282,DAR,1806,1803,-3,False
202605126775343,XC,2026-05-12,MAY,TUE,False,,PLY,1227,1226,BHM,1555,1556,1,1603,1605,2,282,DAR,1908,1908,0,False
202605126775312,XC,2026-05-12,MAY,TUE,False,,PNZ,1115,1117,BHM,1655,1656,1,1703,1704,1,365,DAR,2010,2006,-4,False
202605126775345,XC,2026-05-12,MAY,TUE,False,,PLY,1427,1426,BHM,1755,1754,-1,1803,1803,0,282,DAR,2058,2107,9,True
202605126775315,XC,2026-05-12,MAY,TUE,False,,PLY,1527,1526,BHM,1854,1859,5,1903,1903,0,282,DAR,2212,2210,-2,False
202605136774836,XC,2026-05-13,MAY,WED,False,,BHM,0603,0603,BHM,,,,0603,0603,0,0,DAR,0906,0906,0,False
202605136774838,XC,2026-05-13,MAY,WED,False,,BHM,0703,0706,BHM,,,,0703,0706,3,0,DAR,1006,1005,-1,False
202605136774921,XC,2026-05-13,MAY,WED,False,,BRI,0635,0635,BHM,0755,0755,0,0803,0803,0,124,DAR,1106,1108,2,True
202605136775326,XC,2026-05-13,MAY,WED,False,,PLY,0525,0525,BHM,0855,0854,-1,0903,0906,3,282,DAR,1206,1208,2,True
202605136775328,XC,2026-05-13,MAY,WED,False,,PLY,0620,0620,BHM,0954,0955,1,1003,1003,0,282,DAR,1306,1302,-4,False
202605136775330,XC,2026-05-13,MAY,WED,False,910,PLY,0727,0727,BHM,1055,1119,24,1103,1125,22,282,DAR,1407,1432,25,True
202605136775008,XC,2026-05-13,MAY,WED,False,,CDF,0945,0945,BHM,1149,1150,1,1203,1203,0,143,DAR,1506,1505,-1,False
202605136775334,XC,2026-05-13,MAY,WED,False,,PLY,0927,0926,BHM,1255,1253,-2,1303,1304,1,282,DAR,1607,1601,-6,False
202605136775336,XC,2026-05-13,MAY,WED,False,,PLY,1027,1027,BHM,1355,1354,-1,1403,1402,-1,282,DAR,1706,1710,4,True
202605136775339,XC,2026-05-13,MAY,WED,False,,PLY,1127,1126,BHM,1455,1455,0,1503,1503,0,282,DAR,1806,1802,-4,False
202605136775343,XC,2026-05-13,MAY,WED,False,576,PLY,1227,1226,BHM,1555,1616,21,1603,1622,19,282,DAR,1908,1923,15,True
202605136775312,XC,2026-05-13,MAY,WED,False,,PNZ,1115,1115,BHM,1655,1656,1,1703,1703,0,365,DAR,2010,2002,-8,False
202605136775345,XC,2026-05-13,MAY,WED,False,,PLY,1427,1426,BHM,1755,1756,1,1803,1805,2,282,DAR,2058,2056,-2,False
202605136775315,XC,2026-05-13,MAY,WED,False,,PLY,1527,1526,BHM,1854,1858,4,1903,1904,1,282,DAR,2212,2209,-3,False
202605146774836,XC,2026-05-14,MAY,THU,False,832,BHM,0603,0603,BHM,,,,0603,0603,0,0,DAR,0906,0911,5,True
202605146774838,XC,2026-05-14,MAY,THU,False,,BHM,0703,0703,BHM,,,,0703,0703,0,0,DAR,1006,1003,-3,False
202605146774921,XC,2026-05-14,MAY,THU,False,,BRI,0635,0635,BHM,0755,0751,-4,0803,0803,0,124,DAR,1106,1106,0,False
202605146775326,XC,2026-05-14,MAY,THU,False,,PLY,0525,0524,BHM,0855,0855,0,0903,0903,0,282,DAR,1206,1205,-1,False
202605146775328,XC,2026-05-14,MAY,THU,False,,PLY,0620,,BHM,0954,0953,-1,1003,1002,-1,282,DAR,1306,1308,2,True
202605146775330,XC,2026-05-14,MAY,THU,False,895,PLY,0727,0726,BHM,1055,1053,-2,1103,1103,0,282,DAR,1407,1404,-3,False
202605146775008,XC,2026-05-14,MAY,THU,False,,CDF,0945,0945,BHM,1149,1157,8,1203,1206,3,143,DAR,1506,1504,-2,False
202605146775334,XC,2026-05-14,MAY,THU,False,871,PLY,0927,0927,BHM,1255,1307,12,1303,1311,8,282,DAR,1607,1606,-1,False
202605146775336,XC,2026-05-14,MAY,THU,False,573,PLY,1027,1027,BHM,1355,1427,32,1403,1448,45,282,DAR,1706,1725,19,True
202605146775339,XC,2026-05-14,MAY,THU,False,871,PLY,1127,1126,BHM,1455,1516,21,1503,1523,20,282,DAR,1806,1830,24,True
202605146775343,XC,2026-05-14,MAY,THU,False,871,PLY,1227,1226,BHM,1555,1624,29,1603,1631,28,282,DAR,1908,1924,16,True
202605146775312,XC,2026-05-14,MAY,THU,False,873,PNZ,1115,1115,BHM,1655,1720,25,1703,1726,23,365,DAR,2010,2028,18,True
202605146775345,XC,2026-05-14,MAY,THU,False,871,PLY,1427,1427,BHM,1755,1810,15,1803,1814,11,282,DAR,2058,2116,18,True
202605146775315,XC,2026-05-14,MAY,THU,False,,PLY,1527,1527,BHM,1854,1855,1,1903,1903,0,282,DAR,2212,2210,-2,False
202605156774836,XC,2026-05-15,MAY,FRI,False,,BHM,0603,0603,BHM,,,,0603,0603,0,0,DAR,0906,0905,-1,False
202605156774838,XC,2026-05-15,MAY,FRI,False,,BHM,0703,0703,BHM,,,,0703,0703,0,0,DAR,1006,1004,-2,False
202605156774921,XC,2026-05-15,MAY,FRI,False,,BRI,0635,0635,BHM,0755,0751,-4,0803,0802,-1,124,DAR,1106,1104,-2,False
202605156775326,XC,2026-05-15,MAY,FRI,False,,PLY,0525,0524,BHM,0855,0852,-3,0903,0903,0,282,DAR,1206,1204,-2,False
202605156775328,XC,2026-05-15,MAY,FRI,False,887,PLY,0620,0619,BHM,0954,0955,1,1003,1003,0,282,DAR,1306,1325,19,True
202605156775330,XC,2026-05-15,MAY,FRI,False,904,PLY,0727,0729,BHM,1055,1105,10,1103,1109,6,282,DAR,1407,1406,-1,False
202605156775008,XC,2026-05-15,MAY,FRI,False,887,CDF,0945,0945,BHM,1149,1149,0,1203,1223,20,143,DAR,1506,1526,20,True
202605156775334,XC,2026-05-15,MAY,FRI,False,,PLY,0927,0926,BHM,1255,1254,-1,1303,1303,0,282,DAR,1607,1608,1,True
202605156775336,XC,2026-05-15,MAY,FRI,False,,PLY,1027,1026,BHM,1355,1358,3,1403,1403,0,282,DAR,1706,1704,-2,False
202605156775339,XC,2026-05-15,MAY,FRI,False,904,PLY,1127,1126,BHM,1455,1457,2,1503,1503,0,282,DAR,1806,1806,0,False
202605156775343,XC,2026-05-15,MAY,FRI,False,,PLY,1227,1226,BHM,1555,1553,-2,1603,1603,0,282,DAR,1908,1904,-4,False
202605156775312,XC,2026-05-15,MAY,FRI,False,824,PNZ,1115,,BHM,1655,1655,0,1703,1703,0,365,DAR,2010,2044,34,True
202605156775345,XC,2026-05-15,MAY,FRI,False,824,PLY,1427,1427,BHM,1755,1802,7,1803,1806,3,282,DAR,2058,2104,6,True
202605156775315,XC,2026-05-15,MAY,FRI,False,,PLY,1527,1526,BHM,1854,1855,1,1903,1903,0,282,DAR,2212,2213,1,True
202605166774837,XC,2026-05-16,MAY,SAT,False,,BHM,0603,0603,BHM,,,,0603,0603,0,0,DAR,0906,0902,-4,False
202605166774839,XC,2026-05-16,MAY,SAT,False,,BHM,0703,0706,BHM,,,,0703,0706,3,0,DAR,1008,1005,-3,False
202605166774920,XC,2026-05-16,MAY,SAT,False,,BRI,0615,0615,BHM,0755,0754,-1,0803,0803,0,124,DAR,1106,1103,-3,False
202605166775327,XC,2026-05-16,MAY,SAT,False,,PLY,0527,0527,BHM,0855,0853,-2,0903,0903,0,282,DAR,1206,1209,3,True
202605166775329,XC,2026-05-16,MAY,SAT,False,,PLY,0627,0626,BHM,0955,0952,-3,1003,1003,0,282,DAR,1306,1316,10,True
202605166775331,XC,2026-05-16,MAY,SAT,False,,PLY,0725,0725,BHM,1055,1055,0,1103,1103,0,282,DAR,1406,1404,-2,False
202605166775332,XC,2026-05-16,MAY,SAT,False,,PLY,0827,0827,BHM,1155,1153,-2,1203,1203,0,282,DAR,1506,1514,8,True
202605166775335,XC,2026-05-16,MAY,SAT,False,,PLY,0927,0926,BHM,1255,1255,0,1303,1303,0,282,DAR,1606,1603,-3,False
202605166775337,XC,2026-05-16,MAY,SAT,False,904,PLY,1027,1027,BHM,1355,1409,14,1403,1418,15,282,DAR,1706,1724,18,True
202605167978694,XC,2026-05-16,MAY,SAT,False,,BRI,1333,1332,BHM,1455,1456,1,1503,1503,0,124,DAR,1806,1817,11,True
202605166775344,XC,2026-05-16,MAY,SAT,False,,PLY,1227,1227,BHM,1555,1600,5,1603,1604,1,282,DAR,1908,1905,-3,False
202605166775311,XC,2026-05-16,MAY,SAT,True,526,PNZ,1115,,BHM,1655,,,1703,,,365,DAR,2008,,,
202605166775346,XC,2026-05-16,MAY,SAT,True,574,PLY,1427,,BHM,1755,,,1803,,,282,DAR,2057,,,
202605177166991,XC,2026-05-17,MAY,SUN,False,,BHM,0903,0903,BHM,,,,0903,0903,0,0,DAR,1203,1204,1,True
202605177101063,XC,2026-05-17,MAY,SUN,False,,BHM,1003,1003,BHM,,,,1003,1003,0,0,DAR,1305,1300,-5,False
202605177101066,XC,2026-05-17,MAY,SUN,True,526,BRI,0915,,BHM,1049,,,1103,,,124,DAR,1404,,,
202605178729776,XC,2026-05-17,MAY,SUN,False,,BRI,1031,1031,BHM,1149,1157,8,1203,1204,1,124,DAR,1507,1508,1,True
202605177101071,XC,2026-05-17,MAY,SUN,False,,PLY,0927,0927,BHM,1249,1307,18,1303,1315,12,282,DAR,1558,1622,24,True
202605178729782,XC,2026-05-17,MAY,SUN,False,,PLY,1027,1026,BHM,1349,1408,19,1403,1416,13,282,DAR,1705,1738,33,True
202605177101077,XC,2026-05-17,MAY,SUN,True,526,PLY,1127,,BHM,1449,,,1503,,,282,DAR,1803,,,
202605177101078,XC,2026-05-17,MAY,SUN,False,526,PLY,1227,,BHM,1549,1555,6,1603,1604,1,282,DAR,1901,1956,55,True
202605178729792,XC,2026-05-17,MAY,SUN,False,908,PNZ,1130,1130,BHM,1649,1704,15,1703,1708,5,365,DAR,2007,2122,75,True
202605178729795,XC,2026-05-17,MAY,SUN,False,887,PLY,1427,1427,BHM,1749,1753,4,1803,1803,0,282,DAR,2058,2229,91,True
202605187166982,XC,2026-05-18,MAY,MON,False,,BHM,0603,0603,BHM,,,,0603,0603,0,0,DAR,0906,0902,-4,False
202605187101055,XC,2026-05-18,MAY,MON,False,,BHM,0703,0703,BHM,,,,0703,0703,0,0,DAR,1006,1009,3,True
202605187166987,XC,2026-05-18,MAY,MON,False,,BRI,0635,0635,BHM,0755,0756,1,0803,0804,1,124,DAR,1106,1105,-1,False
202605187101060,XC,2026-05-18,MAY,MON,False,,PLY,0525,0524,BHM,0855,0854,-1,0903,0903,0,282,DAR,1206,1203,-3,False
202605187101062,XC,2026-05-18,MAY,MON,False,887,PLY,0620,0620,BHM,0954,0954,0,1003,1016,13,282,DAR,1306,1319,13,True
202605187101064,XC,2026-05-18,MAY,MON,False,,PLY,0727,0726,BHM,1055,1056,1,1103,1104,1,282,DAR,1406,1402,-4,False
202605187101067,XC,2026-05-18,MAY,MON,True,557,CDF,0945,,BHM,1149,,,1203,,,143,DAR,1506,,,
202605187101069,XC,2026-05-18,MAY,MON,True,777,PLY,0927,,BHM,1255,,,1303,,,282,DAR,1604,,,
202605187101073,XC,2026-05-18,MAY,MON,False,557,PLY,1027,1027,BHM,1355,1358,3,1403,1404,1,282,DAR,1706,1746,40,True
202605187101075,XC,2026-05-18,MAY,MON,False,,PLY,1127,1127,BHM,1455,1455,0,1503,1504,1,282,DAR,1805,1802,-3,False
202605187101080,XC,2026-05-18,MAY,MON,False,,PLY,1227,1227,BHM,1555,1555,0,1603,1603,0,282,DAR,1908,1911,3,True
202605187101082,XC,2026-05-18,MAY,MON,False,895,PNZ,1115,1117,BHM,1655,1705,10,1703,1711,8,365,DAR,2010,2023,13,True
202605187101083,XC,2026-05-18,MAY,MON,False,,PLY,1427,1426,BHM,1755,1753,-2,1803,1803,0,282,DAR,2056,2059,3,True
202605187100723,XC,2026-05-18,MAY,MON,False,,PLY,1527,1527,BHM,1854,1857,3,1903,1903,0,282,DAR,2212,2209,-3,False
202605187100733,XC,2026-05-18,MAY,MON,False,,RDG,1845,1845,BHM,2018,2015,-3,2025,2028,3,130,DAR,2249,2301,12,True
202605197166982,XC,2026-05-19,MAY,TUE,False,,BHM,0603,0603,BHM,,,,0603,0603,0,0,DAR,0906,0912,6,True
202605197101055,XC,2026-05-19,MAY,TUE,False,,BHM,0703,0703,BHM,,,,0703,0703,0,0,DAR,1006,1003,-3,False
202605197166987,XC,2026-05-19,MAY,TUE,False,,BRI,0635,0635,BHM,0755,0752,-3,0803,0803,0,124,DAR,1106,1103,-3,False
202605197101060,XC,2026-05-19,MAY,TUE,False,655,PLY,0525,0525,BHM,0855,0913,18,0903,0919,16,282,DAR,1206,1224,18,True
202605197101062,XC,2026-05-19,MAY,TUE,False,831,PLY,0620,0620,BHM,0954,0954,0,1003,1003,0,282,DAR,1306,1320,14,True
202605197101064,XC,2026-05-19,MAY,TUE,False,831,PLY,0727,0727,BHM,1055,1058,3,1103,1103,0,282,DAR,1406,1433,27,True
202605197101067,XC,2026-05-19,MAY,TUE,False,831,CDF,0945,0945,BHM,1149,1149,0,1203,1203,0,143,DAR,1506,1515,9,True
202605197101069,XC,2026-05-19,MAY,TUE,False,,PLY,0927,0927,BHM,1255,1313,18,1303,1320,17,282,DAR,1604,1617,13,True
202605197101073,XC,2026-05-19,MAY,TUE,False,831,PLY,1027,1027,BHM,1355,1426,31,1403,1441,38,282,DAR,1706,1744,38,True
202605197101075,XC,2026-05-19,MAY,TUE,False,831,PLY,1127,1126,BHM,1455,1514,19,1503,1518,15,282,DAR,1805,1803,-2,False
202605197101080,XC,2026-05-19,MAY,TUE,False,831,PLY,1227,1245,BHM,1555,1621,26,1603,1629,26,282,DAR,1908,1929,21,True
202605197101082,XC,2026-05-19,MAY,TUE,False,831,PNZ,1115,1116,BHM,1655,1702,7,1703,1708,5,365,DAR,2010,2007,-3,False
202605197101083,XC,2026-05-19,MAY,TUE,False,910,PLY,1427,1427,BHM,1755,1822,27,1803,1833,30,282,DAR,2056,2127,31,True
202605197100723,XC,2026-05-19,MAY,TUE,False,,PLY,1527,1526,BHM,1854,1859,5,1903,1905,2,282,DAR,2212,2213,1,True
202605197100733,XC,2026-05-19,MAY,TUE,False,,RDG,1845,1853,BHM,2018,2017,-1,2025,2025,0,130,DAR,2249,2253,4,True
202605207166982,XC,2026-05-20,MAY,WED,False,657,BHM,0603,0603,BHM,,,,0603,0603,0,0,DAR,0906,0943,37,True
202605207101055,XC,2026-05-20,MAY,WED,False,811,BHM,0703,0703,BHM,,,,0703,0703,0,0,DAR,1006,1005,-1,False
202605207166987,XC,2026-05-20,MAY,WED,False,832,BRI,0635,0635,BHM,0755,0752,-3,0803,0802,-1,124,DAR,1106,1121,15,True
202605207101060,XC,2026-05-20,MAY,WED,False,,PLY,0525,0525,BHM,0855,0856,1,0903,0903,0,282,DAR,1206,1204,-2,False
202605207101062,XC,2026-05-20,MAY,WED,False,,PLY,0620,0620,BHM,0954,0957,3,1003,1003,0,282,DAR,1306,1306,0,False
202605207101064,XC,2026-05-20,MAY,WED,False,,PLY,0727,0727,BHM,1055,1054,-1,1103,1103,0,282,DAR,1406,1401,-5,False
202605207101067,XC,2026-05-20,MAY,WED,False,,CDF,0945,0945,BHM,1149,1149,0,1203,1203,0,143,DAR,1506,1500,-6,False
202605207101069,XC,2026-05-20,MAY,WED,False,,PLY,0927,0927,BHM,1255,1253,-2,1303,1303,0,282,DAR,1604,1606,2,True
202605207101073,XC,2026-05-20,MAY,WED,False,,PLY,1027,1027,BHM,1355,1355,0,1403,1404,1,282,DAR,1706,1703,-3,False
202605207101075,XC,2026-05-20,MAY,WED,False,,PLY,1127,1126,BHM,1455,1456,1,1503,1503,0,282,DAR,1805,1806,1,True
202605207101080,XC,2026-05-20,MAY,WED,False,,PLY,1227,1227,BHM,1555,1555,0,1603,1603,0,282,DAR,1908,1918,10,True
202605207101082,XC,2026-05-20,MAY,WED,False,557,PNZ,1115,1115,BHM,1655,1705,10,1703,1710,7,365,DAR,2010,2003,-7,False
202605207101083,XC,2026-05-20,MAY,WED,False,579,PLY,1427,1426,BHM,1755,1840,45,1803,1849,46,282,DAR,2056,2159,63,True
202605207100723,XC,2026-05-20,MAY,WED,False,895,PLY,1527,1526,BHM,1854,1856,2,1903,1903,0,282,DAR,2212,2231,19,True
202605207100733,XC,2026-05-20,MAY,WED,False,547,RDG,1845,1845,BHM,2018,2019,1,2025,2025,0,130,DAR,2249,2258,9,True
202605217166982,XC,2026-05-21,MAY,THU,False,,BHM,0603,0603,BHM,,,,0603,0603,0,0,DAR,0906,0912,6,True
202605217101055,XC,2026-05-21,MAY,THU,False,,BHM,0703,0703,BHM,,,,0703,0703,0,0,DAR,1006,1011,5,True
202605217166987,XC,2026-05-21,MAY,THU,False,,BRI,0635,0635,BHM,0755,0750,-5,0803,0803,0,124,DAR,1106,1106,0,False
202605217101060,XC,2026-05-21,MAY,THU,False,,PLY,0525,0525,BHM,0855,0853,-2,0903,0903,0,282,DAR,1206,1205,-1,False
202605217101062,XC,2026-05-21,MAY,THU,False,,PLY,0620,0620,BHM,0954,1006,12,1003,1009,6,282,DAR,1306,1308,2,True
202605217101064,XC,2026-05-21,MAY,THU,False,,PLY,0727,0727,BHM,1055,1057,2,1103,1103,0,282,DAR,1406,1405,-1,False
202605217101067,XC,2026-05-21,MAY,THU,False,895,CDF,0945,0945,BHM,1149,1149,0,1203,1203,0,143,DAR,1506,1510,4,True
202605217101069,XC,2026-05-21,MAY,THU,False,904,PLY,0927,0927,BHM,1255,1302,7,1303,1306,3,282,DAR,1604,1601,-3,False
202605217101073,XC,2026-05-21,MAY,THU,False,,PLY,1027,1026,BHM,1355,1353,-2,1403,1402,-1,282,DAR,1706,1707,1,True
202605217101075,XC,2026-05-21,MAY,THU,False,,PLY,1127,1127,BHM,1455,1456,1,1503,1505,2,282,DAR,1805,1805,0,False
202605217101080,XC,2026-05-21,MAY,THU,False,,PLY,1227,1227,BHM,1555,1557,2,1603,1603,0,282,DAR,1908,1907,-1,False
202605217101082,XC,2026-05-21,MAY,THU,True,908,PNZ,1115,,BHM,1655,,,1703,,,365,DAR,2010,,,
202605217101083,XC,2026-05-21,MAY,THU,False,895,PLY,1427,1427,BHM,1755,1805,10,1803,1810,7,282,DAR,2056,2124,28,True
202605217100723,XC,2026-05-21,MAY,THU,False,904,PLY,1527,1526,BHM,1854,1859,5,1903,1904,1,282,DAR,2212,2217,5,True
202605217100733,XC,2026-05-21,MAY,THU,False,895,RDG,1845,1848,BHM,2018,2045,27,2025,2050,25,130,DAR,2249,2330,41,True
202605227166982,XC,2026-05-22,MAY,FRI,False,,BHM,0603,0603,BHM,,,,0603,0603,0,0,DAR,0906,0907,1,True
202605227101055,XC,2026-05-22,MAY,FRI,False,,BHM,0703,0703,BHM,,,,0703,0703,0,0,DAR,1006,1002,-4,False
202605227166987,XC,2026-05-22,MAY,FRI,False,,BRI,0635,0635,BHM,0755,0757,2,0803,0803,0,124,DAR,1106,1105,-1,False
202605227101060,XC,2026-05-22,MAY,FRI,False,,PLY,0525,0525,BHM,0855,0906,11,0903,0908,5,282,DAR,1206,1229,23,True
202605227101062,XC,2026-05-22,MAY,FRI,False,811,PLY,0620,0620,BHM,0954,0955,1,1003,1002,-1,282,DAR,1306,1319,13,True
202605227101064,XC,2026-05-22,MAY,FRI,False,811,PLY,0727,0727,BHM,1055,1055,0,1103,1103,0,282,DAR,1406,1438,32,True
202605227101067,XC,2026-05-22,MAY,FRI,False,650,CDF,0945,0945,BHM,1149,1143,-6,1203,1223,20,143,DAR,1506,1608,62,True
202605227101069,XC,2026-05-22,MAY,FRI,False,685,PLY,0927,0927,BHM,1255,1314,19,1303,1319,16,282,DAR,1604,1646,42,True
202605227101073,XC,2026-05-22,MAY,FRI,False,911,PLY,1027,1026,BHM,1355,1438,43,1403,1446,43,282,DAR,1706,1811,65,True
202605227101074,XC,2026-05-22,MAY,FRI,False,895,PLY,1127,1127,BHM,1455,1501,6,1503,1508,5,282,DAR,1805,1828,23,True
202605227101080,XC,2026-05-22,MAY,FRI,False,895,PLY,1227,1227,BHM,1555,1558,3,1603,1609,6,282,DAR,1908,1932,24,True
202605227101082,XC,2026-05-22,MAY,FRI,False,811,PNZ,1115,1117,BHM,1655,1707,12,1703,1715,12,365,DAR,2010,2030,20,True
202605227101083,XC,2026-05-22,MAY,FRI,False,895,PLY,1427,1426,BHM,1755,1807,12,1803,1818,15,282,DAR,2056,2151,55,True
202605227100723,XC,2026-05-22,MAY,FRI,False,887,PLY,1527,1526,BHM,1854,1858,4,1903,1904,1,282,DAR,2212,2247,35,True
202605227100733,XC,2026-05-22,MAY,FRI,False,,RDG,1845,1845,BHM,2018,2021,3,2025,2026,1,130,DAR,2249,2313,24,True
202605267166982,XC,2026-05-26,MAY,TUE,False,,BHM,0603,0603,BHM,,,,0603,0603,0,0,DAR,0906,0905,-1,False
202605267101055,XC,2026-05-26,MAY,TUE,False,895,BHM,0703,0705,BHM,,,,0703,0705,2,0,DAR,1006,1013,7,True
202605267166987,XC,2026-05-26,MAY,TUE,False,,BRI,0635,0635,BHM,0755,0757,2,0803,0803,0,124,DAR,1106,1105,-1,False
202605267101060,XC,2026-05-26,MAY,TUE,False,887,PLY,0525,0525,BHM,0855,0856,1,0903,0915,12,282,DAR,1206,1227,21,True
202605267101062,XC,2026-05-26,MAY,TUE,False,547,PLY,0620,0620,BHM,0954,0953,-1,1003,1002,-1,282,DAR,1306,1315,9,True
202605267101064,XC,2026-05-26,MAY,TUE,False,895,PLY,0727,0727,BHM,1055,1058,3,1103,1105,2,282,DAR,1406,1419,13,True
202605267101067,XC,2026-05-26,MAY,TUE,False,,CDF,0945,0945,BHM,1149,1154,5,1203,1206,3,143,DAR,1506,1521,15,True
202605267101069,XC,2026-05-26,MAY,TUE,True,574,PLY,0927,,BHM,1255,,,1303,,,282,DAR,1604,,,
202605267101073,XC,2026-05-26,MAY,TUE,False,574,PLY,1027,,BHM,1355,1453,58,1403,1505,62,282,DAR,1706,1824,78,True
202605267101075,XC,2026-05-26,MAY,TUE,False,896,PLY,1127,1127,BHM,1455,1526,31,1503,1533,30,282,DAR,1805,1908,63,True
202605267101080,XC,2026-05-26,MAY,TUE,False,896,PLY,1227,1231,BHM,1555,1657,62,1603,1707,64,282,DAR,1908,2052,104,True
202605267101082,XC,2026-05-26,MAY,TUE,False,,PNZ,1115,,BHM,1655,1732,37,1703,1743,40,365,DAR,2010,2153,103,True
202605267101083,XC,2026-05-26,MAY,TUE,False,,PLY,1427,1430,BHM,1755,1814,19,1803,1847,44,282,DAR,2056,2217,81,True
202605267100723,XC,2026-05-26,MAY,TUE,False,574,PLY,1527,1527,BHM,1854,1949,55,1903,1958,55,282,DAR,2212,2245,33,True
202605267100733,XC,2026-05-26,MAY,TUE,False,,RDG,1845,,BHM,,,,2025,2034,9,130,DAR,2249,2257,8,True
202605277166982,XC,2026-05-27,MAY,WED,False,832,BHM,0603,0625,BHM,,,,0603,0625,22,0,DAR,0906,0935,29,True
202605277101055,XC,2026-05-27,MAY,WED,False,,BHM,0703,0705,BHM,,,,0703,0705,2,0,DAR,1006,1007,1,True
202605277166987,XC,2026-05-27,MAY,WED,False,,BRI,0635,0634,BHM,0755,0751,-4,0803,0803,0,124,DAR,1106,1104,-2,False
202605277101060,XC,2026-05-27,MAY,WED,False,895,PLY,0525,0524,BHM,0855,0853,-2,0903,0903,0,282,DAR,1206,1215,9,True
202605277101062,XC,2026-05-27,MAY,WED,False,895,PLY,0620,0620,BHM,0954,1010,16,1003,1014,11,282,DAR,1306,1309,3,True
202605277101064,XC,2026-05-27,MAY,WED,False,895,PLY,0727,0727,BHM,1055,1102,7,1103,1107,4,282,DAR,1406,1414,8,True
202605277101067,XC,2026-05-27,MAY,WED,False,895,CDF,0945,0945,BHM,1149,1149,0,1203,1203,0,143,DAR,1506,1528,22,True
202605277101069,XC,2026-05-27,MAY,WED,False,,PLY,0927,0927,BHM,1255,1259,4,1303,1304,1,282,DAR,1604,1607,3,True
202605277101073,XC,2026-05-27,MAY,WED,False,,PLY,1027,1027,BHM,1355,1354,-1,1403,1403,0,282,DAR,1706,1703,-3,False
202605277101075,XC,2026-05-27,MAY,WED,False,574,PLY,1127,1128,BHM,1455,1507,12,1503,1527,24,282,DAR,1805,1809,4,True
202605277101080,XC,2026-05-27,MAY,WED,False,904,PLY,1227,1230,BHM,1555,1618,23,1603,1622,19,282,DAR,1908,1937,29,True
202605277980151,XC,2026-05-27,MAY,WED,False,896,PLY,1327,1410,BHM,1655,1759,64,1703,1804,61,282,DAR,2010,2106,56,True
202605277101083,XC,2026-05-27,MAY,WED,False,896,PLY,1427,,BHM,1755,1808,13,1803,1817,14,282,DAR,2056,2136,40,True
202605277100723,XC,2026-05-27,MAY,WED,False,685,PLY,1527,1530,BHM,1854,1939,45,1903,1944,41,282,DAR,2212,2250,38,True
202605277100733,XC,2026-05-27,MAY,WED,False,526,RDG,1845,,BHM,,,,2025,2100,35,130,DAR,2249,2318,29,True
202605287166982,XC,2026-05-28,MAY,THU,False,832,BHM,0603,0603,BHM,,,,0603,0603,0,0,DAR,0906,0926,20,True
202605287101055,XC,2026-05-28,MAY,THU,False,547,BHM,0703,0703,BHM,,,,0703,0703,0,0,DAR,1006,1024,18,True
202605287166987,XC,2026-05-28,MAY,THU,True,501,BRI,0635,,BHM,0755,,,0803,,,124,DAR,1106,,,
202605287101060,XC,2026-05-28,MAY,THU,False,895,PLY,0525,0525,BHM,0855,0901,6,0903,0905,2,282,DAR,1206,1229,23,True
202605287101062,XC,2026-05-28,MAY,THU,False,887,PLY,0620,0620,BHM,0954,0957,3,1003,1006,3,282,DAR,1306,1332,26,True
202605287101064,XC,2026-05-28,MAY,THU,False,895,PLY,0727,0727,BHM,1055,1107,12,1103,1121,18,282,DAR,1406,1441,35,True
202605287101067,XC,2026-05-28,MAY,THU,False,895,CDF,0945,0945,BHM,1149,1149,0,1203,1203,0,143,DAR,1506,1516,10,True
202605287980329,XC,2026-05-28,MAY,THU,False,,BHM,1303,1304,BHM,,,,1303,1304,1,0,DAR,1604,1626,22,True
202605287101073,XC,2026-05-28,MAY,THU,False,576,PLY,1027,1027,BHM,1355,1404,9,1403,1414,11,282,DAR,1706,1750,44,True
202605287101075,XC,2026-05-28,MAY,THU,False,,PLY,1127,1127,BHM,1455,1456,1,1503,1503,0,282,DAR,1805,1852,47,True
202605287101080,XC,2026-05-28,MAY,THU,False,,PLY,1227,1227,BHM,1555,1607,12,1603,1614,11,282,DAR,1908,1935,27,True
202605287101082,XC,2026-05-28,MAY,THU,False,908,PNZ,1115,1115,BHM,1655,1708,13,1703,1733,30,365,DAR,2010,2042,32,True
202605287101083,XC,2026-05-28,MAY,THU,False,,PLY,1427,1426,BHM,1755,1826,31,1803,1832,29,282,DAR,2056,2129,33,True
202605287100723,XC,2026-05-28,MAY,THU,False,,PLY,1527,1527,BHM,1854,1854,0,1903,1902,-1,282,DAR,2212,2211,-1,False
202605287100733,XC,2026-05-28,MAY,THU,False,,RDG,1845,1845,BHM,2018,2017,-1,2025,2026,1,130,DAR,2249,2252,3,True
202605297166982,XC,2026-05-29,MAY,FRI,False,,BHM,0603,0604,BHM,,,,0603,0604,1,0,DAR,0906,0903,-3,False
202605297101055,XC,2026-05-29,MAY,FRI,False,,BHM,0703,0704,BHM,,,,0703,0704,1,0,DAR,1006,1008,2,True
202605297166987,XC,2026-05-29,MAY,FRI,False,896,BRI,0635,0635,BHM,0755,0754,-1,0803,0803,0,124,DAR,1106,1126,20,True
202605297101060,XC,2026-05-29,MAY,FRI,False,,PLY,0525,0525,BHM,0855,0854,-1,0903,0903,0,282,DAR,1206,1205,-1,False
202605297101062,XC,2026-05-29,MAY,FRI,False,,PLY,0620,0620,BHM,0954,0955,1,1003,1003,0,282,DAR,1306,1309,3,True
202605297101064,XC,2026-05-29,MAY,FRI,False,,PLY,0727,0727,BHM,1055,1055,0,1103,1103,0,282,DAR,1406,1410,4,True
202605297101067,XC,2026-05-29,MAY,FRI,False,895,CDF,0945,0946,BHM,1149,1149,0,1203,1219,16,143,DAR,1506,1518,12,True
202605297101069,XC,2026-05-29,MAY,FRI,False,908,PLY,0927,0927,BHM,1255,1307,12,1303,1314,11,282,DAR,1604,1607,3,True
202605297101073,XC,2026-05-29,MAY,FRI,False,,PLY,1027,1027,BHM,1355,1358,3,1403,1403,0,282,DAR,1706,1713,7,True
202605297101074,XC,2026-05-29,MAY,FRI,False,908,PLY,1127,1127,BHM,1455,1507,12,1503,1514,11,282,DAR,1805,1813,8,True
202605297101080,XC,2026-05-29,MAY,FRI,False,,PLY,1227,1227,BHM,1555,1605,10,1603,1609,6,282,DAR,1908,1911,3,True
202605297101082,XC,2026-05-29,MAY,FRI,False,,PNZ,1115,1115,BHM,1655,1658,3,1703,1705,2,365,DAR,2010,2017,7,True
202605297101083,XC,2026-05-29,MAY,FRI,False,,PLY,1427,1427,BHM,1755,1800,5,1803,1805,2,282,DAR,2056,2111,15,True
202605297100723,XC,2026-05-29,MAY,FRI,False,,PLY,1527,1527,BHM,1854,1905,11,1903,1909,6,282,DAR,2212,2212,0,False
202605297100733,XC,2026-05-29,MAY,FRI,False,,RDG,1845,1844,BHM,2018,2022,4,2025,2026,1,130,DAR,2249,2300,11,True
202605307166981,XC,2026-05-30,MAY,SAT,False,,BHM,0603,0603,BHM,,,,0603,0603,0,0,DAR,0906,0905,-1,False
202605307101056,XC,2026-05-30,MAY,SAT,False,895,BHM,0703,0703,BHM,,,,0703,0703,0,0,DAR,1006,1012,6,True
202605307101057,XC,2026-05-30,MAY,SAT,False,,BRI,0615,0615,BHM,0755,0754,-1,0803,0803,0,124,DAR,1106,1107,1,True
202605307101059,XC,2026-05-30,MAY,SAT,False,,PLY,0527,0526,BHM,0855,0852,-3,0903,0903,0,282,DAR,1206,1209,3,True
202605307101061,XC,2026-05-30,MAY,SAT,True,574,PLY,0627,,BHM,0955,,,1003,,,282,DAR,1306,,,
202605307101065,XC,2026-05-30,MAY,SAT,False,,PLY,0725,0725,BHM,1055,1055,0,1103,1103,0,282,DAR,1406,1414,8,True
202605307101068,XC,2026-05-30,MAY,SAT,False,,PLY,0827,0827,BHM,1155,1155,0,1203,1203,0,282,DAR,1506,1510,4,True
202605307101070,XC,2026-05-30,MAY,SAT,False,,PLY,0927,0927,BHM,1255,1255,0,1303,1304,1,282,DAR,1606,1605,-1,False
202605307101072,XC,2026-05-30,MAY,SAT,False,895,PLY,1027,1027,BHM,1355,1419,24,1403,1424,21,282,DAR,1706,1740,34,True
202605307101076,XC,2026-05-30,MAY,SAT,False,,PLY,1127,1126,BHM,1455,1454,-1,1503,1503,0,282,DAR,1805,1813,8,True
202605307101079,XC,2026-05-30,MAY,SAT,False,,PLY,1227,1227,BHM,1555,1607,12,1603,1612,9,282,DAR,1908,1927,19,True
202605307101081,XC,2026-05-30,MAY,SAT,False,,PNZ,1115,1115,BHM,1655,1705,10,1703,1716,13,365,DAR,2006,2021,15,True
202605307101084,XC,2026-05-30,MAY,SAT,False,,PLY,1427,1426,BHM,1755,1754,-1,1803,1803,0,282,DAR,2057,2103,6,True
202605307100727,XC,2026-05-30,MAY,SAT,False,,RDG,1745,,BHM,,,,1927,1937,10,130,DAR,2155,2155,0,False
202605307100732,XC,2026-05-30,MAY,SAT,True,526,RDG,1845,,BHM,2017,,,2025,,,130,DAR,2248,,,
202605317166991,XC,2026-05-31,MAY,SUN,False,,BHM,0848,0848,BHM,,,,0848,0848,0,0,DAR,1203,1205,2,True
202605317101063,XC,2026-05-31,MAY,SUN,False,,BHM,0948,0948,BHM,,,,0948,0948,0,0,DAR,1305,1303,-2,False
202605317101066,XC,2026-05-31,MAY,SUN,False,573,BRI,0915,0915,BHM,1049,1050,1,1103,1103,0,124,DAR,1507,1517,10,True
202605318729776,XC,2026-05-31,MAY,SUN,False,904,BRI,1031,1033,BHM,1149,1153,4,1203,1204,1,124,DAR,1557,1600,3,True
202605317101071,XC,2026-05-31,MAY,SUN,False,685,PLY,0927,0926,BHM,1249,1259,10,1303,1312,9,282,DAR,1705,1706,1,True
202605318729782,XC,2026-05-31,MAY,SUN,False,576,PLY,1027,1027,BHM,1349,1358,9,1403,1405,2,282,DAR,1803,1807,4,True
202605317101077,XC,2026-05-31,MAY,SUN,False,,PLY,1127,1127,BHM,1449,1454,5,1503,1506,3,282,DAR,1901,1900,-1,False
202605317101078,XC,2026-05-31,MAY,SUN,False,887,PLY,1227,1227,BHM,1549,1551,2,1603,1603,0,282,DAR,2007,2018,11,True
202605318729792,XC,2026-05-31,MAY,SUN,False,547,PNZ,1130,1130,BHM,1649,1658,9,1703,1704,1,365,DAR,2058,2059,1,True
202605318729795,XC,2026-05-31,MAY,SUN,False,895,PLY,1427,1427,BHM,1749,1805,16,1803,1811,8,282,DAR,2207,2209,2,True
202606017166982,XC,2026-06-01,JUN,MON,False,,BHM,0603,0604,BHM,,,,0603,0604,1,0,DAR,0906,0906,0,False
202606017101055,XC,2026-06-01,JUN,MON,False,,BHM,0703,0704,BHM,,,,0703,0704,1,0,DAR,1006,1005,-1,False
202606017166987,XC,2026-06-01,JUN,MON,False,895,BRI,0635,0634,BHM,0755,0752,-3,0803,0802,-1,124,DAR,1106,1109,3,True
202606017101060,XC,2026-06-01,JUN,MON,False,,PLY,0525,0525,BHM,0855,0855,0,0903,0903,0,282,DAR,1206,1212,6,True
202606017101062,XC,2026-06-01,JUN,MON,False,,PLY,0620,0620,BHM,0954,0952,-2,1003,1003,0,282,DAR,1306,1306,0,False
202606017101064,XC,2026-06-01,JUN,MON,False,911,PLY,0727,0727,BHM,1055,1054,-1,1103,1103,0,282,DAR,1406,1549,103,True
202606017101067,XC,2026-06-01,JUN,MON,False,911,CDF,0945,0945,BHM,1149,1150,1,1203,1207,4,143,DAR,1506,1607,61,True
202606017101069,XC,2026-06-01,JUN,MON,False,832,PLY,0927,0927,BHM,1255,1300,5,1303,1306,3,282,DAR,1604,1647,43,True
202606017101073,XC,2026-06-01,JUN,MON,False,,PLY,1027,1027,BHM,1355,1405,10,1403,1413,10,282,DAR,1706,1728,22,True
202606017101075,XC,2026-06-01,JUN,MON,False,895,PLY,1127,1127,BHM,1455,1458,3,1503,1505,2,282,DAR,1805,1822,17,True
202606017101080,XC,2026-06-01,JUN,MON,False,,PLY,1227,1227,BHM,1555,1558,3,1603,1603,0,282,DAR,1908,1911,3,True
202606017101082,XC,2026-06-01,JUN,MON,False,895,PNZ,1115,1115,BHM,1655,1656,1,1703,1706,3,365,DAR,2010,2029,19,True
202606017101083,XC,2026-06-01,JUN,MON,False,,PLY,1427,1427,BHM,1755,1759,4,1803,1806,3,282,DAR,2056,2106,10,True
202606017100723,XC,2026-06-01,JUN,MON,False,895,PLY,1527,1527,BHM,1854,1907,13,1903,1914,11,282,DAR,2212,2221,9,True
202606017100733,XC,2026-06-01,JUN,MON,False,,RDG,1845,1848,BHM,2018,2026,8,2025,2034,9,130,DAR,2249,2330,41,True
202606027166982,XC,2026-06-02,JUN,TUE,False,895,BHM,0603,0603,BHM,,,,0603,0603,0,0,DAR,0906,0913,7,True
202606027101055,XC,2026-06-02,JUN,TUE,False,,BHM,0703,0704,BHM,,,,0703,0704,1,0,DAR,1006,1009,3,True
202606027166987,XC,2026-06-02,JUN,TUE,True,574,BRI,0635,,BHM,0755,,,0803,,,124,DAR,1106,,,
202606027101060,XC,2026-06-02,JUN,TUE,True,574,PLY,0525,,BHM,0855,,,0903,,,282,DAR,1206,,,
202606027101062,XC,2026-06-02,JUN,TUE,False,895,PLY,0620,0620,BHM,0954,1011,17,1003,1014,11,282,DAR,1306,1319,13,True
202606027101064,XC,2026-06-02,JUN,TUE,False,,PLY,0727,0727,BHM,1055,1057,2,1103,1103,0,282,DAR,1406,1407,1,True
202606027101067,XC,2026-06-02,JUN,TUE,False,,CDF,0945,0944,BHM,1149,1148,-1,1203,1203,0,143,DAR,1506,1504,-2,False
202606027101069,XC,2026-06-02,JUN,TUE,False,904,PLY,0927,0927,BHM,1255,1305,10,1303,1310,7,282,DAR,1604,1627,23,True
202606027101073,XC,2026-06-02,JUN,TUE,False,895,PLY,1027,1027,BHM,1355,1405,10,1403,1412,9,282,DAR,1706,1714,8,True
202606027101075,XC,2026-06-02,JUN,TUE,False,576,PLY,1127,1127,BHM,1455,1456,1,1503,1503,0,282,DAR,1805,1805,0,False
202606027101080,XC,2026-06-02,JUN,TUE,False,,PLY,1227,1227,BHM,1555,1556,1,1603,1603,0,282,DAR,1908,1911,3,True
202606027101082,XC,2026-06-02,JUN,TUE,False,895,PNZ,1115,1115,BHM,1655,1659,4,1703,1706,3,365,DAR,2010,2026,16,True
202606027101083,XC,2026-06-02,JUN,TUE,False,832,PLY,1427,1427,BHM,1755,1826,31,1803,1832,29,282,DAR,2056,2133,37,True
202606027100723,XC,2026-06-02,JUN,TUE,False,895,PLY,1527,1526,BHM,1854,1907,13,1903,1912,9,282,DAR,2212,2216,4,True
202606027100733,XC,2026-06-02,JUN,TUE,False,,RDG,1845,1846,BHM,2018,2017,-1,2025,2025,0,130,DAR,2249,2250,1,True
202606037166982,XC,2026-06-03,JUN,WED,False,,BHM,0603,0603,BHM,,,,0603,0603,0,0,DAR,0906,0906,0,False
202606037101055,XC,2026-06-03,JUN,WED,False,,BHM,0703,0706,BHM,,,,0703,0706,3,0,DAR,1006,1010,4,True
202606037166987,XC,2026-06-03,JUN,WED,False,894,BRI,0635,0635,BHM,0755,0751,-4,0803,0802,-1,124,DAR,1106,1105,-1,False
202606037101060,XC,2026-06-03,JUN,WED,False,,PLY,0525,0525,BHM,0855,0855,0,0903,0903,0,282,DAR,1206,1202,-4,False
202606037101062,XC,2026-06-03,JUN,WED,False,,PLY,0620,0620,BHM,0954,0952,-2,1003,1003,0,282,DAR,1306,1306,0,False
202606037101064,XC,2026-06-03,JUN,WED,False,,PLY,0727,0727,BHM,1055,1056,1,1103,1104,1,282,DAR,1406,1404,-2,False
202606037101067,XC,2026-06-03,JUN,WED,False,,CDF,0945,0945,BHM,1149,1144,-5,1203,1203,0,143,DAR,1506,1506,0,False
202606037101069,XC,2026-06-03,JUN,WED,False,,PLY,0927,0927,BHM,1255,1256,1,1303,1303,0,282,DAR,1604,1604,0,False
202606037101073,XC,2026-06-03,JUN,WED,False,,PLY,1027,1027,BHM,1355,1355,0,1403,1402,-1,282,DAR,1706,1702,-4,False
202606037101075,XC,2026-06-03,JUN,WED,False,,PLY,1127,1127,BHM,1455,1456,1,1503,1504,1,282,DAR,1805,1807,2,True
202606037101080,XC,2026-06-03,JUN,WED,False,576,PLY,1227,1233,BHM,1555,1615,20,1603,1619,16,282,DAR,1908,1929,21,True
202606037101082,XC,2026-06-03,JUN,WED,False,,PNZ,1115,1117,BHM,1655,1702,7,1703,1708,5,365,DAR,2010,2003,-7,False
202606037101083,XC,2026-06-03,JUN,WED,False,895,PLY,1427,1427,BHM,1755,1802,7,1803,1808,5,282,DAR,2056,2120,24,True
202606037100723,XC,2026-06-03,JUN,WED,False,,PLY,1527,1526,BHM,1854,1856,2,1903,1903,0,282,DAR,2212,2220,8,True
202606037100733,XC,2026-06-03,JUN,WED,False,,RDG,1845,1845,BHM,2018,2019,1,2025,2026,1,130,DAR,2249,2250,1,True
202606047166982,XC,2026-06-04,JUN,THU,False,,BHM,0603,0603,BHM,,,,0603,0603,0,0,DAR,0906,0905,-1,False
202606047101055,XC,2026-06-04,JUN,THU,False,,BHM,0703,0703,BHM,,,,0703,0703,0,0,DAR,1006,1004,-2,False
202606047166987,XC,2026-06-04,JUN,THU,False,886,BRI,0635,0635,BHM,0755,0750,-5,0803,0802,-1,124,DAR,1106,1114,8,True
202606047101060,XC,2026-06-04,JUN,THU,False,,PLY,0525,0525,BHM,0855,0855,0,0903,0903,0,282,DAR,1206,1205,-1,False
202606047101062,XC,2026-06-04,JUN,THU,False,904,PLY,0620,0620,BHM,0954,1007,13,1003,1013,10,282,DAR,1306,1305,-1,False
202606047101064,XC,2026-06-04,JUN,THU,False,658,PLY,0727,0726,BHM,1055,1128,33,1103,1134,31,282,DAR,1406,1432,26,True
202606047101067,XC,2026-06-04,JUN,THU,False,576,CDF,0945,0945,BHM,1149,1155,6,1203,1214,11,143,DAR,1506,1518,12,True
202606047101069,XC,2026-06-04,JUN,THU,False,,PLY,0927,0926,BHM,1255,1253,-2,1303,1303,0,282,DAR,1604,1611,7,True
202606047101073,XC,2026-06-04,JUN,THU,False,811,PLY,1027,1027,BHM,1355,1355,0,1403,1403,0,282,DAR,1706,1710,4,True
202606047101075,XC,2026-06-04,JUN,THU,False,,PLY,1127,1127,BHM,1455,1455,0,1503,1503,0,282,DAR,1805,1802,-3,False
202606047101080,XC,2026-06-04,JUN,THU,False,,PLY,1227,1226,BHM,1555,1558,3,1603,1604,1,282,DAR,1908,1903,-5,False
202606047101082,XC,2026-06-04,JUN,THU,False,,PNZ,1115,1115,BHM,1655,1659,4,1703,1704,1,365,DAR,2010,2008,-2,False
202606047101083,XC,2026-06-04,JUN,THU,False,,PLY,1427,1427,BHM,1755,1759,4,1803,1804,1,282,DAR,2056,2059,3,True
202606047100723,XC,2026-06-04,JUN,THU,False,,PLY,1527,1527,BHM,1854,1859,5,1903,1903,0,282,DAR,2212,2217,5,True
202606047100733,XC,2026-06-04,JUN,THU,False,,RDG,1845,1845,BHM,2018,2018,0,2025,2029,4,130,DAR,2249,2257,8,True
202606057166982,XC,2026-06-05,JUN,FRI,False,,BHM,0603,0603,BHM,,,,0603,0603,0,0,DAR,0906,0904,-2,False
202606057101055,XC,2026-06-05,JUN,FRI,False,,BHM,0703,0703,BHM,,,,0703,0703,0,0,DAR,1006,1004,-2,False
202606057166987,XC,2026-06-05,JUN,FRI,False,,BRI,0635,0635,BHM,0755,0752,-3,0803,0802,-1,124,DAR,1106,1104,-2,False
202606057101060,XC,2026-06-05,JUN,FRI,False,,PLY,0525,0525,BHM,0855,0856,1,0903,0905,2,282,DAR,1206,1205,-1,False
202606057101062,XC,2026-06-05,JUN,FRI,False,,PLY,0620,0620,BHM,0954,0953,-1,1003,1003,0,282,DAR,1306,1305,-1,False
202606057101064,XC,2026-06-05,JUN,FRI,False,,PLY,0727,0726,BHM,1055,1055,0,1103,1103,0,282,DAR,1406,1406,0,False
202606057101067,XC,2026-06-05,JUN,FRI,False,895,CDF,0945,0945,BHM,1149,1152,3,1203,1209,6,143,DAR,1506,1508,2,True
202606057101069,XC,2026-06-05,JUN,FRI,False,,PLY,0927,0927,BHM,1255,1258,3,1303,1309,6,282,DAR,1604,1611,7,True
202606057101073,XC,2026-06-05,JUN,FRI,False,,PLY,1027,1026,BHM,1355,1355,0,1403,1403,0,282,DAR,1706,1702,-4,False
202606057101074,XC,2026-06-05,JUN,FRI,False,576,PLY,1127,1126,BHM,1455,1507,12,1503,1515,12,282,DAR,1805,1824,19,True
202606057101080,XC,2026-06-05,JUN,FRI,False,904,PLY,1227,1226,BHM,1555,1606,11,1603,1613,10,282,DAR,1908,1910,2,True
202606057101082,XC,2026-06-05,JUN,FRI,False,,PNZ,1115,1115,BHM,1655,1704,9,1703,1712,9,365,DAR,2010,2020,10,True
202606057101083,XC,2026-06-05,JUN,FRI,False,,PLY,1427,1427,BHM,1755,1758,3,1803,1803,0,282,DAR,2056,2056,0,False
202606057100723,XC,2026-06-05,JUN,FRI,False,,PLY,1527,1527,BHM,1854,1858,4,1903,1904,1,282,DAR,2212,2215,3,True
202606057100733,XC,2026-06-05,JUN,FRI,False,,RDG,1845,1845,BHM,2018,2018,0,2025,2026,1,130,DAR,2249,2317,28,True
202606067166981,XC,2026-06-06,JUN,SAT,False,,BHM,0603,0603,BHM,,,,0603,0603,0,0,DAR,0906,0906,0,False
202606067101056,XC,2026-06-06,JUN,SAT,False,,BHM,0703,0703,BHM,,,,0703,0703,0,0,DAR,1006,1007,1,True
202606067101057,XC,2026-06-06,JUN,SAT,False,,BRI,0615,0615,BHM,0755,0754,-1,0803,0803,0,124,DAR,1106,1105,-1,False
202606067101059,XC,2026-06-06,JUN,SAT,False,,PLY,0527,0526,BHM,0855,0854,-1,0903,0904,1,282,DAR,1206,1210,4,True
202606067101061,XC,2026-06-06,JUN,SAT,False,832,PLY,0627,0627,BHM,0955,1024,29,1003,1030,27,282,DAR,1306,1317,11,True
202606067101065,XC,2026-06-06,JUN,SAT,False,832,PLY,0725,0725,BHM,1055,1105,10,1103,1111,8,282,DAR,1406,1435,29,True
202606067101068,XC,2026-06-06,JUN,SAT,False,832,PLY,0827,0826,BHM,1155,1217,22,1203,1224,21,282,DAR,1506,1535,29,True
202606067101070,XC,2026-06-06,JUN,SAT,False,733,PLY,0927,0927,BHM,1255,1312,17,1303,1320,17,282,DAR,1606,1657,51,True
202606067101072,XC,2026-06-06,JUN,SAT,False,895,PLY,1027,1026,BHM,1355,1419,24,1403,1434,31,282,DAR,1706,1722,16,True
202606067101076,XC,2026-06-06,JUN,SAT,False,,PLY,1127,1126,BHM,1455,1454,-1,1503,1503,0,282,DAR,1805,1810,5,True
202606067101079,XC,2026-06-06,JUN,SAT,False,,PLY,1227,1227,BHM,1555,1555,0,1603,1603,0,282,DAR,1908,1907,-1,False
202606067101081,XC,2026-06-06,JUN,SAT,False,,PNZ,1115,1115,BHM,1655,1656,1,1703,1704,1,365,DAR,2006,2010,4,True
202606067101084,XC,2026-06-06,JUN,SAT,False,895,PLY,1427,1427,BHM,1755,1823,28,1803,1830,27,282,DAR,2057,2127,30,True
202606077166991,XC,2026-06-07,JUN,SUN,False,,BHM,0903,0903,BHM,,,,0903,0903,0,0,DAR,1203,1204,1,True
202606077101063,XC,2026-06-07,JUN,SUN,False,,BHM,1003,1003,BHM,,,,1003,1003,0,0,DAR,1305,1304,-1,False
202606077101066,XC,2026-06-07,JUN,SUN,True,526,BRI,0915,,BHM,1049,,,1103,,,124,DAR,1404,,,
202606078729776,XC,2026-06-07,JUN,SUN,False,832,BRI,1031,1031,BHM,1149,1155,6,1203,1204,1,124,DAR,1507,1506,-1,False
202606077101071,XC,2026-06-07,JUN,SUN,False,685,PLY,0927,0927,BHM,1249,1252,3,1303,1316,13,282,DAR,1557,1626,29,True
202606078729782,XC,2026-06-07,JUN,SUN,False,910,PLY,1027,1027,BHM,1349,1400,11,1403,1414,11,282,DAR,1705,1715,10,True
202606077101077,XC,2026-06-07,JUN,SUN,False,563,PLY,1127,1127,BHM,1449,1459,10,1503,1506,3,282,DAR,1803,1806,3,True
202606077101078,XC,2026-06-07,JUN,SUN,False,576,PLY,1227,1227,BHM,1549,1554,5,1603,1604,1,282,DAR,1901,1912,11,True
202606078729792,XC,2026-06-07,JUN,SUN,False,904,PNZ,1130,1133,BHM,1649,1648,-1,1703,1703,0,365,DAR,2007,2006,-1,False
202606078729795,XC,2026-06-07,JUN,SUN,False,904,PLY,1427,1427,BHM,1749,1751,2,1803,1803,0,282,DAR,2058,2058,0,False
202606087166982,XC,2026-06-08,JUN,MON,False,904,BHM,0603,0603,BHM,,,,0603,0603,0,0,DAR,0906,0905,-1,False
202606087101055,XC,2026-06-08,JUN,MON,False,,BHM,0703,0707,BHM,,,,0703,0707,4,0,DAR,1006,1004,-2,False
202606087166987,XC,2026-06-08,JUN,MON,False,895,BRI,0635,0635,BHM,0755,0751,-4,0803,0803,0,124,DAR,1106,1117,11,True
202606087101060,XC,2026-06-08,JUN,MON,False,,PLY,0525,0525,BHM,0855,0854,-1,0903,0902,-1,282,DAR,1206,1206,0,False
202606087101062,XC,2026-06-08,JUN,MON,False,,PLY,0620,0620,BHM,0954,1001,7,1003,1006,3,282,DAR,1306,1310,4,True
202606087101064,XC,2026-06-08,JUN,MON,False,,PLY,0727,0727,BHM,1055,1057,2,1103,1105,2,282,DAR,1406,1405,-1,False
202606087101067,XC,2026-06-08,JUN,MON,False,,CDF,0945,0946,BHM,1149,1158,9,1203,1212,9,143,DAR,1506,1513,7,True
202606087101069,XC,2026-06-08,JUN,MON,False,871,PLY,0927,0927,BHM,1255,1324,29,1303,1334,31,282,DAR,1604,1606,2,True
202606087101073,XC,2026-06-08,JUN,MON,False,,PLY,1027,1026,BHM,1355,1407,12,1403,1415,12,282,DAR,1706,1730,24,True
202606087101075,XC,2026-06-08,JUN,MON,False,,PLY,1127,1127,BHM,1455,1502,7,1503,1508,5,282,DAR,1805,1803,-2,False
202606087101080,XC,2026-06-08,JUN,MON,False,,PLY,1227,1227,BHM,1555,1553,-2,1603,1603,0,282,DAR,1908,1905,-3,False
202606087101082,XC,2026-06-08,JUN,MON,False,895,PNZ,1115,1115,BHM,1655,1654,-1,1703,1703,0,365,DAR,2010,2016,6,True
202606087101083,XC,2026-06-08,JUN,MON,False,895,PLY,1427,1428,BHM,1755,1811,16,1803,1816,13,282,DAR,2056,2113,17,True
202606087100723,XC,2026-06-08,JUN,MON,False,,PLY,1527,1526,BHM,1854,1857,3,1903,1904,1,282,DAR,2212,2213,1,True
202606087100733,XC,2026-06-08,JUN,MON,False,,RDG,1845,1844,BHM,2018,2020,2,2025,2027,2,130,DAR,2249,2303,14,True
202606097166982,XC,2026-06-09,JUN,TUE,False,,BHM,0603,0605,BHM,,,,0603,0605,2,0,DAR,0906,0906,0,False
202606097101055,XC,2026-06-09,JUN,TUE,False,,BHM,0703,0703,BHM,,,,0703,0703,0,0,DAR,1006,1006,0,False
202606097166987,XC,2026-06-09,JUN,TUE,False,,BRI,0635,0635,BHM,0755,0751,-4,0803,0803,0,124,DAR,1106,1105,-1,False
202606097101060,XC,2026-06-09,JUN,TUE,False,,PLY,0525,0525,BHM,0855,0854,-1,0903,0905,2,282,DAR,1206,1204,-2,False
202606097101062,XC,2026-06-09,JUN,TUE,False,,PLY,0620,0620,BHM,0954,1000,6,1003,1003,0,282,DAR,1306,1304,-2,False
202606097101064,XC,2026-06-09,JUN,TUE,False,,PLY,0727,0727,BHM,1055,1055,0,1103,1105,2,282,DAR,1406,1405,-1,False
202606097101067,XC,2026-06-09,JUN,TUE,False,895,CDF,0945,0949,BHM,1149,1149,0,1203,1203,0,143,DAR,1506,1510,4,True
202606097101069,XC,2026-06-09,JUN,TUE,False,,PLY,0927,0928,BHM,1255,1253,-2,1303,1302,-1,282,DAR,1604,1604,0,False
202606097101073,XC,2026-06-09,JUN,TUE,False,,PLY,1027,1027,BHM,1355,1353,-2,1403,1402,-1,282,DAR,1706,1710,4,True
202606097101075,XC,2026-06-09,JUN,TUE,False,,PLY,1127,1127,BHM,1455,1455,0,1503,1504,1,282,DAR,1805,1803,-2,False
202606097101080,XC,2026-06-09,JUN,TUE,False,,PLY,1227,1227,BHM,1555,1556,1,1603,1605,2,282,DAR,1908,1907,-1,False
202606097101082,XC,2026-06-09,JUN,TUE,False,894,PNZ,1115,1119,BHM,1655,1705,10,1703,1713,10,365,DAR,2010,2017,7,True
202606097101083,XC,2026-06-09,JUN,TUE,False,,PLY,1427,1426,BHM,1755,1754,-1,1803,1803,0,282,DAR,2056,2056,0,False
202606097100723,XC,2026-06-09,JUN,TUE,False,,PLY,1527,1527,BHM,1854,1854,0,1903,1903,0,282,DAR,2212,2216,4,True
202606097100733,XC,2026-06-09,JUN,TUE,True,526,RDG,1845,,BHM,2018,,,2025,,,130,DAR,2249,,,
202606107166982,XC,2026-06-10,JUN,WED,False,,BHM,0603,0603,BHM,,,,0603,0603,0,0,DAR,0906,0902,-4,False
202606107101055,XC,2026-06-10,JUN,WED,False,,BHM,0703,0703,BHM,,,,0703,0703,0,0,DAR,1006,1005,-1,False
202606107166987,XC,2026-06-10,JUN,WED,False,,BRI,0635,0634,BHM,0755,0751,-4,0803,0803,0,124,DAR,1106,1108,2,True
202606107101060,XC,2026-06-10,JUN,WED,False,,PLY,0525,0524,BHM,0855,0854,-1,0903,0903,0,282,DAR,1206,1204,-2,False
202606107101062,XC,2026-06-10,JUN,WED,False,,PLY,0620,,BHM,0954,0953,-1,1003,1007,4,282,DAR,1306,1302,-4,False
202606107101064,XC,2026-06-10,JUN,WED,False,545,PLY,0727,0728,BHM,1055,1154,59,1103,1158,55,282,DAR,1406,1458,52,True
202606107101067,XC,2026-06-10,JUN,WED,False,545,CDF,0945,0945,BHM,1149,1221,32,1203,1234,31,143,DAR,1506,1546,40,True
202606107101069,XC,2026-06-10,JUN,WED,False,579,PLY,0927,0927,BHM,1255,1312,17,1303,1316,13,282,DAR,1604,1706,62,True
202606107101073,XC,2026-06-10,JUN,WED,False,895,PLY,1027,1027,BHM,1355,1419,24,1403,1424,21,282,DAR,1706,1724,18,True
202606107101075,XC,2026-06-10,JUN,WED,False,,PLY,1127,1127,BHM,1455,1455,0,1503,1504,1,282,DAR,1805,1810,5,True
202606107101080,XC,2026-06-10,JUN,WED,False,,PLY,1227,1227,BHM,1555,1556,1,1603,1603,0,282,DAR,1908,1903,-5,False
202606107101082,XC,2026-06-10,JUN,WED,False,545,PNZ,1115,1115,BHM,1655,1736,41,1703,1742,39,365,DAR,2010,2048,38,True
202606107101083,XC,2026-06-10,JUN,WED,False,,PLY,1427,1427,BHM,1755,1756,1,1803,1803,0,282,DAR,2056,2109,13,True
202606107100723,XC,2026-06-10,JUN,WED,False,,PLY,1527,1527,BHM,1854,1855,1,1903,1903,0,282,DAR,2212,2211,-1,False
202606107100733,XC,2026-06-10,JUN,WED,False,,RDG,1845,1844,BHM,2018,2016,-2,2025,2027,2,130,DAR,2249,2248,-1,False
202606117166982,XC,2026-06-11,JUN,THU,False,,BHM,0603,0603,BHM,,,,0603,0603,0,0,DAR,0906,0905,-1,False
202606117101055,XC,2026-06-11,JUN,THU,False,,BHM,0703,0703,BHM,,,,0703,0703,0,0,DAR,1006,1005,-1,False
202606117166987,XC,2026-06-11,JUN,THU,False,576,BRI,0635,0635,BHM,0755,0751,-4,0803,0803,0,124,DAR,1106,1109,3,True
202606117101060,XC,2026-06-11,JUN,THU,False,,PLY,0525,0525,BHM,0855,0854,-1,0903,0906,3,282,DAR,1206,1202,-4,False
202606117101062,XC,2026-06-11,JUN,THU,False,,PLY,0620,0620,BHM,0954,0955,1,1003,1003,0,282,DAR,1306,1306,0,False
202606117101064,XC,2026-06-11,JUN,THU,False,,PLY,0727,0727,BHM,1055,1056,1,1103,1104,1,282,DAR,1406,1404,-2,False
202606117101067,XC,2026-06-11,JUN,THU,False,,CDF,0945,0945,BHM,1149,1149,0,1203,1203,0,143,DAR,1506,1501,-5,False
202606117101069,XC,2026-06-11,JUN,THU,False,,PLY,0927,0927,BHM,1255,1254,-1,1303,1303,0,282,DAR,1604,1603,-1,False
202606117101073,XC,2026-06-11,JUN,THU,False,,PLY,1027,1027,BHM,1355,1353,-2,1403,1403,0,282,DAR,1706,1706,0,False
202606117101075,XC,2026-06-11,JUN,THU,False,895,PLY,1127,1127,BHM,1455,1505,10,1503,1513,10,282,DAR,1805,1811,6,True
202606117101080,XC,2026-06-11,JUN,THU,False,,PLY,1227,1226,BHM,1555,1605,10,1603,1610,7,282,DAR,1908,1907,-1,False
202606117101082,XC,2026-06-11,JUN,THU,False,,PNZ,1115,1115,BHM,1655,1700,5,1703,1706,3,365,DAR,2010,2008,-2,False
202606117101083,XC,2026-06-11,JUN,THU,False,,PLY,1427,1427,BHM,1755,1755,0,1803,1803,0,282,DAR,2056,2059,3,True
202606117100723,XC,2026-06-11,JUN,THU,False,,PLY,1527,1526,BHM,1854,1855,1,1903,1905,2,282,DAR,2212,2214,2,True
202606117100733,XC,2026-06-11,JUN,THU,False,,RDG,1845,1846,BHM,2018,2018,0,2025,2025,0,130,DAR,2249,2251,2,True
202606127166982,XC,2026-06-12,JUN,FRI,False,,BHM,0603,0603,BHM,,,,0603,0603,0,0,DAR,0906,0905,-1,False
202606127101055,XC,2026-06-12,JUN,FRI,False,895,BHM,0703,0707,BHM,,,,0703,0707,4,0,DAR,1006,1004,-2,False
202606127166987,XC,2026-06-12,JUN,FRI,False,,BRI,0635,0634,BHM,0755,0752,-3,0803,0803,0,124,DAR,1106,1105,-1,False
202606127101060,XC,2026-06-12,JUN,FRI,False,,PLY,0525,0524,BHM,0855,0856,1,0903,0905,2,282,DAR,1206,1208,2,True
202606127101062,XC,2026-06-12,JUN,FRI,False,656,PLY,0620,0620,BHM,0954,0958,4,1003,1003,0,282,DAR,1306,1302,-4,False
202606127101064,XC,2026-06-12,JUN,FRI,False,,PLY,0727,0726,BHM,1055,1055,0,1103,1103,0,282,DAR,1406,1407,1,True
202606127101067,XC,2026-06-12,JUN,FRI,False,574,CDF,0945,0945,BHM,1149,1151,2,1203,1207,4,143,DAR,1506,1527,21,True
202606127101069,XC,2026-06-12,JUN,FRI,False,,PLY,0927,0927,BHM,1255,1257,2,1303,1303,0,282,DAR,1604,1604,0,False
202606127101073,XC,2026-06-12,JUN,FRI,False,,PLY,1027,1026,BHM,1355,1405,10,1403,1409,6,282,DAR,1706,1712,6,True
202606127101074,XC,2026-06-12,JUN,FRI,False,,PLY,1127,1127,BHM,1455,1458,3,1503,1504,1,282,DAR,1805,1803,-2,False
202606127101080,XC,2026-06-12,JUN,FRI,False,,PLY,1227,1226,BHM,1555,1557,2,1603,1604,1,282,DAR,1908,1912,4,True
202606127101082,XC,2026-06-12,JUN,FRI,False,,PNZ,1115,1115,BHM,1655,1655,0,1703,1703,0,365,DAR,2010,2011,1,True
202606127101083,XC,2026-06-12,JUN,FRI,False,,PLY,1427,1427,BHM,1755,1806,11,1803,1812,9,282,DAR,2056,2118,22,True
202606127100723,XC,2026-06-12,JUN,FRI,False,895,PLY,1527,1527,BHM,1854,1921,27,1903,1925,22,282,DAR,2212,2214,2,True
202606127100733,XC,2026-06-12,JUN,FRI,False,,RDG,1845,1848,BHM,2018,2016,-2,2025,2027,2,130,DAR,2249,2250,1,True
202606137166981,XC,2026-06-13,JUN,SAT,False,,BHM,0603,0603,BHM,,,,0603,0603,0,0,DAR,0906,0904,-2,False
202606137101056,XC,2026-06-13,JUN,SAT,False,,BHM,0703,0703,BHM,,,,0703,0703,0,0,DAR,1006,1007,1,True
202606137101057,XC,2026-06-13,JUN,SAT,False,,BRI,0615,0615,BHM,0755,0754,-1,0803,0803,0,124,DAR,1106,1102,-4,False
202606137101059,XC,2026-06-13,JUN,SAT,False,,PLY,0527,0526,BHM,0855,0850,-5,0903,0903,0,282,DAR,1206,1211,5,True
202606137101061,XC,2026-06-13,JUN,SAT,False,,PLY,0627,0627,BHM,0955,0953,-2,1003,1003,0,282,DAR,1306,1305,-1,False
202606137101065,XC,2026-06-13,JUN,SAT,False,535,PLY,0725,0725,BHM,1055,1054,-1,1103,1103,0,282,DAR,1406,1402,-4,False
202606137101068,XC,2026-06-13,JUN,SAT,False,904,PLY,0827,0826,BHM,1155,1207,12,1203,1213,10,282,DAR,1506,1511,5,True
202606137101070,XC,2026-06-13,JUN,SAT,False,,PLY,0927,0926,BHM,1255,1255,0,1303,1306,3,282,DAR,1606,1602,-4,False
202606137101072,XC,2026-06-13,JUN,SAT,False,895,PLY,1027,1027,BHM,1355,1420,25,1403,1425,22,282,DAR,1706,1738,32,True
202606137101076,XC,2026-06-13,JUN,SAT,False,,PLY,1127,1126,BHM,1455,1500,5,1503,1509,6,282,DAR,1805,1806,1,True
202606137101079,XC,2026-06-13,JUN,SAT,False,,PLY,1227,1226,BHM,1555,1556,1,1603,1603,0,282,DAR,1908,1908,0,False
202606137101081,XC,2026-06-13,JUN,SAT,False,896,PNZ,1115,1115,BHM,1655,1658,3,1703,1705,2,365,DAR,2006,2055,49,True
202606137101084,XC,2026-06-13,JUN,SAT,False,896,PLY,1427,1426,BHM,1755,1820,25,1803,1825,22,282,DAR,2057,2134,37,True
202606147166991,XC,2026-06-14,JUN,SUN,False,,BHM,0903,0902,BHM,,,,0903,0902,-1,0,DAR,1203,1204,1,True
202606147101063,XC,2026-06-14,JUN,SUN,False,,BHM,1003,1003,BHM,,,,1003,1003,0,0,DAR,1305,1304,-1,False
202606147101066,XC,2026-06-14,JUN,SUN,True,526,BRI,0915,,BHM,1049,,,1103,,,124,DAR,1404,,,
202606148729776,XC,2026-06-14,JUN,SUN,False,886,BRI,1031,1059,BHM,1149,1221,32,1203,1229,26,124,DAR,1507,1530,23,True
202606147101071,XC,2026-06-14,JUN,SUN,True,526,PLY,0927,,BHM,1249,,,1303,,,282,DAR,1557,,,
202606148729782,XC,2026-06-14,JUN,SUN,False,526,PLY,1027,1048,BHM,1349,1412,23,1403,1427,24,282,DAR,1705,1723,18,True
202606147101077,XC,2026-06-14,JUN,SUN,False,,PLY,1127,1127,BHM,1449,1451,2,1503,1504,1,282,DAR,1803,1804,1,True
202606147101078,XC,2026-06-14,JUN,SUN,False,,PLY,1227,1227,BHM,1549,1551,2,1603,1605,2,282,DAR,1901,1902,1,True
202606148729792,XC,2026-06-14,JUN,SUN,False,,PNZ,1130,1130,BHM,1649,1648,-1,1703,1703,0,365,DAR,2007,2006,-1,False
202606148729795,XC,2026-06-14,JUN,SUN,False,,PLY,1427,1427,BHM,1749,1754,5,1803,1808,5,282,DAR,2058,2108,10,True
202606157166982,XC,2026-06-15,JUN,MON,False,904,BHM,0603,0604,BHM,,,,0603,0604,1,0,DAR,0906,0914,8,True
202606157101055,XC,2026-06-15,JUN,MON,False,,BHM,0703,0703,BHM,,,,0703,0703,0,0,DAR,1006,1005,-1,False
202606157166987,XC,2026-06-15,JUN,MON,False,,BRI,0635,0634,BHM,0755,0752,-3,0803,0803,0,124,DAR,1106,1104,-2,False
202606157101060,XC,2026-06-15,JUN,MON,False,,PLY,0525,0525,BHM,0855,0853,-2,0903,0903,0,282,DAR,1206,1207,1,True
202606157101062,XC,2026-06-15,JUN,MON,False,,PLY,0620,0620,BHM,0954,0958,4,1003,1003,0,282,DAR,1306,1306,0,False
202606157101064,XC,2026-06-15,JUN,MON,False,,PLY,0727,0727,BHM,1055,1056,1,1103,1103,0,282,DAR,1406,1406,0,False
202606157101067,XC,2026-06-15,JUN,MON,False,700,CDF,0945,0945,BHM,1149,1217,28,1203,1230,27,143,DAR,1506,1539,33,True
202606157101069,XC,2026-06-15,JUN,MON,False,573,PLY,0927,0927,BHM,1255,1336,41,1303,1342,39,282,DAR,1604,1627,23,True
202606157101073,XC,2026-06-15,JUN,MON,False,650,PLY,1027,1027,BHM,1355,1408,13,1403,1412,9,282,DAR,1706,1717,11,True
202606157101075,XC,2026-06-15,JUN,MON,False,,PLY,1127,1126,BHM,1455,1458,3,1503,1503,0,282,DAR,1805,1805,0,False
202606157101080,XC,2026-06-15,JUN,MON,False,904,PLY,1227,1229,BHM,1555,1628,33,1603,1635,32,282,DAR,1908,1931,23,True
202606157101082,XC,2026-06-15,JUN,MON,False,693,PNZ,1115,1115,BHM,1655,1700,5,1703,1705,2,365,DAR,2010,2004,-6,False
202606157101083,XC,2026-06-15,JUN,MON,False,904,PLY,1427,1426,BHM,1755,1805,10,1803,1808,5,282,DAR,2056,2057,1,True
202606157100723,XC,2026-06-15,JUN,MON,False,656,PLY,1527,1526,BHM,1854,1913,19,1903,1918,15,282,DAR,2212,2226,14,True
202606157100733,XC,2026-06-15,JUN,MON,False,,RDG,1845,,BHM,,,,2025,2028,3,130,DAR,2249,2256,7,True
202606167166982,XC,2026-06-16,JUN,TUE,False,894,BHM,0603,0604,BHM,,,,0603,0604,1,0,DAR,0906,0905,-1,False
202606167101055,XC,2026-06-16,JUN,TUE,False,913,BHM,0703,0703,BHM,,,,0703,0703,0,0,DAR,1006,1019,13,True
202606167166987,XC,2026-06-16,JUN,TUE,False,,BRI,0635,0635,BHM,0755,0754,-1,0803,0803,0,124,DAR,1106,1104,-2,False
202606167101060,XC,2026-06-16,JUN,TUE,False,904,PLY,0525,0525,BHM,0855,0854,-1,0903,0902,-1,282,DAR,1206,1211,5,True
202606167101062,XC,2026-06-16,JUN,TUE,False,895,PLY,0620,0620,BHM,0954,0956,2,1003,1003,0,282,DAR,1306,1304,-2,False
202606167101064,XC,2026-06-16,JUN,TUE,False,574,PLY,0727,0727,BHM,1055,1057,2,1103,1103,0,282,DAR,1406,1407,1,True
202606167101067,XC,2026-06-16,JUN,TUE,False,,CDF,0945,0946,BHM,1149,1152,3,1203,1203,0,143,DAR,1506,1508,2,True
202606167101069,XC,2026-06-16,JUN,TUE,False,895,PLY,0927,0931,BHM,1255,1317,22,1303,1321,18,282,DAR,1604,1617,13,True
202606167101073,XC,2026-06-16,JUN,TUE,False,904,PLY,1027,1028,BHM,1355,1353,-2,1403,1403,0,282,DAR,1706,1717,11,True
202606167101075,XC,2026-06-16,JUN,TUE,False,,PLY,1127,1127,BHM,1455,1455,0,1503,1504,1,282,DAR,1805,1803,-2,False
202606167101080,XC,2026-06-16,JUN,TUE,False,,PLY,1227,1227,BHM,1555,1554,-1,1603,1603,0,282,DAR,1908,1910,2,True
202606167101083,XC,2026-06-16,JUN,TUE,False,895,PLY,1427,1426,BHM,1755,1801,6,1803,1806,3,282,DAR,2056,2058,2,True
202606167100723,XC,2026-06-16,JUN,TUE,False,895,PLY,1527,1526,BHM,1854,1907,13,1903,1911,8,282,DAR,2212,2214,2,True
202606167100733,XC,2026-06-16,JUN,TUE,False,832,RDG,1845,1845,BHM,2018,2016,-2,2025,2025,0,130,DAR,2249,2314,25,True
202606177166982,XC,2026-06-17,JUN,WED,False,,BHM,0603,0603,BHM,,,,0603,0603,0,0,DAR,0906,0904,-2,False
202606177101055,XC,2026-06-17,JUN,WED,False,,BHM,0703,0706,BHM,,,,0703,0706,3,0,DAR,1006,1004,-2,False
202606177166987,XC,2026-06-17,JUN,WED,False,,BRI,0635,0635,BHM,0755,0753,-2,0803,0803,0,124,DAR,1106,1104,-2,False
202606177101060,XC,2026-06-17,JUN,WED,False,,PLY,0525,0525,BHM,0855,0853,-2,0903,0902,-1,282,DAR,1206,1205,-1,False
202606177101062,XC,2026-06-17,JUN,WED,False,887,PLY,0620,0620,BHM,0954,1018,24,1003,1022,19,282,DAR,1306,1309,3,True
202606177101064,XC,2026-06-17,JUN,WED,False,,PLY,0727,0727,BHM,1055,1056,1,1103,1103,0,282,DAR,1406,1403,-3,False
202606177101067,XC,2026-06-17,JUN,WED,False,,CDF,0945,0945,BHM,1149,1149,0,1203,1203,0,143,DAR,1506,1511,5,True
202606177101069,XC,2026-06-17,JUN,WED,False,,PLY,0927,0927,BHM,1255,1252,-3,1303,1302,-1,282,DAR,1604,1604,0,False
202606177101073,XC,2026-06-17,JUN,WED,False,536,PLY,1027,1027,BHM,1355,1419,24,1403,1425,22,282,DAR,1706,1729,23,True
202606177101075,XC,2026-06-17,JUN,WED,False,,PLY,1127,1127,BHM,1455,1456,1,1503,1504,1,282,DAR,1805,1803,-2,False
202606177101080,XC,2026-06-17,JUN,WED,False,,PLY,1227,1226,BHM,1555,1606,11,1603,1611,8,282,DAR,1908,1902,-6,False
202606177101082,XC,2026-06-17,JUN,WED,False,,PNZ,1115,1115,BHM,1655,1655,0,1703,1704,1,365,DAR,2010,2008,-2,False
202606177101083,XC,2026-06-17,JUN,WED,False,574,PLY,1427,1427,BHM,1755,1756,1,1803,1803,0,282,DAR,2056,2111,15,True
202606177100723,XC,2026-06-17,JUN,WED,False,,PLY,1527,1527,BHM,1854,1855,1,1903,1903,0,282,DAR,2212,2230,18,True
202606177100733,XC,2026-06-17,JUN,WED,False,,RDG,1845,1845,BHM,2018,2015,-3,2025,2026,1,130,DAR,2249,2248,-1,False
202606187166982,XC,2026-06-18,JUN,THU,False,,BHM,0603,0604,BHM,,,,0603,0604,1,0,DAR,0906,0903,-3,False
202606187101055,XC,2026-06-18,JUN,THU,False,904,BHM,0703,0703,BHM,,,,0703,0703,0,0,DAR,1006,1008,2,True
202606187166987,XC,2026-06-18,JUN,THU,False,904,BRI,0635,0635,BHM,0755,0757,2,0803,0802,-1,124,DAR,1106,1114,8,True
202606187101060,XC,2026-06-18,JUN,THU,False,895,PLY,0525,0525,BHM,0855,0852,-3,0903,0903,0,282,DAR,1206,1212,6,True
202606187101062,XC,2026-06-18,JUN,THU,False,832,PLY,0620,0619,BHM,0954,0953,-1,1003,1003,0,282,DAR,1306,1306,0,False
202606187101064,XC,2026-06-18,JUN,THU,False,832,PLY,0727,0727,BHM,1055,1056,1,1103,1105,2,282,DAR,1406,1408,2,True
202606187101067,XC,2026-06-18,JUN,THU,False,,CDF,0945,0945,BHM,1149,1149,0,1203,1203,0,143,DAR,1506,1510,4,True
202606187101069,XC,2026-06-18,JUN,THU,False,,PLY,0927,0927,BHM,1255,1255,0,1303,1304,1,282,DAR,1604,1604,0,False
202606187101073,XC,2026-06-18,JUN,THU,False,,PLY,1027,1028,BHM,1355,1353,-2,1403,1403,0,282,DAR,1706,1712,6,True
202606187101075,XC,2026-06-18,JUN,THU,False,,PLY,1127,1127,BHM,1455,1458,3,1503,1504,1,282,DAR,1805,1802,-3,False
202606187101080,XC,2026-06-18,JUN,THU,False,,PLY,1227,1226,BHM,1555,1553,-2,1603,1603,0,282,DAR,1908,1910,2,True
202606187101082,XC,2026-06-18,JUN,THU,False,,PNZ,1115,1115,BHM,1655,1656,1,1703,1704,1,365,DAR,2010,2009,-1,False
202606187101083,XC,2026-06-18,JUN,THU,False,547,PLY,1427,1426,BHM,1755,1805,10,1803,1809,6,282,DAR,2056,2059,3,True
202606187100723,XC,2026-06-18,JUN,THU,False,,PLY,1527,1526,BHM,1854,1906,12,1903,1910,7,282,DAR,2212,2211,-1,False
202606187100733,XC,2026-06-18,JUN,THU,False,832,RDG,1845,1845,BHM,2018,2030,12,2025,2040,15,130,DAR,2249,2256,7,True
202606197166982,XC,2026-06-19,JUN,FRI,False,,BHM,0603,0603,BHM,,,,0603,0603,0,0,DAR,0906,0904,-2,False
202606197101055,XC,2026-06-19,JUN,FRI,False,,BHM,0703,0703,BHM,,,,0703,0703,0,0,DAR,1006,1006,0,False
202606197166987,XC,2026-06-19,JUN,FRI,False,,BRI,0635,0634,BHM,0755,0753,-2,0803,0802,-1,124,DAR,1106,1105,-1,False
202606197101060,XC,2026-06-19,JUN,FRI,False,557,PLY,0525,0525,BHM,0855,0857,2,0903,0903,0,282,DAR,1206,1223,17,True
202606197101062,XC,2026-06-19,JUN,FRI,False,,PLY,0620,0620,BHM,0954,0953,-1,1003,1003,0,282,DAR,1306,1304,-2,False
202606197101064,XC,2026-06-19,JUN,FRI,False,,PLY,0727,0727,BHM,1055,1055,0,1103,1103,0,282,DAR,1406,1405,-1,False
202606197101067,XC,2026-06-19,JUN,FRI,False,,CDF,0945,0945,BHM,1149,1149,0,1203,1212,9,143,DAR,1506,1521,15,True
202606197101069,XC,2026-06-19,JUN,FRI,False,895,PLY,0927,0926,BHM,1255,1309,14,1303,1314,11,282,DAR,1604,1619,15,True
202606197101073,XC,2026-06-19,JUN,FRI,False,,PLY,1027,1027,BHM,1355,1358,3,1403,1404,1,282,DAR,1706,1702,-4,False
202606197101074,XC,2026-06-19,JUN,FRI,True,574,PLY,1127,,BHM,1455,,,1503,,,282,DAR,1805,,,
202606197101080,XC,2026-06-19,JUN,FRI,False,,PLY,1227,1227,BHM,1555,1557,2,1603,1607,4,282,DAR,1908,1906,-2,False
202606197101082,XC,2026-06-19,JUN,FRI,False,,PNZ,1115,1115,BHM,1655,1707,12,1703,1716,13,365,DAR,2010,2007,-3,False
202606197101083,XC,2026-06-19,JUN,FRI,False,,PLY,1427,1427,BHM,1755,1816,21,1803,1821,18,282,DAR,2056,2138,42,True
202606197100723,XC,2026-06-19,JUN,FRI,False,,PLY,1527,1527,BHM,1854,1858,4,1903,1904,1,282,DAR,2212,2210,-2,False
202606197100733,XC,2026-06-19,JUN,FRI,False,,RDG,1845,1846,BHM,2018,2024,6,2025,2028,3,130,DAR,2249,2252,3,True
202606207166981,XC,2026-06-20,JUN,SAT,False,,BHM,0603,0603,BHM,,,,0603,0603,0,0,DAR,0906,0904,-2,False
202606207101056,XC,2026-06-20,JUN,SAT,False,,BHM,0703,0704,BHM,,,,0703,0704,1,0,DAR,1006,1006,0,False
202606207101057,XC,2026-06-20,JUN,SAT,False,,BRI,0615,0615,BHM,0755,0759,4,0803,0803,0,124,DAR,1106,1109,3,True
202606207101059,XC,2026-06-20,JUN,SAT,False,,PLY,0527,0527,BHM,0855,0853,-2,0903,0903,0,282,DAR,1206,1202,-4,False
202606207101061,XC,2026-06-20,JUN,SAT,False,,PLY,0627,0626,BHM,0955,0957,2,1003,1003,0,282,DAR,1306,1304,-2,False
202606207101065,XC,2026-06-20,JUN,SAT,False,,PLY,0725,0725,BHM,1055,1055,0,1103,1102,-1,282,DAR,1406,1409,3,True
202606207101068,XC,2026-06-20,JUN,SAT,False,,PLY,0827,0827,BHM,1155,1157,2,1203,1205,2,282,DAR,1506,1511,5,True
202606207101070,XC,2026-06-20,JUN,SAT,False,895,PLY,0927,0927,BHM,1255,1307,12,1303,1313,10,282,DAR,1606,1608,2,True
202606207101072,XC,2026-06-20,JUN,SAT,False,,PLY,1027,1026,BHM,1355,1420,25,1403,1424,21,282,DAR,1706,1704,-2,False
202606207101076,XC,2026-06-20,JUN,SAT,False,576,PLY,1127,1127,BHM,1455,1504,9,1503,1518,15,282,DAR,1805,1806,1,True
202606207101079,XC,2026-06-20,JUN,SAT,False,,PLY,1227,1227,BHM,1555,1554,-1,1603,1603,0,282,DAR,1908,1908,0,False
202606207101081,XC,2026-06-20,JUN,SAT,False,,PNZ,1115,1117,BHM,1655,1657,2,1703,1706,3,365,DAR,2006,2007,1,True
202606207101084,XC,2026-06-20,JUN,SAT,False,,PLY,1427,1426,BHM,1755,1757,2,1803,1803,0,282,DAR,2057,2059,2,True
202606207100727,XC,2026-06-20,JUN,SAT,False,,RDG,1745,1745,BHM,1917,1917,0,1927,1929,2,130,DAR,2155,2154,-1,False
202606207100732,XC,2026-06-20,JUN,SAT,False,,RDG,1845,1845,BHM,2017,2015,-2,2025,2025,0,130,DAR,2248,2252,4,True
202606217166991,XC,2026-06-21,JUN,SUN,True,526,BHM,0903,,BHM,,,,0903,,,0,DAR,1203,,,
202606217101063,XC,2026-06-21,JUN,SUN,False,,BHM,1003,1003,BHM,,,,1003,1003,0,0,DAR,1305,1322,17,True
202606217101066,XC,2026-06-21,JUN,SUN,False,,BRI,0915,0914,BHM,1049,1051,2,1103,1103,0,124,DAR,1404,1407,3,True
202606218729776,XC,2026-06-21,JUN,SUN,True,526,BRI,1031,,BHM,,,,1203,,,124,DAR,1507,,,
202606217101071,XC,2026-06-21,JUN,SUN,False,,PLY,0927,,BHM,1249,1250,1,1303,1303,0,282,DAR,1557,1556,-1,False
202606218729782,XC,2026-06-21,JUN,SUN,False,,PLY,1027,1026,BHM,1349,1357,8,1403,1413,10,282,DAR,1705,1704,-1,False
202606217101077,XC,2026-06-21,JUN,SUN,False,,PLY,1127,1127,BHM,1449,1508,19,1503,1514,11,282,DAR,1803,1804,1,True
202606217989660,XC,2026-06-21,JUN,SUN,False,,BHM,1628,1633,BHM,,,,1628,1633,5,0,DAR,1854,1917,23,True
202606218729792,XC,2026-06-21,JUN,SUN,False,,PNZ,1130,1130,BHM,1649,1648,-1,1703,1703,0,365,DAR,2007,2002,-5,False
202606218729795,XC,2026-06-21,JUN,SUN,False,,PLY,1427,1427,BHM,1749,1805,16,1803,1812,9,282,DAR,2058,2059,1,True
202606227166982,XC,2026-06-22,JUN,MON,False,,BHM,0603,0603,BHM,,,,0603,0603,0,0,DAR,0906,0905,-1,False
202606227101055,XC,2026-06-22,JUN,MON,False,,BHM,0703,0703,BHM,,,,0703,0703,0,0,DAR,1006,1009,3,True
202606227166987,XC,2026-06-22,JUN,MON,False,,BRI,0635,0637,BHM,0755,0758,3,0803,0803,0,124,DAR,1106,1111,5,True
202606227101060,XC,2026-06-22,JUN,MON,False,909,PLY,0525,0525,BHM,0855,0900,5,0903,0911,8,282,DAR,1206,1216,10,True
202606227101062,XC,2026-06-22,JUN,MON,False,,PLY,0620,0620,BHM,0954,0957,3,1003,1003,0,282,DAR,1306,1303,-3,False
202606227101064,XC,2026-06-22,JUN,MON,False,871,PLY,0727,0727,BHM,1055,1106,11,1103,1113,10,282,DAR,1406,1433,27,True
202606227101067,XC,2026-06-22,JUN,MON,False,895,CDF,0945,0945,BHM,1149,1148,-1,1203,1206,3,143,DAR,1506,1534,28,True
202606227101069,XC,2026-06-22,JUN,MON,False,896,PLY,0927,0926,BHM,1255,1254,-1,1303,1303,0,282,DAR,1604,1624,20,True
202606227101073,XC,2026-06-22,JUN,MON,False,904,PLY,1027,1026,BHM,1355,1400,5,1403,1408,5,282,DAR,1706,1718,12,True
202606227101075,XC,2026-06-22,JUN,MON,False,895,PLY,1127,1127,BHM,1455,1514,19,1503,1518,15,282,DAR,1805,1837,32,True
202606227101080,XC,2026-06-22,JUN,MON,False,904,PLY,1227,1226,BHM,1555,1607,12,1603,1612,9,282,DAR,1908,1935,27,True
202606227101082,XC,2026-06-22,JUN,MON,False,776,PNZ,1115,1115,BHM,1655,1723,28,1703,1732,29,365,DAR,2010,2035,25,True
202606227990932,XC,2026-06-22,JUN,MON,False,777,EXD,1527,1546,BHM,1755,1827,32,1803,1832,29,225,DAR,2056,2152,56,True
202606227100723,XC,2026-06-22,JUN,MON,False,887,PLY,1527,,BHM,,,,1903,2012,69,282,DAR,2212,2249,37,True
202606227100733,XC,2026-06-22,JUN,MON,False,895,RDG,1845,1845,BHM,2018,2027,9,2025,2032,7,130,DAR,2249,2306,17,True
202606237166982,XC,2026-06-23,JUN,TUE,False,,BHM,0603,0603,BHM,,,,0603,0603,0,0,DAR,0906,0904,-2,False
202606237101055,XC,2026-06-23,JUN,TUE,False,,BHM,0703,0703,BHM,,,,0703,0703,0,0,DAR,1006,1004,-2,False
202606237166987,XC,2026-06-23,JUN,TUE,False,,BRI,0635,0635,BHM,0755,0751,-4,0803,0803,0,124,DAR,1106,1104,-2,False
202606237101060,XC,2026-06-23,JUN,TUE,False,825,PLY,0525,0528,BHM,0855,0856,1,0903,0902,-1,282,DAR,1206,1218,12,True
202606237101062,XC,2026-06-23,JUN,TUE,False,,PLY,0620,0619,BHM,0954,0954,0,1003,1002,-1,282,DAR,1306,1305,-1,False
202606237101064,XC,2026-06-23,JUN,TUE,False,,PLY,0727,0727,BHM,1055,1057,2,1103,1104,1,282,DAR,1406,1412,6,True
202606237101067,XC,2026-06-23,JUN,TUE,False,574,CDF,0945,0945,BHM,1149,1148,-1,1203,1234,31,143,DAR,1506,1526,20,True
202606237101069,XC,2026-06-23,JUN,TUE,False,574,PLY,0927,0930,BHM,1255,1317,22,1303,1322,19,282,DAR,1604,1640,36,True
202606237101073,XC,2026-06-23,JUN,TUE,False,574,PLY,1027,1027,BHM,1355,1415,20,1403,1420,17,282,DAR,1706,1712,6,True
202606237101075,XC,2026-06-23,JUN,TUE,False,,PLY,1127,1127,BHM,1455,1455,0,1503,1506,3,282,DAR,1805,1812,7,True
202606237101080,XC,2026-06-23,JUN,TUE,False,576,PLY,1227,1226,BHM,1555,1623,28,1603,1630,27,282,DAR,1908,1928,20,True
202606237101082,XC,2026-06-23,JUN,TUE,False,904,PNZ,1115,1115,BHM,1655,1656,1,1703,1704,1,365,DAR,2010,2014,4,True
202606237101083,XC,2026-06-23,JUN,TUE,False,904,PLY,1427,1426,BHM,1755,1823,28,1803,1829,26,282,DAR,2056,2134,38,True
202606237100723,XC,2026-06-23,JUN,TUE,False,904,PLY,1527,1528,BHM,1854,1900,6,1903,1904,1,282,DAR,2212,2219,7,True
202606237100733,XC,2026-06-23,JUN,TUE,False,574,RDG,1845,1904,BHM,2018,2056,38,2025,2100,35,130,DAR,2249,2341,52,True
202606247166982,XC,2026-06-24,JUN,WED,False,,BHM,0603,0603,BHM,,,,0603,0603,0,0,DAR,0906,0905,-1,False
202606247101055,XC,2026-06-24,JUN,WED,False,,BHM,0703,0703,BHM,,,,0703,0703,0,0,DAR,1006,1040,34,True
202606247166987,XC,2026-06-24,JUN,WED,False,700,BRI,0635,0635,BHM,0755,0752,-3,0803,0803,0,124,DAR,1106,1126,20,True
202606247101060,XC,2026-06-24,JUN,WED,False,,PLY,0525,0525,BHM,0855,0855,0,0903,0903,0,282,DAR,1206,1215,9,True
202606247101062,XC,2026-06-24,JUN,WED,False,,PLY,0620,0620,BHM,0954,0954,0,1003,1003,0,282,DAR,1306,1307,1,True
202606247101064,XC,2026-06-24,JUN,WED,False,908,PLY,0727,0726,BHM,1055,1059,4,1103,1105,2,282,DAR,1406,1411,5,True
202606247101067,XC,2026-06-24,JUN,WED,False,,CDF,0945,,BHM,,,,1203,1212,9,143,DAR,1506,1516,10,True
202606247101069,XC,2026-06-24,JUN,WED,False,894,PLY,0927,0927,BHM,1255,1255,0,1303,1303,0,282,DAR,1604,1628,24,True
202606247101073,XC,2026-06-24,JUN,WED,False,832,PLY,1027,1027,BHM,1355,1357,2,1403,1407,4,282,DAR,1706,1740,34,True
202606247101075,XC,2026-06-24,JUN,WED,False,536,PLY,1127,1126,BHM,1455,1454,-1,1503,1503,0,282,DAR,1805,1851,46,True
202606247101080,XC,2026-06-24,JUN,WED,False,,PLY,1227,1226,BHM,1555,1612,17,1603,1616,13,282,DAR,1908,1919,11,True
202606247101082,XC,2026-06-24,JUN,WED,False,,PNZ,1115,,BHM,1655,1711,16,1703,1716,13,365,DAR,2010,2042,32,True
202606247101083,XC,2026-06-24,JUN,WED,False,536,PLY,1427,1429,BHM,1755,1815,20,1803,1821,18,282,DAR,2056,2137,41,True
202606247100723,XC,2026-06-24,JUN,WED,False,832,PLY,1527,1549,BHM,1854,1932,38,1903,1938,35,282,DAR,2212,2242,30,True
202606247100733,XC,2026-06-24,JUN,WED,True,819,RDG,1845,,BHM,2018,,,2025,,,130,DAR,2249,,,
202606257166982,XC,2026-06-25,JUN,THU,False,,BHM,0603,0603,BHM,,,,0603,0603,0,0,DAR,0906,0905,-1,False
202606257101055,XC,2026-06-25,JUN,THU,False,,BHM,0703,0703,BHM,,,,0703,0703,0,0,DAR,1006,1002,-4,False
202606257166987,XC,2026-06-25,JUN,THU,False,,BRI,0635,0635,BHM,0755,0754,-1,0803,0803,0,124,DAR,1106,1104,-2,False
202606257101060,XC,2026-06-25,JUN,THU,False,,PLY,0525,0525,BHM,0855,0852,-3,0903,0904,1,282,DAR,1206,1211,5,True
202606257101062,XC,2026-06-25,JUN,THU,False,,PLY,0620,0620,BHM,0954,0959,5,1003,1003,0,282,DAR,1306,1302,-4,False
202606257101064,XC,2026-06-25,JUN,THU,False,904,PLY,0727,0726,BHM,1055,1100,5,1103,1105,2,282,DAR,1406,1405,-1,False
202606257101067,XC,2026-06-25,JUN,THU,False,,CDF,0945,,BHM,,,,1203,1225,22,143,DAR,1506,1520,14,True
202606257101073,XC,2026-06-25,JUN,THU,False,911,PLY,1027,1027,BHM,1355,1406,11,1403,1414,11,282,DAR,1706,1719,13,True
202606257101075,XC,2026-06-25,JUN,THU,False,,PLY,1127,1127,BHM,1455,1455,0,1503,1506,3,282,DAR,1805,1804,-1,False
202606257101080,XC,2026-06-25,JUN,THU,False,895,PLY,1227,1230,BHM,1555,1611,16,1603,1616,13,282,DAR,1908,1918,10,True
202606257101082,XC,2026-06-25,JUN,THU,False,,PLY,1327,1327,BHM,1655,1720,25,1703,1726,23,282,DAR,2010,2024,14,True
202606257101083,XC,2026-06-25,JUN,THU,False,904,PLY,1427,1426,BHM,1755,1806,11,1803,1810,7,282,DAR,2056,2114,18,True
202606257100723,XC,2026-06-25,JUN,THU,False,,PLY,1527,1526,BHM,1854,1857,3,1903,1903,0,282,DAR,2212,2218,6,True
202606257100733,XC,2026-06-25,JUN,THU,True,819,RDG,1845,,BHM,2018,,,2025,,,130,DAR,2249,,,
202606267166982,XC,2026-06-26,JUN,FRI,False,,BHM,0603,0603,BHM,,,,0603,0603,0,0,DAR,0906,0907,1,True
202606267101055,XC,2026-06-26,JUN,FRI,False,,BHM,0703,0704,BHM,,,,0703,0704,1,0,DAR,1006,1006,0,False
202606267166987,XC,2026-06-26,JUN,FRI,False,,BRI,0635,0635,BHM,0755,0807,12,0803,0811,8,124,DAR,1106,1119,13,True
202606267101060,XC,2026-06-26,JUN,FRI,False,,PLY,0525,0525,BHM,0855,0859,4,0903,0903,0,282,DAR,1206,1211,5,True
202606267101062,XC,2026-06-26,JUN,FRI,False,,PLY,0620,0620,BHM,0954,1011,17,1003,1015,12,282,DAR,1306,1310,4,True
202606267101064,XC,2026-06-26,JUN,FRI,False,,PLY,0727,0727,BHM,1055,1105,10,1103,1112,9,282,DAR,1406,1412,6,True
202606267101067,XC,2026-06-26,JUN,FRI,True,819,BHM,1203,,BHM,,,,1203,,,0,DAR,1506,,,
202606267101073,XC,2026-06-26,JUN,FRI,False,685,PLY,1027,1027,BHM,1355,1500,65,1403,1514,71,282,DAR,1706,1834,88,True
202606267101074,XC,2026-06-26,JUN,FRI,False,887,PLY,1127,1128,BHM,1455,1549,54,1503,1557,54,282,DAR,1805,1845,40,True
202606267101080,XC,2026-06-26,JUN,FRI,False,,PLY,1227,,BHM,1555,1611,16,1603,1618,15,282,DAR,1908,1933,25,True
202606267101082,XC,2026-06-26,JUN,FRI,False,819,PLY,1327,1329,BHM,1655,1654,-1,1703,1706,3,282,DAR,2010,2032,22,True
202606267101083,XC,2026-06-26,JUN,FRI,False,819,PLY,1427,1430,BHM,1755,1821,26,1803,1828,25,282,DAR,2056,2130,34,True
202606267100723,XC,2026-06-26,JUN,FRI,False,,PLY,1527,,BHM,1854,1906,12,1903,1911,8,282,DAR,2212,2218,6,True
202606267100733,XC,2026-06-26,JUN,FRI,True,819,RDG,1845,,BHM,2018,,,2025,,,130,DAR,2249,,,
202606277166981,XC,2026-06-27,JUN,SAT,False,,BHM,0603,0603,BHM,,,,0603,0603,0,0,DAR,0906,0906,0,False
202606277101056,XC,2026-06-27,JUN,SAT,False,,BHM,0703,0704,BHM,,,,0703,0704,1,0,DAR,1006,1008,2,True
202606277101057,XC,2026-06-27,JUN,SAT,False,895,BRI,0615,0615,BHM,0755,0750,-5,0803,0802,-1,124,DAR,1106,1114,8,True
202606277101059,XC,2026-06-27,JUN,SAT,False,,PLY,0527,0527,BHM,0855,0854,-1,0903,0903,0,282,DAR,1206,1209,3,True
202606277101061,XC,2026-06-27,JUN,SAT,False,,PLY,0627,0626,BHM,0955,0954,-1,1003,1002,-1,282,DAR,1306,1319,13,True
202606277101065,XC,2026-06-27,JUN,SAT,False,,PLY,0725,0725,BHM,1055,1106,11,1103,1111,8,282,DAR,1406,1411,5,True
202606277101068,XC,2026-06-27,JUN,SAT,False,574,PLY,0827,0827,BHM,1155,1206,11,1203,1215,12,282,DAR,1506,1527,21,True
202606277101070,XC,2026-06-27,JUN,SAT,False,,PLY,0927,0927,BHM,1255,1253,-2,1303,1303,0,282,DAR,1606,1612,6,True
202606277101072,XC,2026-06-27,JUN,SAT,False,,PLY,1027,1027,BHM,1355,1406,11,1403,1410,7,282,DAR,1706,1709,3,True
202606277101076,XC,2026-06-27,JUN,SAT,False,,PLY,1127,1126,BHM,1455,1458,3,1503,1503,0,282,DAR,1805,1815,10,True
202606277101079,XC,2026-06-27,JUN,SAT,False,,PLY,1227,1227,BHM,1555,1606,11,1603,1611,8,282,DAR,1908,1915,7,True
202606277101081,XC,2026-06-27,JUN,SAT,False,,PNZ,1115,1116,BHM,1655,1656,1,1703,1703,0,365,DAR,2006,2007,1,True
202606277101084,XC,2026-06-27,JUN,SAT,False,,PLY,1427,1426,BHM,1755,1805,10,1803,1812,9,282,DAR,2057,2117,20,True
202606287166991,XC,2026-06-28,JUN,SUN,False,,BHM,0903,0903,BHM,,,,0903,0903,0,0,DAR,1203,1206,3,True
202606287101063,XC,2026-06-28,JUN,SUN,False,,BHM,1003,1003,BHM,,,,1003,1003,0,0,DAR,1305,1308,3,True
202606287101066,XC,2026-06-28,JUN,SUN,False,,BRI,0915,0915,BHM,1049,1049,0,1103,1103,0,124,DAR,1404,1403,-1,False
202606288729776,XC,2026-06-28,JUN,SUN,False,,BRI,1031,1031,BHM,1149,1156,7,1203,1203,0,124,DAR,1507,1505,-2,False
202606287101071,XC,2026-06-28,JUN,SUN,False,526,PLY,0927,,BHM,1249,1252,3,1303,1303,0,282,DAR,1557,1609,12,True
202606288729782,XC,2026-06-28,JUN,SUN,False,,PLY,1027,1028,BHM,1349,1405,16,1403,1411,8,282,DAR,1705,1704,-1,False
202606287101077,XC,2026-06-28,JUN,SUN,False,,PLY,1127,1127,BHM,1449,1449,0,1503,1503,0,282,DAR,1803,1804,1,True
202606287101078,XC,2026-06-28,JUN,SUN,False,,PLY,1227,,BHM,1549,1555,6,1603,1603,0,282,DAR,1901,1902,1,True
202606288729792,XC,2026-06-28,JUN,SUN,False,,PNZ,1130,,BHM,1649,1658,9,1703,1703,0,365,DAR,2007,2002,-5,False
202606288729795,XC,2026-06-28,JUN,SUN,False,685,PLY,1427,,BHM,1749,1803,14,1803,1808,5,282,DAR,2058,2111,13,True
202606297166982,XC,2026-06-29,JUN,MON,False,,BHM,0603,0603,BHM,,,,0603,0603,0,0,DAR,0906,0904,-2,False
202606297101055,XC,2026-06-29,JUN,MON,False,,BHM,0703,0703,BHM,,,,0703,0703,0,0,DAR,1006,1010,4,True
202606297166987,XC,2026-06-29,JUN,MON,False,,BRI,0635,0635,BHM,0755,0759,4,0803,0803,0,124,DAR,1106,1107,1,True
202606297101060,XC,2026-06-29,JUN,MON,False,,PLY,0525,,BHM,0855,0854,-1,0903,0906,3,282,DAR,1206,1201,-5,False
202606297101062,XC,2026-06-29,JUN,MON,False,,PLY,0620,0619,BHM,0954,0956,2,1003,1002,-1,282,DAR,1306,1312,6,True
202606297101064,XC,2026-06-29,JUN,MON,False,,PLY,0727,0727,BHM,1055,1056,1,1103,1103,0,282,DAR,1406,1405,-1,False
202606297101067,XC,2026-06-29,JUN,MON,False,904,CDF,0945,0945,BHM,1149,1151,2,1203,1204,1,143,DAR,1506,1511,5,True
202606297101069,XC,2026-06-29,JUN,MON,False,579,PLY,0927,0927,BHM,1255,1310,15,1303,1316,13,282,DAR,1604,1612,8,True
202606297101073,XC,2026-06-29,JUN,MON,False,832,PLY,1027,1027,BHM,1355,1410,15,1403,1414,11,282,DAR,1706,1755,49,True
202606297101075,XC,2026-06-29,JUN,MON,False,832,PLY,1127,1126,BHM,1455,1457,2,1503,1503,0,282,DAR,1805,1810,5,True
202606297101080,XC,2026-06-29,JUN,MON,False,904,PLY,1227,1227,BHM,1555,1553,-2,1603,1604,1,282,DAR,1908,1926,18,True
202606297101082,XC,2026-06-29,JUN,MON,False,895,PNZ,1115,1115,BHM,1655,1656,1,1703,1704,1,365,DAR,2010,2002,-8,False
202606297101083,XC,2026-06-29,JUN,MON,False,,PLY,1427,1428,BHM,1755,1755,0,1803,1803,0,282,DAR,2056,2100,4,True
202606297100723,XC,2026-06-29,JUN,MON,False,,PLY,1527,1527,BHM,1854,1855,1,1903,1907,4,282,DAR,2212,2218,6,True
202606297100733,XC,2026-06-29,JUN,MON,False,576,RDG,1845,1845,BHM,2018,2023,5,2025,2027,2,130,DAR,2249,2257,8,True
202606307166982,XC,2026-06-30,JUN,TUE,False,,BHM,0603,0603,BHM,,,,0603,0603,0,0,DAR,0906,0906,0,False
202606307101055,XC,2026-06-30,JUN,TUE,False,,BHM,0703,0703,BHM,,,,0703,0703,0,0,DAR,1006,1010,4,True
202606307166987,XC,2026-06-30,JUN,TUE,False,,BRI,0635,0635,BHM,0755,0753,-2,0803,0803,0,124,DAR,1106,1107,1,True
202606307101060,XC,2026-06-30,JUN,TUE,False,,PLY,0525,0525,BHM,0855,0853,-2,0903,0902,-1,282,DAR,1206,1202,-4,False
202606307101062,XC,2026-06-30,JUN,TUE,False,,PLY,0620,0620,BHM,0954,0957,3,1003,1003,0,282,DAR,1306,1309,3,True
202606307101064,XC,2026-06-30,JUN,TUE,False,871,PLY,0727,0727,BHM,1055,1120,25,1103,1124,21,282,DAR,1406,1411,5,True
202606307101067,XC,2026-06-30,JUN,TUE,False,910,CDF,0945,0945,BHM,1149,1153,4,1203,1236,33,143,DAR,1506,1512,6,True
202606307101069,XC,2026-06-30,JUN,TUE,False,904,PLY,0927,0927,BHM,1255,1258,3,1303,1303,0,282,DAR,1604,1607,3,True
202606307101073,XC,2026-06-30,JUN,TUE,False,,PLY,1027,1026,BHM,1355,1359,4,1403,1407,4,282,DAR,1706,1702,-4,False
202606307101075,XC,2026-06-30,JUN,TUE,False,,PLY,1127,1127,BHM,1455,1453,-2,1503,1506,3,282,DAR,1805,1805,0,False
202606307101080,XC,2026-06-30,JUN,TUE,False,,PLY,1227,1226,BHM,1555,1556,1,1603,1603,0,282,DAR,1908,1903,-5,False
202606307101082,XC,2026-06-30,JUN,TUE,False,,PNZ,1115,1115,BHM,1655,1656,1,1703,1705,2,365,DAR,2010,2004,-6,False
202606307101083,XC,2026-06-30,JUN,TUE,False,,PLY,1427,1426,BHM,1755,1758,3,1803,1803,0,282,DAR,2056,2102,6,True
202606307100723,XC,2026-06-30,JUN,TUE,False,,PLY,1527,1526,BHM,1854,1854,0,1903,1903,0,282,DAR,2212,2214,2,True
202606307100733,XC,2026-06-30,JUN,TUE,False,,RDG,1845,1845,BHM,2018,2018,0,2025,2026,1,130,DAR,2249,2256,7,True
202607017166982,XC,2026-07-01,JUL,WED,True,574,BHM,0603,,BHM,,,,0603,,,0,DAR,0906,,,
202607017101055,XC,2026-07-01,JUL,WED,False,,BHM,0703,0703,BHM,,,,0703,0703,0,0,DAR,1006,1010,4,True
202607017166987,XC,2026-07-01,JUL,WED,False,,BRI,0635,0635,BHM,0755,0754,-1,0803,0803,0,124,DAR,1106,1117,11,True
202607017101060,XC,2026-07-01,JUL,WED,False,911,PLY,0525,0525,BHM,0855,0853,-2,0903,0903,0,282,DAR,1206,1226,20,True
202607017101062,XC,2026-07-01,JUL,WED,False,,PLY,0620,0619,BHM,0954,0953,-1,1003,1003,0,282,DAR,1306,1312,6,True
202607017101064,XC,2026-07-01,JUL,WED,False,574,PLY,0727,0727,BHM,1055,1054,-1,1103,1103,0,282,DAR,1406,1425,19,True
202607017101067,XC,2026-07-01,JUL,WED,False,895,CDF,0945,0945,BHM,1149,1152,3,1203,1203,0,143,DAR,1506,1514,8,True
202607017101069,XC,2026-07-01,JUL,WED,False,,PLY,0927,0927,BHM,1255,1254,-1,1303,1304,1,282,DAR,1604,1612,8,True
202607017101073,XC,2026-07-01,JUL,WED,False,895,PLY,1027,1027,BHM,1355,1416,21,1403,1420,17,282,DAR,1706,1741,35,True
202607017101075,XC,2026-07-01,JUL,WED,False,,PLY,1127,1127,BHM,1455,1500,5,1503,1504,1,282,DAR,1805,1808,3,True
202607017101080,XC,2026-07-01,JUL,WED,False,,PLY,1227,1227,BHM,1555,1555,0,1603,1603,0,282,DAR,1908,1907,-1,False
202607017101082,XC,2026-07-01,JUL,WED,False,,PNZ,1115,1115,BHM,1655,1652,-3,1703,1705,2,365,DAR,2010,2009,-1,False
202607017101083,XC,2026-07-01,JUL,WED,False,574,PLY,1427,1443,BHM,1755,1826,31,1803,1836,33,282,DAR,2056,2131,35,True
202607017100723,XC,2026-07-01,JUL,WED,False,895,PLY,1527,1527,BHM,1854,1857,3,1903,1904,1,282,DAR,2212,2215,3,True
202607017100733,XC,2026-07-01,JUL,WED,False,,RDG,1845,1845,BHM,2018,2019,1,2025,2025,0,130,DAR,2249,2254,5,True
202607027166982,XC,2026-07-02,JUL,THU,False,,BHM,0603,0602,BHM,,,,0603,0602,-1,0,DAR,0906,0904,-2,False
202607027101055,XC,2026-07-02,JUL,THU,False,656,BHM,0703,0703,BHM,,,,0703,0703,0,0,DAR,1006,1004,-2,False
202607027166987,XC,2026-07-02,JUL,THU,False,,BRI,0635,0634,BHM,0755,0751,-4,0803,0802,-1,124,DAR,1106,1105,-1,False
202607027101060,XC,2026-07-02,JUL,THU,False,,PLY,0525,0525,BHM,0855,0856,1,0903,0903,0,282,DAR,1206,1209,3,True
202607027101062,XC,2026-07-02,JUL,THU,False,,PLY,0620,0620,BHM,0954,1005,11,1003,1009,6,282,DAR,1306,1307,1,True
202607027101064,XC,2026-07-02,JUL,THU,False,,PLY,0727,0727,BHM,1055,1056,1,1103,1103,0,282,DAR,1406,1404,-2,False
202607027101067,XC,2026-07-02,JUL,THU,False,,CDF,0945,0945,BHM,1149,1201,12,1203,1216,13,143,DAR,1506,1515,9,True
202607027101069,XC,2026-07-02,JUL,THU,False,704,PLY,0927,0926,BHM,1255,1306,11,1303,1310,7,282,DAR,1604,1609,5,True
202607027101073,XC,2026-07-02,JUL,THU,False,,PLY,1027,1027,BHM,1355,1409,14,1403,1413,10,282,DAR,1706,1711,5,True
202607027101075,XC,2026-07-02,JUL,THU,False,895,PLY,1127,1127,BHM,1455,1458,3,1503,1505,2,282,DAR,1805,1814,9,True
202607027101080,XC,2026-07-02,JUL,THU,False,,PLY,1227,1227,BHM,1555,1555,0,1603,1603,0,282,DAR,1908,1908,0,False
202607027101082,XC,2026-07-02,JUL,THU,False,,PNZ,1115,,BHM,1655,1656,1,1703,1703,0,365,DAR,2010,2008,-2,False
202607027101083,XC,2026-07-02,JUL,THU,False,507,PLY,1427,1426,BHM,1755,1757,2,1803,1803,0,282,DAR,2056,2113,17,True
202607027100723,XC,2026-07-02,JUL,THU,False,887,PLY,1527,1527,BHM,1854,1856,2,1903,1921,18,282,DAR,2212,2224,12,True
202607027100733,XC,2026-07-02,JUL,THU,False,895,RDG,1845,1847,BHM,2018,2023,5,2025,2028,3,130,DAR,2249,2314,25,True
202607037166982,XC,2026-07-03,JUL,FRI,False,,BHM,0603,0603,BHM,,,,0603,0603,0,0,DAR,0906,0904,-2,False
202607037101055,XC,2026-07-03,JUL,FRI,False,,BHM,0703,0706,BHM,,,,0703,0706,3,0,DAR,1006,1007,1,True
202607037166987,XC,2026-07-03,JUL,FRI,False,,BRI,0635,0635,BHM,0755,0753,-2,0803,0803,0,124,DAR,1106,1113,7,True
202607037101060,XC,2026-07-03,JUL,FRI,False,,PLY,0525,0525,BHM,0855,0854,-1,0903,0903,0,282,DAR,1206,1207,1,True
202607037101062,XC,2026-07-03,JUL,FRI,False,865,PLY,0620,0620,BHM,0954,1005,11,1003,1009,6,282,DAR,1306,1305,-1,False
202607037101064,XC,2026-07-03,JUL,FRI,False,,PLY,0727,0727,BHM,1055,1059,4,1103,1105,2,282,DAR,1406,1411,5,True
202607037101067,XC,2026-07-03,JUL,FRI,False,,CDF,0945,0945,BHM,1149,1149,0,1203,1203,0,143,DAR,1506,1514,8,True
202607037101069,XC,2026-07-03,JUL,FRI,False,,PLY,0927,0927,BHM,1255,1254,-1,1303,1303,0,282,DAR,1604,1604,0,False
202607037101073,XC,2026-07-03,JUL,FRI,False,895,PLY,1027,1027,BHM,1355,1415,20,1403,1420,17,282,DAR,1706,1722,16,True
202607037101074,XC,2026-07-03,JUL,FRI,False,,PLY,1127,1127,BHM,1455,1456,1,1503,1503,0,282,DAR,1805,1806,1,True
202607037101080,XC,2026-07-03,JUL,FRI,False,911,PLY,1227,1227,BHM,1555,1612,17,1603,1616,13,282,DAR,1908,2001,53,True
202607037101082,XC,2026-07-03,JUL,FRI,False,832,PNZ,1115,,BHM,1655,1701,6,1703,1707,4,365,DAR,2010,2011,1,True
202607037101083,XC,2026-07-03,JUL,FRI,False,,PLY,1427,1426,BHM,1755,1757,2,1803,1805,2,282,DAR,2056,2102,6,True
202607037100723,XC,2026-07-03,JUL,FRI,False,,PLY,1527,1527,BHM,1854,1857,3,1903,1903,0,282,DAR,2212,2216,4,True
202607037100733,XC,2026-07-03,JUL,FRI,True,528,RDG,1845,,BHM,2018,,,2025,,,130,DAR,2249,,,
202607047166981,XC,2026-07-04,JUL,SAT,False,,BHM,0603,0603,BHM,,,,0603,0603,0,0,DAR,0906,0907,1,True
202607047101056,XC,2026-07-04,JUL,SAT,False,,BHM,0703,0703,BHM,,,,0703,0703,0,0,DAR,1006,1003,-3,False
202607047101057,XC,2026-07-04,JUL,SAT,False,,BRI,0615,0615,BHM,0755,0754,-1,0803,0803,0,124,DAR,1106,1114,8,True
202607047101059,XC,2026-07-04,JUL,SAT,False,,PLY,0527,0527,BHM,0855,0856,1,0903,0902,-1,282,DAR,1206,1213,7,True
202607047101061,XC,2026-07-04,JUL,SAT,False,,PLY,0627,0627,BHM,0955,0959,4,1003,1004,1,282,DAR,1306,1304,-2,False
202607047101065,XC,2026-07-04,JUL,SAT,False,895,PLY,0725,0725,BHM,1055,1101,6,1103,1108,5,282,DAR,1406,1426,20,True
202607047101068,XC,2026-07-04,JUL,SAT,False,,PLY,0827,0827,BHM,1155,1205,10,1203,1209,6,282,DAR,1506,1511,5,True
202607047101070,XC,2026-07-04,JUL,SAT,False,,PLY,0927,0926,BHM,1255,1256,1,1303,1304,1,282,DAR,1606,1602,-4,False
202607047101072,XC,2026-07-04,JUL,SAT,False,895,PLY,1027,1027,BHM,1355,1409,14,1403,1416,13,282,DAR,1706,1716,10,True
202607047101076,XC,2026-07-04,JUL,SAT,False,,PLY,1127,1126,BHM,1455,1453,-2,1503,1504,1,282,DAR,1805,1808,3,True
202607047101079,XC,2026-07-04,JUL,SAT,False,,PLY,1227,1226,BHM,1555,1555,0,1603,1603,0,282,DAR,1908,1911,3,True
202607047101081,XC,2026-07-04,JUL,SAT,False,,PNZ,1115,1115,BHM,1655,1658,3,1703,1704,1,365,DAR,2006,2011,5,True
202607047101084,XC,2026-07-04,JUL,SAT,False,,PLY,1427,1427,BHM,1755,1756,1,1803,1806,3,282,DAR,2057,2106,9,True
202607047100727,XC,2026-07-04,JUL,SAT,False,,RDG,1745,1747,BHM,1917,1919,2,1927,1929,2,130,DAR,2155,2205,10,True
202607047100732,XC,2026-07-04,JUL,SAT,True,526,RDG,1845,,BHM,2017,,,2025,,,130,DAR,2248,,,
202607057166991,XC,2026-07-05,JUL,SUN,False,,BHM,0903,0903,BHM,,,,0903,0903,0,0,DAR,1203,1207,4,True
202607057101063,XC,2026-07-05,JUL,SUN,True,526,BHM,1003,,BHM,,,,1003,,,0,DAR,1305,,,
202607057101066,XC,2026-07-05,JUL,SUN,False,,BRI,0915,0916,BHM,1049,1048,-1,1103,1105,2,124,DAR,1404,1404,0,False
202607058729776,XC,2026-07-05,JUL,SUN,False,,BRI,1031,1031,BHM,1149,1154,5,1203,1203,0,124,DAR,1507,1505,-2,False
202607057101071,XC,2026-07-05,JUL,SUN,False,,PLY,0927,0927,BHM,1249,1251,2,1303,1303,0,282,DAR,1557,1602,5,True
202607058729782,XC,2026-07-05,JUL,SUN,True,526,PLY,1027,,BHM,1349,,,1403,,,282,DAR,1705,,,
202607057101077,XC,2026-07-05,JUL,SUN,False,887,PLY,1127,,BHM,,,,1503,1511,8,282,DAR,1803,1804,1,True
202607057101078,XC,2026-07-05,JUL,SUN,False,705,PLY,1227,1227,BHM,1549,1559,10,1603,1605,2,282,DAR,1901,1902,1,True
202607058729792,XC,2026-07-05,JUL,SUN,False,,PNZ,1130,,BHM,1649,1647,-2,1703,1703,0,365,DAR,2007,2003,-4,False
202607058729795,XC,2026-07-05,JUL,SUN,False,895,PLY,1427,1427,BHM,1749,1804,15,1803,1811,8,282,DAR,2058,2101,3,True
202607067166982,XC,2026-07-06,JUL,MON,False,,BHM,0603,0603,BHM,,,,0603,0603,0,0,DAR,0906,0905,-1,False
202607067101055,XC,2026-07-06,JUL,MON,False,,BHM,0703,0703,BHM,,,,0703,0703,0,0,DAR,1006,1004,-2,False
202607067166987,XC,2026-07-06,JUL,MON,False,,BRI,0635,0635,BHM,0755,0750,-5,0803,0803,0,124,DAR,1106,1105,-1,False
202607067101060,XC,2026-07-06,JUL,MON,False,,PLY,0525,0525,BHM,0855,0855,0,0903,0903,0,282,DAR,1206,1204,-2,False
202607067101062,XC,2026-07-06,JUL,MON,False,,PLY,0620,0620,BHM,0954,0956,2,1003,1004,1,282,DAR,1306,1306,0,False
202607067101064,XC,2026-07-06,JUL,MON,False,,PLY,0727,0727,BHM,1055,1057,2,1103,1103,0,282,DAR,1406,1410,4,True
202607067101067,XC,2026-07-06,JUL,MON,False,904,CDF,0945,0945,BHM,1149,1150,1,1203,1212,9,143,DAR,1506,1510,4,True
202607067101069,XC,2026-07-06,JUL,MON,False,,PLY,0927,0927,BHM,1255,1256,1,1303,1304,1,282,DAR,1604,1606,2,True
202607067101073,XC,2026-07-06,JUL,MON,False,,PLY,1027,1027,BHM,1355,1357,2,1403,1403,0,282,DAR,1706,1711,5,True
202607067101075,XC,2026-07-06,JUL,MON,False,547,PLY,1127,1127,BHM,1455,1506,11,1503,1515,12,282,DAR,1805,1810,5,True
202607067101080,XC,2026-07-06,JUL,MON,False,552,PLY,1227,1226,BHM,1555,1616,21,1603,1621,18,282,DAR,1908,1920,12,True
202607067101082,XC,2026-07-06,JUL,MON,False,,PNZ,1115,1115,BHM,1655,1657,2,1703,1704,1,365,DAR,2010,2008,-2,False
202607067101083,XC,2026-07-06,JUL,MON,False,,PLY,1427,1426,BHM,1755,1755,0,1803,1803,0,282,DAR,2056,2100,4,True
202607067100723,XC,2026-07-06,JUL,MON,False,574,PLY,1527,1527,BHM,1854,1906,12,1903,1911,8,282,DAR,2212,2230,18,True
202607067100733,XC,2026-07-06,JUL,MON,False,832,RDG,1845,1845,BHM,2018,2032,14,2025,2037,12,130,DAR,2249,2305,16,True
202607077166982,XC,2026-07-07,JUL,TUE,True,777,BHM,0603,,BHM,,,,0603,,,0,DAR,0906,,,
202607077101055,XC,2026-07-07,JUL,TUE,False,,BHM,0703,0703,BHM,,,,0703,0703,0,0,DAR,1006,1007,1,True
202607077166987,XC,2026-07-07,JUL,TUE,False,,BRI,0635,0635,BHM,0755,0752,-3,0803,0802,-1,124,DAR,1106,1112,6,True
202607077101060,XC,2026-07-07,JUL,TUE,False,915,PLY,0525,0531,BHM,0855,0858,3,0903,0903,0,282,DAR,1206,1204,-2,False
202607077101062,XC,2026-07-07,JUL,TUE,False,,PLY,0620,0620,BHM,0954,1006,12,1003,1009,6,282,DAR,1306,1303,-3,False
202607077101064,XC,2026-07-07,JUL,TUE,False,887,PLY,0727,0727,BHM,1055,1056,1,1103,1107,4,282,DAR,1406,1429,23,True
202607077101067,XC,2026-07-07,JUL,TUE,False,,CDF,0945,0945,BHM,1149,1149,0,1203,1203,0,143,DAR,1506,1505,-1,False
202607077101069,XC,2026-07-07,JUL,TUE,False,,PLY,0927,0926,BHM,1255,1253,-2,1303,1303,0,282,DAR,1604,1605,1,True
202607077101073,XC,2026-07-07,JUL,TUE,False,574,PLY,1027,1027,BHM,1355,1355,0,1403,1405,2,282,DAR,1706,1743,37,True
202607077101075,XC,2026-07-07,JUL,TUE,False,,PLY,1127,1127,BHM,1455,1458,3,1503,1512,9,282,DAR,1805,1808,3,True
202607077101080,XC,2026-07-07,JUL,TUE,False,730,PLY,1227,1227,BHM,1555,1649,54,1603,1658,55,282,DAR,1908,1944,36,True
202607077101082,XC,2026-07-07,JUL,TUE,False,895,PNZ,1115,,BHM,1655,1715,20,1703,1721,18,365,DAR,2010,2016,6,True
202607077101083,XC,2026-07-07,JUL,TUE,False,887,PLY,1427,1427,BHM,1755,1804,9,1803,1811,8,282,DAR,2056,2128,32,True
202607077100723,XC,2026-07-07,JUL,TUE,False,,PLY,1527,1527,BHM,1854,1913,19,1903,1916,13,282,DAR,2212,2219,7,True
202607077100733,XC,2026-07-07,JUL,TUE,False,895,RDG,1845,1847,BHM,2018,2034,16,2025,2039,14,130,DAR,2249,2250,1,True
202607087166982,XC,2026-07-08,JUL,WED,False,,BHM,0603,0604,BHM,,,,0603,0604,1,0,DAR,0906,0914,8,True
202607087101055,XC,2026-07-08,JUL,WED,False,,BHM,0703,0703,BHM,,,,0703,0703,0,0,DAR,1006,1004,-2,False
202607087166987,XC,2026-07-08,JUL,WED,False,835,BRI,0635,0635,BHM,0755,0750,-5,0803,0803,0,124,DAR,1106,1116,10,True
202607087101060,XC,2026-07-08,JUL,WED,False,835,PLY,0525,0525,BHM,0855,0854,-1,0903,0903,0,282,DAR,1206,1201,-5,False
202607087101062,XC,2026-07-08,JUL,WED,False,,PLY,0620,0620,BHM,0954,0957,3,1003,1004,1,282,DAR,1306,1303,-3,False
202607087101064,XC,2026-07-08,JUL,WED,False,,PLY,0727,0727,BHM,1055,1057,2,1103,1103,0,282,DAR,1406,1408,2,True
202607087101067,XC,2026-07-08,JUL,WED,False,,CDF,0945,0945,BHM,1149,1151,2,1203,1203,0,143,DAR,1506,1504,-2,False
202607087101069,XC,2026-07-08,JUL,WED,False,,PLY,0927,0926,BHM,1255,1259,4,1303,1305,2,282,DAR,1604,1607,3,True
202607087101073,XC,2026-07-08,JUL,WED,False,895,PLY,1027,1027,BHM,1355,1359,4,1403,1409,6,282,DAR,1706,1710,4,True
202607087101075,XC,2026-07-08,JUL,WED,False,,PLY,1127,1127,BHM,1455,1458,3,1503,1507,4,282,DAR,1805,1804,-1,False
202607087101080,XC,2026-07-08,JUL,WED,False,904,PLY,1227,1227,BHM,1555,1608,13,1603,1615,12,282,DAR,1908,1946,38,True
202607087101082,XC,2026-07-08,JUL,WED,False,,PNZ,1115,1116,BHM,1655,1659,4,1703,1705,2,365,DAR,2010,2011,1,True
202607087101083,XC,2026-07-08,JUL,WED,False,886,PLY,1427,1429,BHM,1755,1816,21,1803,1828,25,282,DAR,2056,2220,84,True
202607087100723,XC,2026-07-08,JUL,WED,False,573,PLY,1527,1526,BHM,1854,1934,40,1903,1941,38,282,DAR,2212,2349,97,True
202607087100733,XC,2026-07-08,JUL,WED,False,824,RDG,1845,,BHM,,,,2025,2040,15,130,DAR,2249,2331,42,True
202607097166982,XC,2026-07-09,JUL,THU,False,,BHM,0603,0603,BHM,,,,0603,0603,0,0,DAR,0906,0905,-1,False
202607097101055,XC,2026-07-09,JUL,THU,False,,BHM,0703,0703,BHM,,,,0703,0703,0,0,DAR,1006,1004,-2,False
202607097166987,XC,2026-07-09,JUL,THU,False,,BRI,0635,0636,BHM,0755,0752,-3,0803,0802,-1,124,DAR,1106,1104,-2,False
202607097101060,XC,2026-07-09,JUL,THU,False,,PLY,0525,0525,BHM,0855,0858,3,0903,0904,1,282,DAR,1206,1205,-1,False
202607097101062,XC,2026-07-09,JUL,THU,False,,PLY,0620,0620,BHM,0954,0955,1,1003,1003,0,282,DAR,1306,1301,-5,False
202607097101064,XC,2026-07-09,JUL,THU,False,895,PLY,0727,0726,BHM,1055,1116,21,1103,1121,18,282,DAR,1406,1420,14,True
202607097101067,XC,2026-07-09,JUL,THU,False,574,CDF,0945,0945,BHM,1149,1151,2,1203,1205,2,143,DAR,1506,1531,25,True
202607097101069,XC,2026-07-09,JUL,THU,False,904,PLY,0927,0926,BHM,1255,1257,2,1303,1307,4,282,DAR,1604,1614,10,True
202607097101073,XC,2026-07-09,JUL,THU,False,904,PLY,1027,1027,BHM,1355,1407,12,1403,1410,7,282,DAR,1706,1705,-1,False
202607097101075,XC,2026-07-09,JUL,THU,False,895,PLY,1127,1127,BHM,1455,1501,6,1503,1506,3,282,DAR,1805,1806,1,True
202607097101080,XC,2026-07-09,JUL,THU,False,536,PLY,1227,1227,BHM,1555,1603,8,1603,1614,11,282,DAR,1908,1923,15,True
202607097101082,XC,2026-07-09,JUL,THU,False,576,PNZ,1115,1115,BHM,1655,1736,41,1703,1740,37,365,DAR,2010,2047,37,True
202607097101083,XC,2026-07-09,JUL,THU,False,,PLY,1427,1427,BHM,1755,1814,19,1803,1822,19,282,DAR,2056,2123,27,True
202607097100723,XC,2026-07-09,JUL,THU,False,,PLY,1527,1526,BHM,1854,1856,2,1903,1903,0,282,DAR,2212,2213,1,True
202607097100733,XC,2026-07-09,JUL,THU,False,895,RDG,1845,1849,BHM,2018,2040,22,2025,2046,21,130,DAR,2249,2304,15,True
202607107166982,XC,2026-07-10,JUL,FRI,False,,BHM,0603,0603,BHM,,,,0603,0603,0,0,DAR,0906,0905,-1,False
202607107101055,XC,2026-07-10,JUL,FRI,False,778,BHM,0703,0753,BHM,,,,0703,0753,50,0,DAR,1006,1040,34,True
202607107166987,XC,2026-07-10,JUL,FRI,False,778,BRI,0635,0635,BHM,0755,0810,15,0803,0817,14,124,DAR,1106,1106,0,False
202607107101060,XC,2026-07-10,JUL,FRI,False,886,PLY,0525,0524,BHM,0855,0905,10,0903,0926,23,282,DAR,1206,1210,4,True
202607107101062,XC,2026-07-10,JUL,FRI,False,,PLY,0620,0621,BHM,0954,0954,0,1003,1003,0,282,DAR,1306,1321,15,True
202607107101064,XC,2026-07-10,JUL,FRI,False,,PLY,0727,0727,BHM,1055,1057,2,1103,1103,0,282,DAR,1406,1406,0,False
202607107101067,XC,2026-07-10,JUL,FRI,False,,CDF,0945,,BHM,1149,1145,-4,1203,1211,8,143,DAR,1506,1531,25,True
202607107101069,XC,2026-07-10,JUL,FRI,False,886,PLY,0927,0926,BHM,1255,1300,5,1303,1306,3,282,DAR,1604,1611,7,True
202607107101073,XC,2026-07-10,JUL,FRI,False,574,PLY,1027,1027,BHM,1355,1412,17,1403,1416,13,282,DAR,1706,1739,33,True
202607107101074,XC,2026-07-10,JUL,FRI,False,685,PLY,1127,1129,BHM,1455,1522,27,1503,1532,29,282,DAR,1805,1841,36,True
202607107101080,XC,2026-07-10,JUL,FRI,False,911,PLY,1227,1237,BHM,1555,1622,27,1603,1630,27,282,DAR,1908,1951,43,True
202607107101082,XC,2026-07-10,JUL,FRI,False,,PNZ,1115,1115,BHM,1655,1709,14,1703,1728,25,365,DAR,2010,2039,29,True
202607107101083,XC,2026-07-10,JUL,FRI,False,,PLY,1427,1427,BHM,1755,1755,0,1803,1825,22,282,DAR,2056,2129,33,True
202607107100723,XC,2026-07-10,JUL,FRI,False,832,PLY,1527,1528,BHM,1854,2000,66,1903,2006,63,282,DAR,2212,2249,37,True
202607107100733,XC,2026-07-10,JUL,FRI,False,,RDG,1845,1845,BHM,2018,2020,2,2025,2031,6,130,DAR,2249,2256,7,True
202607117166981,XC,2026-07-11,JUL,SAT,False,579,BHM,0537,0538,BHM,,,,0537,0538,1,0,DAR,0906,0944,38,True
202607117101056,XC,2026-07-11,JUL,SAT,False,,BHM,0619,0619,BHM,,,,0619,0619,0,0,DAR,1006,1006,0,False
202607117564259,XC,2026-07-11,JUL,SAT,False,,BHM,0719,0719,BHM,,,,0719,0719,0,0,DAR,1106,1104,-2,False
202607117101057,XC,2026-07-11,JUL,SAT,False,896,BRI,0615,0615,BHM,0755,0749,-6,0812,0838,26,124,DAR,1206,1209,3,True
202607117101059,XC,2026-07-11,JUL,SAT,False,,PLY,0527,0527,BHM,0855,0857,2,0912,0913,1,282,DAR,1306,1307,1,True
202607117101061,XC,2026-07-11,JUL,SAT,False,,PLY,0627,0627,BHM,0955,0955,0,1012,1012,0,282,DAR,1406,1408,2,True
202607117101065,XC,2026-07-11,JUL,SAT,False,,PLY,0725,0725,BHM,1055,1102,7,1112,1115,3,282,DAR,1506,1508,2,True
202607117101068,XC,2026-07-11,JUL,SAT,False,,PLY,0827,0827,BHM,1155,1157,2,1212,1221,9,282,DAR,1606,1605,-1,False
202607117101070,XC,2026-07-11,JUL,SAT,False,,PLY,0927,0927,BHM,1255,1256,1,1312,1312,0,282,DAR,1706,1709,3,True
202607117101072,XC,2026-07-11,JUL,SAT,False,895,PLY,1027,1027,BHM,1355,1427,32,1412,1434,22,282,DAR,1805,1826,21,True
202607117101076,XC,2026-07-11,JUL,SAT,False,832,PLY,1127,1127,BHM,1455,1456,1,1512,1512,0,282,DAR,1908,1957,49,True
202607117101079,XC,2026-07-11,JUL,SAT,False,832,PLY,1227,1227,BHM,1555,1617,22,1612,1622,10,282,DAR,2006,2137,91,True
202607117101081,XC,2026-07-11,JUL,SAT,False,832,PNZ,1115,1115,BHM,1655,1733,38,1712,1737,25,365,DAR,2057,2227,90,True
202607117100729,XC,2026-07-11,JUL,SAT,True,832,PLY,1627,,BHM,1955,,,2012,,,282,DAR,2300,,,
202607127501745,XC,2026-07-12,JUL,SUN,False,812,BHM,0833,0900,BHM,,,,0833,0900,27,0,DAR,1203,1235,32,True
202607127101063,XC,2026-07-12,JUL,SUN,False,,BHM,0928,0928,BHM,,,,0928,0928,0,0,DAR,1305,1305,0,False
202607127564290,XC,2026-07-12,JUL,SUN,False,,BHM,1033,1032,BHM,,,,1033,1032,-1,0,DAR,1404,1404,0,False
202607127101066,XC,2026-07-12,JUL,SUN,False,,BRI,0915,0915,BHM,1049,1054,5,1112,1111,-1,124,DAR,1507,1513,6,True
202607128729776,XC,2026-07-12,JUL,SUN,False,,BRI,1031,1037,BHM,1149,1158,9,1212,1212,0,124,DAR,1557,1611,14,True
202607127101071,XC,2026-07-12,JUL,SUN,False,811,PLY,0927,0927,BHM,1249,1309,20,1312,1315,3,282,DAR,1705,1710,5,True
202607128729782,XC,2026-07-12,JUL,SUN,False,520,PLY,1027,1027,BHM,1349,1354,5,1412,1411,-1,282,DAR,1803,1828,25,True
202607127101077,XC,2026-07-12,JUL,SUN,False,,PLY,1127,1127,BHM,1449,1453,4,1512,1513,1,282,DAR,1901,1914,13,True
202607127101078,XC,2026-07-12,JUL,SUN,False,,PLY,1227,1226,BHM,1549,1554,5,1612,1614,2,282,DAR,2007,2009,2,True
202607128729792,XC,2026-07-12,JUL,SUN,False,,PNZ,1130,1130,BHM,1649,1650,1,1712,1712,0,365,DAR,2058,2059,1,True
202607128729795,XC,2026-07-12,JUL,SUN,False,,PLY,1427,1428,BHM,1749,1757,8,1812,1814,2,282,DAR,2208,2205,-3,False
202607137166982,XC,2026-07-13,JUL,MON,False,,BHM,0603,0604,BHM,,,,0603,0604,1,0,DAR,0906,0904,-2,False
202607137101055,XC,2026-07-13,JUL,MON,False,,BHM,0703,0703,BHM,,,,0703,0703,0,0,DAR,1006,1005,-1,False
202607137166987,XC,2026-07-13,JUL,MON,False,,BRI,0635,0635,BHM,0755,0752,-3,0803,0807,4,124,DAR,1106,1114,8,True
202607137101060,XC,2026-07-13,JUL,MON,False,,PLY,0525,0525,BHM,0855,0853,-2,0903,0904,1,282,DAR,1206,1203,-3,False
202607137101062,XC,2026-07-13,JUL,MON,False,,PLY,0620,0620,BHM,0954,0957,3,1003,1003,0,282,DAR,1306,1303,-3,False
202607137101064,XC,2026-07-13,JUL,MON,False,,PLY,0727,0727,BHM,1055,1105,10,1103,1109,6,282,DAR,1406,1406,0,False
202607137101067,XC,2026-07-13,JUL,MON,False,895,CDF,0945,0946,BHM,1149,1151,2,1203,1203,0,143,DAR,1506,1527,21,True
202607137101069,XC,2026-07-13,JUL,MON,False,,PLY,0927,0927,BHM,1255,1257,2,1303,1303,0,282,DAR,1604,1603,-1,False
202607137101073,XC,2026-07-13,JUL,MON,False,895,PLY,1027,1027,BHM,1355,1355,0,1403,1404,1,282,DAR,1706,1707,1,True
202607137101075,XC,2026-07-13,JUL,MON,False,547,PLY,1127,1127,BHM,1455,1535,40,1503,1541,38,282,DAR,1805,1819,14,True
202607137101080,XC,2026-07-13,JUL,MON,False,547,PLY,1227,1235,BHM,1555,1611,16,1603,1618,15,282,DAR,1908,1915,7,True
202607137101082,XC,2026-07-13,JUL,MON,False,895,PNZ,1115,1115,BHM,1655,1722,27,1703,1732,29,365,DAR,2010,2020,10,True
202607137101083,XC,2026-07-13,JUL,MON,False,,PLY,1427,1426,BHM,1755,1758,3,1803,1804,1,282,DAR,2056,2109,13,True
202607137100723,XC,2026-07-13,JUL,MON,False,,PLY,1527,1526,BHM,1854,1855,1,1903,1903,0,282,DAR,2212,2211,-1,False
202607137100733,XC,2026-07-13,JUL,MON,False,,RDG,1845,1845,BHM,2018,2020,2,2025,2025,0,130,DAR,2249,2253,4,True
202607147166982,XC,2026-07-14,JUL,TUE,False,,BHM,0603,0603,BHM,,,,0603,0603,0,0,DAR,0906,0904,-2,False
202607147101055,XC,2026-07-14,JUL,TUE,False,,BHM,0703,0703,BHM,,,,0703,0703,0,0,DAR,1006,1004,-2,False
202607147166987,XC,2026-07-14,JUL,TUE,False,,BRI,0635,0635,BHM,0755,0753,-2,0803,0803,0,124,DAR,1106,1108,2,True
202607147101060,XC,2026-07-14,JUL,TUE,False,,PLY,0525,0525,BHM,0855,0856,1,0903,0903,0,282,DAR,1206,1202,-4,False
202607147101062,XC,2026-07-14,JUL,TUE,False,,PLY,0620,0620,BHM,0954,0955,1,1003,1003,0,282,DAR,1306,1305,-1,False
202607147101064,XC,2026-07-14,JUL,TUE,False,,PLY,0727,0726,BHM,1055,1059,4,1103,1105,2,282,DAR,1406,1405,-1,False
202607147101067,XC,2026-07-14,JUL,TUE,False,,CDF,0945,0945,BHM,1149,1151,2,1203,1203,0,143,DAR,1506,1507,1,True
202607147101069,XC,2026-07-14,JUL,TUE,False,,PLY,0927,0926,BHM,1255,1256,1,1303,1306,3,282,DAR,1604,1606,2,True
202607147101073,XC,2026-07-14,JUL,TUE,True,911,PLY,1027,,BHM,1355,,,1403,,,282,DAR,1706,,,
202607147902503,XC,2026-07-14,JUL,TUE,False,911,GCR,1410,1404,BHM,1455,1452,-3,1503,1503,0,72,DAR,1805,1806,1,True
202607147902564,XC,2026-07-14,JUL,TUE,False,,BHM,1603,1605,BHM,,,,1603,1605,2,0,DAR,1908,1908,0,False
202607147101082,XC,2026-07-14,JUL,TUE,False,911,PNZ,1115,1116,BHM,1655,1752,57,1703,1803,60,365,DAR,2010,2046,36,True
202607147101083,XC,2026-07-14,JUL,TUE,True,911,PLY,1427,,BHM,1755,,,1803,,,282,DAR,2056,,,
202607147100723,XC,2026-07-14,JUL,TUE,False,910,PLY,1527,1529,BHM,1854,1901,7,1903,1938,35,282,DAR,2212,2229,17,True
202607147100733,XC,2026-07-14,JUL,TUE,False,896,RDG,1845,1851,BHM,2018,2032,14,2025,2043,18,130,DAR,2249,2331,42,True
202607157166982,XC,2026-07-15,JUL,WED,False,,BHM,0603,0603,BHM,,,,0603,0603,0,0,DAR,0906,0905,-1,False
202607157101055,XC,2026-07-15,JUL,WED,False,,BHM,0703,0703,BHM,,,,0703,0703,0,0,DAR,1006,1005,-1,False
202607157166987,XC,2026-07-15,JUL,WED,False,,BRI,0635,0634,BHM,0755,0751,-4,0803,0803,0,124,DAR,1106,1105,-1,False
202607157101060,XC,2026-07-15,JUL,WED,False,,PLY,0525,0524,BHM,0855,0855,0,0903,0903,0,282,DAR,1206,1208,2,True
202607157101062,XC,2026-07-15,JUL,WED,False,,PLY,0620,0620,BHM,0954,0958,4,1003,1007,4,282,DAR,1306,1309,3,True
202607157101064,XC,2026-07-15,JUL,WED,False,547,PLY,0727,0727,BHM,1055,1106,11,1103,1114,11,282,DAR,1406,1420,14,True
202607157101067,XC,2026-07-15,JUL,WED,False,576,CDF,0945,0945,BHM,1149,1154,5,1203,1212,9,143,DAR,1506,1506,0,False
202607157101069,XC,2026-07-15,JUL,WED,False,,PLY,0927,0926,BHM,1255,1259,4,1303,1303,0,282,DAR,1604,1604,0,False
202607157101073,XC,2026-07-15,JUL,WED,False,574,PLY,1027,1044,BHM,1355,1417,22,1403,1425,22,282,DAR,1706,1721,15,True
202607157101075,XC,2026-07-15,JUL,WED,False,,PLY,1127,1128,BHM,1455,1456,1,1503,1504,1,282,DAR,1805,1804,-1,False
202607157101080,XC,2026-07-15,JUL,WED,False,520,PLY,1227,1227,BHM,1555,1621,26,1603,1626,23,282,DAR,1908,1931,23,True
202607157101082,XC,2026-07-15,JUL,WED,False,895,PNZ,1115,,BHM,1655,1705,10,1703,1715,12,365,DAR,2010,2004,-6,False
202607157101083,XC,2026-07-15,JUL,WED,False,,PLY,1427,1426,BHM,1755,1804,9,1803,1809,6,282,DAR,2056,2109,13,True
202607157100723,XC,2026-07-15,JUL,WED,False,776,PLY,1527,1526,BHM,1854,1901,7,1903,1906,3,282,DAR,2212,2218,6,True
202607157100733,XC,2026-07-15,JUL,WED,False,896,RDG,1845,1853,BHM,2018,2033,15,2025,2040,15,130,DAR,2249,2254,5,True
202607167166982,XC,2026-07-16,JUL,THU,False,,BHM,0603,0603,BHM,,,,0603,0603,0,0,DAR,0906,0904,-2,False
202607167101055,XC,2026-07-16,JUL,THU,False,,BHM,0703,0703,BHM,,,,0703,0703,0,0,DAR,1006,1005,-1,False
202607167166987,XC,2026-07-16,JUL,THU,False,,BRI,0635,0635,BHM,0755,0751,-4,0803,0803,0,124,DAR,1106,1105,-1,False
202607167101060,XC,2026-07-16,JUL,THU,False,,PLY,0525,0525,BHM,0855,0853,-2,0903,0903,0,282,DAR,1206,1206,0,False
202607167101062,XC,2026-07-16,JUL,THU,False,895,PLY,0620,0620,BHM,0954,1025,31,1003,1030,27,282,DAR,1306,1325,19,True
202607167101064,XC,2026-07-16,JUL,THU,False,705,PLY,0727,0727,BHM,1055,1114,19,1103,1121,18,282,DAR,1406,1435,29,True
202607167101067,XC,2026-07-16,JUL,THU,False,,CDF,0945,0945,BHM,1149,1150,1,1203,1203,0,143,DAR,1506,1511,5,True
202607167101069,XC,2026-07-16,JUL,THU,False,,PLY,0927,0927,BHM,1255,1257,2,1303,1303,0,282,DAR,1604,1612,8,True
202607167101073,XC,2026-07-16,JUL,THU,False,,PLY,1027,1027,BHM,1355,1405,10,1403,1410,7,282,DAR,1706,1707,1,True
202607167101075,XC,2026-07-16,JUL,THU,False,895,PLY,1127,1127,BHM,1455,1505,10,1503,1512,9,282,DAR,1805,1812,7,True
202607167101080,XC,2026-07-16,JUL,THU,False,886,PLY,1227,1226,BHM,1555,1556,1,1603,1633,30,282,DAR,1908,1944,36,True
202607167101082,XC,2026-07-16,JUL,THU,False,832,PNZ,1115,1116,BHM,1655,1700,5,1703,1706,3,365,DAR,2010,2010,0,False
202607167101083,XC,2026-07-16,JUL,THU,False,895,PLY,1427,1427,BHM,1755,1816,21,1803,1822,19,282,DAR,2056,2120,24,True
202607167100723,XC,2026-07-16,JUL,THU,False,,PLY,1527,1526,BHM,1854,1855,1,1903,1903,0,282,DAR,2212,2212,0,False
202607167100733,XC,2026-07-16,JUL,THU,False,896,RDG,1845,1851,BHM,2018,2021,3,2025,2028,3,130,DAR,2249,2303,14,True
202607177166982,XC,2026-07-17,JUL,FRI,False,,BHM,0603,0602,BHM,,,,0603,0602,-1,0,DAR,0906,0904,-2,False
202607177101055,XC,2026-07-17,JUL,FRI,False,895,BHM,0703,0703,BHM,,,,0703,0703,0,0,DAR,1006,1017,11,True
202607177166987,XC,2026-07-17,JUL,FRI,False,,BRI,0635,0635,BHM,0755,0751,-4,0803,0803,0,124,DAR,1106,1103,-3,False
202607177101060,XC,2026-07-17,JUL,FRI,False,,PLY,0525,0524,BHM,0855,0856,1,0903,0903,0,282,DAR,1206,1204,-2,False
202607177101062,XC,2026-07-17,JUL,FRI,False,895,PLY,0620,0620,BHM,0954,0954,0,1003,1003,0,282,DAR,1306,1319,13,True
202607177101064,XC,2026-07-17,JUL,FRI,False,,PLY,0727,0727,BHM,1055,1105,10,1103,1114,11,282,DAR,1406,1406,0,False
202607177101067,XC,2026-07-17,JUL,FRI,False,,CDF,0945,0945,BHM,1149,1155,6,1203,1207,4,143,DAR,1506,1516,10,True
202607177101069,XC,2026-07-17,JUL,FRI,False,832,PLY,0927,0926,BHM,1255,1328,33,1303,1342,39,282,DAR,1604,1611,7,True
202607177101073,XC,2026-07-17,JUL,FRI,False,832,PLY,1027,1027,BHM,1355,1421,26,1403,1428,25,282,DAR,1706,1709,3,True
202607177101074,XC,2026-07-17,JUL,FRI,False,895,PLY,1127,1127,BHM,1455,1527,32,1503,1536,33,282,DAR,1805,1820,15,True
202607177101080,XC,2026-07-17,JUL,FRI,False,832,PLY,1227,1226,BHM,1555,1610,15,1603,1617,14,282,DAR,1908,1922,14,True
202607177101082,XC,2026-07-17,JUL,FRI,False,832,PNZ,1115,1115,BHM,1655,1723,28,1703,1730,27,365,DAR,2010,2032,22,True
202607177101083,XC,2026-07-17,JUL,FRI,False,832,PLY,1427,1427,BHM,1755,1831,36,1803,1838,35,282,DAR,2056,2135,39,True
202607177100723,XC,2026-07-17,JUL,FRI,False,832,PLY,1527,1527,BHM,1854,1911,17,1903,1913,10,282,DAR,2212,2213,1,True
202607177100733,XC,2026-07-17,JUL,FRI,False,,RDG,1845,1855,BHM,2018,2026,8,2025,2030,5,130,DAR,2249,2307,18,True
202607187166981,XC,2026-07-18,JUL,SAT,False,,BHM,0537,0538,BHM,,,,0537,0538,1,0,DAR,0906,0905,-1,False
202607187101056,XC,2026-07-18,JUL,SAT,False,,BHM,0619,0620,BHM,,,,0619,0620,1,0,DAR,1006,1008,2,True
202607187564464,XC,2026-07-18,JUL,SAT,False,,BHM,0719,0719,BHM,,,,0719,0719,0,0,DAR,1106,1105,-1,False
202607187101057,XC,2026-07-18,JUL,SAT,False,,BRI,0615,0615,BHM,0755,0751,-4,0812,0812,0,124,DAR,1206,1206,0,False
202607187101059,XC,2026-07-18,JUL,SAT,False,,PLY,0527,0527,BHM,0855,0855,0,0912,0915,3,282,DAR,1306,1304,-2,False
202607187101061,XC,2026-07-18,JUL,SAT,False,,PLY,0627,0627,BHM,0955,0955,0,1012,1011,-1,282,DAR,1406,1405,-1,False
202607187101065,XC,2026-07-18,JUL,SAT,False,,PLY,0725,0725,BHM,1055,1056,1,1112,1113,1,282,DAR,1506,1506,0,False
202607187101068,XC,2026-07-18,JUL,SAT,False,,PLY,0827,0826,BHM,1155,1200,5,1212,1213,1,282,DAR,1606,1604,-2,False
202607187101070,XC,2026-07-18,JUL,SAT,False,,PLY,0927,0927,BHM,1255,1255,0,1312,1312,0,282,DAR,1706,1705,-1,False
202607187101072,XC,2026-07-18,JUL,SAT,False,654,PLY,1027,1027,BHM,1355,1447,52,1412,1454,42,282,DAR,1805,1814,9,True
202607187101076,XC,2026-07-18,JUL,SAT,False,,PLY,1127,1126,BHM,1455,1456,1,1512,1513,1,282,DAR,1908,1909,1,True
202607187101079,XC,2026-07-18,JUL,SAT,False,,PLY,1227,1227,BHM,1555,1554,-1,1612,1612,0,282,DAR,2006,2007,1,True
202607187101081,XC,2026-07-18,JUL,SAT,False,,PNZ,1115,1115,BHM,1655,1655,0,1712,1713,1,365,DAR,2057,2108,11,True
202607187100729,XC,2026-07-18,JUL,SAT,False,,PLY,1627,1626,BHM,1955,1952,-3,2012,2013,1,282,DAR,2300,2307,7,True
202607197166991,XC,2026-07-19,JUL,SUN,True,896,BHM,0833,,BHM,,,,0833,,,0,DAR,1203,,,
202607197101063,XC,2026-07-19,JUL,SUN,True,812,BHM,0928,,BHM,,,,0928,,,0,DAR,1305,,,
202607197564510,XC,2026-07-19,JUL,SUN,True,812,BHM,1033,,BHM,,,,1033,,,0,DAR,1404,,,
202607197101066,XC,2026-07-19,JUL,SUN,False,,BRI,0915,0915,BHM,1049,1053,4,1112,1112,0,124,DAR,1507,1508,1,True
202607198729776,XC,2026-07-19,JUL,SUN,False,887,BRI,1031,1037,BHM,1149,1157,8,1212,1229,17,124,DAR,1557,1632,35,True
202607197101071,XC,2026-07-19,JUL,SUN,False,,PLY,0927,0929,BHM,1249,1254,5,1312,1316,4,282,DAR,1705,1704,-1,False
202607198729782,XC,2026-07-19,JUL,SUN,False,,PLY,1027,1027,BHM,1349,1400,11,1412,1415,3,282,DAR,1803,1805,2,True
202607197101077,XC,2026-07-19,JUL,SUN,False,,PLY,1127,1127,BHM,1449,1455,6,1512,1512,0,282,DAR,1901,1900,-1,False
202607197101078,XC,2026-07-19,JUL,SUN,False,908,PLY,1227,1227,BHM,1549,1555,6,1612,1612,0,282,DAR,2007,2010,3,True
202607198729792,XC,2026-07-19,JUL,SUN,False,887,PNZ,1130,,BHM,1649,1649,0,1712,1712,0,365,DAR,2058,2142,44,True
202607198729795,XC,2026-07-19,JUL,SUN,True,574,PLY,1427,,BHM,,,,1812,,,282,DAR,2208,,,
202607207166982,XC,2026-07-20,JUL,MON,False,,BHM,0603,0604,BHM,,,,0603,0604,1,0,DAR,0906,0904,-2,False
202607207101055,XC,2026-07-20,JUL,MON,False,,BHM,0703,0703,BHM,,,,0703,0703,0,0,DAR,1006,1004,-2,False
202607207100738,XC,2026-07-20,JUL,MON,False,,RDG,0645,0645,BHM,0815,0819,4,0827,0829,2,130,DAR,1053,1054,1,True
202607207101060,XC,2026-07-20,JUL,MON,False,,PLY,0525,0524,BHM,0855,0855,0,0903,0903,0,282,DAR,1206,1210,4,True
202607207101062,XC,2026-07-20,JUL,MON,False,579,PLY,0620,0620,BHM,0954,0956,2,1003,1002,-1,282,DAR,1306,1310,4,True
202607207101064,XC,2026-07-20,JUL,MON,True,,PLY,0727,,BHM,1055,,,1103,,,282,DAR,1406,,,
202607207906780,XC,2026-07-20,JUL,MON,False,,BHM,1203,1204,BHM,,,,1203,1204,1,0,DAR,1506,1509,3,True
202607207101069,XC,2026-07-20,JUL,MON,False,526,PLY,0927,0926,BHM,1255,1314,19,1303,1322,19,282,DAR,1604,1628,24,True
202607207101073,XC,2026-07-20,JUL,MON,False,,PLY,1027,1027,BHM,1355,1358,3,1403,1409,6,282,DAR,1706,1706,0,False
202607207101075,XC,2026-07-20,JUL,MON,False,,PLY,1127,,BHM,1455,1453,-2,1503,1503,0,282,DAR,1805,1805,0,False
202607207101080,XC,2026-07-20,JUL,MON,False,,PLY,1227,1226,BHM,1555,1559,4,1603,1605,2,282,DAR,1908,1907,-1,False
202607207101082,XC,2026-07-20,JUL,MON,False,,PNZ,1115,,BHM,1655,1701,6,1703,1707,4,365,DAR,2010,2003,-7,False
202607207101083,XC,2026-07-20,JUL,MON,False,,PLY,1427,1426,BHM,1755,1801,6,1803,1808,5,282,DAR,2056,2105,9,True
202607207100723,XC,2026-07-20,JUL,MON,False,,PLY,1527,1527,BHM,1854,1900,6,1903,1905,2,282,DAR,2212,2218,6,True
202607207100733,XC,2026-07-20,JUL,MON,True,526,RDG,1845,,BHM,2018,,,2025,,,130,DAR,2249,,,
202607217166982,XC,2026-07-21,JUL,TUE,False,,BHM,0603,0606,BHM,,,,0603,0606,3,0,DAR,0906,0907,1,True
202607217101055,XC,2026-07-21,JUL,TUE,False,,BHM,0703,0703,BHM,,,,0703,0703,0,0,DAR,1006,1004,-2,False
202607217166987,XC,2026-07-21,JUL,TUE,False,,BRI,0635,0635,BHM,0755,0753,-2,0803,0803,0,124,DAR,1106,1108,2,True
202607217101060,XC,2026-07-21,JUL,TUE,False,,PLY,0525,0525,BHM,0855,0852,-3,0903,0902,-1,282,DAR,1206,1205,-1,False
202607217101062,XC,2026-07-21,JUL,TUE,False,,PLY,0620,0620,BHM,0954,0955,1,1003,1002,-1,282,DAR,1306,1304,-2,False
202607217101064,XC,2026-07-21,JUL,TUE,False,,PLY,0727,0727,BHM,1055,1056,1,1103,1105,2,282,DAR,1406,1405,-1,False
202607217101067,XC,2026-07-21,JUL,TUE,False,895,CDF,0945,0945,BHM,1149,1150,1,1203,1203,0,143,DAR,1506,1521,15,True
202607217101069,XC,2026-07-21,JUL,TUE,False,526,PLY,0927,0927,BHM,1255,1254,-1,1303,1306,3,282,DAR,1604,1638,34,True
202607217101073,XC,2026-07-21,JUL,TUE,False,520,PLY,1027,1027,BHM,1355,1402,7,1403,1408,5,282,DAR,1706,1740,34,True
202607217101075,XC,2026-07-21,JUL,TUE,False,,PLY,1127,1127,BHM,1455,1506,11,1503,1511,8,282,DAR,1805,1808,3,True
202607217101080,XC,2026-07-21,JUL,TUE,False,895,PLY,1227,1227,BHM,1555,1621,26,1603,1630,27,282,DAR,1908,1923,15,True
202607217101082,XC,2026-07-21,JUL,TUE,False,811,PNZ,1115,1115,BHM,1655,1716,21,1703,1723,20,365,DAR,2010,2021,11,True
202607217101083,XC,2026-07-21,JUL,TUE,False,517,PLY,1427,1426,BHM,1755,1816,21,1803,1820,17,282,DAR,2056,2110,14,True
202607217100723,XC,2026-07-21,JUL,TUE,False,574,PLY,1527,,BHM,1854,1950,56,1903,1956,53,282,DAR,2212,2228,16,True
202607217100733,XC,2026-07-21,JUL,TUE,False,,RDG,1845,1853,BHM,2018,2020,2,2025,2027,2,130,DAR,2249,2255,6,True
202607227166982,XC,2026-07-22,JUL,WED,False,,BHM,0603,0603,BHM,,,,0603,0603,0,0,DAR,0906,0905,-1,False
202607227101055,XC,2026-07-22,JUL,WED,False,,BHM,0703,0703,BHM,,,,0703,0703,0,0,DAR,1006,1005,-1,False
202607227166987,XC,2026-07-22,JUL,WED,False,832,BRI,0635,0635,BHM,0755,0753,-2,0803,0803,0,124,DAR,1106,1127,21,True
202607227101060,XC,2026-07-22,JUL,WED,False,832,PLY,0525,0525,BHM,0855,0911,16,0903,0914,11,282,DAR,1206,1225,19,True
202607227101062,XC,2026-07-22,JUL,WED,False,832,PLY,0620,0620,BHM,0954,0954,0,1003,1002,-1,282,DAR,1306,1331,25,True
202607227101064,XC,2026-07-22,JUL,WED,False,832,PLY,0727,0726,BHM,1055,1055,0,1103,1103,0,282,DAR,1406,1427,21,True
202607227101067,XC,2026-07-22,JUL,WED,False,832,CDF,0945,0945,BHM,1149,1149,0,1203,1203,0,143,DAR,1506,1526,20,True
202607227101069,XC,2026-07-22,JUL,WED,False,832,PLY,0927,0926,BHM,1255,1310,15,1303,1315,12,282,DAR,1604,1609,5,True
202607227101073,XC,2026-07-22,JUL,WED,False,832,PLY,1027,1027,BHM,1355,1406,11,1403,1412,9,282,DAR,1706,1720,14,True
202607227101075,XC,2026-07-22,JUL,WED,False,832,PLY,1127,1126,BHM,1455,1454,-1,1503,1505,2,282,DAR,1805,1805,0,False
202607227101080,XC,2026-07-22,JUL,WED,False,,PLY,1227,1228,BHM,1555,1557,2,1603,1603,0,282,DAR,1908,1907,-1,False
202607227101082,XC,2026-07-22,JUL,WED,False,832,PNZ,1115,1115,BHM,1655,1656,1,1703,1708,5,365,DAR,2010,2009,-1,False
202607227101083,XC,2026-07-22,JUL,WED,False,,PLY,1427,1426,BHM,1755,1756,1,1803,1803,0,282,DAR,2056,2109,13,True
202607227100723,XC,2026-07-22,JUL,WED,False,832,PLY,1527,1527,BHM,1854,1859,5,1903,1904,1,282,DAR,2212,2229,17,True
202607227100733,XC,2026-07-22,JUL,WED,False,832,RDG,1845,1845,BHM,2018,2021,3,2025,2030,5,130,DAR,2249,2307,18,True
202607237166982,XC,2026-07-23,JUL,THU,False,,BHM,0603,0603,BHM,,,,0603,0603,0,0,DAR,0906,0913,7,True
202607237101055,XC,2026-07-23,JUL,THU,False,,BHM,0703,0703,BHM,,,,0703,0703,0,0,DAR,1006,1005,-1,False
202607237166987,XC,2026-07-23,JUL,THU,False,,BRI,0635,0635,BHM,0755,0754,-1,0803,0803,0,124,DAR,1106,1105,-1,False
202607237101060,XC,2026-07-23,JUL,THU,False,,PLY,0525,0525,BHM,0855,0854,-1,0903,0905,2,282,DAR,1206,1207,1,True
202607237101062,XC,2026-07-23,JUL,THU,False,,PLY,0620,0620,BHM,0954,0955,1,1003,1003,0,282,DAR,1306,1306,0,False
202607237101064,XC,2026-07-23,JUL,THU,False,,PLY,0727,0727,BHM,1055,1100,5,1103,1105,2,282,DAR,1406,1405,-1,False
202607237101067,XC,2026-07-23,JUL,THU,False,895,CDF,0945,0945,BHM,1149,1149,0,1203,1204,1,143,DAR,1506,1509,3,True
202607237101069,XC,2026-07-23,JUL,THU,False,895,PLY,0927,0929,BHM,1255,1306,11,1303,1312,9,282,DAR,1604,1619,15,True
202607237101073,XC,2026-07-23,JUL,THU,False,,PLY,1027,1027,BHM,1355,1401,6,1403,1407,4,282,DAR,1706,1706,0,False
202607237101075,XC,2026-07-23,JUL,THU,False,,PLY,1127,1127,BHM,1455,1457,2,1503,1503,0,282,DAR,1805,1807,2,True
202607237101080,XC,2026-07-23,JUL,THU,False,,PLY,1227,1226,BHM,1555,1555,0,1603,1604,1,282,DAR,1908,1903,-5,False
202607237101082,XC,2026-07-23,JUL,THU,False,,PNZ,1115,1115,BHM,1655,1701,6,1703,1706,3,365,DAR,2010,2008,-2,False
202607237101083,XC,2026-07-23,JUL,THU,False,,PLY,1427,1426,BHM,1755,1755,0,1803,1804,1,282,DAR,2056,2101,5,True
202607237100723,XC,2026-07-23,JUL,THU,False,774,PLY,1527,1526,BHM,1854,1855,1,1903,1904,1,282,DAR,2212,2217,5,True
202607237100733,XC,2026-07-23,JUL,THU,True,533,RDG,1845,,BHM,2018,,,2025,,,130,DAR,2257,,,
202607247166982,XC,2026-07-24,JUL,FRI,False,,BHM,0603,0604,BHM,,,,0603,0604,1,0,DAR,0906,0904,-2,False
202607247101055,XC,2026-07-24,JUL,FRI,False,,BHM,0703,0703,BHM,,,,0703,0703,0,0,DAR,1006,1005,-1,False
202607247166987,XC,2026-07-24,JUL,FRI,False,,BRI,0635,0635,BHM,0755,0755,0,0803,0803,0,124,DAR,1106,1108,2,True
202607247101060,XC,2026-07-24,JUL,FRI,False,,PLY,0525,0525,BHM,0855,0854,-1,0903,0903,0,282,DAR,1206,1205,-1,False
202607247101062,XC,2026-07-24,JUL,FRI,False,,PLY,0620,0619,BHM,0954,0958,4,1003,1004,1,282,DAR,1306,1306,0,False
202607247101064,XC,2026-07-24,JUL,FRI,False,,PLY,0727,0727,BHM,1055,1057,2,1103,1103,0,282,DAR,1406,1407,1,True
202607247101067,XC,2026-07-24,JUL,FRI,False,824,CDF,0945,0945,BHM,1149,1150,1,1203,1213,10,143,DAR,1506,1509,3,True
202607247101069,XC,2026-07-24,JUL,FRI,False,904,PLY,0927,0927,BHM,1255,1305,10,1303,1332,29,282,DAR,1604,1709,65,True
202607247101073,XC,2026-07-24,JUL,FRI,True,824,PLY,1027,,BHM,1355,,,1403,,,282,DAR,1706,,,
202607247101074,XC,2026-07-24,JUL,FRI,True,574,PLY,1127,,BHM,1455,,,1503,,,282,DAR,1805,,,
202607247101080,XC,2026-07-24,JUL,FRI,False,501,PLY,1227,1228,BHM,1555,1634,39,1603,1645,42,282,DAR,1908,2056,108,True
202607247101082,XC,2026-07-24,JUL,FRI,False,904,PNZ,1115,1115,BHM,1655,1715,20,1703,1726,23,365,DAR,2010,2113,63,True
202607247101083,XC,2026-07-24,JUL,FRI,False,574,PLY,1427,1427,BHM,1755,1820,25,1803,1826,23,282,DAR,2056,2203,67,True
202607247100723,XC,2026-07-24,JUL,FRI,False,904,PLY,1527,1527,BHM,1854,1903,9,1903,1910,7,282,DAR,2212,2225,13,True
202607247100733,XC,2026-07-24,JUL,FRI,False,,RDG,1845,1855,BHM,2018,2018,0,2025,2026,1,130,DAR,2249,2308,19,True
202607257166981,XC,2026-07-25,JUL,SAT,False,574,BHM,0603,0603,BHM,,,,0603,0603,0,0,DAR,0906,0943,37,True
202607257101056,XC,2026-07-25,JUL,SAT,False,,BHM,0703,0703,BHM,,,,0703,0703,0,0,DAR,1006,1015,9,True
202607257101057,XC,2026-07-25,JUL,SAT,False,,BRI,0615,0615,BHM,0755,0758,3,0803,0804,1,124,DAR,1106,1104,-2,False
202607257101059,XC,2026-07-25,JUL,SAT,False,895,PLY,0527,0527,BHM,0855,0857,2,0903,0902,-1,282,DAR,1206,1211,5,True
202607257101061,XC,2026-07-25,JUL,SAT,False,,PLY,0627,0626,BHM,0955,0957,2,1003,1003,0,282,DAR,1306,1310,4,True
202607257101065,XC,2026-07-25,JUL,SAT,False,910,PLY,0725,0725,BHM,1055,1052,-3,1103,1103,0,282,DAR,1406,1425,19,True
202607257101068,XC,2026-07-25,JUL,SAT,False,576,PLY,0827,0827,BHM,1155,1206,11,1203,1211,8,282,DAR,1506,1521,15,True
202607257101070,XC,2026-07-25,JUL,SAT,False,,PLY,0927,0926,BHM,1255,1309,14,1303,1314,11,282,DAR,1606,1627,21,True
202607257101072,XC,2026-07-25,JUL,SAT,False,895,PLY,1027,1027,BHM,1355,1424,29,1403,1433,30,282,DAR,1706,1728,22,True
202607257101076,XC,2026-07-25,JUL,SAT,False,,PLY,1127,1126,BHM,1455,1500,5,1503,1506,3,282,DAR,1805,1809,4,True
202607257101079,XC,2026-07-25,JUL,SAT,False,886,PLY,1227,1227,BHM,1555,1556,1,1603,1623,20,282,DAR,1908,1931,23,True
202607257101081,XC,2026-07-25,JUL,SAT,False,,PNZ,1115,1115,BHM,1655,1655,0,1703,1703,0,365,DAR,2006,2010,4,True
202607257101084,XC,2026-07-25,JUL,SAT,False,,PLY,1427,1426,BHM,1755,1757,2,1803,1803,0,282,DAR,2057,2056,-1,False
202607257100727,XC,2026-07-25,JUL,SAT,False,,RDG,1745,1746,BHM,1917,1927,10,1927,1932,5,130,DAR,2155,2157,2,True
202607257100732,XC,2026-07-25,JUL,SAT,False,,RDG,1845,1845,BHM,2017,2023,6,2025,2030,5,130,DAR,2248,2257,9,True
202607267166991,XC,2026-07-26,JUL,SUN,False,,BHM,0903,0904,BHM,,,,0903,0904,1,0,DAR,1203,1207,4,True
202607267101063,XC,2026-07-26,JUL,SUN,False,,BHM,1003,1011,BHM,,,,1003,1011,8,0,DAR,1305,1304,-1,False
202607267101066,XC,2026-07-26,JUL,SUN,False,887,BRI,0915,0915,BHM,1049,1055,6,1103,1104,1,124,DAR,1404,1425,21,True
202607268729776,XC,2026-07-26,JUL,SUN,False,810,BRI,1031,1031,BHM,1149,1146,-3,1203,1203,0,124,DAR,1507,1513,6,True
202607267101071,XC,2026-07-26,JUL,SUN,False,,PLY,0927,0926,BHM,1249,1250,1,1303,1303,0,282,DAR,1557,1559,2,True
202607268729782,XC,2026-07-26,JUL,SUN,False,,PLY,1027,1027,BHM,1349,1358,9,1403,1408,5,282,DAR,1705,1709,4,True
202607267101077,XC,2026-07-26,JUL,SUN,False,,PLY,1127,1126,BHM,1449,1447,-2,1503,1504,1,282,DAR,1803,1803,0,False
202607267101078,XC,2026-07-26,JUL,SUN,False,656,PLY,1227,1227,BHM,1549,1618,29,1603,1628,25,282,DAR,1901,1911,10,True
202607268729792,XC,2026-07-26,JUL,SUN,False,,PNZ,1130,1130,BHM,1649,1649,0,1703,1704,1,365,DAR,2007,2011,4,True
202607268729795,XC,2026-07-26,JUL,SUN,False,,PLY,1427,1427,BHM,1749,1750,1,1803,1805,2,282,DAR,2058,2058,0,False
202607277166982,XC,2026-07-27,JUL,MON,False,,BHM,0603,0604,BHM,,,,0603,0604,1,0,DAR,0906,0904,-2,False
202607277101055,XC,2026-07-27,JUL,MON,False,,BHM,0703,0703,BHM,,,,0703,0703,0,0,DAR,1006,1005,-1,False
202607277166987,XC,2026-07-27,JUL,MON,False,,BRI,0635,0634,BHM,0755,0753,-2,0803,0802,-1,124,DAR,1106,1107,1,True
202607277101060,XC,2026-07-27,JUL,MON,False,,PLY,0525,0524,BHM,0855,0852,-3,0903,0903,0,282,DAR,1206,1208,2,True
202607277101062,XC,2026-07-27,JUL,MON,False,832,PLY,0620,0620,BHM,0954,0958,4,1003,1004,1,282,DAR,1306,1305,-1,False
202607277101064,XC,2026-07-27,JUL,MON,False,832,PLY,0727,0727,BHM,1055,1149,54,1103,1155,52,282,DAR,1406,1448,42,True
202607277101067,XC,2026-07-27,JUL,MON,False,895,CDF,0945,0946,BHM,1149,1158,9,1203,1204,1,143,DAR,1506,1509,3,True
202607277101069,XC,2026-07-27,JUL,MON,False,911,PLY,0927,,BHM,1255,1324,29,1303,1331,28,282,DAR,1604,1647,43,True
202607277101073,XC,2026-07-27,JUL,MON,False,832,PLY,1027,1029,BHM,1355,1455,60,1403,1502,59,282,DAR,1706,1743,37,True
202607277101075,XC,2026-07-27,JUL,MON,False,832,PLY,1127,1127,BHM,1455,1552,57,1503,1604,61,282,DAR,1805,1829,24,True
202607277101080,XC,2026-07-27,JUL,MON,False,832,PLY,1227,1226,BHM,1555,1623,28,1603,1629,26,282,DAR,1908,1925,17,True
202607277101082,XC,2026-07-27,JUL,MON,False,832,PNZ,1115,1119,BHM,1655,1724,29,1703,1729,26,365,DAR,2010,2021,11,True
202607277101083,XC,2026-07-27,JUL,MON,False,832,PLY,1427,1427,BHM,1755,1817,22,1803,1822,19,282,DAR,2056,2116,20,True
202607277100723,XC,2026-07-27,JUL,MON,False,832,PLY,1527,1526,BHM,1854,1919,25,1903,1923,20,282,DAR,2212,2214,2,True
202607277100733,XC,2026-07-27,JUL,MON,False,,RDG,1845,1845,BHM,2018,2016,-2,2025,2025,0,130,DAR,2249,2251,2,True
202607287166982,XC,2026-07-28,JUL,TUE,False,,BHM,0603,0603,BHM,,,,0603,0603,0,0,DAR,0906,0904,-2,False
202607287101055,XC,2026-07-28,JUL,TUE,False,,BHM,0703,0703,BHM,,,,0703,0703,0,0,DAR,1006,1004,-2,False
202607287166987,XC,2026-07-28,JUL,TUE,False,,BRI,0635,0634,BHM,0755,0750,-5,0803,0803,0,124,DAR,1106,1105,-1,False
202607287101060,XC,2026-07-28,JUL,TUE,False,,PLY,0525,0524,BHM,0855,0854,-1,0903,0903,0,282,DAR,1206,1211,5,True
202607287101062,XC,2026-07-28,JUL,TUE,False,,PLY,0620,0619,BHM,0954,0955,1,1003,1003,0,282,DAR,1306,1309,3,True
202607287101064,XC,2026-07-28,JUL,TUE,False,,PLY,0727,0727,BHM,1055,1054,-1,1103,1103,0,282,DAR,1406,1407,1,True
202607287101067,XC,2026-07-28,JUL,TUE,False,832,CDF,0945,0945,BHM,1149,1210,21,1203,1215,12,143,DAR,1506,1509,3,True
202607287101069,XC,2026-07-28,JUL,TUE,False,895,PLY,0927,0927,BHM,1255,1307,12,1303,1314,11,282,DAR,1604,1617,13,True
202607287101073,XC,2026-07-28,JUL,TUE,False,895,PLY,1027,1027,BHM,1355,1409,14,1403,1415,12,282,DAR,1706,1705,-1,False
202607287101075,XC,2026-07-28,JUL,TUE,False,,PLY,1127,1127,BHM,1455,1454,-1,1503,1506,3,282,DAR,1805,1806,1,True
202607287101080,XC,2026-07-28,JUL,TUE,False,895,PLY,1227,1227,BHM,1555,1556,1,1603,1603,0,282,DAR,1908,1914,6,True
202607287101082,XC,2026-07-28,JUL,TUE,False,,PNZ,1115,1115,BHM,1655,1659,4,1703,1705,2,365,DAR,2010,2009,-1,False
202607287101083,XC,2026-07-28,JUL,TUE,False,,PLY,1427,1428,BHM,1755,1757,2,1803,1806,3,282,DAR,2056,2058,2,True
202607287100723,XC,2026-07-28,JUL,TUE,False,576,PLY,1527,1526,BHM,1854,1939,45,1903,1944,41,282,DAR,2212,2257,45,True
202607287100733,XC,2026-07-28,JUL,TUE,True,887,RDG,1845,,BHM,2018,,,2025,,,130,DAR,2249,,,
202607297166982,XC,2026-07-29,JUL,WED,False,,BHM,0603,0604,BHM,,,,0603,0604,1,0,DAR,0906,0903,-3,False
202607297101055,XC,2026-07-29,JUL,WED,False,,BHM,0703,0704,BHM,,,,0703,0704,1,0,DAR,1006,1002,-4,False
202607297166987,XC,2026-07-29,JUL,WED,False,,BRI,0635,0634,BHM,0755,0751,-4,0803,0802,-1,124,DAR,1106,1107,1,True
202607297101060,XC,2026-07-29,JUL,WED,False,,PLY,0525,0525,BHM,0855,0855,0,0903,0902,-1,282,DAR,1206,1204,-2,False
202607297101062,XC,2026-07-29,JUL,WED,False,895,PLY,0620,0620,BHM,0954,1023,29,1003,1028,25,282,DAR,1306,1330,24,True
202607297101064,XC,2026-07-29,JUL,WED,False,832,PLY,0727,0727,BHM,1055,1109,14,1103,1115,12,282,DAR,1406,1405,-1,False
202607297101067,XC,2026-07-29,JUL,WED,False,824,CDF,0945,0945,BHM,1149,1149,0,1203,1204,1,143,DAR,1506,1504,-2,False
202607297101069,XC,2026-07-29,JUL,WED,False,895,PLY,0927,0926,BHM,1255,1308,13,1303,1312,9,282,DAR,1604,1607,3,True
202607297101073,XC,2026-07-29,JUL,WED,False,536,PLY,1027,1027,BHM,1355,1422,27,1403,1427,24,282,DAR,1706,1714,8,True
202607297101075,XC,2026-07-29,JUL,WED,False,,PLY,1127,1127,BHM,1455,1458,3,1503,1503,0,282,DAR,1805,1810,5,True
202607297101080,XC,2026-07-29,JUL,WED,False,,PLY,1227,1227,BHM,1555,1559,4,1603,1603,0,282,DAR,1908,1914,6,True
202607297101082,XC,2026-07-29,JUL,WED,False,896,PNZ,1115,,BHM,1655,1727,32,1703,1735,32,365,DAR,2010,2012,2,True
202607297101083,XC,2026-07-29,JUL,WED,False,908,PLY,1427,1426,BHM,1755,1822,27,1803,1830,27,282,DAR,2056,2121,25,True
202607297100723,XC,2026-07-29,JUL,WED,False,,PLY,1527,1527,BHM,1854,1856,2,1903,1903,0,282,DAR,2212,2217,5,True
202607297100733,XC,2026-07-29,JUL,WED,False,832,RDG,1845,,BHM,,,,2025,2030,5,130,DAR,2249,2253,4,True
202607307166982,XC,2026-07-30,JUL,THU,False,,BHM,0603,0602,BHM,,,,0603,0602,-1,0,DAR,0906,0902,-4,False
202607307101055,XC,2026-07-30,JUL,THU,False,,BHM,0703,0703,BHM,,,,0703,0703,0,0,DAR,1006,1009,3,True
202607307166987,XC,2026-07-30,JUL,THU,False,,BRI,0635,0635,BHM,0755,0751,-4,0803,0803,0,124,DAR,1106,1103,-3,False
202607307101060,XC,2026-07-30,JUL,THU,False,,PLY,0525,0525,BHM,0855,0856,1,0903,0903,0,282,DAR,1206,1203,-3,False
202607307101062,XC,2026-07-30,JUL,THU,False,895,PLY,0620,0625,BHM,0954,0956,2,1003,1003,0,282,DAR,1306,1313,7,True
202607307101064,XC,2026-07-30,JUL,THU,False,,PLY,0727,0727,BHM,1055,1058,3,1103,1104,1,282,DAR,1406,1406,0,False
202607307101067,XC,2026-07-30,JUL,THU,False,,CDF,0945,0945,BHM,1149,1151,2,1203,1204,1,143,DAR,1506,1515,9,True
202607307101069,XC,2026-07-30,JUL,THU,False,,PLY,0927,0927,BHM,1255,1255,0,1303,1303,0,282,DAR,1604,1610,6,True
202607307101073,XC,2026-07-30,JUL,THU,False,895,PLY,1027,1027,BHM,1355,1355,0,1403,1403,0,282,DAR,1706,1721,15,True
202607307101075,XC,2026-07-30,JUL,THU,False,576,PLY,1127,1127,BHM,1455,1458,3,1503,1503,0,282,DAR,1805,1817,12,True
202607307101080,XC,2026-07-30,JUL,THU,False,,PLY,1227,1227,BHM,1555,1558,3,1603,1606,3,282,DAR,1908,1902,-6,False
202607307101082,XC,2026-07-30,JUL,THU,False,,PNZ,1115,1116,BHM,1655,1659,4,1703,1706,3,365,DAR,2010,2005,-5,False
202607307101083,XC,2026-07-30,JUL,THU,False,573,PLY,1427,1427,BHM,1755,1823,28,1803,1829,26,282,DAR,2056,2122,26,True
202607307100723,XC,2026-07-30,JUL,THU,False,576,PLY,1527,1527,BHM,1854,1919,25,1903,1924,21,282,DAR,2212,2223,11,True
202607307100733,XC,2026-07-30,JUL,THU,False,,RDG,1845,1845,BHM,2018,2020,2,2025,2025,0,130,DAR,2249,2258,9,True
202607317166982,XC,2026-07-31,JUL,FRI,False,,BHM,0603,0604,BHM,,,,0603,0604,1,0,DAR,0906,0906,0,False
202607317101055,XC,2026-07-31,JUL,FRI,False,,BHM,0703,0703,BHM,,,,0703,0703,0,0,DAR,1006,1008,2,True
202607317166987,XC,2026-07-31,JUL,FRI,False,,BRI,0635,0634,BHM,0755,0752,-3,0803,0803,0,124,DAR,1106,1106,0,False
202607317101060,XC,2026-07-31,JUL,FRI,False,832,PLY,0525,0525,BHM,0855,0852,-3,0903,0903,0,282,DAR,1206,1203,-3,False
202607317101062,XC,2026-07-31,JUL,FRI,False,,PLY,0620,0619,BHM,0954,0955,1,1003,1003,0,282,DAR,1306,1311,5,True
202607317101064,XC,2026-07-31,JUL,FRI,False,,PLY,0727,0727,BHM,1055,1101,6,1103,1106,3,282,DAR,1406,1405,-1,False
202607317101067,XC,2026-07-31,JUL,FRI,False,,CDF,0945,0945,BHM,1149,1151,2,1203,1203,0,143,DAR,1506,1513,7,True
202607317101069,XC,2026-07-31,JUL,FRI,False,904,PLY,0927,0927,BHM,1255,1306,11,1303,1312,9,282,DAR,1604,1605,1,True
202607317101073,XC,2026-07-31,JUL,FRI,False,895,PLY,1027,1028,BHM,1355,1417,22,1403,1422,19,282,DAR,1706,1721,15,True
202607317101074,XC,2026-07-31,JUL,FRI,False,,PLY,1127,1127,BHM,1455,1504,9,1503,1510,7,282,DAR,1805,1804,-1,False
202607317101080,XC,2026-07-31,JUL,FRI,False,895,PLY,1227,1229,BHM,1555,1616,21,1603,1622,19,282,DAR,1908,1917,9,True
202607317101082,XC,2026-07-31,JUL,FRI,False,,PNZ,1115,1120,BHM,1655,1653,-2,1703,1713,10,365,DAR,2010,2009,-1,False
202607317101083,XC,2026-07-31,JUL,FRI,False,832,PLY,1427,1430,BHM,1755,1817,22,1803,1822,19,282,DAR,2056,2204,68,True
202607317100723,XC,2026-07-31,JUL,FRI,False,895,PLY,1527,1526,BHM,1854,1906,12,1903,1910,7,282,DAR,2212,2211,-1,False
202607317100733,XC,2026-07-31,JUL,FRI,False,,RDG,1845,1846,BHM,2018,2022,4,2025,2028,3,130,DAR,2249,2256,7,True
202608017166981,XC,2026-08-01,AUG,SAT,False,,BHM,0603,0604,BHM,,,,0603,0604,1,0,DAR,0906,0904,-2,False
202608017101056,XC,2026-08-01,AUG,SAT,False,,BHM,0703,0703,BHM,,,,0703,0703,0,0,DAR,1006,1007,1,True
202608017101057,XC,2026-08-01,AUG,SAT,False,,BRI,0615,0615,BHM,0755,0756,1,0803,0803,0,124,DAR,1106,1105,-1,False
202608017101059,XC,2026-08-01,AUG,SAT,False,,PLY,0527,0527,BHM,0855,0853,-2,0903,0903,0,282,DAR,1206,1202,-4,False
202608017101061,XC,2026-08-01,AUG,SAT,False,,PLY,0627,0627,BHM,0955,0958,3,1003,1002,-1,282,DAR,1306,1304,-2,False
202608017910750,XC,2026-08-01,AUG,SAT,False,777,TAU,0853,0925,BHM,1055,1135,40,1103,1138,35,,DAR,1406,1433,27,True
202608017101068,XC,2026-08-01,AUG,SAT,False,777,PLY,0827,,BHM,1155,1225,30,1203,1232,29,282,DAR,1506,1541,35,True
202608017101070,XC,2026-08-01,AUG,SAT,False,,PLY,0927,,BHM,1255,1307,12,1303,1311,8,282,DAR,1606,1602,-4,False
202608017101072,XC,2026-08-01,AUG,SAT,False,895,PLY,1027,1026,BHM,1355,1417,22,1403,1423,20,282,DAR,1706,1719,13,True
202608017101076,XC,2026-08-01,AUG,SAT,False,911,PLY,1127,1138,BHM,1455,1518,23,1503,1531,28,282,DAR,1805,1818,13,True
202608017101079,XC,2026-08-01,AUG,SAT,False,895,PLY,1227,1227,BHM,1555,1605,10,1603,1610,7,282,DAR,1908,1911,3,True
202608017101081,XC,2026-08-01,AUG,SAT,False,895,PNZ,1115,1115,BHM,1655,1706,11,1703,1712,9,365,DAR,2006,2025,19,True
202608017101084,XC,2026-08-01,AUG,SAT,False,895,PLY,1427,1437,BHM,1755,1816,21,1803,1826,23,282,DAR,2057,2116,19,True
202608017100727,XC,2026-08-01,AUG,SAT,False,,RDG,1745,1748,BHM,1917,1922,5,1927,1927,0,130,DAR,2155,2154,-1,False
202608017100732,XC,2026-08-01,AUG,SAT,False,887,RDG,1845,,BHM,,,,2025,2059,34,130,DAR,2248,2319,31,True
202608027166991,XC,2026-08-02,AUG,SUN,False,,BHM,0903,0907,BHM,,,,0903,0907,4,0,DAR,1203,1205,2,True
202608027101063,XC,2026-08-02,AUG,SUN,False,896,BHM,1003,1003,BHM,,,,1003,1003,0,0,DAR,1305,1318,13,True
202608027101066,XC,2026-08-02,AUG,SUN,False,,BRI,0915,0915,BHM,1049,1050,1,1103,1103,0,124,DAR,1404,1405,1,True
202608028729776,XC,2026-08-02,AUG,SUN,False,,BRI,1031,,BHM,,,,1203,1210,7,124,DAR,1507,1509,2,True
202608027101071,XC,2026-08-02,AUG,SUN,False,685,PLY,0927,0926,BHM,1249,1300,11,1303,1307,4,282,DAR,1557,1558,1,True
202608028729782,XC,2026-08-02,AUG,SUN,False,908,PLY,1027,1027,BHM,1349,1421,32,1403,1429,26,282,DAR,1705,1711,6,True
202608027101077,XC,2026-08-02,AUG,SUN,False,,PLY,1127,,BHM,,,,1503,1505,2,282,DAR,1803,1806,3,True
202608027101078,XC,2026-08-02,AUG,SUN,False,,PLY,1227,1226,BHM,1549,1550,1,1603,1605,2,282,DAR,1901,1902,1,True
202608028729792,XC,2026-08-02,AUG,SUN,False,,PNZ,1130,1130,BHM,1649,1649,0,1703,1703,0,365,DAR,2007,2006,-1,False
202608028729795,XC,2026-08-02,AUG,SUN,False,,PLY,1427,1427,BHM,1749,1750,1,1803,1803,0,282,DAR,2058,2102,4,True
202608027100728,XC,2026-08-02,AUG,SUN,False,574,RDG,1742,1742,BHM,1918,1943,25,1928,1952,24,130,DAR,2207,2221,14,True
202608037166982,XC,2026-08-03,AUG,MON,False,,BHM,0603,0603,BHM,,,,0603,0603,0,0,DAR,0906,0904,-2,False
202608037101055,XC,2026-08-03,AUG,MON,False,,BHM,0703,0703,BHM,,,,0703,0703,0,0,DAR,1006,1006,0,False
202608037166987,XC,2026-08-03,AUG,MON,False,,BRI,0635,0635,BHM,0755,0800,5,0803,0803,0,124,DAR,1106,1106,0,False
202608037101060,XC,2026-08-03,AUG,MON,False,573,PLY,0525,0525,BHM,0855,0940,45,0903,0945,42,282,DAR,1206,1220,14,True
202608037101062,XC,2026-08-03,AUG,MON,False,911,PLY,0620,0620,BHM,0954,1018,24,1003,1025,22,282,DAR,1306,1335,29,True
202608037101064,XC,2026-08-03,AUG,MON,False,895,PLY,0727,0727,BHM,1055,1109,14,1103,1114,11,282,DAR,1406,1417,11,True
202608037101067,XC,2026-08-03,AUG,MON,False,910,CDF,0945,,BHM,1149,1157,8,1203,1225,22,143,DAR,1506,1536,30,True
202608037101069,XC,2026-08-03,AUG,MON,False,892,PLY,0927,0926,BHM,1255,1259,4,1303,1304,1,282,DAR,1604,1618,14,True
202608037101073,XC,2026-08-03,AUG,MON,False,520,PLY,1027,1027,BHM,1355,1406,11,1403,1412,9,282,DAR,1706,1728,22,True
202608037101075,XC,2026-08-03,AUG,MON,False,520,PLY,1127,1127,BHM,1455,1505,10,1503,1510,7,282,DAR,1805,1804,-1,False
202608037101080,XC,2026-08-03,AUG,MON,False,520,PLY,1227,1226,BHM,1555,1555,0,1603,1603,0,282,DAR,1908,1912,4,True
202608037101082,XC,2026-08-03,AUG,MON,False,895,PNZ,1115,1115,BHM,1655,1722,27,1703,1728,25,365,DAR,2010,2107,57,True
202608037101083,XC,2026-08-03,AUG,MON,False,520,PLY,1427,1427,BHM,1755,1811,16,1803,1815,12,282,DAR,2056,2137,41,True
202608037100723,XC,2026-08-03,AUG,MON,False,574,PLY,1527,1528,BHM,1854,1854,0,1903,1934,31,282,DAR,2212,2213,1,True
202608037100733,XC,2026-08-03,AUG,MON,False,520,RDG,1845,1846,BHM,2018,2025,7,2025,2032,7,130,DAR,2249,2309,20,True
202608047166982,XC,2026-08-04,AUG,TUE,False,,BHM,0603,0603,BHM,,,,0603,0603,0,0,DAR,0906,0904,-2,False
202608047101055,XC,2026-08-04,AUG,TUE,False,,BHM,0703,0703,BHM,,,,0703,0703,0,0,DAR,1006,1004,-2,False
202608047166987,XC,2026-08-04,AUG,TUE,False,,BRI,0635,0635,BHM,0755,0750,-5,0803,0803,0,124,DAR,1106,1108,2,True
202608047101060,XC,2026-08-04,AUG,TUE,False,,PLY,0525,0525,BHM,0855,0855,0,0903,0903,0,282,DAR,1206,1204,-2,False
202608047101062,XC,2026-08-04,AUG,TUE,False,,PLY,0620,0620,BHM,0954,0958,4,1003,1002,-1,282,DAR,1306,1307,1,True
202608047101064,XC,2026-08-04,AUG,TUE,False,,PLY,0727,0727,BHM,1055,1059,4,1103,1106,3,282,DAR,1406,1404,-2,False
202608047101067,XC,2026-08-04,AUG,TUE,False,520,CDF,0945,,BHM,1149,1154,5,1203,1204,1,143,DAR,1506,1510,4,True
202608047101069,XC,2026-08-04,AUG,TUE,False,,PLY,0927,0927,BHM,1255,1258,3,1303,1303,0,282,DAR,1604,1604,0,False
202608047101073,XC,2026-08-04,AUG,TUE,False,,PLY,1027,1027,BHM,1355,1357,2,1403,1404,1,282,DAR,1706,1707,1,True
202608047101075,XC,2026-08-04,AUG,TUE,False,,PLY,1127,1127,BHM,1455,1455,0,1503,1503,0,282,DAR,1805,1805,0,False
202608047101080,XC,2026-08-04,AUG,TUE,False,,PLY,1227,1226,BHM,1555,1555,0,1603,1603,0,282,DAR,1908,1904,-4,False
202608047101082,XC,2026-08-04,AUG,TUE,False,574,PNZ,1115,1115,BHM,1655,1655,0,1703,1704,1,365,DAR,2010,2039,29,True
202608047101083,XC,2026-08-04,AUG,TUE,False,,PLY,1427,1427,BHM,1755,1758,3,1803,1803,0,282,DAR,2056,2059,3,True
202608047100723,XC,2026-08-04,AUG,TUE,False,886,PLY,1527,1527,BHM,1854,1910,16,1903,1915,12,282,DAR,2212,2221,9,True
202608047100733,XC,2026-08-04,AUG,TUE,False,,RDG,1845,1847,BHM,2018,2020,2,2025,2025,0,130,DAR,2249,2249,0,False
202608057166982,XC,2026-08-05,AUG,WED,False,,BHM,0603,0604,BHM,,,,0603,0604,1,0,DAR,0906,0905,-1,False
202608057101055,XC,2026-08-05,AUG,WED,False,,BHM,0703,0704,BHM,,,,0703,0704,1,0,DAR,1006,1002,-4,False
202608057166987,XC,2026-08-05,AUG,WED,False,,BRI,0635,0635,BHM,0755,0756,1,0803,0803,0,124,DAR,1106,1108,2,True
202608057101060,XC,2026-08-05,AUG,WED,False,,PLY,0525,0524,BHM,0855,0906,11,0903,0909,6,282,DAR,1206,1204,-2,False
202608057101062,XC,2026-08-05,AUG,WED,False,895,PLY,0620,0620,BHM,0954,1007,13,1003,1012,9,282,DAR,1306,1310,4,True
202608057101064,XC,2026-08-05,AUG,WED,False,832,PLY,0727,0727,BHM,1055,1100,5,1103,1105,2,282,DAR,1406,1426,20,True
202608057101067,XC,2026-08-05,AUG,WED,False,,CDF,0945,,BHM,1149,1149,0,1203,1203,0,143,DAR,1506,1527,21,True
202608057101069,XC,2026-08-05,AUG,WED,False,,PLY,0927,0927,BHM,1255,1254,-1,1303,1303,0,282,DAR,1604,1603,-1,False
202608057101073,XC,2026-08-05,AUG,WED,False,895,PLY,1027,1026,BHM,1355,1406,11,1403,1412,9,282,DAR,1706,1719,13,True
202608057101075,XC,2026-08-05,AUG,WED,False,,PLY,1127,1127,BHM,1455,1457,2,1503,1503,0,282,DAR,1805,1806,1,True
202608057101080,XC,2026-08-05,AUG,WED,False,895,PLY,1227,1229,BHM,1555,1559,4,1603,1604,1,282,DAR,1908,1911,3,True
202608057101082,XC,2026-08-05,AUG,WED,False,895,PNZ,1115,1120,BHM,1655,1717,22,1703,1725,22,365,DAR,2010,2011,1,True
202608057101083,XC,2026-08-05,AUG,WED,False,,PLY,1427,1426,BHM,1755,1757,2,1803,1803,0,282,DAR,2056,2100,4,True
202608057100723,XC,2026-08-05,AUG,WED,False,,PLY,1527,1526,BHM,1854,1900,6,1903,1904,1,282,DAR,2212,2214,2,True
202608057100733,XC,2026-08-05,AUG,WED,False,,RDG,1845,1845,BHM,2018,2020,2,2025,2030,5,130,DAR,2249,2252,3,True
202608067166982,XC,2026-08-06,AUG,THU,False,,BHM,0603,0604,BHM,,,,0603,0604,1,0,DAR,0906,0904,-2,False
202608067101055,XC,2026-08-06,AUG,THU,False,,BHM,0703,0706,BHM,,,,0703,0706,3,0,DAR,1006,1006,0,False
202608067166987,XC,2026-08-06,AUG,THU,False,,BRI,0635,0635,BHM,0755,0758,3,0803,0802,-1,124,DAR,1106,1106,0,False
202608067101060,XC,2026-08-06,AUG,THU,False,,PLY,0525,0525,BHM,0855,0854,-1,0903,0903,0,282,DAR,1206,1208,2,True
202608067101062,XC,2026-08-06,AUG,THU,True,871,PLY,0620,,BHM,0954,,,1003,,,282,DAR,1306,,,
202608067101064,XC,2026-08-06,AUG,THU,True,871,PLY,0727,,BHM,1055,,,1103,,,282,DAR,1406,,,
202608067101067,XC,2026-08-06,AUG,THU,False,,CDF,0945,,BHM,1149,1149,0,1203,1203,0,143,DAR,1506,1505,-1,False
202608067101069,XC,2026-08-06,AUG,THU,False,892,PLY,0927,0927,BHM,1255,1346,51,1303,1355,52,282,DAR,1604,1634,30,True
202608067101073,XC,2026-08-06,AUG,THU,False,895,PLY,1027,1026,BHM,1355,1411,16,1403,1417,14,282,DAR,1706,1722,16,True
202608067101075,XC,2026-08-06,AUG,THU,False,576,PLY,1127,1128,BHM,1455,1541,46,1503,1546,43,282,DAR,1805,1819,14,True
202608067101080,XC,2026-08-06,AUG,THU,False,908,PLY,1227,1226,BHM,1555,1559,4,1603,1609,6,282,DAR,1908,1921,13,True
202608067101082,XC,2026-08-06,AUG,THU,False,904,PNZ,1115,1116,BHM,1655,1722,27,1703,1729,26,365,DAR,2010,2025,15,True
202608067101083,XC,2026-08-06,AUG,THU,False,,PLY,1427,1426,BHM,1755,1756,1,1803,1805,2,282,DAR,2056,2111,15,True
202608067100723,XC,2026-08-06,AUG,THU,False,555,PLY,1527,1536,BHM,1854,1922,28,1903,1935,32,282,DAR,2212,2217,5,True
202608067100733,XC,2026-08-06,AUG,THU,False,895,RDG,1845,1848,BHM,2018,2019,1,2025,2025,0,130,DAR,2249,2308,19,True
202608077166982,XC,2026-08-07,AUG,FRI,False,832,BHM,0603,0603,BHM,,,,0603,0603,0,0,DAR,0906,0930,24,True
202608077101055,XC,2026-08-07,AUG,FRI,False,832,BHM,0703,0708,BHM,,,,0703,0708,5,0,DAR,1006,1038,32,True
202608077166987,XC,2026-08-07,AUG,FRI,False,832,BRI,0635,0634,BHM,0755,0756,1,0803,0803,0,124,DAR,1106,1115,9,True
202608077101060,XC,2026-08-07,AUG,FRI,False,832,PLY,0525,0525,BHM,0855,0856,1,0903,0903,0,282,DAR,1206,1218,12,True
202608077101062,XC,2026-08-07,AUG,FRI,False,895,PLY,0620,0620,BHM,0954,0955,1,1003,1003,0,282,DAR,1306,1317,11,True
202608077101064,XC,2026-08-07,AUG,FRI,False,832,PLY,0727,0727,BHM,1055,1105,10,1103,1109,6,282,DAR,1406,1414,8,True
202608077101067,XC,2026-08-07,AUG,FRI,False,520,CDF,0945,,BHM,1149,1219,30,1203,1228,25,143,DAR,1506,1548,42,True
202608077101069,XC,2026-08-07,AUG,FRI,False,895,PLY,0927,0926,BHM,1255,1309,14,1303,1315,12,282,DAR,1604,1637,33,True
202608077101073,XC,2026-08-07,AUG,FRI,False,832,PLY,1027,1027,BHM,1355,1419,24,1403,1424,21,282,DAR,1706,1705,-1,False
202608077101074,XC,2026-08-07,AUG,FRI,False,832,PLY,1127,1128,BHM,1455,1520,25,1503,1527,24,282,DAR,1805,1834,29,True
202608077101080,XC,2026-08-07,AUG,FRI,False,832,PLY,1227,1227,BHM,1555,1621,26,1603,1626,23,282,DAR,1908,1928,20,True
202608077101082,XC,2026-08-07,AUG,FRI,False,574,PNZ,1115,1116,BHM,1655,1658,3,1703,1705,2,365,DAR,2010,2012,2,True
202608077101083,XC,2026-08-07,AUG,FRI,False,895,PLY,1427,1426,BHM,1755,1822,27,1803,1825,22,282,DAR,2056,2120,24,True
202608077100723,XC,2026-08-07,AUG,FRI,False,574,PLY,1527,1526,BHM,1854,1945,51,1903,1949,46,282,DAR,2212,2228,16,True
202608077100733,XC,2026-08-07,AUG,FRI,False,,RDG,1845,1846,BHM,2018,2026,8,2025,2036,11,130,DAR,2249,2255,6,True
202608087166981,XC,2026-08-08,AUG,SAT,False,,BHM,0603,0603,BHM,,,,0603,0603,0,0,DAR,0906,0920,14,True
202608087101056,XC,2026-08-08,AUG,SAT,False,,BHM,0703,0705,BHM,,,,0703,0705,2,0,DAR,1006,1003,-3,False
202608087101057,XC,2026-08-08,AUG,SAT,False,,BRI,0615,0615,BHM,0755,0756,1,0803,0803,0,124,DAR,1106,1105,-1,False
202608087101059,XC,2026-08-08,AUG,SAT,False,,PLY,0527,0526,BHM,0855,0853,-2,0903,0904,1,282,DAR,1206,1206,0,False
202608087101061,XC,2026-08-08,AUG,SAT,False,,PLY,0627,0626,BHM,0955,0957,2,1003,1004,1,282,DAR,1306,1310,4,True
202608087101065,XC,2026-08-08,AUG,SAT,False,,PLY,0725,0725,BHM,1055,1057,2,1103,1105,2,282,DAR,1406,1405,-1,False
202608087101068,XC,2026-08-08,AUG,SAT,False,904,PLY,0827,0827,BHM,1155,1225,30,1203,1231,28,282,DAR,1506,1504,-2,False
202608087101070,XC,2026-08-08,AUG,SAT,False,,PLY,0927,0928,BHM,1255,1303,8,1303,1307,4,282,DAR,1606,1607,1,True
202608087101072,XC,2026-08-08,AUG,SAT,False,904,PLY,1027,1027,BHM,1355,1424,29,1403,1430,27,282,DAR,1706,1702,-4,False
202608087101076,XC,2026-08-08,AUG,SAT,False,,PLY,1127,1127,BHM,1455,1454,-1,1503,1502,-1,282,DAR,1805,1802,-3,False
202608087101079,XC,2026-08-08,AUG,SAT,False,,PLY,1227,1226,BHM,1555,1610,15,1603,1615,12,282,DAR,1908,1916,8,True
202608087101081,XC,2026-08-08,AUG,SAT,False,,PNZ,1115,1115,BHM,1655,1659,4,1703,1706,3,365,DAR,2006,2015,9,True
202608087101084,XC,2026-08-08,AUG,SAT,False,574,PLY,1427,1426,BHM,1755,1815,20,1803,1821,18,282,DAR,2057,2111,14,True
202608087100727,XC,2026-08-08,AUG,SAT,False,,RDG,1745,1745,BHM,1917,1918,1,1927,1937,10,130,DAR,2155,2155,0,False
202608087100732,XC,2026-08-08,AUG,SAT,False,576,RDG,1845,1845,BHM,2017,2018,1,2025,2026,1,130,DAR,2248,2332,44,True
202608097166991,XC,2026-08-09,AUG,SUN,True,526,BHM,0903,,BHM,,,,0903,,,0,DAR,1203,,,
202608097101063,XC,2026-08-09,AUG,SUN,False,,BHM,1003,1003,BHM,,,,1003,1003,0,0,DAR,1305,1305,0,False
202608097101066,XC,2026-08-09,AUG,SUN,False,,BRI,0915,0914,BHM,1049,1050,1,1103,1103,0,124,DAR,1404,1406,2,True
202608098729776,XC,2026-08-09,AUG,SUN,False,655,BRI,1031,1031,BHM,1149,1239,50,1203,1247,44,124,DAR,1507,1525,18,True
202608097101071,XC,2026-08-09,AUG,SUN,False,685,PLY,0927,0927,BHM,1249,1316,27,1303,1323,20,282,DAR,1557,1557,0,False
202608098729782,XC,2026-08-09,AUG,SUN,False,895,PLY,1027,1027,BHM,1349,1403,14,1403,1411,8,282,DAR,1705,1704,-1,False
202608097101077,XC,2026-08-09,AUG,SUN,False,,PLY,1127,1127,BHM,1449,1445,-4,1503,1503,0,282,DAR,1803,1810,7,True
202608097101078,XC,2026-08-09,AUG,SUN,True,574,PLY,1227,,BHM,1549,,,1603,,,282,DAR,1901,,,
202608098729792,XC,2026-08-09,AUG,SUN,False,573,PNZ,1130,1132,BHM,1649,1654,5,1703,1705,2,365,DAR,2007,2003,-4,False
202608098729795,XC,2026-08-09,AUG,SUN,False,895,PLY,1427,1428,BHM,1749,1757,8,1803,1803,0,282,DAR,2058,2059,1,True
202608107166982,XC,2026-08-10,AUG,MON,False,,BHM,0603,0603,BHM,,,,0603,0603,0,0,DAR,0906,0905,-1,False
202608107101055,XC,2026-08-10,AUG,MON,False,574,BHM,0703,0715,BHM,,,,0703,0715,12,0,DAR,1006,1017,11,True
202608107166987,XC,2026-08-10,AUG,MON,False,,BRI,0635,0635,BHM,0755,0752,-3,0803,0803,0,124,DAR,1106,1106,0,False
202608107101060,XC,2026-08-10,AUG,MON,False,895,PLY,0525,0525,BHM,0855,0853,-2,0903,0907,4,282,DAR,1206,1207,1,True
202608107101062,XC,2026-08-10,AUG,MON,False,,PLY,0620,0620,BHM,0954,0956,2,1003,1002,-1,282,DAR,1306,1304,-2,False
202608107101064,XC,2026-08-10,AUG,MON,False,904,PLY,0727,0727,BHM,1055,1055,0,1103,1105,2,282,DAR,1406,1410,4,True
202608107101067,XC,2026-08-10,AUG,MON,False,894,CDF,0945,0945,BHM,1149,1154,5,1203,1212,9,143,DAR,1506,1535,29,True
202608107101069,XC,2026-08-10,AUG,MON,False,574,PLY,0927,0934,BHM,1255,1327,32,1303,1332,29,282,DAR,1604,1624,20,True
202608107101073,XC,2026-08-10,AUG,MON,False,895,PLY,1027,1026,BHM,1355,1411,16,1403,1416,13,282,DAR,1706,1710,4,True
202608107101075,XC,2026-08-10,AUG,MON,False,,PLY,1127,1129,BHM,1455,1506,11,1503,1511,8,282,DAR,1805,1819,14,True
202608107101080,XC,2026-08-10,AUG,MON,False,895,PLY,1227,1228,BHM,1555,1611,16,1603,1617,14,282,DAR,1908,1916,8,True
202608107101082,XC,2026-08-10,AUG,MON,False,,PNZ,1115,,BHM,1655,1657,2,1703,1703,0,365,DAR,2010,2021,11,True
202608107101083,XC,2026-08-10,AUG,MON,False,547,PLY,1427,1427,BHM,1755,1805,10,1803,1811,8,282,DAR,2056,2110,14,True
202608107100723,XC,2026-08-10,AUG,MON,False,895,PLY,1527,1527,BHM,1854,1907,13,1903,1912,9,282,DAR,2212,2213,1,True
202608107100733,XC,2026-08-10,AUG,MON,True,528,RDG,1845,,BHM,2018,,,2025,,,130,DAR,2249,,,
202608117166982,XC,2026-08-11,AUG,TUE,False,,BHM,0603,0604,BHM,,,,0603,0604,1,0,DAR,0906,0904,-2,False
202608117101055,XC,2026-08-11,AUG,TUE,False,,BHM,0703,0703,BHM,,,,0703,0703,0,0,DAR,1006,1008,2,True
202608117166987,XC,2026-08-11,AUG,TUE,False,,BRI,0635,0635,BHM,0755,0753,-2,0803,0803,0,124,DAR,1106,1103,-3,False
202608117101060,XC,2026-08-11,AUG,TUE,False,895,PLY,0525,0525,BHM,0855,0856,1,0903,0903,0,282,DAR,1206,1211,5,True
202608117101062,XC,2026-08-11,AUG,TUE,False,895,PLY,0620,0620,BHM,0954,0954,0,1003,1003,0,282,DAR,1306,1310,4,True
202608117101064,XC,2026-08-11,AUG,TUE,False,,PLY,0727,0727,BHM,1055,1058,3,1103,1106,3,282,DAR,1406,1407,1,True
202608117101067,XC,2026-08-11,AUG,TUE,False,,CDF,0945,0945,BHM,1149,1149,0,1203,1203,0,143,DAR,1506,1502,-4,False
202608117101069,XC,2026-08-11,AUG,TUE,False,573,PLY,0927,0926,BHM,1255,1301,6,1303,1306,3,282,DAR,1604,1616,12,True
202608117101073,XC,2026-08-11,AUG,TUE,False,,PLY,1027,1027,BHM,1355,1355,0,1403,1403,0,282,DAR,1706,1710,4,True
202608117101075,XC,2026-08-11,AUG,TUE,False,,PLY,1127,1127,BHM,1455,1456,1,1503,1503,0,282,DAR,1805,1807,2,True
202608117101080,XC,2026-08-11,AUG,TUE,False,,PLY,1227,1226,BHM,1555,1606,11,1603,1612,9,282,DAR,1908,1903,-5,False
202608117101082,XC,2026-08-11,AUG,TUE,False,895,PNZ,1115,1117,BHM,1655,1709,14,1703,1715,12,365,DAR,2010,2026,16,True
202608117101083,XC,2026-08-11,AUG,TUE,False,895,PLY,1427,1427,BHM,1755,1817,22,1803,1822,19,282,DAR,2056,2129,33,True
202608117100723,XC,2026-08-11,AUG,TUE,False,895,PLY,1527,1526,BHM,1854,1919,25,1903,1922,19,282,DAR,2212,2212,0,False
202608117100733,XC,2026-08-11,AUG,TUE,False,,RDG,1845,1845,BHM,2018,2019,1,2025,2027,2,130,DAR,2249,2308,19,True
202608127166982,XC,2026-08-12,AUG,WED,False,,BHM,0603,0603,BHM,,,,0603,0603,0,0,DAR,0906,0904,-2,False
202608127101055,XC,2026-08-12,AUG,WED,False,832,BHM,0703,0703,BHM,,,,0703,0703,0,0,DAR,1006,1016,10,True
202608127166987,XC,2026-08-12,AUG,WED,False,,BRI,0635,0635,BHM,0755,0752,-3,0803,0803,0,124,DAR,1106,1104,-2,False
202608127101060,XC,2026-08-12,AUG,WED,False,,PLY,0525,0524,BHM,0855,0852,-3,0903,0903,0,282,DAR,1206,1210,4,True
202608127101062,XC,2026-08-12,AUG,WED,False,895,PLY,0620,0620,BHM,0954,1005,11,1003,1011,8,282,DAR,1306,1305,-1,False
202608127101064,XC,2026-08-12,AUG,WED,False,,PLY,0727,0727,BHM,1055,1057,2,1103,1103,0,282,DAR,1406,1407,1,True
202608127101067,XC,2026-08-12,AUG,WED,False,,CDF,0945,0945,BHM,1149,1146,-3,1203,1205,2,143,DAR,1506,1508,2,True
202608127101069,XC,2026-08-12,AUG,WED,False,,PLY,0927,,BHM,1255,1253,-2,1303,1303,0,282,DAR,1604,1607,3,True
202608127101073,XC,2026-08-12,AUG,WED,False,,PLY,1027,,BHM,1355,1356,1,1403,1404,1,282,DAR,1706,1709,3,True
202608127101075,XC,2026-08-12,AUG,WED,False,,PLY,1127,1127,BHM,1455,1457,2,1503,1503,0,282,DAR,1805,1808,3,True
202608127101080,XC,2026-08-12,AUG,WED,False,,PLY,1227,1227,BHM,1555,1558,3,1603,1605,2,282,DAR,1908,1908,0,False
202608127101082,XC,2026-08-12,AUG,WED,False,832,PNZ,1115,1115,BHM,1655,1718,23,1703,1723,20,365,DAR,2010,2008,-2,False
202608127101083,XC,2026-08-12,AUG,WED,False,,PLY,1427,1427,BHM,1755,1816,21,1803,1822,19,282,DAR,2056,2142,46,True
202608127100723,XC,2026-08-12,AUG,WED,False,871,PLY,1527,1527,BHM,1854,1923,29,1903,1931,28,282,DAR,2212,2249,37,True
202608127100733,XC,2026-08-12,AUG,WED,False,895,RDG,1845,1847,BHM,2018,2044,26,2025,2050,25,130,DAR,2249,2310,21,True
202608137166982,XC,2026-08-13,AUG,THU,False,,BHM,0603,0603,BHM,,,,0603,0603,0,0,DAR,0906,0907,1,True
202608137101055,XC,2026-08-13,AUG,THU,False,906,BHM,0703,0705,BHM,,,,0703,0705,2,0,DAR,1006,1022,16,True
202608137166987,XC,2026-08-13,AUG,THU,False,,BRI,0635,0635,BHM,0755,0752,-3,0803,0803,0,124,DAR,1106,1107,1,True
202608137101060,XC,2026-08-13,AUG,THU,False,,PLY,0525,0524,BHM,0855,0852,-3,0903,0903,0,282,DAR,1206,1205,-1,False
202608137101062,XC,2026-08-13,AUG,THU,False,,PLY,0620,0620,BHM,0954,0957,3,1003,1003,0,282,DAR,1306,1312,6,True
202608137101064,XC,2026-08-13,AUG,THU,False,520,PLY,0727,0727,BHM,1055,1053,-2,1103,1103,0,282,DAR,1406,1456,50,True
202608137101067,XC,2026-08-13,AUG,THU,False,520,CDF,0945,0945,BHM,1149,1149,0,1203,1203,0,143,DAR,1506,1534,28,True
202608137101069,XC,2026-08-13,AUG,THU,False,520,PLY,0927,0926,BHM,1255,1257,2,1303,1303,0,282,DAR,1604,1609,5,True
202608137101073,XC,2026-08-13,AUG,THU,False,520,PLY,1027,1027,BHM,1355,1355,0,1403,1405,2,282,DAR,1706,1702,-4,False
202608137101075,XC,2026-08-13,AUG,THU,False,520,PLY,1127,1127,BHM,1455,1459,4,1503,1506,3,282,DAR,1805,1815,10,True
202608137101080,XC,2026-08-13,AUG,THU,False,520,PLY,1227,1226,BHM,1555,1603,8,1603,1611,8,282,DAR,1908,1902,-6,False
202608137101082,XC,2026-08-13,AUG,THU,False,,PNZ,1115,1115,BHM,1655,1708,13,1703,1714,11,365,DAR,2010,2008,-2,False
202608137101083,XC,2026-08-13,AUG,THU,False,,PLY,1427,1427,BHM,1755,1808,13,1803,1814,11,282,DAR,2056,2101,5,True
202608137100723,XC,2026-08-13,AUG,THU,False,543,PLY,1527,1527,BHM,1854,1905,11,1903,1910,7,282,DAR,2212,2212,0,False
202608137100733,XC,2026-08-13,AUG,THU,False,,RDG,1845,1849,BHM,2018,2038,20,2025,2044,19,130,DAR,2249,2305,16,True
202608147166982,XC,2026-08-14,AUG,FRI,False,915,BHM,0603,0626,BHM,,,,0603,0626,23,0,DAR,0906,0926,20,True
202608147101055,XC,2026-08-14,AUG,FRI,False,904,BHM,0703,0703,BHM,,,,0703,0703,0,0,DAR,1006,1017,11,True
202608147166987,XC,2026-08-14,AUG,FRI,False,,BRI,0635,0635,BHM,0755,0759,4,0803,0803,0,124,DAR,1106,1110,4,True
202608147101060,XC,2026-08-14,AUG,FRI,False,895,PLY,0525,0524,BHM,0855,0919,24,0903,0924,21,282,DAR,1206,1223,17,True
202608147101062,XC,2026-08-14,AUG,FRI,False,895,PLY,0620,0620,BHM,0954,1025,31,1003,1029,26,282,DAR,1306,1321,15,True
202608147101064,XC,2026-08-14,AUG,FRI,False,904,PLY,0727,0727,BHM,1055,1109,14,1103,1116,13,282,DAR,1406,1413,7,True
202608147101067,XC,2026-08-14,AUG,FRI,False,824,CDF,0945,0945,BHM,1149,1208,19,1203,1221,18,143,DAR,1506,1519,13,True
202608147101069,XC,2026-08-14,AUG,FRI,False,696,PLY,0927,0927,BHM,1255,1330,35,1303,1338,35,282,DAR,1604,1626,22,True
202608147101073,XC,2026-08-14,AUG,FRI,False,895,PLY,1027,1028,BHM,1355,1425,30,1403,1431,28,282,DAR,1706,1750,44,True
202608147101074,XC,2026-08-14,AUG,FRI,False,543,PLY,1127,1128,BHM,1455,1524,29,1503,1530,27,282,DAR,1805,1827,22,True
202608147101080,XC,2026-08-14,AUG,FRI,False,895,PLY,1227,1227,BHM,1555,1615,20,1603,1621,18,282,DAR,1908,1940,32,True
202608147101082,XC,2026-08-14,AUG,FRI,False,576,PNZ,1115,1118,BHM,1655,1725,30,1703,1731,28,365,DAR,2010,2031,21,True
202608147101083,XC,2026-08-14,AUG,FRI,False,895,PLY,1427,1427,BHM,1755,1847,52,1803,1853,50,282,DAR,2056,2143,47,True
202608147100723,XC,2026-08-14,AUG,FRI,False,543,PLY,1527,1533,BHM,1854,1910,16,1903,1917,14,282,DAR,2212,2224,12,True
202608147100733,XC,2026-08-14,AUG,FRI,False,895,RDG,1845,1846,BHM,2018,2047,29,2025,2053,28,130,DAR,2249,2324,35,True
202608157166981,XC,2026-08-15,AUG,SAT,False,886,BHM,0603,0621,BHM,,,,0603,0621,18,0,DAR,0906,0905,-1,False
202608157101056,XC,2026-08-15,AUG,SAT,False,,BHM,0703,0705,BHM,,,,0703,0705,2,0,DAR,1006,1003,-3,False
202608157101057,XC,2026-08-15,AUG,SAT,False,895,BRI,0615,0615,BHM,0755,0800,5,0803,0805,2,124,DAR,1106,1104,-2,False
202608157101059,XC,2026-08-15,AUG,SAT,False,,PLY,0527,0527,BHM,0855,0856,1,0903,0903,0,282,DAR,1206,1209,3,True
202608157101061,XC,2026-08-15,AUG,SAT,False,,PLY,0627,0627,BHM,0955,0953,-2,1003,1002,-1,282,DAR,1306,1308,2,True
202608157101065,XC,2026-08-15,AUG,SAT,False,,PLY,0725,0725,BHM,1055,1057,2,1103,1105,2,282,DAR,1406,1402,-4,False
202608157101068,XC,2026-08-15,AUG,SAT,False,,PLY,0827,0826,BHM,1155,1203,8,1203,1208,5,282,DAR,1506,1515,9,True
202608157101070,XC,2026-08-15,AUG,SAT,False,,PLY,0927,0926,BHM,1255,1302,7,1303,1306,3,282,DAR,1606,1604,-2,False
202608157101072,XC,2026-08-15,AUG,SAT,False,,PLY,1027,,BHM,1355,1401,6,1403,1406,3,282,DAR,1706,1705,-1,False
202608157101076,XC,2026-08-15,AUG,SAT,False,547,PLY,1127,1127,BHM,1455,1515,20,1503,1520,17,282,DAR,1805,1821,16,True
202608157101079,XC,2026-08-15,AUG,SAT,False,895,PLY,1227,1227,BHM,1555,1609,14,1603,1614,11,282,DAR,1908,1904,-4,False
202608157101081,XC,2026-08-15,AUG,SAT,False,895,PNZ,1115,1118,BHM,1655,1719,24,1703,1723,20,365,DAR,2006,2011,5,True
202608157101084,XC,2026-08-15,AUG,SAT,False,871,PLY,1427,1429,BHM,1755,1815,20,1803,1821,18,282,DAR,2057,2100,3,True
202608157100727,XC,2026-08-15,AUG,SAT,False,,RDG,1745,1745,BHM,1917,1923,6,1927,1928,1,130,DAR,2155,2156,1,True
202608157100732,XC,2026-08-15,AUG,SAT,False,,RDG,1845,,BHM,,,,2025,2025,0,130,DAR,2248,2255,7,True
202608167166991,XC,2026-08-16,AUG,SUN,False,,BHM,0903,0903,BHM,,,,0903,0903,0,0,DAR,1203,1210,7,True
202608167101063,XC,2026-08-16,AUG,SUN,False,,BHM,1003,1003,BHM,,,,1003,1003,0,0,DAR,1305,1304,-1,False
202608167101066,XC,2026-08-16,AUG,SUN,False,832,BRI,0915,0915,BHM,1049,1057,8,1103,1105,2,124,DAR,1404,1426,22,True
202608168729776,XC,2026-08-16,AUG,SUN,False,,BRI,1031,1031,BHM,1149,1152,3,1203,1203,0,124,DAR,1507,1503,-4,False
202608167101071,XC,2026-08-16,AUG,SUN,False,,PLY,0927,0926,BHM,1249,1300,11,1303,1308,5,282,DAR,1557,1604,7,True
202608168729782,XC,2026-08-16,AUG,SUN,False,,PLY,1027,1026,BHM,1349,1358,9,1403,1404,1,282,DAR,1705,1708,3,True
202608167101077,XC,2026-08-16,AUG,SUN,False,,PLY,1127,1127,BHM,1449,1451,2,1503,1503,0,282,DAR,1803,1806,3,True
202608167101078,XC,2026-08-16,AUG,SUN,False,,PLY,1227,1227,BHM,1549,1615,26,1603,1623,20,282,DAR,1901,1906,5,True
202608168729792,XC,2026-08-16,AUG,SUN,False,,PNZ,1130,1130,BHM,1649,1650,1,1703,1703,0,365,DAR,2007,2005,-2,False
202608168729795,XC,2026-08-16,AUG,SUN,False,,PLY,1427,1426,BHM,1749,1807,18,1803,1812,9,282,DAR,2058,2100,2,True
202608177166982,XC,2026-08-17,AUG,MON,False,,BHM,0603,0603,BHM,,,,0603,0603,0,0,DAR,0906,0903,-3,False
202608177101055,XC,2026-08-17,AUG,MON,False,,BHM,0703,0703,BHM,,,,0703,0703,0,0,DAR,1006,1006,0,False
202608177166987,XC,2026-08-17,AUG,MON,False,,BRI,0635,0635,BHM,0755,0752,-3,0803,0802,-1,124,DAR,1106,1110,4,True
202608177101060,XC,2026-08-17,AUG,MON,False,,PLY,0525,0525,BHM,0855,0855,0,0903,0904,1,282,DAR,1206,1203,-3,False
202608177101062,XC,2026-08-17,AUG,MON,False,895,PLY,0620,0621,BHM,0954,1011,17,1003,1016,13,282,DAR,1306,1325,19,True
202608177101064,XC,2026-08-17,AUG,MON,False,574,PLY,0727,0727,BHM,1055,1127,32,1103,1134,31,282,DAR,1406,1446,40,True
202608177101067,XC,2026-08-17,AUG,MON,False,910,CDF,0945,0946,BHM,1149,1153,4,1203,1216,13,143,DAR,1506,1526,20,True
202608177101069,XC,2026-08-17,AUG,MON,False,,PLY,0927,0926,BHM,1255,1255,0,1303,1309,6,282,DAR,1604,1606,2,True
202608177101073,XC,2026-08-17,AUG,MON,False,895,PLY,1027,1027,BHM,1355,1408,13,1403,1414,11,282,DAR,1706,1713,7,True
202608177101075,XC,2026-08-17,AUG,MON,False,693,PLY,1127,1127,BHM,1455,1505,10,1503,1511,8,282,DAR,1805,1823,18,True
202608177101080,XC,2026-08-17,AUG,MON,False,895,PLY,1227,1230,BHM,1555,1615,20,1603,1621,18,282,DAR,1908,1918,10,True
202608177101082,XC,2026-08-17,AUG,MON,False,895,PNZ,1115,1117,BHM,1655,1706,11,1703,1712,9,365,DAR,2010,2009,-1,False
202608177101083,XC,2026-08-17,AUG,MON,False,904,PLY,1427,1426,BHM,1755,1817,22,1803,1823,20,282,DAR,2056,2113,17,True
202608177100723,XC,2026-08-17,AUG,MON,False,895,PLY,1527,1527,BHM,1854,1915,21,1903,1921,18,282,DAR,2212,2229,17,True
202608177100733,XC,2026-08-17,AUG,MON,False,904,RDG,1845,1845,BHM,2018,2029,11,2025,2035,10,130,DAR,2249,2251,2,True
202608187166982,XC,2026-08-18,AUG,TUE,False,,BHM,0603,0603,BHM,,,,0603,0603,0,0,DAR,0906,0906,0,False
202608187101055,XC,2026-08-18,AUG,TUE,False,,BHM,0703,0703,BHM,,,,0703,0703,0,0,DAR,1006,1004,-2,False
202608187166987,XC,2026-08-18,AUG,TUE,False,,BRI,0635,0634,BHM,0755,0750,-5,0803,0802,-1,124,DAR,1106,1102,-4,False
202608187904403,XC,2026-08-18,AUG,TUE,False,,BHM,0903,0903,BHM,,,,0903,0903,0,0,DAR,1206,1207,1,True
202608187101062,XC,2026-08-18,AUG,TUE,False,832,PLY,0620,,BHM,,,,1003,1002,-1,282,DAR,1306,1303,-3,False
202608187101064,XC,2026-08-18,AUG,TUE,False,832,PLY,0727,,BHM,1055,1210,75,1103,1214,71,282,DAR,1406,1506,60,True
202608187101067,XC,2026-08-18,AUG,TUE,False,827,CDF,0945,0945,BHM,1149,1149,0,1203,1217,14,143,DAR,1506,1535,29,True
202608187101069,XC,2026-08-18,AUG,TUE,False,576,PLY,0927,0926,BHM,1255,1321,26,1303,1329,26,282,DAR,1604,1638,34,True
202608187101073,XC,2026-08-18,AUG,TUE,False,574,PLY,1027,1027,BHM,1355,1418,23,1403,1422,19,282,DAR,1706,1707,1,True
202608187101075,XC,2026-08-18,AUG,TUE,False,656,PLY,1127,1127,BHM,1455,1457,2,1503,1503,0,282,DAR,1805,1820,15,True
202608187101080,XC,2026-08-18,AUG,TUE,False,,PLY,1227,1227,BHM,1555,1559,4,1603,1610,7,282,DAR,1908,1909,1,True
202608187101082,XC,2026-08-18,AUG,TUE,False,656,PNZ,1115,1115,BHM,1655,1718,23,1703,1735,32,365,DAR,2010,2056,46,True
202608187101083,XC,2026-08-18,AUG,TUE,False,,PLY,1427,1426,BHM,1755,1800,5,1803,1804,1,282,DAR,2056,2106,10,True
202608187100723,XC,2026-08-18,AUG,TUE,False,,PLY,1527,1526,BHM,1854,1855,1,1903,1903,0,282,DAR,2212,2218,6,True
202608187100733,XC,2026-08-18,AUG,TUE,False,,RDG,1845,1845,BHM,2018,2023,5,2025,2026,1,130,DAR,2249,2253,4,True
202608197166982,XC,2026-08-19,AUG,WED,False,,BHM,0603,0602,BHM,,,,0603,0602,-1,0,DAR,0906,0904,-2,False
202608197101055,XC,2026-08-19,AUG,WED,False,,BHM,0703,0703,BHM,,,,0703,0703,0,0,DAR,1006,1007,1,True
202608197166987,XC,2026-08-19,AUG,WED,False,,BRI,0635,0635,BHM,0755,0758,3,0803,0802,-1,124,DAR,1106,1108,2,True
202608197101060,XC,2026-08-19,AUG,WED,False,904,PLY,0525,0525,BHM,0855,0905,10,0903,0909,6,282,DAR,1206,1207,1,True
202608197101062,XC,2026-08-19,AUG,WED,False,,PLY,0620,0620,BHM,0954,0955,1,1003,1003,0,282,DAR,1306,1309,3,True
202608197101064,XC,2026-08-19,AUG,WED,False,,PLY,0727,0727,BHM,1055,1058,3,1103,1104,1,282,DAR,1406,1408,2,True
202608197101067,XC,2026-08-19,AUG,WED,False,,CDF,0945,0945,BHM,1149,1149,0,1203,1203,0,143,DAR,1506,1504,-2,False
202608197101069,XC,2026-08-19,AUG,WED,False,895,PLY,0927,0926,BHM,1255,1306,11,1303,1314,11,282,DAR,1604,1629,25,True
202608197101073,XC,2026-08-19,AUG,WED,False,576,PLY,1027,1027,BHM,1355,1419,24,1403,1423,20,282,DAR,1706,1716,10,True
202608197101075,XC,2026-08-19,AUG,WED,False,895,PLY,1127,1128,BHM,1455,1504,9,1503,1508,5,282,DAR,1805,1840,35,True
202608197101080,XC,2026-08-19,AUG,WED,False,683,PLY,1227,1227,BHM,1555,1644,49,1603,1650,47,282,DAR,1908,1922,14,True
202608197101082,XC,2026-08-19,AUG,WED,False,,PNZ,1115,1115,BHM,1655,1705,10,1703,1711,8,365,DAR,2010,2014,4,True
202608197101083,XC,2026-08-19,AUG,WED,False,,PLY,1427,1427,BHM,1755,1755,0,1803,1803,0,282,DAR,2056,2102,6,True
202608197100723,XC,2026-08-19,AUG,WED,False,826,PLY,1527,1527,BHM,1854,2006,72,1903,2011,68,282,DAR,2212,2247,35,True
202608197100733,XC,2026-08-19,AUG,WED,False,,RDG,1845,1845,BHM,2018,2022,4,2025,2028,3,130,DAR,2249,2252,3,True
202608207166982,XC,2026-08-20,AUG,THU,False,574,BHM,0603,0602,BHM,,,,0603,0602,-1,0,DAR,0906,0915,9,True
202608207101055,XC,2026-08-20,AUG,THU,False,,BHM,0703,0704,BHM,,,,0703,0704,1,0,DAR,1006,1004,-2,False
202608207166987,XC,2026-08-20,AUG,THU,False,,BRI,0635,0634,BHM,0755,0758,3,0803,0802,-1,124,DAR,1106,1104,-2,False
202608207101060,XC,2026-08-20,AUG,THU,False,896,PLY,0525,0525,BHM,0855,0912,17,0903,0917,14,282,DAR,1206,1211,5,True
202608207101062,XC,2026-08-20,AUG,THU,False,657,PLY,0620,0620,BHM,0954,1006,12,1003,1009,6,282,DAR,1306,1302,-4,False
202608207101064,XC,2026-08-20,AUG,THU,False,656,PLY,0727,0727,BHM,1055,1119,24,1103,1128,25,282,DAR,1406,1410,4,True
202608207101067,XC,2026-08-20,AUG,THU,False,656,CDF,0945,0945,BHM,1149,1148,-1,1203,1223,20,143,DAR,1506,1537,31,True
202608207101069,XC,2026-08-20,AUG,THU,False,576,PLY,0927,0927,BHM,1255,1306,11,1303,1313,10,282,DAR,1604,1624,20,True
202608207101073,XC,2026-08-20,AUG,THU,False,,PLY,1027,1027,BHM,1355,1355,0,1403,1404,1,282,DAR,1706,1707,1,True
202608207101075,XC,2026-08-20,AUG,THU,False,573,PLY,1127,,BHM,1455,1526,31,1503,1534,31,282,DAR,1805,1815,10,True
202608207101080,XC,2026-08-20,AUG,THU,False,,PLY,1227,1227,BHM,1555,1558,3,1603,1604,1,282,DAR,1908,1905,-3,False
202608207101082,XC,2026-08-20,AUG,THU,False,,PNZ,1115,1115,BHM,1655,1658,3,1703,1704,1,365,DAR,2010,2007,-3,False
202608207101083,XC,2026-08-20,AUG,THU,False,871,PLY,1427,1427,BHM,1755,1846,51,1803,1854,51,282,DAR,2056,2121,25,True
202608207100723,XC,2026-08-20,AUG,THU,False,826,PLY,1527,1527,BHM,1854,1929,35,1903,1935,32,282,DAR,2212,2245,33,True
202608207100733,XC,2026-08-20,AUG,THU,False,,RDG,1845,1846,BHM,2018,2025,7,2025,2032,7,130,DAR,2249,2250,1,True
202608217166982,XC,2026-08-21,AUG,FRI,False,,BHM,0603,0604,BHM,,,,0603,0604,1,0,DAR,0906,0906,0,False
202608217101055,XC,2026-08-21,AUG,FRI,False,586,BHM,0703,0703,BHM,,,,0703,0703,0,0,DAR,1006,1031,25,True
202608217166987,XC,2026-08-21,AUG,FRI,False,911,BRI,0635,0635,BHM,0755,0752,-3,0803,0803,0,124,DAR,1106,1111,5,True
202608217101060,XC,2026-08-21,AUG,FRI,False,,PLY,0525,0525,BHM,0855,0852,-3,0903,0903,0,282,DAR,1206,1205,-1,False
202608217101062,XC,2026-08-21,AUG,FRI,False,,PLY,0620,0620,BHM,0954,0957,3,1003,1003,0,282,DAR,1306,1312,6,True
202608217101064,XC,2026-08-21,AUG,FRI,False,,PLY,0727,0726,BHM,1055,1058,3,1103,1104,1,282,DAR,1406,1403,-3,False
202608217101067,XC,2026-08-21,AUG,FRI,False,873,CDF,0945,0945,BHM,1149,1149,0,1203,1214,11,143,DAR,1506,1530,24,True
202608217101069,XC,2026-08-21,AUG,FRI,False,,PLY,0927,0926,BHM,1255,1306,11,1303,1309,6,282,DAR,1604,1605,1,True
202608217101073,XC,2026-08-21,AUG,FRI,False,824,PLY,1027,1027,BHM,1355,1421,26,1403,1428,25,282,DAR,1706,1710,4,True
202608217101080,XC,2026-08-21,AUG,FRI,True,648,PLY,1227,,BHM,1555,,,1603,,,282,DAR,1908,,,
202608217101082,XC,2026-08-21,AUG,FRI,False,871,PNZ,1115,1115,BHM,1655,1724,29,1703,1732,29,365,DAR,2010,2056,46,True
202608217101083,XC,2026-08-21,AUG,FRI,False,,PLY,1427,1429,BHM,1755,1754,-1,1803,1803,0,282,DAR,2056,2104,8,True
202608217100723,XC,2026-08-21,AUG,FRI,False,,PLY,1527,1526,BHM,1854,1855,1,1903,1903,0,282,DAR,2212,2212,0,False
202608217100733,XC,2026-08-21,AUG,FRI,False,904,RDG,1845,1845,BHM,2018,2022,4,2025,2026,1,130,DAR,2249,2314,25,True
202608227166981,XC,2026-08-22,AUG,SAT,False,,BHM,0603,0602,BHM,,,,0603,0602,-1,0,DAR,0906,0907,1,True
202608227101056,XC,2026-08-22,AUG,SAT,False,,BHM,0703,0704,BHM,,,,0703,0704,1,0,DAR,1006,1007,1,True
202608227101057,XC,2026-08-22,AUG,SAT,False,,BRI,0615,0615,BHM,0755,0756,1,0803,0805,2,124,DAR,1106,1104,-2,False
202608227101059,XC,2026-08-22,AUG,SAT,False,,PLY,0527,0527,BHM,0855,0853,-2,0903,0903,0,282,DAR,1206,1207,1,True
202608227101061,XC,2026-08-22,AUG,SAT,False,685,PLY,0627,0627,BHM,0955,1005,10,1003,1011,8,282,DAR,1306,1306,0,False
202608227101065,XC,2026-08-22,AUG,SAT,False,,PLY,0725,0725,BHM,1055,1055,0,1103,1103,0,282,DAR,1406,1411,5,True
202608227101070,XC,2026-08-22,AUG,SAT,True,557,PLY,0927,,BHM,1255,,,1303,,,282,DAR,1606,,,
202608227101072,XC,2026-08-22,AUG,SAT,False,557,PLY,1027,1026,BHM,1355,1414,19,1403,1424,21,282,DAR,1706,1704,-2,False
202608227101076,XC,2026-08-22,AUG,SAT,False,895,PLY,1127,1127,BHM,1455,1515,20,1503,1524,21,282,DAR,1805,1803,-2,False
202608227101079,XC,2026-08-22,AUG,SAT,False,,PLY,1227,1227,BHM,1555,1558,3,1603,1603,0,282,DAR,1908,1909,1,True
202608227101081,XC,2026-08-22,AUG,SAT,False,,PNZ,1115,1115,BHM,1655,1725,30,1703,1731,28,365,DAR,2006,2010,4,True
202608227101084,XC,2026-08-22,AUG,SAT,False,,PLY,1427,1427,BHM,1755,1800,5,1803,1806,3,282,DAR,2057,2057,0,False
202608227100727,XC,2026-08-22,AUG,SAT,False,,RDG,1745,1748,BHM,1917,1917,0,1927,1927,0,130,DAR,2155,2157,2,True
202608227100732,XC,2026-08-22,AUG,SAT,False,,RDG,1845,1845,BHM,2017,2017,0,2025,2025,0,130,DAR,2248,2257,9,True
202608237166991,XC,2026-08-23,AUG,SUN,True,,BHM,0903,,BHM,,,,0903,,,0,DAR,1203,,,
202608237101063,XC,2026-08-23,AUG,SUN,True,,BHM,1003,,BHM,,,,1003,,,0,DAR,1305,,,
202608237101066,XC,2026-08-23,AUG,SUN,True,526,BRI,0915,,BHM,,,,1103,,,124,DAR,1404,,,
202608238729776,XC,2026-08-23,AUG,SUN,True,,BRI,1031,,BHM,1149,,,1203,,,124,DAR,1507,,,
202608237101071,XC,2026-08-23,AUG,SUN,True,526,PLY,0927,,BHM,1249,,,1303,,,282,DAR,1557,,,
202608238729782,XC,2026-08-23,AUG,SUN,True,,PLY,1027,,BHM,1349,,,1403,,,282,DAR,1705,,,
202608237101077,XC,2026-08-23,AUG,SUN,True,526,PLY,1127,,BHM,1449,,,1503,,,282,DAR,1803,,,
202608237101078,XC,2026-08-23,AUG,SUN,True,526,PLY,1227,,BHM,1549,,,1603,,,282,DAR,1901,,,
202608238729792,XC,2026-08-23,AUG,SUN,True,,PNZ,1130,,BHM,1649,,,1703,,,365,DAR,2007,,,
202608238729795,XC,2026-08-23,AUG,SUN,True,526,PLY,1427,,BHM,1749,,,1803,,,282,DAR,2058,,,
202608247166982,XC,2026-08-24,AUG,MON,False,,BHM,0603,0603,BHM,,,,0603,0603,0,0,DAR,0906,0906,0,False
202608247101055,XC,2026-08-24,AUG,MON,False,,BHM,0703,0703,BHM,,,,0703,0703,0,0,DAR,1006,1004,-2,False
202608247166987,XC,2026-08-24,AUG,MON,False,,BRI,0635,0635,BHM,0755,0751,-4,0803,0802,-1,124,DAR,1106,1115,9,True
202608247101060,XC,2026-08-24,AUG,MON,True,892,PLY,0525,,BHM,0855,,,0903,,,282,DAR,1206,,,
202608247101062,XC,2026-08-24,AUG,MON,False,871,PLY,0620,0619,BHM,0954,1018,24,1003,1023,20,282,DAR,1306,1328,22,True
202608247101064,XC,2026-08-24,AUG,MON,False,895,PLY,0727,0727,BHM,1055,1111,16,1103,1118,15,282,DAR,1406,1419,13,True
202608247101067,XC,2026-08-24,AUG,MON,False,536,CDF,0945,0945,BHM,1149,1151,2,1203,1204,1,143,DAR,1506,1506,0,False
202608247101069,XC,2026-08-24,AUG,MON,False,547,PLY,0927,0927,BHM,1255,1320,25,1303,1334,31,282,DAR,1604,1633,29,True
202608247101073,XC,2026-08-24,AUG,MON,False,576,PLY,1027,1027,BHM,1355,1425,30,1403,1430,27,282,DAR,1706,1743,37,True
202608247101075,XC,2026-08-24,AUG,MON,False,871,PLY,1127,1127,BHM,1455,1508,13,1503,1520,17,282,DAR,1805,1811,6,True
202608247101080,XC,2026-08-24,AUG,MON,False,892,PLY,1227,1243,BHM,1555,1639,44,1603,1645,42,282,DAR,1908,1933,25,True
202608247101082,XC,2026-08-24,AUG,MON,False,576,PNZ,1115,1115,BHM,1655,1808,73,1703,1816,73,365,DAR,2010,2055,45,True
202608247101083,XC,2026-08-24,AUG,MON,False,,PLY,1427,1427,BHM,1755,1821,26,1803,1827,24,282,DAR,2056,2131,35,True
202608247100723,XC,2026-08-24,AUG,MON,False,,PLY,1527,,BHM,1854,1910,16,1903,1916,13,282,DAR,2212,2232,20,True
202608247100733,XC,2026-08-24,AUG,MON,False,,RDG,1845,1846,BHM,2018,2027,9,2025,2032,7,130,DAR,2249,2254,5,True
202608257166982,XC,2026-08-25,AUG,TUE,True,,BHM,0603,,BHM,,,,0603,,,0,DAR,0906,,,
202608257101055,XC,2026-08-25,AUG,TUE,False,,BHM,0703,0706,BHM,,,,0703,0706,3,0,DAR,1006,1005,-1,False
202608257166987,XC,2026-08-25,AUG,TUE,False,,BRI,0635,,BHM,0755,0752,-3,0803,0803,0,124,DAR,1106,1105,-1,False
202608257101060,XC,2026-08-25,AUG,TUE,False,574,PLY,0525,,BHM,0855,0853,-2,0903,0903,0,282,DAR,1206,1225,19,True
202608257101062,XC,2026-08-25,AUG,TUE,False,,PLY,0620,,BHM,0954,0954,0,1003,1003,0,282,DAR,1306,1302,-4,False
202608257101064,XC,2026-08-25,AUG,TUE,False,911,PLY,0727,0727,BHM,1055,1105,10,1103,1119,16,282,DAR,1406,1411,5,True
202608257101067,XC,2026-08-25,AUG,TUE,False,576,CDF,0945,0945,BHM,1149,1155,6,1203,1213,10,143,DAR,1506,1518,12,True
202608257101069,XC,2026-08-25,AUG,TUE,False,841,PLY,0927,0927,BHM,1255,1308,13,1303,1312,9,282,DAR,1604,1615,11,True
202608257101073,XC,2026-08-25,AUG,TUE,False,895,PLY,1027,1027,BHM,1355,1409,14,1403,1414,11,282,DAR,1706,1710,4,True
202608257101075,XC,2026-08-25,AUG,TUE,False,,PLY,1127,1127,BHM,1455,1500,5,1503,1506,3,282,DAR,1805,1807,2,True
202608257101080,XC,2026-08-25,AUG,TUE,False,536,PLY,1227,1247,BHM,1555,1622,27,1603,1629,26,282,DAR,1908,1925,17,True
202608257101082,XC,2026-08-25,AUG,TUE,False,,PNZ,1115,1115,BHM,1655,1718,23,1703,1724,21,365,DAR,2010,2013,3,True
202608257101083,XC,2026-08-25,AUG,TUE,False,574,PLY,1427,1426,BHM,1755,1757,2,1803,1803,0,282,DAR,2056,2120,24,True
202608257100723,XC,2026-08-25,AUG,TUE,False,,PLY,1527,1526,BHM,1854,1856,2,1903,1904,1,282,DAR,2212,2218,6,True
202608257100733,XC,2026-08-25,AUG,TUE,False,,RDG,1845,1846,BHM,2018,2020,2,2025,2029,4,130,DAR,2249,2257,8,True
202608267166982,XC,2026-08-26,AUG,WED,False,,BHM,0603,0602,BHM,,,,0603,0602,-1,0,DAR,0906,0905,-1,False
202608267101055,XC,2026-08-26,AUG,WED,False,,BHM,0703,0703,BHM,,,,0703,0703,0,0,DAR,1006,1005,-1,False
202608267166987,XC,2026-08-26,AUG,WED,False,,BRI,0635,0635,BHM,0755,0752,-3,0803,0803,0,124,DAR,1106,1107,1,True
202608267101060,XC,2026-08-26,AUG,WED,False,,PLY,0525,0524,BHM,0855,0859,4,0903,0903,0,282,DAR,1206,1207,1,True
202608267101062,XC,2026-08-26,AUG,WED,False,,PLY,0620,0620,BHM,0954,1006,12,1003,1010,7,282,DAR,1306,1310,4,True
202608267101064,XC,2026-08-26,AUG,WED,False,,PLY,0727,0727,BHM,1055,1104,9,1103,1109,6,282,DAR,1406,1406,0,False
202608267101067,XC,2026-08-26,AUG,WED,False,895,CDF,0945,0947,BHM,1149,1209,20,1203,1214,11,143,DAR,1506,1528,22,True
202608267101069,XC,2026-08-26,AUG,WED,False,574,PLY,0927,0926,BHM,1255,1256,1,1303,1303,0,282,DAR,1604,1620,16,True
202608267101073,XC,2026-08-26,AUG,WED,False,,PLY,1027,1027,BHM,1355,1358,3,1403,1403,0,282,DAR,1706,1703,-3,False
202608267101075,XC,2026-08-26,AUG,WED,False,,PLY,1127,1127,BHM,1455,1456,1,1503,1503,0,282,DAR,1805,1805,0,False
202608267101080,XC,2026-08-26,AUG,WED,False,576,PLY,1227,1226,BHM,1555,1558,3,1603,1604,1,282,DAR,1908,1920,12,True
202608267101082,XC,2026-08-26,AUG,WED,False,,PNZ,1115,1116,BHM,1655,1701,6,1703,1707,4,365,DAR,2010,2009,-1,False
202608267101083,XC,2026-08-26,AUG,WED,False,895,PLY,1427,1426,BHM,1755,1808,13,1803,1814,11,282,DAR,2056,2127,31,True
202608267100723,XC,2026-08-26,AUG,WED,False,579,PLY,1527,1526,BHM,1854,1922,28,1903,1928,25,282,DAR,2212,2221,9,True
202608267100733,XC,2026-08-26,AUG,WED,False,887,RDG,1845,1847,BHM,2018,2020,2,2025,2041,16,130,DAR,2249,2256,7,True
202608277166982,XC,2026-08-27,AUG,THU,False,,BHM,0603,0603,BHM,,,,0603,0603,0,0,DAR,0906,0902,-4,False
202608277101055,XC,2026-08-27,AUG,THU,False,,BHM,0703,0703,BHM,,,,0703,0703,0,0,DAR,1006,1002,-4,False
202608277908353,XC,2026-08-27,AUG,THU,False,536,BHM,0803,0805,BHM,,,,0803,0805,2,0,DAR,1106,1107,1,True
202608277101060,XC,2026-08-27,AUG,THU,False,911,PLY,0525,0525,BHM,0855,0918,23,0903,0926,23,282,DAR,1206,1219,13,True
202608277101062,XC,2026-08-27,AUG,THU,False,871,PLY,0620,0620,BHM,0954,1021,27,1003,1028,25,282,DAR,1306,1344,38,True
202608277101064,XC,2026-08-27,AUG,THU,False,845,PLY,0727,0726,BHM,1055,1104,9,1103,1109,6,282,DAR,1406,1419,13,True
202608277101067,XC,2026-08-27,AUG,THU,False,845,CDF,0945,0945,BHM,1149,1153,4,1203,1225,22,143,DAR,1506,1527,21,True
202608277101069,XC,2026-08-27,AUG,THU,False,778,PLY,0927,0927,BHM,1255,1316,21,1303,1322,19,282,DAR,1604,1622,18,True
202608277101073,XC,2026-08-27,AUG,THU,False,871,PLY,1027,1027,BHM,1355,1416,21,1403,1421,18,282,DAR,1706,1712,6,True
202608277101075,XC,2026-08-27,AUG,THU,False,824,PLY,1127,1128,BHM,1455,1518,23,1503,1523,20,282,DAR,1805,1815,10,True
202608277101080,XC,2026-08-27,AUG,THU,False,,PLY,1227,1227,BHM,1555,1605,10,1603,1612,9,282,DAR,1908,1909,1,True
202608277101082,XC,2026-08-27,AUG,THU,False,547,PNZ,1115,1115,BHM,1655,1716,21,1703,1724,21,365,DAR,2010,2017,7,True
202608277101083,XC,2026-08-27,AUG,THU,False,873,PLY,1427,1426,BHM,1755,1807,12,1803,1812,9,282,DAR,2056,2058,2,True
202608277100723,XC,2026-08-27,AUG,THU,False,,PLY,1527,1526,BHM,1854,1856,2,1903,1903,0,282,DAR,2212,2212,0,False
202608277100733,XC,2026-08-27,AUG,THU,False,574,RDG,1845,,BHM,,,,2025,2054,29,130,DAR,2249,2323,34,True
202608287166982,XC,2026-08-28,AUG,FRI,False,,BHM,0603,0603,BHM,,,,0603,0603,0,0,DAR,0906,0905,-1,False
202608287101055,XC,2026-08-28,AUG,FRI,True,811,BHM,0703,,BHM,,,,0703,,,0,DAR,1006,,,
202608287166987,XC,2026-08-28,AUG,FRI,True,811,BRI,0635,,BHM,0755,,,0803,,,124,DAR,1106,,,
202608287101060,XC,2026-08-28,AUG,FRI,False,887,PLY,0525,0525,BHM,0855,0855,0,0903,0914,11,282,DAR,1206,1210,4,True
202608287101062,XC,2026-08-28,AUG,FRI,False,,PLY,0620,0620,BHM,0954,0954,0,1003,1003,0,282,DAR,1306,1302,-4,False
202608287101064,XC,2026-08-28,AUG,FRI,False,896,PLY,0727,0726,BHM,1055,1110,15,1103,1117,14,282,DAR,1406,1420,14,True
202608287101067,XC,2026-08-28,AUG,FRI,False,,CDF,0945,0945,BHM,1149,1150,1,1203,1211,8,143,DAR,1506,1507,1,True
202608287101069,XC,2026-08-28,AUG,FRI,False,,PLY,0927,0926,BHM,1255,1305,10,1303,1311,8,282,DAR,1604,1602,-2,False
202608287101073,XC,2026-08-28,AUG,FRI,False,,PLY,1027,1027,BHM,1355,1358,3,1403,1403,0,282,DAR,1706,1714,8,True
202608287101074,XC,2026-08-28,AUG,FRI,False,895,PLY,1127,1128,BHM,1455,1506,11,1503,1515,12,282,DAR,1805,1829,24,True
202608287101080,XC,2026-08-28,AUG,FRI,False,895,PLY,1227,1228,BHM,1555,1611,16,1603,1616,13,282,DAR,1908,1909,1,True
202608287101082,XC,2026-08-28,AUG,FRI,False,895,PNZ,1115,1115,BHM,1655,1721,26,1703,1729,26,365,DAR,2010,2013,3,True
202608287101083,XC,2026-08-28,AUG,FRI,False,895,PLY,1427,1427,BHM,1755,1820,25,1803,1825,22,282,DAR,2056,2232,96,True
202608287100723,XC,2026-08-28,AUG,FRI,False,904,PLY,1527,1526,BHM,1854,1857,3,1903,1903,0,282,DAR,2212,2224,12,True
202608287100733,XC,2026-08-28,AUG,FRI,False,,RDG,1845,1848,BHM,2018,2018,0,2025,2026,1,130,DAR,2249,2254,5,True
202608297101056,XC,2026-08-29,AUG,SAT,False,,BHM,0633,0634,BHM,,,,0633,0634,1,0,DAR,1006,1005,-1,False
202608297565879,XC,2026-08-29,AUG,SAT,False,,BHM,0727,0728,BHM,,,,0727,0728,1,0,DAR,1106,1114,8,True
202608297101057,XC,2026-08-29,AUG,SAT,False,871,BRI,0615,0615,BHM,0755,0753,-2,0803,0803,0,124,DAR,1206,1228,22,True
202608297101059,XC,2026-08-29,AUG,SAT,False,,PLY,0527,0527,BHM,0855,0858,3,0903,0904,1,282,DAR,1306,1305,-1,False
202608297101061,XC,2026-08-29,AUG,SAT,False,,PLY,0627,0627,BHM,0955,0955,0,1003,1004,1,282,DAR,1406,1404,-2,False
202608297101065,XC,2026-08-29,AUG,SAT,False,,PLY,0725,0725,BHM,1055,1054,-1,1103,1103,0,282,DAR,1506,1509,3,True
202608297101068,XC,2026-08-29,AUG,SAT,False,,PLY,0827,0827,BHM,1155,1158,3,1203,1203,0,282,DAR,1606,1611,5,True
202608297101070,XC,2026-08-29,AUG,SAT,False,,PLY,0927,0926,BHM,1255,1252,-3,1303,1303,0,282,DAR,1706,1702,-4,False
202608297101072,XC,2026-08-29,AUG,SAT,False,,PLY,1027,1027,BHM,1355,1359,4,1403,1408,5,282,DAR,1805,1804,-1,False
202608297101076,XC,2026-08-29,AUG,SAT,False,895,PLY,1127,1126,BHM,1455,1516,21,1503,1521,18,282,DAR,1908,1906,-2,False
202608297101079,XC,2026-08-29,AUG,SAT,False,887,PLY,1227,1227,BHM,1555,1554,-1,1603,1603,0,282,DAR,2006,2025,19,True
202608297101081,XC,2026-08-29,AUG,SAT,True,547,PNZ,1115,,BHM,1655,,,1703,,,365,DAR,2057,,,
202608297100725,XC,2026-08-29,AUG,SAT,False,,PLY,1527,1526,BHM,1855,1905,10,1903,1911,8,282,DAR,2155,2157,2,True
202608307166991,XC,2026-08-30,AUG,SUN,False,,BHM,0848,0848,BHM,,,,0848,0848,0,0,DAR,1203,1209,6,True
202608307101063,XC,2026-08-30,AUG,SUN,False,,BHM,0933,0933,BHM,,,,0933,0933,0,0,DAR,1305,1303,-2,False
202608307565982,XC,2026-08-30,AUG,SUN,False,,BHM,1033,1033,BHM,,,,1033,1033,0,0,DAR,1404,1411,7,True
202608307101066,XC,2026-08-30,AUG,SUN,False,812,BRI,0915,,BHM,,,,1103,1104,1,124,DAR,1507,1505,-2,False
202608307909702,XC,2026-08-30,AUG,SUN,False,,BHM,1303,1309,BHM,,,,1303,1309,6,0,DAR,1705,1709,4,True
202608308729782,XC,2026-08-30,AUG,SUN,False,,PLY,1027,1028,BHM,1349,1357,8,1403,1406,3,282,DAR,1803,1803,0,False
202608307101077,XC,2026-08-30,AUG,SUN,True,728,PLY,1127,,BHM,1449,,,1503,,,282,DAR,1901,,,
202608307101078,XC,2026-08-30,AUG,SUN,False,,PLY,1227,,BHM,1549,1548,-1,1603,1603,0,282,DAR,2007,2007,0,False
202608308729792,XC,2026-08-30,AUG,SUN,False,,PNZ,1130,,BHM,1649,1655,6,1703,1705,2,365,DAR,2058,2058,0,False
202608308729795,XC,2026-08-30,AUG,SUN,False,886,PLY,1427,,BHM,1749,1750,1,1803,1817,14,282,DAR,2052,2125,33,True
202608317101055,XC,2026-08-31,AUG,MON,False,,BHM,0630,0629,BHM,,,,0630,0629,-1,0,DAR,1006,1020,14,True
202608317566058,XC,2026-08-31,AUG,MON,False,,BHM,0728,0729,BHM,,,,0728,0729,1,0,DAR,1106,1104,-2,False
202608317166987,XC,2026-08-31,AUG,MON,False,,BRI,0635,0635,BHM,0755,0757,2,0803,0803,0,124,DAR,1206,1212,6,True
202608317101060,XC,2026-08-31,AUG,MON,False,871,PLY,0525,0525,BHM,0855,0909,14,0903,0913,10,282,DAR,1306,1305,-1,False
202608317101062,XC,2026-08-31,AUG,MON,False,824,PLY,0620,0620,BHM,0954,0959,5,1003,1004,1,282,DAR,1406,1404,-2,False
202608317101064,XC,2026-08-31,AUG,MON,False,871,PLY,0727,0727,BHM,1055,1104,9,1103,1115,12,282,DAR,1506,1509,3,True
202608317101067,XC,2026-08-31,AUG,MON,False,,PLY,0827,0826,BHM,1155,1205,10,1203,1213,10,282,DAR,1604,1608,4,True
202608317101069,XC,2026-08-31,AUG,MON,False,776,PLY,0927,0948,BHM,1255,1328,33,1303,1334,31,282,DAR,1706,1706,0,False
202608317101073,XC,2026-08-31,AUG,MON,False,,PLY,1027,1027,BHM,1355,1359,4,1403,1405,2,282,DAR,1805,1804,-1,False
202608317101075,XC,2026-08-31,AUG,MON,False,,PLY,1127,1126,BHM,1455,1457,2,1503,1503,0,282,DAR,1908,1908,0,False
202608317101080,XC,2026-08-31,AUG,MON,False,,PLY,1227,1228,BHM,1555,1605,10,1603,1612,9,282,DAR,2010,2007,-3,False
202608317101082,XC,2026-08-31,AUG,MON,False,536,PNZ,1115,1116,BHM,1655,1704,9,1703,1709,6,365,DAR,2056,2113,17,True
202608317101083,XC,2026-08-31,AUG,MON,False,,PLY,1427,1428,BHM,1755,1805,10,1803,1811,8,282,DAR,2212,2212,0,False
202609017166982,XC,2026-09-01,SEP,TUE,False,,BHM,0603,0602,BHM,,,,0603,0602,-1,0,DAR,0906,0904,-2,False
202609017101055,XC,2026-09-01,SEP,TUE,False,,BHM,0703,0703,BHM,,,,0703,0703,0,0,DAR,1006,1004,-2,False
202609017166987,XC,2026-09-01,SEP,TUE,False,871,BRI,0635,0635,BHM,0755,0752,-3,0803,0803,0,124,DAR,1106,1114,8,True
202609017101060,XC,2026-09-01,SEP,TUE,False,,PLY,0525,0524,BHM,0855,0902,7,0903,0906,3,282,DAR,1206,1202,-4,False
202609017101062,XC,2026-09-01,SEP,TUE,False,,PLY,0620,0619,BHM,0954,0952,-2,1003,1003,0,282,DAR,1306,1305,-1,False
202609017101064,XC,2026-09-01,SEP,TUE,False,,PLY,0727,0727,BHM,1055,1057,2,1103,1105,2,282,DAR,1406,1405,-1,False
202609017101067,XC,2026-09-01,SEP,TUE,False,,CDF,0945,0945,BHM,1149,1151,2,1203,1207,4,143,DAR,1506,1516,10,True
202609017910565,XC,2026-09-01,SEP,TUE,False,,BHM,1303,1310,BHM,,,,1303,1310,7,0,DAR,1604,1609,5,True
202609017910593,XC,2026-09-01,SEP,TUE,False,832,BHM,1403,1403,BHM,,,,1403,1403,0,0,DAR,1706,1733,27,True
202609017101075,XC,2026-09-01,SEP,TUE,False,832,PLY,1127,1127,BHM,1455,1520,25,1503,1530,27,282,DAR,1805,1809,4,True
202609017101080,XC,2026-09-01,SEP,TUE,False,865,PLY,1227,1226,BHM,1555,1554,-1,1603,1603,0,282,DAR,1908,1915,7,True
202609017101082,XC,2026-09-01,SEP,TUE,False,832,PNZ,1115,1115,BHM,1655,1720,25,1703,1727,24,365,DAR,2010,2040,30,True
202609017101083,XC,2026-09-01,SEP,TUE,False,832,PLY,1427,1426,BHM,1755,1824,29,1803,1832,29,282,DAR,2056,2148,52,True
202609017100723,XC,2026-09-01,SEP,TUE,False,574,PLY,1527,,BHM,1854,1901,7,1903,1907,4,282,DAR,2212,2212,0,False
202609017100733,XC,2026-09-01,SEP,TUE,False,576,RDG,1845,1845,BHM,2018,2023,5,2025,2027,2,130,DAR,2249,2333,44,True
202609027166982,XC,2026-09-02,SEP,WED,False,,BHM,0603,0602,BHM,,,,0603,0602,-1,0,DAR,0906,0904,-2,False
202609027101055,XC,2026-09-02,SEP,WED,False,895,BHM,0703,0704,BHM,,,,0703,0704,1,0,DAR,1006,1009,3,True
202609027166987,XC,2026-09-02,SEP,WED,False,704,BRI,0635,0639,BHM,0755,0809,14,0803,0814,11,124,DAR,1106,1112,6,True
202609027101060,XC,2026-09-02,SEP,WED,False,574,PLY,0525,0525,BHM,0855,0912,17,0903,0916,13,282,DAR,1206,1219,13,True
202609027101062,XC,2026-09-02,SEP,WED,False,,PLY,0620,0621,BHM,0954,0959,5,1003,1003,0,282,DAR,1306,1306,0,False
202609027101064,XC,2026-09-02,SEP,WED,False,,PLY,0727,0727,BHM,1055,1055,0,1103,1103,0,282,DAR,1406,1408,2,True
202609027101067,XC,2026-09-02,SEP,WED,False,,CDF,0945,0947,BHM,1149,1149,0,1203,1203,0,143,DAR,1506,1502,-4,False
202609027101069,XC,2026-09-02,SEP,WED,False,,PLY,0927,0927,BHM,1255,1258,3,1303,1305,2,282,DAR,1604,1604,0,False
202609027101073,XC,2026-09-02,SEP,WED,False,,PLY,1027,1027,BHM,1355,1352,-3,1403,1402,-1,282,DAR,1706,1709,3,True
202609027101075,XC,2026-09-02,SEP,WED,False,,PLY,1127,1126,BHM,1455,1457,2,1503,1503,0,282,DAR,1805,1805,0,False
202609027101080,XC,2026-09-02,SEP,WED,False,894,PLY,1227,1227,BHM,1555,1558,3,1603,1603,0,282,DAR,1908,1922,14,True
202609027101082,XC,2026-09-02,SEP,WED,False,,PNZ,1115,1115,BHM,1655,1657,2,1703,1704,1,365,DAR,2010,2008,-2,False
202609027101083,XC,2026-09-02,SEP,WED,False,,PLY,1427,1426,BHM,1755,1754,-1,1803,1803,0,282,DAR,2056,2109,13,True
202609037166982,XC,2026-09-03,SEP,THU,False,,BHM,0603,0603,BHM,,,,0603,0603,0,0,DAR,0906,0904,-2,False
202609037101055,XC,2026-09-03,SEP,THU,False,,BHM,0703,0706,BHM,,,,0703,0706,3,0,DAR,1006,1004,-2,False
202609037166987,XC,2026-09-03,SEP,THU,False,,BRI,0635,0635,BHM,0755,0752,-3,0803,0802,-1,124,DAR,1106,1104,-2,False
202609037101060,XC,2026-09-03,SEP,THU,False,,PLY,0525,0525,BHM,0855,0859,4,0903,0907,4,282,DAR,1206,1208,2,True
202609037101062,XC,2026-09-03,SEP,THU,False,,PLY,0620,0620,BHM,0954,0958,4,1003,1003,0,282,DAR,1306,1303,-3,False
202609037101064,XC,2026-09-03,SEP,THU,False,,PLY,0727,0727,BHM,1055,1059,4,1103,1103,0,282,DAR,1406,1410,4,True
202609037101067,XC,2026-09-03,SEP,THU,False,,CDF,0945,0945,BHM,1149,1147,-2,1203,1205,2,143,DAR,1506,1506,0,False
202609037101069,XC,2026-09-03,SEP,THU,False,,PLY,0927,0927,BHM,1255,1255,0,1303,1302,-1,282,DAR,1604,1608,4,True
202609037101073,XC,2026-09-03,SEP,THU,False,,PLY,1027,1028,BHM,1355,1408,13,1403,1412,9,282,DAR,1706,1718,12,True
202609037101075,XC,2026-09-03,SEP,THU,False,,PLY,1127,1127,BHM,1455,1506,11,1503,1511,8,282,DAR,1805,1802,-3,False
202609037101080,XC,2026-09-03,SEP,THU,False,,PLY,1227,1226,BHM,1555,1556,1,1603,1603,0,282,DAR,1908,1913,5,True
202609037101082,XC,2026-09-03,SEP,THU,False,,PNZ,1115,1115,BHM,1655,1658,3,1703,1708,5,365,DAR,2010,2008,-2,False
202609037101083,XC,2026-09-03,SEP,THU,False,,PLY,1427,1427,BHM,1755,1753,-2,1803,1803,0,282,DAR,2056,2058,2,True
202609037100723,XC,2026-09-03,SEP,THU,False,,PLY,1527,1527,BHM,1854,1854,0,1903,1902,-1,282,DAR,2212,2212,0,False
202609037100733,XC,2026-09-03,SEP,THU,False,,RDG,1845,1846,BHM,2018,2025,7,2025,2030,5,130,DAR,2258,2302,4,True
202609047166982,XC,2026-09-04,SEP,FRI,False,,BHM,0603,0603,BHM,,,,0603,0603,0,0,DAR,0906,0904,-2,False
202609047101055,XC,2026-09-04,SEP,FRI,False,895,BHM,0703,0703,BHM,,,,0703,0703,0,0,DAR,1006,1011,5,True
202609047166987,XC,2026-09-04,SEP,FRI,False,,BRI,0635,0635,BHM,0755,0755,0,0803,0803,0,124,DAR,1106,1104,-2,False
202609047101060,XC,2026-09-04,SEP,FRI,False,,PLY,0525,0525,BHM,0855,0856,1,0903,0903,0,282,DAR,1206,1202,-4,False
202609047101062,XC,2026-09-04,SEP,FRI,False,895,PLY,0620,0620,BHM,0954,0955,1,1003,1003,0,282,DAR,1306,1327,21,True
202609047101064,XC,2026-09-04,SEP,FRI,False,,PLY,0727,0726,BHM,1055,1053,-2,1103,1105,2,282,DAR,1406,1404,-2,False
202609047101067,XC,2026-09-04,SEP,FRI,False,895,CDF,0945,0945,BHM,1149,1151,2,1203,1215,12,143,DAR,1506,1530,24,True
202609047101069,XC,2026-09-04,SEP,FRI,False,904,PLY,0927,0927,BHM,1255,1305,10,1303,1310,7,282,DAR,1604,1609,5,True
202609047101073,XC,2026-09-04,SEP,FRI,False,,PLY,1027,1027,BHM,1355,1357,2,1403,1403,0,282,DAR,1706,1714,8,True
202609047101074,XC,2026-09-04,SEP,FRI,False,,PLY,1127,1127,BHM,1455,1455,0,1503,1503,0,282,DAR,1805,1804,-1,False
202609047101080,XC,2026-09-04,SEP,FRI,False,895,PLY,1227,1226,BHM,1555,1611,16,1603,1619,16,282,DAR,1908,1917,9,True
202609047101082,XC,2026-09-04,SEP,FRI,False,895,PNZ,1115,1115,BHM,1655,1719,24,1703,1723,20,365,DAR,2010,2008,-2,False
202609047101083,XC,2026-09-04,SEP,FRI,False,904,PLY,1427,1427,BHM,1755,1818,23,1803,1822,19,282,DAR,2056,2132,36,True
202609047100723,XC,2026-09-04,SEP,FRI,False,896,PLY,1527,1527,BHM,1854,1911,17,1903,1915,12,282,DAR,2212,2331,79,True
202609047100733,XC,2026-09-04,SEP,FRI,False,896,RDG,1845,1846,BHM,2018,2018,0,2025,2025,0,130,DAR,2249,2341,52,True
202609057166981,XC,2026-09-05,SEP,SAT,False,,BHM,0603,0603,BHM,,,,0603,0603,0,0,DAR,0906,0902,-4,False
202609057101056,XC,2026-09-05,SEP,SAT,False,,BHM,0703,0703,BHM,,,,0703,0703,0,0,DAR,1006,1002,-4,False
202609057101057,XC,2026-09-05,SEP,SAT,False,,BRI,0615,0615,BHM,0755,0755,0,0803,0803,0,124,DAR,1106,1104,-2,False
202609057101059,XC,2026-09-05,SEP,SAT,False,,PLY,0527,0526,BHM,0855,0852,-3,0903,0904,1,282,DAR,1206,1202,-4,False
202609057101061,XC,2026-09-05,SEP,SAT,False,,PLY,0627,0627,BHM,0955,0957,2,1003,1004,1,282,DAR,1306,1305,-1,False
202609057101065,XC,2026-09-05,SEP,SAT,False,,PLY,0725,0725,BHM,1055,1100,5,1103,1107,4,282,DAR,1406,1402,-4,False
202609057101068,XC,2026-09-05,SEP,SAT,False,,PLY,0827,0827,BHM,1155,1207,12,1203,1212,9,282,DAR,1506,1516,10,True
202609057101070,XC,2026-09-05,SEP,SAT,False,896,PLY,0927,0927,BHM,1255,1336,41,1303,1341,38,282,DAR,1606,1608,2,True
202609057101072,XC,2026-09-05,SEP,SAT,False,,PLY,1027,1027,BHM,1355,1405,10,1403,1409,6,282,DAR,1706,1704,-2,False
202609057101076,XC,2026-09-05,SEP,SAT,False,896,PLY,1127,,BHM,1455,1519,24,1503,1525,22,282,DAR,1805,1821,16,True
202609057101079,XC,2026-09-05,SEP,SAT,False,,PLY,1227,1244,BHM,1555,1617,22,1603,1621,18,282,DAR,1908,1918,10,True
202609057101081,XC,2026-09-05,SEP,SAT,False,,PNZ,1115,1115,BHM,1655,1700,5,1703,1704,1,365,DAR,2006,2002,-4,False
202609057101084,XC,2026-09-05,SEP,SAT,False,574,PLY,1427,1429,BHM,1755,1816,21,1803,1819,16,282,DAR,2057,2121,24,True
202609057100727,XC,2026-09-05,SEP,SAT,False,,RDG,1745,1744,BHM,1917,1916,-1,1927,1927,0,130,DAR,2155,2200,5,True
202609057100732,XC,2026-09-05,SEP,SAT,False,,RDG,1845,1844,BHM,2017,2027,10,2025,2032,7,130,DAR,2248,2253,5,True
202609067166991,XC,2026-09-06,SEP,SUN,False,,BHM,0903,0903,BHM,,,,0903,0903,0,0,DAR,1203,1204,1,True
202609067101063,XC,2026-09-06,SEP,SUN,False,,BHM,1003,1003,BHM,,,,1003,1003,0,0,DAR,1305,1304,-1,False
202609067101066,XC,2026-09-06,SEP,SUN,False,811,BRI,0915,,BHM,,,,1103,1118,15,124,DAR,1404,1421,17,True
202609068729776,XC,2026-09-06,SEP,SUN,False,,BRI,1031,1031,BHM,1149,1150,1,1203,1203,0,124,DAR,1507,1511,4,True
202609068729782,XC,2026-09-06,SEP,SUN,True,908,PLY,1027,,BHM,1349,,,1403,,,282,DAR,1705,,,
202609067101077,XC,2026-09-06,SEP,SUN,False,832,PLY,1127,1127,BHM,1449,1508,19,1503,1515,12,282,DAR,1803,1803,0,False
202609067101078,XC,2026-09-06,SEP,SUN,False,,PLY,1227,,BHM,1549,1547,-2,1603,1603,0,282,DAR,1901,1900,-1,False
202609068729792,XC,2026-09-06,SEP,SUN,False,832,PNZ,1130,1130,BHM,1649,1721,32,1703,1731,28,365,DAR,2007,2026,19,True
202609068729795,XC,2026-09-06,SEP,SUN,False,,PLY,1427,,BHM,1749,1749,0,1803,1806,3,282,DAR,2058,2109,11,True
202609067100728,XC,2026-09-06,SEP,SUN,False,913,RDG,1742,,BHM,,,,1928,1945,17,130,DAR,2207,2205,-2,False
202609077166982,XC,2026-09-07,SEP,MON,False,,BHM,0603,0603,BHM,,,,0603,0603,0,0,DAR,0906,0905,-1,False
202609077101055,XC,2026-09-07,SEP,MON,False,,BHM,0703,0703,BHM,,,,0703,0703,0,0,DAR,1006,1011,5,True
202609077166987,XC,2026-09-07,SEP,MON,False,,BRI,0635,0635,BHM,0755,0752,-3,0803,0803,0,124,DAR,1106,1105,-1,False
202609077101060,XC,2026-09-07,SEP,MON,False,,PLY,0525,0525,BHM,0855,0853,-2,0903,0902,-1,282,DAR,1206,1204,-2,False
202609077101062,XC,2026-09-07,SEP,MON,False,,PLY,0620,0620,BHM,0954,0956,2,1003,1002,-1,282,DAR,1306,1304,-2,False
202609077101064,XC,2026-09-07,SEP,MON,False,,PLY,0727,0727,BHM,1055,1058,3,1103,1104,1,282,DAR,1406,1406,0,False
202609077101067,XC,2026-09-07,SEP,MON,False,,CDF,0945,0945,BHM,1149,1148,-1,1203,1204,1,143,DAR,1506,1504,-2,False
202609077101069,XC,2026-09-07,SEP,MON,False,,PLY,0927,0927,BHM,1255,1256,1,1303,1304,1,282,DAR,1604,1605,1,True
202609077101073,XC,2026-09-07,SEP,MON,False,895,PLY,1027,1027,BHM,1355,1409,14,1403,1415,12,282,DAR,1706,1717,11,True
202609077101075,XC,2026-09-07,SEP,MON,False,,PLY,1127,1127,BHM,1455,1457,2,1503,1503,0,282,DAR,1805,1801,-4,False
202609077101080,XC,2026-09-07,SEP,MON,False,895,PLY,1227,1227,BHM,1555,1610,15,1603,1615,12,282,DAR,1908,1908,0,False
202609077101082,XC,2026-09-07,SEP,MON,False,895,PNZ,1115,1115,BHM,1655,1705,10,1703,1710,7,365,DAR,2010,2009,-1,False
202609077101083,XC,2026-09-07,SEP,MON,False,535,PLY,1427,1426,BHM,1755,1807,12,1803,1813,10,282,DAR,2056,2105,9,True
202609077100723,XC,2026-09-07,SEP,MON,False,,PLY,1527,1526,BHM,1854,1907,13,1903,1912,9,282,DAR,2212,2212,0,False
202609077100733,XC,2026-09-07,SEP,MON,False,,RDG,1845,1849,BHM,2018,2020,2,2025,2025,0,130,DAR,2249,2253,4,True
202609087166982,XC,2026-09-08,SEP,TUE,False,,BHM,0603,0603,BHM,,,,0603,0603,0,0,DAR,0906,0902,-4,False
202609087101055,XC,2026-09-08,SEP,TUE,False,,BHM,0703,0703,BHM,,,,0703,0703,0,0,DAR,1006,1004,-2,False
202609087166987,XC,2026-09-08,SEP,TUE,False,,BRI,0635,0635,BHM,0755,0750,-5,0803,0803,0,124,DAR,1106,1105,-1,False
202609087101060,XC,2026-09-08,SEP,TUE,False,,PLY,0525,0525,BHM,0855,0854,-1,0903,0904,1,282,DAR,1206,1206,0,False
202609087101062,XC,2026-09-08,SEP,TUE,False,,PLY,0620,0620,BHM,0954,0957,3,1003,1003,0,282,DAR,1306,1308,2,True
202609087101064,XC,2026-09-08,SEP,TUE,False,871,PLY,0727,0727,BHM,1055,1105,10,1103,1109,6,282,DAR,1406,1404,-2,False
202609087101067,XC,2026-09-08,SEP,TUE,False,911,CDF,0945,0945,BHM,1149,1223,34,1203,1229,26,143,DAR,1506,1542,36,True
202609087101069,XC,2026-09-08,SEP,TUE,False,,PLY,0927,0926,BHM,1255,1257,2,1303,1303,0,282,DAR,1604,1603,-1,False
202609087101073,XC,2026-09-08,SEP,TUE,False,,PLY,1027,1027,BHM,1355,1359,4,1403,1404,1,282,DAR,1706,1706,0,False
202609087101075,XC,2026-09-08,SEP,TUE,False,,PLY,1127,1127,BHM,1455,1456,1,1503,1503,0,282,DAR,1805,1803,-2,False
202609087101080,XC,2026-09-08,SEP,TUE,False,,PLY,1227,1227,BHM,1555,1558,3,1603,1604,1,282,DAR,1908,1907,-1,False
202609087101082,XC,2026-09-08,SEP,TUE,False,,PNZ,1115,,BHM,1655,1654,-1,1703,1706,3,365,DAR,2010,2012,2,True
202609087101083,XC,2026-09-08,SEP,TUE,False,824,PLY,1427,1427,BHM,1755,1811,16,1803,1815,12,282,DAR,2056,2111,15,True
202609087100723,XC,2026-09-08,SEP,TUE,False,887,PLY,1527,1527,BHM,1854,1856,2,1903,1914,11,282,DAR,2212,2220,8,True
202609087100733,XC,2026-09-08,SEP,TUE,True,528,RDG,1845,,BHM,2018,,,2025,,,130,DAR,2249,,,
202609097166982,XC,2026-09-09,SEP,WED,False,,BHM,0603,0602,BHM,,,,0603,0602,-1,0,DAR,0906,0911,5,True
202609097101055,XC,2026-09-09,SEP,WED,False,,BHM,0703,0703,BHM,,,,0703,0703,0,0,DAR,1006,1004,-2,False
202609097166987,XC,2026-09-09,SEP,WED,False,,BRI,0635,0635,BHM,0755,0807,12,0803,0812,9,124,DAR,1106,1105,-1,False
202609097101060,XC,2026-09-09,SEP,WED,False,,PLY,0525,0525,BHM,0855,0859,4,0903,0904,1,282,DAR,1206,1210,4,True
202609097101062,XC,2026-09-09,SEP,WED,False,,PLY,0620,0620,BHM,0954,0956,2,1003,1003,0,282,DAR,1306,1309,3,True
202609097101064,XC,2026-09-09,SEP,WED,False,536,PLY,0727,0727,BHM,1055,1055,0,1103,1103,0,282,DAR,1406,1406,0,False
202609097101067,XC,2026-09-09,SEP,WED,False,,CDF,0945,0954,BHM,1149,1147,-2,1203,1212,9,143,DAR,1506,1509,3,True
202609097101069,XC,2026-09-09,SEP,WED,False,656,PLY,0927,0927,BHM,1255,1317,22,1303,1321,18,282,DAR,1604,1606,2,True
202609097101073,XC,2026-09-09,SEP,WED,False,574,PLY,1027,,BHM,1355,1419,24,1403,1424,21,282,DAR,1706,1717,11,True
202609097915475,XC,2026-09-09,SEP,WED,False,,BRI,1330,1329,BHM,1455,1459,4,1503,1505,2,124,DAR,1805,1806,1,True
202609097101080,XC,2026-09-09,SEP,WED,True,824,PLY,1227,,BHM,1555,,,1603,,,282,DAR,1908,,,
202609097101082,XC,2026-09-09,SEP,WED,False,871,PNZ,1115,1115,BHM,1655,1816,81,1703,1821,78,365,DAR,2010,2103,53,True
202609097101083,XC,2026-09-09,SEP,WED,False,824,PLY,1427,,BHM,1755,1806,11,1803,1812,9,282,DAR,2056,2121,25,True
202609097100723,XC,2026-09-09,SEP,WED,False,,PLY,1527,1531,BHM,1854,1858,4,1903,1903,0,282,DAR,2212,2214,2,True
202609097100733,XC,2026-09-09,SEP,WED,False,,RDG,1845,1845,BHM,2018,2019,1,2025,2026,1,130,DAR,2249,2255,6,True
202609107166982,XC,2026-09-10,SEP,THU,False,,BHM,0603,0603,BHM,,,,0603,0603,0,0,DAR,0906,0904,-2,False
202609107101055,XC,2026-09-10,SEP,THU,False,,BHM,0703,0703,BHM,,,,0703,0703,0,0,DAR,1006,1014,8,True
202609107166987,XC,2026-09-10,SEP,THU,False,,BRI,0635,0635,BHM,0755,0753,-2,0803,0802,-1,124,DAR,1106,1106,0,False
202609107101060,XC,2026-09-10,SEP,THU,False,,PLY,0525,0525,BHM,0855,0855,0,0903,0902,-1,282,DAR,1206,1207,1,True
202609107101062,XC,2026-09-10,SEP,THU,False,654,PLY,0620,0620,BHM,0954,1005,11,1003,1009,6,282,DAR,1306,1308,2,True
202609107101064,XC,2026-09-10,SEP,THU,False,776,PLY,0727,0727,BHM,1055,1120,25,1103,1125,22,282,DAR,1406,1441,35,True
202609107101067,XC,2026-09-10,SEP,THU,False,,CDF,0945,0945,BHM,1149,1150,1,1203,1204,1,143,DAR,1506,1506,0,False
202609107101069,XC,2026-09-10,SEP,THU,False,,PLY,0927,0926,BHM,1255,1254,-1,1303,1303,0,282,DAR,1604,1607,3,True
202609107101073,XC,2026-09-10,SEP,THU,False,896,PLY,1027,1027,BHM,1355,1355,0,1403,1403,0,282,DAR,1706,1718,12,True
202609107101075,XC,2026-09-10,SEP,THU,False,574,PLY,1127,1127,BHM,1455,1515,20,1503,1520,17,282,DAR,1805,1808,3,True
202609107101080,XC,2026-09-10,SEP,THU,False,576,PLY,1227,1227,BHM,1555,1556,1,1603,1603,0,282,DAR,1908,1917,9,True
202609107101082,XC,2026-09-10,SEP,THU,False,832,PNZ,1115,1115,BHM,1655,1658,3,1703,1704,1,365,DAR,2010,2023,13,True
202609107101083,XC,2026-09-10,SEP,THU,False,895,PLY,1427,1427,BHM,1755,1822,27,1803,1829,26,282,DAR,2056,2126,30,True
202609107100723,XC,2026-09-10,SEP,THU,False,,PLY,1527,1526,BHM,1854,1901,7,1903,1905,2,282,DAR,2212,2220,8,True
202609107100733,XC,2026-09-10,SEP,THU,False,895,RDG,1845,1853,BHM,2018,2026,8,2025,2034,9,130,DAR,2249,2310,21,True
202609117166982,XC,2026-09-11,SEP,FRI,False,,BHM,0603,0603,BHM,,,,0603,0603,0,0,DAR,0906,0904,-2,False
202609117101055,XC,2026-09-11,SEP,FRI,False,,BHM,0703,0703,BHM,,,,0703,0703,0,0,DAR,1006,1010,4,True
202609117166987,XC,2026-09-11,SEP,FRI,False,,BRI,0635,0635,BHM,0755,0753,-2,0803,0803,0,124,DAR,1106,1105,-1,False
202609117101060,XC,2026-09-11,SEP,FRI,False,,PLY,0525,0525,BHM,0855,0856,1,0903,0902,-1,282,DAR,1206,1208,2,True
202609117101062,XC,2026-09-11,SEP,FRI,False,,PLY,0620,0619,BHM,0954,0956,2,1003,1003,0,282,DAR,1306,1310,4,True
202609117101064,XC,2026-09-11,SEP,FRI,False,,PLY,0727,0727,BHM,1055,1059,4,1103,1106,3,282,DAR,1406,1411,5,True
202609117101067,XC,2026-09-11,SEP,FRI,False,910,CDF,0945,0945,BHM,1149,1151,2,1203,1223,20,143,DAR,1506,1526,20,True
202609117101069,XC,2026-09-11,SEP,FRI,False,,PLY,0927,0926,BHM,1255,1259,4,1303,1308,5,282,DAR,1604,1605,1,True
202609117101073,XC,2026-09-11,SEP,FRI,False,574,PLY,1027,,BHM,1355,1442,47,1403,1449,46,282,DAR,1706,1717,11,True
202609117101074,XC,2026-09-11,SEP,FRI,False,895,PLY,1127,1127,BHM,1455,1518,23,1503,1525,22,282,DAR,1805,1824,19,True
202609117101080,XC,2026-09-11,SEP,FRI,False,,PLY,1227,1227,BHM,1555,1606,11,1603,1612,9,282,DAR,1908,1915,7,True
202609117101082,XC,2026-09-11,SEP,FRI,False,895,PNZ,1115,1115,BHM,1655,1708,13,1703,1719,16,365,DAR,2010,2026,16,True
202609117101083,XC,2026-09-11,SEP,FRI,False,,PLY,1427,1426,BHM,1755,1759,4,1803,1804,1,282,DAR,2056,2102,6,True
202609117100723,XC,2026-09-11,SEP,FRI,False,,PLY,1527,1527,BHM,1854,1854,0,1903,1903,0,282,DAR,2212,2216,4,True
202609117100733,XC,2026-09-11,SEP,FRI,False,,RDG,1845,1844,BHM,2018,2023,5,2025,2031,6,130,DAR,2249,2310,21,True
202609127166981,XC,2026-09-12,SEP,SAT,False,,BHM,0603,0603,BHM,,,,0603,0603,0,0,DAR,0906,0907,1,True
202609127101056,XC,2026-09-12,SEP,SAT,False,,BHM,0703,0704,BHM,,,,0703,0704,1,0,DAR,1006,1006,0,False
202609127101057,XC,2026-09-12,SEP,SAT,False,,BRI,0615,0615,BHM,0755,0759,4,0803,0805,2,124,DAR,1106,1105,-1,False
202609127101059,XC,2026-09-12,SEP,SAT,False,579,PLY,0527,0527,BHM,0855,0853,-2,0903,0902,-1,282,DAR,1206,1225,19,True
202609127101061,XC,2026-09-12,SEP,SAT,False,,PLY,0627,0627,BHM,0955,0954,-1,1003,1003,0,282,DAR,1306,1308,2,True
202609127101065,XC,2026-09-12,SEP,SAT,False,,PLY,0725,0725,BHM,1055,1058,3,1103,1103,0,282,DAR,1406,1405,-1,False
202609127101068,XC,2026-09-12,SEP,SAT,False,,PLY,0827,0826,BHM,1155,1155,0,1203,1203,0,282,DAR,1506,1512,6,True
202609127101070,XC,2026-09-12,SEP,SAT,False,,PLY,0927,0926,BHM,1255,1255,0,1303,1303,0,282,DAR,1606,1605,-1,False
202609127101072,XC,2026-09-12,SEP,SAT,False,,PLY,1027,1027,BHM,1355,1400,5,1403,1404,1,282,DAR,1706,1703,-3,False
202609127101076,XC,2026-09-12,SEP,SAT,False,,PLY,1127,1127,BHM,1455,1458,3,1503,1504,1,282,DAR,1805,1809,4,True
202609127101079,XC,2026-09-12,SEP,SAT,False,576,PLY,1227,1227,BHM,1555,1621,26,1603,1634,31,282,DAR,1908,1932,24,True
202609127101081,XC,2026-09-12,SEP,SAT,False,904,PNZ,1115,1117,BHM,1655,1722,27,1703,1728,25,365,DAR,2006,2019,13,True
202609127101084,XC,2026-09-12,SEP,SAT,False,,PLY,1427,1426,BHM,1755,1757,2,1803,1804,1,282,DAR,2057,2118,21,True
202609127100727,XC,2026-09-12,SEP,SAT,True,913,RDG,1745,,BHM,,,,1927,,,130,DAR,2155,,,
202609127100732,XC,2026-09-12,SEP,SAT,False,,RDG,1845,1844,BHM,2017,2018,1,2025,2025,0,130,DAR,2248,2311,23,True
202609137166991,XC,2026-09-13,SEP,SUN,False,812,BHM,0903,0904,BHM,,,,0903,0904,1,0,DAR,1203,1203,0,False
202609137101063,XC,2026-09-13,SEP,SUN,False,573,BHM,1003,1003,BHM,,,,1003,1003,0,0,DAR,1305,1319,14,True
202609137101066,XC,2026-09-13,SEP,SUN,False,,BRI,0915,0915,BHM,1049,1054,5,1103,1105,2,124,DAR,1404,1404,0,False
202609138729776,XC,2026-09-13,SEP,SUN,False,,BRI,1031,1031,BHM,1149,1154,5,1203,1207,4,124,DAR,1507,1506,-1,False
202609137101071,XC,2026-09-13,SEP,SUN,False,,PLY,0927,0926,BHM,1249,1254,5,1303,1304,1,282,DAR,1557,1557,0,False
202609138729782,XC,2026-09-13,SEP,SUN,False,895,PLY,1027,1027,BHM,1349,1422,33,1403,1431,28,282,DAR,1705,1732,27,True
202609137101077,XC,2026-09-13,SEP,SUN,False,,PLY,1127,1127,BHM,1449,1447,-2,1503,1503,0,282,DAR,1803,1809,6,True
202609137101078,XC,2026-09-13,SEP,SUN,False,,PLY,1227,,BHM,,,,1603,1603,0,282,DAR,1901,1901,0,False
202609138729792,XC,2026-09-13,SEP,SUN,False,,PNZ,1130,1130,BHM,1649,1706,17,1703,1712,9,365,DAR,2007,2008,1,True
202609138729795,XC,2026-09-13,SEP,SUN,False,,PLY,1427,1427,BHM,1749,1754,5,1803,1803,0,282,DAR,2058,2109,11,True
202609137100728,XC,2026-09-13,SEP,SUN,True,526,RDG,1742,,BHM,1918,,,1928,,,130,DAR,2207,,,
202609147166982,XC,2026-09-14,SEP,MON,False,,BHM,0603,0603,BHM,,,,0603,0603,0,0,DAR,0906,0905,-1,False
202609147101055,XC,2026-09-14,SEP,MON,False,,BHM,0703,0703,BHM,,,,0703,0703,0,0,DAR,1006,1007,1,True
202609147166987,XC,2026-09-14,SEP,MON,False,,BRI,0635,0635,BHM,0755,0806,11,0803,0811,8,124,DAR,1106,1111,5,True
202609147101060,XC,2026-09-14,SEP,MON,False,,PLY,0525,0524,BHM,0855,0855,0,0903,0902,-1,282,DAR,1206,1210,4,True
202609147101062,XC,2026-09-14,SEP,MON,False,,PLY,0620,0621,BHM,0954,0959,5,1003,1005,2,282,DAR,1306,1310,4,True
202609147101064,XC,2026-09-14,SEP,MON,False,,PLY,0727,0727,BHM,1055,1055,0,1103,1103,0,282,DAR,1406,1407,1,True
202609147101067,XC,2026-09-14,SEP,MON,False,637,CDF,0945,0945,BHM,1149,1147,-2,1203,1213,10,143,DAR,1506,1506,0,False
202609147101069,XC,2026-09-14,SEP,MON,False,895,PLY,0927,0927,BHM,1255,1304,9,1303,1309,6,282,DAR,1604,1603,-1,False
202609147101073,XC,2026-09-14,SEP,MON,False,576,PLY,1027,1026,BHM,1355,1416,21,1403,1421,18,282,DAR,1706,1714,8,True
202609147101075,XC,2026-09-14,SEP,MON,False,886,PLY,1127,1127,BHM,1455,1505,10,1503,1511,8,282,DAR,1805,1807,2,True
202609147101080,XC,2026-09-14,SEP,MON,False,,PLY,1227,1227,BHM,1555,1609,14,1603,1617,14,282,DAR,1908,1909,1,True
202609147101082,XC,2026-09-14,SEP,MON,False,895,PNZ,1115,1115,BHM,1655,1722,27,1703,1727,24,365,DAR,2010,2026,16,True
202609147101083,XC,2026-09-14,SEP,MON,False,,PLY,1427,1426,BHM,1755,1755,0,1803,1803,0,282,DAR,2056,2103,7,True
202609147100723,XC,2026-09-14,SEP,MON,False,,PLY,1527,1527,BHM,1854,1855,1,1903,1902,-1,282,DAR,2212,2212,0,False
202609147100733,XC,2026-09-14,SEP,MON,False,574,RDG,1845,,BHM,,,,2025,2036,11,130,DAR,2249,2321,32,True
202609157166982,XC,2026-09-15,SEP,TUE,False,,BHM,0603,0602,BHM,,,,0603,0602,-1,0,DAR,0906,0904,-2,False
202609157101055,XC,2026-09-15,SEP,TUE,False,832,BHM,0703,0703,BHM,,,,0703,0703,0,0,DAR,1006,1021,15,True
202609157166987,XC,2026-09-15,SEP,TUE,False,,BRI,0635,0635,BHM,0755,0753,-2,0803,0803,0,124,DAR,1106,1108,2,True
202609157101060,XC,2026-09-15,SEP,TUE,False,,PLY,0525,0525,BHM,0855,0858,3,0903,0903,0,282,DAR,1206,1201,-5,False
202609157101062,XC,2026-09-15,SEP,TUE,False,,PLY,0620,0620,BHM,0954,0954,0,1003,1003,0,282,DAR,1306,1309,3,True
202609157101064,XC,2026-09-15,SEP,TUE,False,895,PLY,0727,0727,BHM,1055,1122,27,1103,1127,24,282,DAR,1406,1444,38,True
202609157918754,XC,2026-09-15,SEP,TUE,False,,BHM,1203,1214,BHM,,,,1203,1214,11,0,DAR,1506,1520,14,True
202609157101069,XC,2026-09-15,SEP,TUE,False,,PLY,0927,0927,BHM,1255,1300,5,1303,1305,2,282,DAR,1604,1605,1,True
202609157101073,XC,2026-09-15,SEP,TUE,False,871,PLY,1027,1027,BHM,1355,1410,15,1403,1414,11,282,DAR,1706,1710,4,True
202609157101075,XC,2026-09-15,SEP,TUE,False,,PLY,1127,1127,BHM,1455,1456,1,1503,1503,0,282,DAR,1805,1804,-1,False
202609157101080,XC,2026-09-15,SEP,TUE,False,,PLY,1227,1227,BHM,1555,1605,10,1603,1609,6,282,DAR,1908,1905,-3,False
202609157101082,XC,2026-09-15,SEP,TUE,False,832,PNZ,1115,1115,BHM,1655,1705,10,1703,1715,12,365,DAR,2010,2008,-2,False
202609157101083,XC,2026-09-15,SEP,TUE,False,576,PLY,1427,1427,BHM,1755,1820,25,1803,1824,21,282,DAR,2056,2139,43,True
202609157100723,XC,2026-09-15,SEP,TUE,False,,PLY,1527,1527,BHM,1854,1859,5,1903,1903,0,282,DAR,2212,2215,3,True
202609157100733,XC,2026-09-15,SEP,TUE,False,,RDG,1845,1845,BHM,2018,2015,-3,2025,2027,2,130,DAR,2249,2249,0,False
202609167166982,XC,2026-09-16,SEP,WED,False,,BHM,0603,0603,BHM,,,,0603,0603,0,0,DAR,0906,0905,-1,False
202609167101055,XC,2026-09-16,SEP,WED,False,895,BHM,0703,0703,BHM,,,,0703,0703,0,0,DAR,1006,1010,4,True
202609167166987,XC,2026-09-16,SEP,WED,False,,BRI,0635,0635,BHM,0755,0754,-1,0803,0802,-1,124,DAR,1106,1109,3,True
202609167101060,XC,2026-09-16,SEP,WED,False,,PLY,0525,0525,BHM,0855,0857,2,0903,0903,0,282,DAR,1206,1204,-2,False
202609167101062,XC,2026-09-16,SEP,WED,False,,PLY,0620,0620,BHM,0954,1000,6,1003,1004,1,282,DAR,1306,1314,8,True
202609167101064,XC,2026-09-16,SEP,WED,False,,PLY,0727,0729,BHM,1055,1101,6,1103,1106,3,282,DAR,1406,1408,2,True
202609167101067,XC,2026-09-16,SEP,WED,False,824,CDF,0945,0945,BHM,1149,1159,10,1203,1208,5,143,DAR,1506,1509,3,True
202609167101069,XC,2026-09-16,SEP,WED,False,,PLY,0927,0927,BHM,1255,1258,3,1303,1303,0,282,DAR,1604,1606,2,True
202609167101073,XC,2026-09-16,SEP,WED,False,,PLY,1027,1027,BHM,1355,1359,4,1403,1405,2,282,DAR,1706,1708,2,True
202609167101075,XC,2026-09-16,SEP,WED,False,,PLY,1127,1126,BHM,1455,1505,10,1503,1510,7,282,DAR,1805,1806,1,True
202609167101080,XC,2026-09-16,SEP,WED,False,896,PLY,1227,1226,BHM,1555,1556,1,1603,1603,0,282,DAR,1908,1919,11,True
202609167101082,XC,2026-09-16,SEP,WED,False,908,PNZ,1115,1115,BHM,1655,1707,12,1703,1714,11,365,DAR,2010,2021,11,True
202609167101083,XC,2026-09-16,SEP,WED,False,896,PLY,1427,1426,BHM,1755,1812,17,1803,1816,13,282,DAR,2056,2131,35,True
202609167100723,XC,2026-09-16,SEP,WED,False,,PLY,1527,1527,BHM,1854,1859,5,1903,1904,1,282,DAR,2212,2211,-1,False
202609177166982,XC,2026-09-17,SEP,THU,False,,BHM,0603,0603,BHM,,,,0603,0603,0,0,DAR,0906,0901,-5,False
202609177101055,XC,2026-09-17,SEP,THU,False,,BHM,0703,0703,BHM,,,,0703,0703,0,0,DAR,1006,1002,-4,False
202609177166987,XC,2026-09-17,SEP,THU,False,681,BRI,0635,0635,BHM,0755,0754,-1,0803,0803,0,124,DAR,1106,1107,1,True
202609177101060,XC,2026-09-17,SEP,THU,False,547,PLY,0525,0525,BHM,0855,0853,-2,0903,0903,0,282,DAR,1206,1216,10,True
202609177101062,XC,2026-09-17,SEP,THU,False,681,PLY,0620,0620,BHM,0954,0955,1,1003,1002,-1,282,DAR,1306,1310,4,True
202609177101064,XC,2026-09-17,SEP,THU,False,681,PLY,0727,0727,BHM,1055,1102,7,1103,1109,6,282,DAR,1406,1409,3,True
202609177101067,XC,2026-09-17,SEP,THU,False,681,CDF,0945,0945,BHM,1149,1149,0,1203,1203,0,143,DAR,1506,1502,-4,False
202609177101073,XC,2026-09-17,SEP,THU,True,574,PLY,1027,,BHM,1355,,,1403,,,282,DAR,1706,,,
202609177101075,XC,2026-09-17,SEP,THU,False,,PLY,1127,1126,BHM,1455,1509,14,1503,1515,12,282,DAR,1805,1824,19,True
202609177101080,XC,2026-09-17,SEP,THU,False,,PLY,1227,1227,BHM,1555,1558,3,1603,1605,2,282,DAR,1908,1908,0,False
202609177101082,XC,2026-09-17,SEP,THU,False,,PNZ,1115,1117,BHM,1655,1657,2,1703,1704,1,365,DAR,2010,2003,-7,False
202609177101083,XC,2026-09-17,SEP,THU,False,824,PLY,1427,1426,BHM,1755,1807,12,1803,1814,11,282,DAR,2056,2110,14,True
202609177100723,XC,2026-09-17,SEP,THU,False,886,PLY,1527,1526,BHM,1854,1916,22,1903,1922,19,282,DAR,2212,2220,8,True
202609177100733,XC,2026-09-17,SEP,THU,False,,RDG,1845,1848,BHM,2018,2018,0,2025,2029,4,130,DAR,2249,2249,0,False
202609187166982,XC,2026-09-18,SEP,FRI,False,,BHM,0603,0603,BHM,,,,0603,0603,0,0,DAR,0906,0903,-3,False
202609187101055,XC,2026-09-18,SEP,FRI,False,,BHM,0703,0703,BHM,,,,0703,0703,0,0,DAR,1006,1001,-5,False
202609187166987,XC,2026-09-18,SEP,FRI,False,810,BRI,0635,0635,BHM,0755,0756,1,0803,0803,0,124,DAR,1106,1146,40,True
202609187101060,XC,2026-09-18,SEP,FRI,False,,PLY,0525,0525,BHM,0855,0857,2,0903,0903,0,282,DAR,1206,1204,-2,False
202609187101062,XC,2026-09-18,SEP,FRI,False,,PLY,0620,0620,BHM,0954,0956,2,1003,1003,0,282,DAR,1306,1308,2,True
202609187101064,XC,2026-09-18,SEP,FRI,False,574,PLY,0727,0736,BHM,1055,1135,40,1103,1143,40,282,DAR,1406,1415,9,True
202609187101067,XC,2026-09-18,SEP,FRI,False,,CDF,0945,0946,BHM,1149,1156,7,1203,1205,2,143,DAR,1506,1509,3,True
202609187101069,XC,2026-09-18,SEP,FRI,False,895,PLY,0927,0927,BHM,1255,1337,42,1303,1343,40,282,DAR,1604,1617,13,True
202609187101073,XC,2026-09-18,SEP,FRI,False,526,PLY,1027,1027,BHM,1355,1430,35,1403,1435,32,282,DAR,1706,1742,36,True
202609187101074,XC,2026-09-18,SEP,FRI,False,,PLY,1127,1126,BHM,1455,1514,19,1503,1522,19,282,DAR,1805,1812,7,True
202609187101080,XC,2026-09-18,SEP,FRI,False,,PLY,1227,1230,BHM,1555,1603,8,1603,1614,11,282,DAR,1908,1927,19,True
202609187101082,XC,2026-09-18,SEP,FRI,False,576,PNZ,1115,1115,BHM,1655,1715,20,1703,1726,23,365,DAR,2010,2044,34,True
202609187101083,XC,2026-09-18,SEP,FRI,False,651,PLY,1427,1427,BHM,1755,1806,11,1803,1812,9,282,DAR,2056,2126,30,True
202609187100723,XC,2026-09-18,SEP,FRI,False,887,PLY,1527,1528,BHM,1854,1856,2,1903,1917,14,282,DAR,2212,2213,1,True
202609187100733,XC,2026-09-18,SEP,FRI,False,,RDG,1845,1845,BHM,2018,2018,0,2025,2025,0,130,DAR,2249,2255,6,True
202609197166981,XC,2026-09-19,SEP,SAT,False,,BHM,0603,0603,BHM,,,,0603,0603,0,0,DAR,0906,0905,-1,False
202609197101056,XC,2026-09-19,SEP,SAT,True,896,BHM,0703,,BHM,,,,0703,,,0,DAR,1006,,,
202609197101057,XC,2026-09-19,SEP,SAT,False,832,BRI,0615,,BHM,,,,0803,0813,10,124,DAR,1106,1136,30,True
202609197101059,XC,2026-09-19,SEP,SAT,False,,PLY,0527,,BHM,,,,0903,0913,10,282,DAR,1206,1232,26,True
202609197101061,XC,2026-09-19,SEP,SAT,False,,PLY,0627,,BHM,,,,1003,1004,1,282,DAR,1306,1318,12,True
202609197101065,XC,2026-09-19,SEP,SAT,True,832,PLY,0725,,BHM,1055,,,1103,,,282,DAR,1406,,,
202609197920296,XC,2026-09-19,SEP,SAT,False,832,BHM,1203,1221,BHM,,,,1203,1221,18,0,DAR,1506,1517,11,True
202609197101070,XC,2026-09-19,SEP,SAT,True,526,PLY,0927,,BHM,1255,,,1303,,,282,DAR,1606,,,
202609197101072,XC,2026-09-19,SEP,SAT,True,832,PLY,1027,,BHM,1355,,,1403,,,282,DAR,1706,,,
202609197101079,XC,2026-09-19,SEP,SAT,False,871,PLY,1227,1227,BHM,1555,1624,29,1603,1631,28,282,DAR,1908,1921,13,True
202609197101081,XC,2026-09-19,SEP,SAT,False,871,PNZ,1115,1115,BHM,1655,1739,44,1703,1745,42,365,DAR,2006,2018,12,True
202609197101084,XC,2026-09-19,SEP,SAT,False,,PLY,1427,,BHM,,,,1803,1808,5,282,DAR,2057,2058,1,True
202609207166991,XC,2026-09-20,SEP,SUN,False,,BHM,0903,0903,BHM,,,,0903,0903,0,0,DAR,1203,1204,1,True
202609207101063,XC,2026-09-20,SEP,SUN,False,,BHM,1003,1003,BHM,,,,1003,1003,0,0,DAR,1305,1308,3,True
202609207101066,XC,2026-09-20,SEP,SUN,False,,BRI,0915,0917,BHM,1049,1050,1,1103,1103,0,124,DAR,1404,1405,1,True
202609208729776,XC,2026-09-20,SEP,SUN,False,832,BRI,1031,1031,BHM,1149,1207,18,1203,1216,13,124,DAR,1507,1511,4,True
202609207101071,XC,2026-09-20,SEP,SUN,False,832,BRI,1131,1131,BHM,1249,1329,40,1303,1335,32,124,DAR,1557,1618,21,True
202609207920817,XC,2026-09-20,SEP,SUN,False,,BHM,1403,1405,BHM,,,,1403,1405,2,0,DAR,1705,1705,0,False
202609207920845,XC,2026-09-20,SEP,SUN,False,832,BHM,1503,1518,BHM,,,,1503,1518,15,0,DAR,1803,1822,19,True
202609207920848,XC,2026-09-20,SEP,SUN,False,,BHM,1603,1614,BHM,,,,1603,1614,11,0,DAR,1901,1911,10,True
202609208729792,XC,2026-09-20,SEP,SUN,False,832,BRI,1531,1531,BHM,1649,1713,24,1703,1720,17,124,DAR,2007,2007,0,False
202609208729795,XC,2026-09-20,SEP,SUN,False,832,PNZ,1130,,BHM,1749,1816,27,1803,1825,22,365,DAR,2058,2149,51,True
202609217166982,XC,2026-09-21,SEP,MON,False,894,BHM,0603,0603,BHM,,,,0603,0603,0,0,DAR,0906,0935,29,True
202609217101055,XC,2026-09-21,SEP,MON,False,,BHM,0703,0703,BHM,,,,0703,0703,0,0,DAR,1006,1007,1,True
202609217166987,XC,2026-09-21,SEP,MON,False,,BRI,0635,0635,BHM,0755,0753,-2,0803,0802,-1,124,DAR,1106,1111,5,True
202609217101060,XC,2026-09-21,SEP,MON,False,576,PLY,0525,0525,BHM,0855,0910,15,0903,0916,13,282,DAR,1206,1202,-4,False
202609217101062,XC,2026-09-21,SEP,MON,False,,PLY,0620,0620,BHM,0954,0954,0,1003,1003,0,282,DAR,1306,1313,7,True
202609217101064,XC,2026-09-21,SEP,MON,False,896,PLY,0727,0726,BHM,1055,1055,0,1103,1106,3,282,DAR,1406,1428,22,True
202609217101067,XC,2026-09-21,SEP,MON,False,,CDF,0945,0945,BHM,1149,1149,0,1203,1203,0,143,DAR,1506,1509,3,True
202609217101069,XC,2026-09-21,SEP,MON,False,,PLY,0927,0926,BHM,1255,1301,6,1303,1307,4,282,DAR,1604,1605,1,True
202609217921152,XC,2026-09-21,SEP,MON,False,835,BHM,1403,1421,BHM,,,,1403,1421,18,0,DAR,1706,1747,41,True
202609217101075,XC,2026-09-21,SEP,MON,False,685,PLY,1127,1127,BHM,1455,1515,20,1503,1522,19,282,DAR,1805,1827,22,True
202609217101080,XC,2026-09-21,SEP,MON,False,887,PLY,1227,1226,BHM,1555,1607,12,1603,1614,11,282,DAR,1908,1923,15,True
202609217101082,XC,2026-09-21,SEP,MON,False,536,PNZ,1115,1115,BHM,1655,1754,59,1703,1803,60,365,DAR,2010,2047,37,True
202609217921248,XC,2026-09-21,SEP,MON,False,,BHM,1803,1818,BHM,,,,1803,1818,15,0,DAR,2056,2132,36,True
202609217100723,XC,2026-09-21,SEP,MON,False,,PLY,1527,1527,BHM,1854,1903,9,1903,1910,7,282,DAR,2212,2212,0,False
202609217100733,XC,2026-09-21,SEP,MON,False,,RDG,1845,1851,BHM,2018,2021,3,2025,2030,5,130,DAR,2249,2259,10,True
202609227166982,XC,2026-09-22,SEP,TUE,False,,BHM,0603,0603,BHM,,,,0603,0603,0,0,DAR,0906,0904,-2,False
202609227101055,XC,2026-09-22,SEP,TUE,False,,BHM,0703,0706,BHM,,,,0703,0706,3,0,DAR,1006,1004,-2,False
202609227166987,XC,2026-09-22,SEP,TUE,False,,BRI,0635,0634,BHM,0755,0756,1,0803,0803,0,124,DAR,1106,1112,6,True
202609227101060,XC,2026-09-22,SEP,TUE,False,832,PLY,0525,0524,BHM,0855,0859,4,0903,0903,0,282,DAR,1206,1205,-1,False
202609227101062,XC,2026-09-22,SEP,TUE,False,895,PLY,0620,0619,BHM,0954,1011,17,1003,1017,14,282,DAR,1306,1309,3,True
202609227101064,XC,2026-09-22,SEP,TUE,False,,PLY,0727,0726,BHM,1055,1102,7,1103,1111,8,282,DAR,1406,1403,-3,False
202609227101067,XC,2026-09-22,SEP,TUE,False,,CDF,0945,0948,BHM,1149,1151,2,1203,1205,2,143,DAR,1506,1506,0,False
202609227101069,XC,2026-09-22,SEP,TUE,False,,PLY,0927,0926,BHM,1255,1255,0,1303,1303,0,282,DAR,1604,1603,-1,False
202609227101073,XC,2026-09-22,SEP,TUE,False,,PLY,1027,1027,BHM,1355,1354,-1,1403,1402,-1,282,DAR,1706,1712,6,True
202609227101075,XC,2026-09-22,SEP,TUE,False,,PLY,1127,1126,BHM,1455,1458,3,1503,1504,1,282,DAR,1805,1809,4,True
202609227101080,XC,2026-09-22,SEP,TUE,False,574,PLY,1227,1226,BHM,1555,1609,14,1603,1615,12,282,DAR,1908,1907,-1,False
202609227101082,XC,2026-09-22,SEP,TUE,False,895,PNZ,1115,1115,BHM,1655,1658,3,1703,1706,3,365,DAR,2010,2010,0,False
202609227101083,XC,2026-09-22,SEP,TUE,False,,PLY,1427,1427,BHM,1755,1757,2,1803,1803,0,282,DAR,2056,2057,1,True
202609227100723,XC,2026-09-22,SEP,TUE,False,,PLY,1527,1527,BHM,1854,1856,2,1903,1903,0,282,DAR,2212,2221,9,True
202609227100733,XC,2026-09-22,SEP,TUE,False,,RDG,1845,,BHM,,,,2025,2038,13,130,DAR,2249,2258,9,True
202609237166982,XC,2026-09-23,SEP,WED,False,,BHM,0603,0603,BHM,,,,0603,0603,0,0,DAR,0906,0903,-3,False
202609237101055,XC,2026-09-23,SEP,WED,False,,BHM,0703,0703,BHM,,,,0703,0703,0,0,DAR,1006,1009,3,True
202609237166987,XC,2026-09-23,SEP,WED,False,,BRI,0635,0635,BHM,0755,0755,0,0803,0803,0,124,DAR,1106,1107,1,True
202609237101060,XC,2026-09-23,SEP,WED,False,,PLY,0525,0525,BHM,0855,0856,1,0903,0903,0,282,DAR,1206,1208,2,True
202609237101062,XC,2026-09-23,SEP,WED,False,,PLY,0620,0620,BHM,0954,0955,1,1003,1002,-1,282,DAR,1306,1304,-2,False
202609237101064,XC,2026-09-23,SEP,WED,False,895,PLY,0727,0727,BHM,1055,1110,15,1103,1117,14,282,DAR,1406,1416,10,True
202609237101067,XC,2026-09-23,SEP,WED,False,574,CDF,0945,0946,BHM,1149,1153,4,1203,1218,15,143,DAR,1506,1520,14,True
202609237101069,XC,2026-09-23,SEP,WED,False,,PLY,0927,0927,BHM,1255,1300,5,1303,1307,4,282,DAR,1604,1606,2,True
202609237101073,XC,2026-09-23,SEP,WED,False,,PLY,1027,1026,BHM,1355,1401,6,1403,1405,2,282,DAR,1706,1711,5,True
202609237101075,XC,2026-09-23,SEP,WED,False,,PLY,1127,1127,BHM,1455,1455,0,1503,1503,0,282,DAR,1805,1804,-1,False
202609237101080,XC,2026-09-23,SEP,WED,False,,PLY,1227,1226,BHM,1555,1557,2,1603,1603,0,282,DAR,1908,1909,1,True
202609237101082,XC,2026-09-23,SEP,WED,False,,PNZ,1115,1116,BHM,1655,1657,2,1703,1703,0,365,DAR,2010,2011,1,True
202609237101083,XC,2026-09-23,SEP,WED,False,,PLY,1427,1427,BHM,1755,1801,6,1803,1806,3,282,DAR,2056,2101,5,True
202609237100723,XC,2026-09-23,SEP,WED,False,,PLY,1527,1526,BHM,1854,1906,12,1903,1911,8,282,DAR,2212,2214,2,True
202609237100733,XC,2026-09-23,SEP,WED,False,,RDG,1845,,BHM,2018,2022,4,2025,2027,2,130,DAR,2249,2252,3,True
202609247166982,XC,2026-09-24,SEP,THU,False,,BHM,0603,0603,BHM,,,,0603,0603,0,0,DAR,0906,0908,2,True
202609247101055,XC,2026-09-24,SEP,THU,False,,BHM,0703,0704,BHM,,,,0703,0704,1,0,DAR,1006,1004,-2,False
202609247166987,XC,2026-09-24,SEP,THU,False,,BRI,0635,0634,BHM,0755,0754,-1,0803,0803,0,124,DAR,1106,1106,0,False
202609247101060,XC,2026-09-24,SEP,THU,False,,PLY,0525,0525,BHM,0855,0857,2,0903,0903,0,282,DAR,1206,1207,1,True
202609247101062,XC,2026-09-24,SEP,THU,False,528,PLY,0620,,BHM,0954,1024,30,1003,1028,25,282,DAR,1306,1308,2,True
202609247101064,XC,2026-09-24,SEP,THU,False,832,PLY,0727,0727,BHM,1055,1113,18,1103,1118,15,282,DAR,1406,1420,14,True
202609247101067,XC,2026-09-24,SEP,THU,False,832,CDF,0945,0946,BHM,1149,1159,10,1203,1218,15,143,DAR,1506,1510,4,True
202609247101069,XC,2026-09-24,SEP,THU,False,,PLY,0927,0926,BHM,1255,1256,1,1303,1303,0,282,DAR,1604,1604,0,False
202609247101073,XC,2026-09-24,SEP,THU,False,,PLY,1027,1027,BHM,1355,1355,0,1403,1403,0,282,DAR,1706,1706,0,False
202609247101075,XC,2026-09-24,SEP,THU,False,895,PLY,1127,1127,BHM,1455,1458,3,1503,1503,0,282,DAR,1805,1813,8,True
202609247101080,XC,2026-09-24,SEP,THU,False,,PLY,1227,1227,BHM,1555,1600,5,1603,1606,3,282,DAR,1908,1902,-6,False
202609247101082,XC,2026-09-24,SEP,THU,False,895,PNZ,1115,1116,BHM,1655,1707,12,1703,1717,14,365,DAR,2010,2029,19,True
202609247101083,XC,2026-09-24,SEP,THU,False,908,PLY,1427,1428,BHM,1755,1808,13,1803,1816,13,282,DAR,2056,2128,32,True
202609247100723,XC,2026-09-24,SEP,THU,False,895,PLY,1527,1526,BHM,1854,1902,8,1903,1906,3,282,DAR,2212,2212,0,False
202609247100733,XC,2026-09-24,SEP,THU,False,,RDG,1845,1845,BHM,2018,2027,9,2025,2037,12,130,DAR,2249,2251,2,True
202609257166982,XC,2026-09-25,SEP,FRI,False,,BHM,0603,0603,BHM,,,,0603,0603,0,0,DAR,0906,0906,0,False
202609257101055,XC,2026-09-25,SEP,FRI,False,,BHM,0703,0703,BHM,,,,0703,0703,0,0,DAR,1006,1008,2,True
202609257166987,XC,2026-09-25,SEP,FRI,False,,BRI,0635,0635,BHM,0755,0750,-5,0803,0803,0,124,DAR,1106,1111,5,True
202609257101060,XC,2026-09-25,SEP,FRI,False,,PLY,0525,0524,BHM,0855,0859,4,0903,0905,2,282,DAR,1206,1207,1,True
202609257101062,XC,2026-09-25,SEP,FRI,False,,PLY,0620,0619,BHM,0954,0954,0,1003,1003,0,282,DAR,1306,1305,-1,False
202609257101064,XC,2026-09-25,SEP,FRI,False,,PLY,0727,0728,BHM,1055,1055,0,1103,1105,2,282,DAR,1406,1405,-1,False
202609257101067,XC,2026-09-25,SEP,FRI,False,,CDF,0945,0945,BHM,1149,1149,0,1203,1203,0,143,DAR,1506,1504,-2,False
202609257101069,XC,2026-09-25,SEP,FRI,False,,PLY,0927,0927,BHM,1255,1258,3,1303,1303,0,282,DAR,1604,1606,2,True
202609257101073,XC,2026-09-25,SEP,FRI,False,547,PLY,1027,1027,BHM,1355,1404,9,1403,1420,17,282,DAR,1706,1711,5,True
202609257101074,XC,2026-09-25,SEP,FRI,False,895,PLY,1127,1127,BHM,1455,1520,25,1503,1531,28,282,DAR,1805,1819,14,True
202609257101080,XC,2026-09-25,SEP,FRI,False,,PLY,1227,1229,BHM,1555,1607,12,1603,1611,8,282,DAR,1908,1908,0,False
202609257101082,XC,2026-09-25,SEP,FRI,False,,PNZ,1115,1115,BHM,1655,1658,3,1703,1706,3,365,DAR,2010,2013,3,True
202609257101083,XC,2026-09-25,SEP,FRI,False,895,PLY,1427,1429,BHM,1755,1817,22,1803,1821,18,282,DAR,2056,2119,23,True
202609257100723,XC,2026-09-25,SEP,FRI,False,,PLY,1527,1527,BHM,1854,1857,3,1903,1903,0,282,DAR,2212,2213,1,True
202609257100733,XC,2026-09-25,SEP,FRI,False,526,RDG,1845,,BHM,,,,2025,2037,12,130,DAR,2249,2254,5,True
