rid,toc_code,date,month,day,cancelled,canc_reason,init_station,init_ptd,init_atd,start_station,start_pta,start_ata,start_arrival_delay,start_ptd,start_atd,start_dept_delay,distance_from_init,end_station,end_pta,end_ata,end_delay,delayed,init_temp,init_rhum,init_prcp,init_snwd,init_wdir,init_wspd,init_wpgt,init_pres,init_tsun,init_cldc,init_coco,start_temp,start_rhum,start_prcp,start_snwd,start_wdir,start_wspd,start_wpgt,start_pres,start_tsun,start_cldc,start_coco,end_temp,end_rhum,end_prcp,end_snwd,end_wdir,end_wspd,end_wpgt,end_pres,end_tsun,end_cldc,end_coco
202509206723746,XC,2025-09-20,SEP,SAT,False,nan,NCL,640,640.0,DAR,709.0,712.0,3.0,711,714.0,3.0,50.0,BHM,1007.0,1015.0,8.0,True,12.4,99,0.9,,305,7.4,14.8,1008.1,0,8,8,12.0,94,1.1,,360,9.0,,1009.0,,2,9,16.0,88,0.0,,170,13.0,24.1,1008.0,0,6,7
202509206723751,XC,2025-09-20,SEP,SAT,False,904.0,NCL,740,740.0,DAR,809.0,809.0,0.0,811,811.0,0.0,50.0,BHM,1106.0,1115.0,9.0,True,12.3,96,1.1,,316,7.4,14.8,1008.1,0,8,8,12.0,94,1.8,,30,11.0,,1009.0,,2,9,16.0,88,2.7,,180,9.0,25.9,1007.0,0,6,7
202509206723819,XC,2025-09-20,SEP,SAT,False,nan,NCL,835,835.0,DAR,904.0,905.0,1.0,906,907.0,1.0,50.0,BHM,1127.0,1129.0,2.0,True,12.2,96,1.0,,321,5.5,14.8,1008.2,0,8,8,11.0,94,3.7,,10,17.0,,1009.0,,4,9,16.0,88,2.7,,180,9.0,25.9,1007.0,0,6,7
202509206723762,XC,2025-09-20,SEP,SAT,False,nan,NCL,941,941.0,DAR,1010.0,1012.0,2.0,1011,1014.0,3.0,50.0,BHM,1306.0,1307.0,1.0,True,12.5,91,1.0,,332,7.4,14.8,1008.1,0,8,8,11.0,100,3.9,,40,13.0,,1009.0,,4,9,18.0,78,0.0,,190,13.0,27.8,1005.0,0,6,7
202509206723766,XC,2025-09-20,SEP,SAT,False,nan,NCL,1041,1041.0,DAR,1110.0,1109.0,-1.0,1112,1112.0,0.0,50.0,BHM,1404.0,1403.0,-1.0,False,12.7,85,0.8,,347,9.3,16.7,1008.6,0,8,8,11.0,94,2.9,,30,15.0,,1009.0,,2,9,18.0,78,0.0,,160,15.0,27.8,1004.0,0,8,7
202509206723774,XC,2025-09-20,SEP,SAT,False,nan,NCL,1140,1140.0,DAR,1209.0,1209.0,0.0,1211,1211.0,0.0,50.0,BHM,1505.0,1506.0,1.0,True,12.8,84,0.8,,357,9.3,18.5,1008.3,0,8,8,11.0,88,0.7,,40,20.0,,1008.0,,2,8,18.0,83,0.0,,160,13.0,29.6,1003.0,2,4,7
202509206723778,XC,2025-09-20,SEP,SAT,False,nan,NCL,1242,1242.0,DAR,1311.0,1312.0,1.0,1312,1314.0,2.0,50.0,BHM,1604.0,1605.0,1.0,True,12.6,84,0.8,,4,13.0,22.2,1008.1,0,8,8,10.0,94,2.0,,50,17.0,,1008.0,,4,9,18.0,78,0.0,,170,20.0,31.5,1002.0,7,6,7
202509206723786,XC,2025-09-20,SEP,SAT,False,nan,NCL,1340,1340.0,DAR,1409.0,1408.0,-1.0,1411,1411.0,0.0,50.0,BHM,1706.0,1705.0,-1.0,False,12.4,84,1.8,,9,14.8,25.9,1007.8,0,8,9,11.0,94,2.1,,30,15.0,,1007.0,,4,9,17.0,83,0.1,,150,19.0,31.5,1000.0,7,6,7
202509206723793,XC,2025-09-20,SEP,SAT,False,nan,NCL,1441,1441.0,DAR,1511.0,1510.0,-1.0,1512,1512.0,0.0,50.0,BHM,1804.0,1802.0,-2.0,False,12.1,86,1.9,,15,14.8,27.8,1007.5,0,8,9,11.0,94,3.1,,20,17.0,,1006.0,,4,9,16.0,88,0.2,,180,15.0,33.3,1000.0,7,6,7
202509206723799,XC,2025-09-20,SEP,SAT,False,nan,NCL,1540,1540.0,DAR,1609.0,1610.0,1.0,1611,1611.0,0.0,50.0,BHM,1905.0,1910.0,5.0,True,11.7,86,1.9,,15,16.7,29.6,1007.3,0,8,9,11.0,94,3.3,,30,19.0,21.0,1006.0,,4,8,15.0,88,0.0,,200,22.0,35.2,1000.0,3,4,7
202509206723802,XC,2025-09-20,SEP,SAT,False,nan,NCL,1641,1641.0,DAR,1710.0,1710.0,0.0,1711,1712.0,1.0,50.0,BHM,2005.0,2005.0,0.0,False,11.3,89,1.8,,20,20.4,33.3,1006.8,0,8,9,11.0,94,1.6,,30,22.0,,1006.0,,4,17,12.0,88,0.0,,270,19.0,38.9,1002.0,0,8,7
202509206723805,XC,2025-09-20,SEP,SAT,False,nan,NCL,1740,1740.0,DAR,1809.0,1816.0,7.0,1811,1817.0,6.0,50.0,BHM,2106.0,2108.0,2.0,True,10.6,90,1.9,,18,20.4,35.2,1006.7,0,8,9,10.0,94,1.6,,10,35.0,,1006.0,,4,9,11.0,94,0.0,,270,20.0,37.0,1004.0,0,8,8
202509206723447,XC,2025-09-20,SEP,SAT,False,nan,NCL,1840,1840.0,DAR,1910.0,1908.0,-2.0,1911,1910.0,-1.0,50.0,BHM,2232.0,2232.0,0.0,False,10.3,90,1.9,,22,22.2,37.0,1006.7,0,8,9,10.0,87,2.3,,360,39.0,,1006.0,,4,8,11.0,94,0.4,,310,22.0,37.0,1006.0,0,6,8
202509206723365,XC,2025-09-20,SEP,SAT,False,nan,NCL,1941,1941.0,DAR,2010.0,2010.0,0.0,2011,2012.0,1.0,50.0,BHM,2308.0,2313.0,5.0,True,9.8,92,1.5,,21,22.2,38.9,1006.8,0,8,9,9.0,94,3.2,,10,28.0,,1005.0,,4,8,9.0,94,1.0,,320,37.0,38.9,1008.0,0,4,7
202509216723754,XC,2025-09-21,SEP,SUN,False,nan,NCL,834,834.0,DAR,904.0,904.0,0.0,906,906.0,0.0,50.0,BHM,1204.0,1203.0,-1.0,False,7.7,77,0.0,,291,16.7,29.6,1016.1,33,2,1,10.0,62,0.0,,330,22.0,,1018.0,,0,1,14.0,48,0.0,,360,17.0,22.2,1020.0,50,2,2
202509216723759,XC,2025-09-21,SEP,SUN,False,nan,NCL,935,935.0,DAR,1004.0,1004.0,0.0,1006,1006.0,0.0,50.0,BHM,1305.0,1305.0,0.0,False,9.1,70,0.0,,297,18.5,31.5,1017.0,46,2,1,11.0,58,0.0,,340,24.0,,1019.0,,2,1,13.0,54,0.0,,10,19.0,22.2,1021.0,51,4,2
202509216723767,XC,2025-09-21,SEP,SUN,False,nan,NCL,1040,1040.0,DAR,1109.0,1112.0,3.0,1111,1115.0,4.0,50.0,BHM,1404.0,1408.0,4.0,True,10.7,62,0.0,,305,18.5,31.5,1017.9,52,3,1,12.0,58,0.0,,340,20.0,,1019.0,,4,1,14.0,51,0.0,,350,20.0,22.2,1021.0,52,4,2
202509216723772,XC,2025-09-21,SEP,SUN,False,nan,NCL,1140,1140.0,DAR,1209.0,1208.0,-1.0,1211,1211.0,0.0,50.0,BHM,1506.0,1508.0,2.0,True,11.8,58,0.0,,311,20.4,33.3,1018.6,48,3,1,13.0,54,0.0,,340,20.0,,1020.0,,4,1,14.0,51,0.0,,340,17.0,22.2,1021.0,53,4,1
202509216723779,XC,2025-09-21,SEP,SUN,False,nan,NCL,1240,1244.0,DAR,1309.0,1313.0,4.0,1310,1315.0,5.0,50.0,BHM,1604.0,1607.0,3.0,True,12.4,56,0.0,,316,18.5,31.5,1019.1,45,4,2,13.0,54,0.0,,340,13.0,,1021.0,,4,3,13.0,51,0.0,,350,19.0,22.2,1022.0,46,4,1
202509216723784,XC,2025-09-21,SEP,SUN,False,nan,NCL,1340,1340.0,DAR,1409.0,1408.0,-1.0,1411,1411.0,0.0,50.0,BHM,1706.0,1705.0,-1.0,False,12.9,54,0.0,,322,18.5,31.5,1019.6,42,4,2,13.0,51,0.0,,330,11.0,,1021.0,,4,2,12.0,58,0.0,,360,15.0,20.4,1022.0,41,4,1
202509216723791,XC,2025-09-21,SEP,SUN,False,nan,NCL,1441,1441.0,DAR,1510.0,1511.0,1.0,1512,1512.0,0.0,50.0,BHM,1804.0,1805.0,1.0,True,13.1,53,0.0,,328,16.7,29.6,1020.2,41,4,2,13.0,58,0.0,,30,15.0,,1022.0,,2,2,11.0,62,0.0,,350,11.0,18.5,1023.0,29,4,1
202509216723798,XC,2025-09-21,SEP,SUN,False,nan,NCL,1540,1540.0,DAR,1609.0,1613.0,4.0,1611,1615.0,4.0,50.0,BHM,1903.0,1907.0,4.0,True,13.0,54,0.0,,331,14.8,27.8,1020.7,38,4,2,13.0,58,0.0,,50,15.0,,1022.0,,2,2,10.0,66,0.0,,350,9.0,14.8,1024.0,13,4,1
202509216723801,XC,2025-09-21,SEP,SUN,False,nan,NCL,1640,1640.0,DAR,1709.0,1712.0,3.0,1711,1714.0,3.0,50.0,BHM,2004.0,2013.0,9.0,True,12.7,56,0.0,,331,13.0,25.9,1021.4,37,3,2,11.0,67,0.1,,30,13.0,,1023.0,,2,17,9.0,71,0.0,,330,11.0,14.8,1025.0,0,2,1
202509216723806,XC,2025-09-21,SEP,SUN,False,887.0,NCL,1839,1839.0,DAR,1908.0,1907.0,-1.0,1909,1909.0,0.0,50.0,BHM,2208.0,2206.0,-2.0,False,9.9,68,0.0,,334,9.3,18.5,1023.0,21,3,2,9.0,71,0.0,,330,4.0,,1025.0,,2,2,7.0,81,0.0,,320,6.0,13.0,1025.0,0,2,1
202509216723361,XC,2025-09-21,SEP,SUN,False,nan,NCL,1939,1939.0,DAR,2008.0,2007.0,-1.0,2010,2010.0,0.0,50.0,BHM,2309.0,2306.0,-3.0,False,9.2,70,0.0,,335,9.3,18.5,1024.0,11,3,2,8.0,76,0.0,,330,13.0,,1026.0,,0,1,5.0,93,0.0,,360,6.0,14.8,1026.0,0,0,1
202509226723813,XC,2025-09-22,SEP,MON,False,nan,NCL,624,623.0,DAR,653.0,652.0,-1.0,655,655.0,0.0,50.0,BHM,928.0,926.0,-2.0,False,3.8,85,0.0,,274,11.1,18.5,1028.0,0,2,1,2.0,93,0.0,,200,4.0,,1028.0,,2,1,11.0,67,0.0,,20,13.0,16.7,1029.0,59,2,1
202509226723745,XC,2025-09-22,SEP,MON,False,nan,NCL,640,640.0,DAR,710.0,708.0,-2.0,711,711.0,0.0,50.0,BHM,1004.0,1006.0,2.0,True,3.8,85,0.0,,274,11.1,18.5,1028.0,0,2,1,4.0,93,0.0,,190,6.0,,1029.0,,3,2,12.0,62,0.0,,360,13.0,18.5,1029.0,60,2,1
202509226723749,XC,2025-09-22,SEP,MON,False,nan,EDB,606,606.0,DAR,809.0,810.0,1.0,811,812.0,1.0,190.0,BHM,1106.0,1113.0,7.0,True,3.0,93,0.0,,260,11.0,16.7,1028.0,0,3,2,8.0,76,0.0,,240,7.0,,1029.0,,0,3,13.0,51,0.0,,20,15.0,20.4,1029.0,60,2,1
202509226723818,XC,2025-09-22,SEP,MON,False,nan,NCL,835,837.0,DAR,904.0,908.0,4.0,906,910.0,4.0,50.0,BHM,1126.0,1132.0,6.0,True,6.3,78,0.0,,264,11.1,20.4,1028.7,42,2,1,10.0,66,0.0,,260,9.0,,1029.0,,2,1,13.0,51,0.0,,20,15.0,20.4,1029.0,60,2,1
202509226723760,XC,2025-09-22,SEP,MON,False,nan,GLC,648,648.0,DAR,1009.0,1010.0,1.0,1010,1013.0,3.0,228.0,BHM,1306.0,1304.0,-2.0,False,2.0,93,0.0,,310,6.0,13.0,1029.0,0,6,3,12.0,58,0.0,,250,9.0,,1029.0,,2,1,14.0,44,0.0,,350,19.0,22.2,1029.0,54,4,1
202509226723821,XC,2025-09-22,SEP,MON,False,nan,NCL,1035,1034.0,DAR,1105.0,1105.0,0.0,1106,1107.0,1.0,50.0,BHM,1328.0,1326.0,-2.0,False,10.0,65,0.0,,272,13.0,22.2,1028.9,55,1,1,13.0,47,0.0,,300,15.0,,1029.0,,2,1,14.0,44,0.0,,350,19.0,22.2,1029.0,54,4,1
202509226723773,XC,2025-09-22,SEP,MON,False,547.0,EDB,1007,1008.0,DAR,1209.0,1225.0,16.0,1211,1228.0,17.0,190.0,BHM,1506.0,1527.0,21.0,True,12.0,62,0.0,,250,17.0,22.2,1029.0,37,5,2,13.0,44,0.0,,320,13.0,,1029.0,,2,1,13.0,47,0.0,,350,17.0,20.4,1028.0,48,2,1
202509226723824,XC,2025-09-22,SEP,MON,False,nan,NCL,1236,1236.0,DAR,1305.0,1306.0,1.0,1307,1308.0,1.0,50.0,BHM,1528.0,1530.0,2.0,True,12.4,57,0.0,,281,13.0,24.1,1028.6,50,2,1,14.0,44,0.0,,340,17.0,,1028.0,,2,1,13.0,47,0.0,,350,17.0,20.4,1028.0,48,2,1
202509226723785,XC,2025-09-22,SEP,MON,False,574.0,EDB,1207,1206.0,DAR,1409.0,1507.0,58.0,1411,1509.0,58.0,190.0,BHM,1706.0,1825.0,79.0,True,13.0,63,0.0,,260,17.0,25.9,1028.0,34,4,3,15.0,45,0.0,,350,19.0,,1028.0,,4,1,13.0,47,0.0,,350,17.0,16.7,1028.0,39,2,1
202509226723829,XC,2025-09-22,SEP,MON,False,911.0,NCL,1435,1520.0,DAR,1505.0,1549.0,44.0,1506,1550.0,44.0,50.0,BHM,1727.0,1828.0,61.0,True,13.4,54,0.0,,287,13.0,24.1,1028.3,37,4,1,14.0,51,0.0,,340,17.0,,1028.0,,2,3,13.0,47,0.0,,350,17.0,16.7,1028.0,39,2,1
202509226723797,XC,2025-09-22,SEP,MON,False,nan,EDB,1404,1404.0,DAR,1609.0,1611.0,2.0,1611,1613.0,2.0,190.0,BHM,1907.0,1907.0,0.0,False,14.0,55,0.0,,300,9.0,25.9,1028.0,27,6,3,13.0,54,0.0,,360,9.0,,1028.0,,2,3,10.0,62,0.0,,320,9.0,14.8,1029.0,12,2,1
202509226723482,XC,2025-09-22,SEP,MON,False,871.0,NCL,1633,1634.0,DAR,1704.0,1706.0,2.0,1705,1708.0,3.0,50.0,BHM,1930.0,1951.0,21.0,True,13.1,58,0.0,,290,11.1,22.2,1028.2,23,5,3,13.0,58,0.0,,80,6.0,,1028.0,,2,3,10.0,62,0.0,,320,9.0,14.8,1029.0,12,2,1
202509226723804,XC,2025-09-22,SEP,MON,False,nan,EDB,1607,1607.0,DAR,1809.0,1808.0,-1.0,1811,1811.0,0.0,190.0,BHM,2107.0,2109.0,2.0,True,13.0,63,0.0,,280,15.0,25.9,1028.0,20,2,4,10.0,71,0.0,,100,4.0,,1028.0,,2,2,8.0,71,0.0,,330,9.0,13.0,1029.0,0,2,1
202509226723807,XC,2025-09-22,SEP,MON,False,nan,EDB,1707,1707.0,DAR,1909.0,1909.0,0.0,1911,1911.0,0.0,190.0,BHM,2208.0,2210.0,2.0,True,13.0,63,0.0,,290,9.0,24.1,1028.0,15,6,3,8.0,76,0.0,,300,4.0,,1029.0,,2,2,7.0,81,0.0,,320,7.0,14.8,1029.0,0,1,1
202509226723362,XC,2025-09-22,SEP,MON,False,696.0,EDB,1807,1806.0,DAR,2010.0,2009.0,-1.0,2011,2011.0,0.0,190.0,BHM,2328.0,2326.0,-2.0,False,12.0,62,0.0,,280,7.0,20.4,1028.0,8,6,3,8.0,81,0.0,,300,4.0,,1029.0,,2,2,5.0,87,0.0,,290,6.0,13.0,1029.0,0,1,1
202509236723813,XC,2025-09-23,SEP,TUE,False,nan,NCL,624,624.0,DAR,653.0,652.0,-1.0,655,655.0,0.0,50.0,BHM,928.0,929.0,1.0,True,5.4,93,0.0,,276,9.3,14.8,1029.6,0,4,1,3.0,93,0.0,,240,7.0,,1030.0,,0,5,12.0,67,0.0,,30,11.0,14.8,1030.0,45,4,1
202509236723745,XC,2025-09-23,SEP,TUE,False,nan,NCL,640,640.0,DAR,710.0,709.0,-1.0,711,711.0,0.0,50.0,BHM,1004.0,1004.0,0.0,False,5.4,93,0.0,,276,9.3,14.8,1029.6,0,4,1,6.0,93,0.0,,0,0.0,,1030.0,,0,1,13.0,63,0.0,,10,13.0,14.8,1030.0,52,3,2
202509236723749,XC,2025-09-23,SEP,TUE,False,nan,EDB,606,606.0,DAR,809.0,808.0,-1.0,811,811.0,0.0,190.0,BHM,1106.0,1106.0,0.0,False,4.0,93,0.0,,250,4.0,11.1,1030.0,0,2,1,9.0,82,0.0,,320,6.0,,1031.0,,0,1,14.0,59,0.0,,360,13.0,18.5,1030.0,45,2,2
202509236723818,XC,2025-09-23,SEP,TUE,False,832.0,NCL,835,836.0,DAR,904.0,908.0,4.0,906,910.0,4.0,50.0,BHM,1126.0,1142.0,16.0,True,7.6,87,0.0,,271,7.4,14.8,1030.5,29,3,1,12.0,72,0.0,,350,7.0,,1031.0,,0,1,14.0,59,0.0,,360,13.0,18.5,1030.0,45,2,2
202509236723760,XC,2025-09-23,SEP,TUE,False,nan,GLC,648,648.0,DAR,1009.0,1009.0,0.0,1010,1011.0,1.0,228.0,BHM,1306.0,1304.0,-2.0,False,8.0,87,0.0,,40,4.0,9.3,1030.0,0,8,2,13.0,72,0.0,,9,6.0,,1031.0,,2,1,16.0,48,0.0,,350,17.0,20.4,1029.0,29,4,3
202509236723821,XC,2025-09-23,SEP,TUE,False,nan,NCL,1035,1034.0,DAR,1105.0,1104.0,-1.0,1106,1107.0,1.0,50.0,BHM,1328.0,1324.0,-4.0,False,11.7,70,0.0,,285,7.4,14.8,1030.7,42,2,2,14.0,63,0.0,,20,7.0,,1031.0,,4,1,16.0,48,0.0,,350,17.0,20.4,1029.0,29,4,3
202509236723773,XC,2025-09-23,SEP,TUE,False,nan,EDB,1007,1007.0,DAR,1209.0,1209.0,0.0,1211,1211.0,0.0,190.0,BHM,1506.0,1508.0,2.0,True,13.0,51,0.0,,232,4.0,11.1,1031.0,50,2,1,15.0,51,0.0,,30,11.0,,1031.0,,2,2,15.0,55,0.0,,50,17.0,20.4,1029.0,22,6,4
202509236723824,XC,2025-09-23,SEP,TUE,False,nan,NCL,1236,1236.0,DAR,1305.0,1305.0,0.0,1307,1307.0,0.0,50.0,BHM,1528.0,1529.0,1.0,True,13.7,63,0.0,,1,7.4,14.8,1030.5,38,3,2,15.0,63,0.0,,60,11.0,,1030.0,,4,3,15.0,55,0.0,,50,17.0,20.4,1029.0,22,6,4
202509236723785,XC,2025-09-23,SEP,TUE,False,nan,EDB,1207,1207.0,DAR,1409.0,1412.0,3.0,1411,1415.0,4.0,190.0,BHM,1706.0,1707.0,1.0,True,14.0,48,0.0,,230,7.0,14.8,1031.0,52,2,1,14.0,63,0.0,,60,15.0,,1030.0,,2,3,15.0,55,0.0,,10,11.0,18.5,1029.0,20,4,4
202509236723829,XC,2025-09-23,SEP,TUE,False,nan,NCL,1435,1436.0,DAR,1505.0,1505.0,0.0,1506,1507.0,1.0,50.0,BHM,1727.0,1730.0,3.0,True,14.3,61,0.0,,43,7.4,16.7,1030.1,35,4,2,14.0,63,0.0,,50,15.0,,1030.0,,2,3,15.0,55,0.0,,10,11.0,18.5,1029.0,20,4,4
202509236723797,XC,2025-09-23,SEP,TUE,False,832.0,EDB,1404,1403.0,DAR,1609.0,1631.0,22.0,1611,1633.0,22.0,190.0,BHM,1907.0,1928.0,21.0,True,15.0,45,0.0,,140,7.0,14.8,1030.0,52,3,1,13.0,67,0.0,,60,17.0,,1030.0,,5,3,12.0,67,0.0,,30,7.0,14.8,1029.0,5,5,4
202509236723482,XC,2025-09-23,SEP,TUE,False,nan,NCL,1633,1632.0,DAR,1704.0,1704.0,0.0,1705,1706.0,1.0,50.0,BHM,1930.0,1932.0,2.0,True,14.0,63,0.0,,47,9.3,16.7,1029.9,31,3,2,12.0,77,0.0,,60,15.0,,1030.0,,2,3,12.0,67,0.0,,30,7.0,14.8,1029.0,5,5,4
202509236723804,XC,2025-09-23,SEP,TUE,False,nan,EDB,1607,1606.0,DAR,1809.0,1807.0,-2.0,1811,1810.0,-1.0,190.0,BHM,2107.0,2105.0,-2.0,False,14.0,55,0.0,,80,15.0,14.8,1030.0,40,2,1,11.0,82,0.0,,30,7.0,,1031.0,,2,1,9.0,82,0.0,,20,6.0,14.8,1030.0,0,4,3
202509236723807,XC,2025-09-23,SEP,TUE,False,nan,EDB,1707,1709.0,DAR,1909.0,1913.0,4.0,1911,1915.0,4.0,190.0,BHM,2208.0,2212.0,4.0,True,12.0,62,0.0,,80,11.0,14.8,1030.0,31,6,1,9.0,87,0.0,,340,6.0,,1031.0,,1,1,9.0,82,0.0,,30,9.0,14.8,1030.0,0,3,2
202509236723362,XC,2025-09-23,SEP,TUE,False,nan,EDB,1807,1806.0,DAR,2010.0,2014.0,4.0,2011,2015.0,4.0,190.0,BHM,2328.0,2330.0,2.0,True,10.0,71,0.0,,60,9.0,13.0,1030.0,20,2,2,8.0,93,0.0,,350,7.0,,1031.0,,3,2,7.0,93,0.0,,330,4.0,14.8,1030.0,0,3,1
202509246723813,XC,2025-09-24,SEP,WED,False,nan,NCL,624,624.0,DAR,653.0,654.0,1.0,655,655.0,0.0,50.0,BHM,928.0,926.0,-2.0,False,7.1,97,0.0,,298,3.7,9.3,1031.1,0,6,4,8.0,93,0.0,,0,0.0,,1031.0,,4,5,13.0,72,0.0,,20,15.0,20.4,1030.0,37,4,4
202509246723745,XC,2025-09-24,SEP,WED,False,nan,NCL,640,640.0,DAR,710.0,709.0,-1.0,711,711.0,0.0,50.0,BHM,1004.0,1004.0,0.0,False,7.1,97,0.0,,298,3.7,9.3,1031.1,0,6,4,9.0,94,0.0,,340,2.0,,1031.0,,2,5,14.0,67,0.0,,70,19.0,22.2,1030.0,40,6,3
202509246723749,XC,2025-09-24,SEP,WED,False,574.0,EDB,606,617.0,DAR,809.0,820.0,11.0,811,823.0,12.0,190.0,BHM,1106.0,1109.0,3.0,True,2.0,100,0.0,,270,2.0,11.1,1030.0,0,2,5,11.0,88,0.0,,340,6.0,,1031.0,,4,5,15.0,63,0.0,,50,20.0,24.1,1029.0,38,6,3
202509246723818,XC,2025-09-24,SEP,WED,False,nan,NCL,835,835.0,DAR,904.0,905.0,1.0,906,907.0,1.0,50.0,BHM,1126.0,1127.0,1.0,True,9.1,93,0.0,,275,3.7,9.3,1031.4,12,7,4,13.0,72,0.0,,360,6.0,,1031.0,,2,3,15.0,63,0.0,,50,20.0,24.1,1029.0,38,6,3
202509246723760,XC,2025-09-24,SEP,WED,False,573.0,GLC,648,648.0,DAR,1009.0,1027.0,18.0,1010,1030.0,20.0,228.0,BHM,1306.0,1327.0,21.0,True,5.0,100,0.0,,250,4.0,11.1,1031.0,0,6,3,14.0,67,0.0,,60,9.0,,1031.0,,2,2,16.0,63,0.0,,50,13.0,25.9,1028.0,22,4,4
202509246723821,XC,2025-09-24,SEP,WED,False,nan,NCL,1035,1034.0,DAR,1105.0,1103.0,-2.0,1106,1106.0,0.0,50.0,BHM,1328.0,1332.0,4.0,True,12.1,80,0.0,,126,5.5,11.1,1031.4,21,6,4,15.0,63,0.0,,80,9.0,,1031.0,,4,3,16.0,63,0.0,,50,13.0,25.9,1028.0,22,4,4
202509246723773,XC,2025-09-24,SEP,WED,False,nan,EDB,1007,1007.0,DAR,1209.0,1210.0,1.0,1211,1211.0,0.0,190.0,BHM,1506.0,1507.0,1.0,True,14.0,67,0.0,,30,6.0,13.0,1031.0,36,2,2,14.0,59,0.1,,80,13.0,,1030.0,,2,17,15.0,67,0.0,,20,17.0,25.9,1027.0,14,2,4
202509246723824,XC,2025-09-24,SEP,WED,False,nan,NCL,1236,1236.0,DAR,1305.0,1306.0,1.0,1307,1308.0,1.0,50.0,BHM,1528.0,1528.0,0.0,False,13.7,70,0.0,,114,7.4,16.7,1030.7,23,6,4,15.0,59,0.0,,90,15.0,,1030.0,,2,3,15.0,67,0.0,,20,17.0,25.9,1027.0,14,2,4
202509246723785,XC,2025-09-24,SEP,WED,False,nan,EDB,1207,1206.0,DAR,1409.0,1409.0,0.0,1411,1411.0,0.0,190.0,BHM,1706.0,1707.0,1.0,True,13.0,77,0.0,,50,15.0,18.5,1030.0,36,4,3,15.0,63,0.0,,50,17.0,,1030.0,,2,3,14.0,72,0.0,,360,13.0,24.1,1027.0,17,5,4
202509246723829,XC,2025-09-24,SEP,WED,False,nan,NCL,1435,1434.0,DAR,1505.0,1503.0,-2.0,1506,1505.0,-1.0,50.0,BHM,1727.0,1726.0,-1.0,False,14.3,64,0.0,,109,9.3,18.5,1030.2,24,6,4,14.0,63,0.0,,60,13.0,,1029.0,,4,3,14.0,72,0.0,,360,13.0,24.1,1027.0,17,5,4
202509246723797,XC,2025-09-24,SEP,WED,False,nan,EDB,1404,1404.0,DAR,1609.0,1613.0,4.0,1611,1614.0,3.0,190.0,BHM,1907.0,1911.0,4.0,True,13.0,82,0.0,,50,11.0,18.5,1029.0,30,4,4,14.0,72,0.0,,50,15.0,,1029.0,,4,3,12.0,67,0.0,,60,9.0,18.5,1028.0,5,3,1
202509246723482,XC,2025-09-24,SEP,WED,False,nan,NCL,1633,1633.0,DAR,1704.0,1703.0,-1.0,1705,1704.0,-1.0,50.0,BHM,1930.0,1931.0,1.0,True,14.1,64,0.0,,97,9.3,16.7,1029.6,21,5,4,13.0,77,0.0,,50,13.0,,1029.0,,4,3,12.0,67,0.0,,60,9.0,18.5,1028.0,5,3,1
202509246723804,XC,2025-09-24,SEP,WED,False,nan,EDB,1607,1606.0,DAR,1809.0,1808.0,-1.0,1811,1810.0,-1.0,190.0,BHM,2107.0,2112.0,5.0,True,15.0,59,0.0,,170,13.0,18.5,1029.0,19,6,4,12.0,82,0.0,,60,9.0,,1029.0,,2,3,10.0,76,0.0,,60,13.0,18.5,1028.0,0,2,1
202509246723807,XC,2025-09-24,SEP,WED,False,nan,EDB,1707,1707.0,DAR,1909.0,1908.0,-1.0,1911,1910.0,-1.0,190.0,BHM,2208.0,2209.0,1.0,True,14.0,63,0.0,,160,11.0,14.8,1028.0,14,8,4,11.0,82,0.0,,70,6.0,,1030.0,,2,3,10.0,71,0.0,,50,9.0,16.7,1028.0,0,2,1
202509246723362,XC,2025-09-24,SEP,WED,False,nan,EDB,1807,1806.0,DAR,2010.0,2011.0,1.0,2011,2013.0,2.0,190.0,BHM,2328.0,2328.0,0.0,False,14.0,63,0.0,,180,9.0,14.8,1029.0,8,8,4,10.0,82,0.0,,60,6.0,,1030.0,,2,2,6.0,93,0.0,,37,4.0,16.7,1028.0,0,2,1
202509256723813,XC,2025-09-25,SEP,THU,False,nan,NCL,624,624.0,DAR,653.0,652.0,-1.0,655,655.0,0.0,50.0,BHM,928.0,928.0,0.0,False,6.4,86,0.0,,302,5.5,11.1,1030.2,0,3,1,3.0,93,0.0,,250,2.0,,1030.0,,0,5,13.0,77,0.0,,40,17.0,22.2,1028.0,38,2,1
202509256723745,XC,2025-09-25,SEP,THU,False,nan,NCL,640,639.0,DAR,710.0,709.0,-1.0,711,710.0,-1.0,50.0,BHM,1004.0,1003.0,-1.0,False,6.4,86,0.0,,302,5.5,11.1,1030.2,0,3,1,5.0,100,0.0,,0,2.0,,1030.0,,0,1,15.0,72,0.0,,50,19.0,24.1,1027.0,54,6,2
202509256723749,XC,2025-09-25,SEP,THU,False,nan,EDB,606,608.0,DAR,809.0,811.0,2.0,811,813.0,2.0,190.0,BHM,1106.0,1113.0,7.0,True,9.0,87,0.0,,320,4.0,11.1,1029.0,0,4,2,8.0,93,0.0,,360,4.0,,1030.0,,0,1,17.0,55,0.0,,60,20.0,27.8,1027.0,53,4,2
202509256723818,XC,2025-09-25,SEP,THU,False,nan,NCL,835,835.0,DAR,904.0,905.0,1.0,906,907.0,1.0,50.0,BHM,1126.0,1128.0,2.0,True,8.7,86,0.0,,300,3.7,11.1,1030.3,30,3,2,11.0,88,0.0,,40,4.0,,1030.0,,2,1,17.0,55,0.0,,60,20.0,27.8,1027.0,53,4,2
202509256723760,XC,2025-09-25,SEP,THU,False,nan,GLC,648,647.0,DAR,1009.0,1009.0,0.0,1010,1010.0,0.0,228.0,BHM,1306.0,1305.0,-1.0,False,6.0,93,0.0,,81,2.0,11.1,1029.0,0,5,2,14.0,77,0.0,,60,9.0,,1030.0,,2,1,17.0,45,0.0,,60,20.0,29.6,1026.0,50,4,2
202509256723821,XC,2025-09-25,SEP,THU,False,652.0,NCL,1035,1034.0,DAR,1105.0,1104.0,-1.0,1106,1106.0,0.0,50.0,BHM,1328.0,1341.0,13.0,True,13.2,70,0.0,,60,5.5,13.0,1030.1,50,3,2,16.0,68,0.0,,70,13.0,,1029.0,,2,1,17.0,45,0.0,,60,20.0,29.6,1026.0,50,4,2
202509256723773,XC,2025-09-25,SEP,THU,False,nan,EDB,1007,1007.0,DAR,1209.0,1214.0,5.0,1211,1215.0,4.0,190.0,BHM,1506.0,1514.0,8.0,True,16.0,45,0.0,,170,13.0,14.8,1029.0,41,2,1,16.0,68,0.0,,60,15.0,,1029.0,,4,3,17.0,45,0.0,,70,20.0,31.5,1025.0,53,2,1
202509256723824,XC,2025-09-25,SEP,THU,False,nan,NCL,1236,1236.0,DAR,1305.0,1305.0,0.0,1307,1308.0,1.0,50.0,BHM,1528.0,1531.0,3.0,True,15.1,64,0.0,,90,9.3,18.5,1029.3,48,3,1,17.0,63,0.0,,40,19.0,,1028.0,,4,3,17.0,45,0.0,,70,20.0,31.5,1025.0,53,2,1
202509256723785,XC,2025-09-25,SEP,THU,False,nan,EDB,1207,1206.0,DAR,1409.0,1408.0,-1.0,1411,1410.0,-1.0,190.0,BHM,1706.0,1705.0,-1.0,False,17.0,45,0.0,,170,15.0,20.4,1028.0,48,2,1,16.0,63,0.0,,60,17.0,,1028.0,,2,2,16.0,48,0.0,,50,17.0,27.8,1025.0,45,1,1
202509256723829,XC,2025-09-25,SEP,THU,False,nan,NCL,1435,1435.0,DAR,1505.0,1505.0,0.0,1506,1507.0,1.0,50.0,BHM,1727.0,1728.0,1.0,True,15.7,62,0.0,,91,11.1,20.4,1028.8,44,4,1,17.0,55,0.0,,70,17.0,,1028.0,,4,2,16.0,48,0.0,,50,17.0,27.8,1025.0,45,1,1
202509256723797,XC,2025-09-25,SEP,THU,False,nan,EDB,1404,1405.0,DAR,1609.0,1610.0,1.0,1611,1611.0,0.0,190.0,BHM,1907.0,1909.0,2.0,True,18.0,42,0.0,,140,13.0,22.2,1028.0,52,2,1,16.0,59,0.0,,90,19.0,,1028.0,,2,2,12.0,58,0.0,,70,11.0,22.2,1026.0,6,2,1
202509256723482,XC,2025-09-25,SEP,THU,False,nan,NCL,1633,1633.0,DAR,1704.0,1704.0,0.0,1705,1705.0,0.0,50.0,BHM,1930.0,1932.0,2.0,True,15.6,61,0.0,,84,11.1,20.4,1028.3,37,3,1,14.0,63,0.0,,90,11.0,,1028.0,,0,2,12.0,58,0.0,,70,11.0,22.2,1026.0,6,2,1
202509256723804,XC,2025-09-25,SEP,THU,False,904.0,EDB,1607,1606.0,DAR,1809.0,1814.0,5.0,1811,1815.0,4.0,190.0,BHM,2107.0,2127.0,20.0,True,17.0,45,0.0,,170,13.0,20.4,1027.0,45,2,1,12.0,77,0.0,,80,7.0,,1028.0,,0,1,11.0,71,0.0,,40,9.0,20.4,1026.0,0,2,1
202509256723807,XC,2025-09-25,SEP,THU,False,nan,EDB,1707,1707.0,DAR,1909.0,1911.0,2.0,1911,1912.0,1.0,190.0,BHM,2208.0,2210.0,2.0,True,16.0,48,0.0,,170,11.0,16.7,1027.0,36,2,1,11.0,82,0.0,,60,6.0,,1028.0,,0,1,10.0,76,0.0,,40,9.0,18.5,1026.0,0,1,1
202509256723362,XC,2025-09-25,SEP,THU,False,904.0,EDB,1807,1806.0,DAR,2010.0,2022.0,12.0,2011,2024.0,13.0,190.0,BHM,2328.0,2327.0,-1.0,False,14.0,59,0.0,,150,7.0,14.8,1027.0,24,1,1,9.0,87,0.0,,0,0.0,,1029.0,,0,1,8.0,81,0.0,,340,6.0,18.5,1025.0,0,1,1
202509266723813,XC,2025-09-26,SEP,FRI,False,nan,NCL,624,624.0,DAR,653.0,654.0,1.0,655,655.0,0.0,50.0,BHM,928.0,927.0,-1.0,False,8.4,92,0.0,,23,5.5,11.1,1026.0,0,5,3,5.0,100,0.0,,320,6.0,,1025.0,,0,5,11.0,88,0.0,,350,7.0,16.7,1023.0,43,3,1
202509266723745,XC,2025-09-26,SEP,FRI,False,nan,NCL,640,640.0,DAR,710.0,708.0,-2.0,711,711.0,0.0,50.0,BHM,1004.0,1003.0,-1.0,False,8.4,92,0.0,,23,5.5,11.1,1026.0,0,5,3,8.0,93,0.0,,320,9.0,,1026.0,,2,5,12.0,77,0.0,,30,7.0,18.5,1023.0,53,6,2
202509266723749,XC,2025-09-26,SEP,FRI,False,nan,EDB,606,606.0,DAR,809.0,808.0,-1.0,811,811.0,0.0,190.0,BHM,1106.0,1110.0,4.0,True,5.0,93,0.0,,130,4.0,14.8,1026.0,0,2,5,10.0,100,0.0,,350,6.0,,1025.0,,2,5,13.0,77,0.0,,20,9.0,20.4,1023.0,41,6,2
202509266723818,XC,2025-09-26,SEP,FRI,False,nan,NCL,835,835.0,DAR,904.0,906.0,2.0,906,908.0,2.0,50.0,BHM,1126.0,1128.0,2.0,True,10.4,91,0.0,,60,5.5,11.1,1025.6,20,5,4,11.0,100,0.0,,360,6.0,,1025.0,,2,2,13.0,77,0.0,,20,9.0,20.4,1023.0,41,6,2
202509266723761,XC,2025-09-26,SEP,FRI,False,nan,GLC,648,647.0,DAR,1009.0,1010.0,1.0,1010,1012.0,2.0,228.0,BHM,1306.0,1308.0,2.0,True,5.0,93,0.0,,70,7.0,14.8,1025.0,0,4,5,14.0,82,0.0,,80,7.0,,1024.0,,2,2,15.0,59,0.0,,110,9.0,20.4,1022.0,17,2,4
202509266723821,XC,2025-09-26,SEP,FRI,False,nan,NCL,1035,1035.0,DAR,1105.0,1105.0,0.0,1106,1107.0,1.0,50.0,BHM,1328.0,1326.0,-2.0,False,13.7,77,0.0,,96,7.4,16.7,1025.1,28,6,4,15.0,72,0.0,,100,11.0,,1024.0,,2,3,15.0,59,0.0,,110,9.0,20.4,1022.0,17,2,4
202509266723773,XC,2025-09-26,SEP,FRI,False,nan,EDB,1007,1007.0,DAR,1209.0,1209.0,0.0,1211,1216.0,5.0,190.0,BHM,1506.0,1506.0,0.0,False,15.0,72,0.0,,120,13.0,17.0,1024.0,36,2,2,16.0,59,0.0,,140,9.0,,1023.0,,2,3,15.0,55,0.0,,80,9.0,18.5,1021.0,8,6,4
202509266723824,XC,2025-09-26,SEP,FRI,False,nan,NCL,1236,1237.0,DAR,1305.0,1306.0,1.0,1307,1308.0,1.0,50.0,BHM,1528.0,1530.0,2.0,True,15.3,68,0.0,,113,13.0,22.2,1023.9,28,6,4,16.0,59,0.0,,110,15.0,,1023.0,,2,3,15.0,55,0.0,,80,9.0,18.5,1021.0,8,6,4
202509266723785,XC,2025-09-26,SEP,FRI,False,nan,EDB,1207,1206.0,DAR,1409.0,1408.0,-1.0,1411,1410.0,-1.0,190.0,BHM,1706.0,1705.0,-1.0,False,17.0,52,0.0,,140,17.0,27.8,1023.0,32,4,3,15.0,67,0.0,,110,15.0,,1022.0,,2,3,14.0,63,0.0,,100,7.0,18.5,1021.0,8,4,4
202509266723829,XC,2025-09-26,SEP,FRI,False,nan,NCL,1435,1434.0,DAR,1505.0,1503.0,-2.0,1506,1505.0,-1.0,50.0,BHM,1727.0,1735.0,8.0,True,15.6,64,0.0,,118,14.8,24.1,1022.8,27,6,4,14.0,67,0.0,,130,17.0,,1022.0,,6,3,14.0,63,0.0,,100,7.0,18.5,1021.0,8,4,4
202509266723797,XC,2025-09-26,SEP,FRI,False,nan,EDB,1404,1403.0,DAR,1609.0,1609.0,0.0,1611,1611.0,0.0,190.0,BHM,1907.0,1905.0,-2.0,False,17.0,48,0.0,,180,20.0,25.0,1021.0,27,4,4,14.0,67,0.0,,130,7.0,,1022.0,,6,3,13.0,72,0.0,,90,9.0,14.8,1021.0,1,8,4
202509266723482,XC,2025-09-26,SEP,FRI,False,895.0,NCL,1633,1633.0,DAR,1704.0,1705.0,1.0,1705,1707.0,2.0,50.0,BHM,1930.0,1945.0,15.0,True,15.2,66,0.0,,118,13.0,24.1,1021.9,19,6,4,14.0,72,0.0,,132,2.0,,1022.0,,6,3,13.0,72,0.0,,90,9.0,14.8,1021.0,1,8,4
202509266723804,XC,2025-09-26,SEP,FRI,False,nan,EDB,1607,1606.0,DAR,1809.0,1808.0,-1.0,1811,1811.0,0.0,190.0,BHM,2107.0,2106.0,-1.0,False,16.0,59,0.0,,140,17.0,25.9,1021.0,15,2,4,13.0,77,0.0,,110,9.0,,1022.0,,6,3,12.0,77,0.0,,140,7.0,14.8,1020.0,0,6,4
202509266723807,XC,2025-09-26,SEP,FRI,False,nan,EDB,1707,1707.0,DAR,1909.0,1908.0,-1.0,1911,1910.0,-1.0,190.0,BHM,2208.0,2215.0,7.0,True,15.0,63,0.0,,150,17.0,24.1,1021.0,14,6,4,13.0,72,0.0,,140,9.0,,1022.0,,6,3,11.0,88,0.0,,150,7.0,13.0,1020.0,0,2,4
202509266723362,XC,2025-09-26,SEP,FRI,False,nan,EDB,1807,1806.0,DAR,2010.0,2009.0,-1.0,2011,2011.0,0.0,190.0,BHM,2328.0,2328.0,0.0,False,14.0,67,0.0,,140,15.0,18.0,1020.0,10,6,4,13.0,72,0.0,,120,9.0,,1021.0,,6,3,11.0,88,0.0,,150,7.0,13.0,1020.0,0,4,4
202509276723814,XC,2025-09-27,SEP,SAT,False,nan,NCL,624,624.0,DAR,653.0,652.0,-1.0,655,655.0,0.0,50.0,BHM,927.0,925.0,-2.0,False,10.2,87,0.0,,186,5.5,11.1,1018.2,0,5,4,11.0,88,0.0,,170,11.0,,1018.0,,0,1,12.0,82,0.0,,160,13.0,20.4,1019.0,18,2,3
202509276723746,XC,2025-09-27,SEP,SAT,False,896.0,NCL,640,640.0,DAR,709.0,708.0,-1.0,711,711.0,0.0,50.0,BHM,1007.0,1112.0,65.0,True,10.2,87,0.0,,186,5.5,11.1,1018.2,0,5,4,12.0,82,0.0,,170,7.0,,1018.0,,2,1,13.0,77,0.0,,150,13.0,22.2,1019.0,20,4,3
202509276723751,XC,2025-09-27,SEP,SAT,False,895.0,EDB,606,606.0,DAR,809.0,808.0,-1.0,811,811.0,0.0,190.0,BHM,1106.0,1128.0,22.0,True,12.0,77,0.0,,110,11.0,22.2,1016.0,0,2,4,12.0,82,0.0,,180,13.0,,1019.0,,2,3,13.0,82,0.0,,150,17.0,24.1,1018.0,19,2,4
202509276723819,XC,2025-09-27,SEP,SAT,False,896.0,NCL,835,835.0,DAR,904.0,903.0,-1.0,906,906.0,0.0,50.0,BHM,1127.0,1159.0,32.0,True,11.2,86,0.0,,178,7.4,14.8,1018.4,16,5,3,14.0,72,0.0,,160,20.0,,1018.0,,2,3,13.0,82,0.0,,150,17.0,24.1,1018.0,19,2,4
202509276723762,XC,2025-09-27,SEP,SAT,False,nan,GLC,648,648.0,DAR,1010.0,1010.0,0.0,1011,1012.0,1.0,228.0,BHM,1306.0,1336.0,30.0,True,12.0,82,0.0,,100,15.0,22.2,1014.0,0,2,4,15.0,67,0.0,,180,22.0,,1018.0,,2,3,15.0,72,0.0,,160,22.0,25.9,1017.0,8,4,4
202509276723766,XC,2025-09-27,SEP,SAT,False,nan,GLC,748,747.0,DAR,1110.0,1110.0,0.0,1112,1112.0,0.0,228.0,BHM,1404.0,1408.0,4.0,True,13.0,77,0.0,,130,15.0,22.2,1015.0,3,7,4,15.0,63,0.0,,170,24.0,,1018.0,,2,3,15.0,63,0.0,,170,19.0,25.9,1017.0,5,4,4
202509276723774,XC,2025-09-27,SEP,SAT,True,777.0,EDB,1005,nan,DAR,1209.0,nan,nan,1211,nan,nan,190.0,BHM,1505.0,nan,nan,nan,14.0,67,0.0,,160,17.0,27.8,1015.0,19,2,3,15.0,63,0.0,,160,20.0,,1018.0,,2,3,14.0,67,0.0,,170,11.0,25.9,1017.0,1,4,4
202509276723778,XC,2025-09-27,SEP,SAT,True,777.0,DEE,933,nan,DAR,1311.0,nan,nan,1312,nan,nan,nan,BHM,1604.0,nan,nan,nan,13.0,77,0.0,,150,17.0,,1016.0,,2,3,16.0,59,0.0,,160,26.0,,1017.0,,2,3,14.0,67,0.0,,150,13.0,25.9,1017.0,0,4,4
202509276723786,XC,2025-09-27,SEP,SAT,True,777.0,EDB,1207,nan,DAR,1409.0,nan,nan,1411,nan,nan,190.0,BHM,1706.0,nan,nan,nan,16.0,59,0.0,,170,22.0,33.3,1014.0,15,4,4,15.0,67,0.0,,170,26.0,,1017.0,,2,3,14.0,67,0.0,,160,13.0,27.8,1017.0,1,2,4
202509276723793,XC,2025-09-27,SEP,SAT,False,nan,EDB,1308,1307.0,DAR,1511.0,1512.0,1.0,1512,1514.0,2.0,190.0,BHM,1804.0,1804.0,0.0,False,15.0,63,0.0,,180,20.0,35.2,1014.0,14,2,7,15.0,67,0.0,,170,22.0,,1016.0,,2,3,13.0,67,0.0,,160,15.0,25.9,1017.0,0,8,4
202509276723799,XC,2025-09-27,SEP,SAT,False,nan,EDB,1404,1403.0,DAR,1609.0,1617.0,8.0,1611,1620.0,9.0,190.0,BHM,1905.0,1911.0,6.0,True,15.0,63,0.1,,170,15.0,35.2,1014.0,8,2,7,14.0,72,0.0,,170,20.0,,1016.0,,8,3,13.0,72,0.0,,150,19.0,24.1,1017.0,0,8,4
202509276723483,XC,2025-09-27,SEP,SAT,True,777.0,NCL,1633,nan,DAR,1703.0,nan,nan,1704,nan,nan,50.0,BHM,1926.0,nan,nan,nan,14.6,71,0.0,,169,14.8,27.8,1015.7,4,8,4,14.0,72,0.0,,160,17.0,,1016.0,,4,3,13.0,72,0.0,,150,19.0,24.1,1017.0,0,8,4
202509276723805,XC,2025-09-27,SEP,SAT,False,nan,EDB,1607,1613.0,DAR,1809.0,1818.0,9.0,1811,1822.0,11.0,190.0,BHM,2106.0,2116.0,10.0,True,13.0,72,0.7,,150,15.0,31.5,1013.0,0,2,7,14.0,67,0.2,,170,19.0,,1016.0,,8,7,13.0,77,0.2,,160,15.0,24.1,1018.0,0,8,7
202509276723447,XC,2025-09-27,SEP,SAT,False,nan,EDB,1709,1708.0,DAR,1910.0,1919.0,9.0,1911,1922.0,11.0,190.0,BHM,2232.0,2235.0,3.0,True,12.0,88,1.2,,150,11.0,27.8,1013.0,0,2,7,14.0,67,0.8,,170,15.0,,1016.0,,8,8,12.0,82,0.0,,150,15.0,24.1,1018.0,0,7,7
202509276723365,XC,2025-09-27,SEP,SAT,False,nan,EDB,1807,1812.0,DAR,2010.0,2021.0,11.0,2011,2025.0,14.0,190.0,BHM,2307.0,2312.0,5.0,True,12.0,88,1.6,,130,11.0,24.1,1013.0,0,2,7,14.0,67,0.5,,180,19.0,,1016.0,,8,8,12.0,82,0.0,,150,15.0,22.2,1018.0,0,6,7
202509286723754,XC,2025-09-28,SEP,SUN,False,574.0,NCL,834,834.0,DAR,904.0,902.0,-2.0,906,907.0,1.0,50.0,BHM,1204.0,1203.0,-1.0,False,10.1,90,0.0,,261,7.4,14.8,1018.7,19,5,3,14.0,77,0.0,,310,7.0,,1019.0,,2,1,16.0,59,0.0,,320,17.0,18.5,1021.0,44,6,3
202509286723767,XC,2025-09-28,SEP,SUN,False,nan,EDB,908,908.0,DAR,1109.0,1109.0,0.0,1111,1111.0,0.0,190.0,BHM,1404.0,1417.0,13.0,True,12.0,82,0.0,,260,13.0,18.5,1019.0,25,2,3,15.0,63,0.0,,340,7.0,,1020.0,,2,1,17.0,52,0.0,,320,13.0,18.5,1021.0,43,4,3
202509286723772,XC,2025-09-28,SEP,SUN,False,nan,EDB,1008,1008.0,DAR,1209.0,1209.0,0.0,1211,1211.0,0.0,190.0,BHM,1506.0,1509.0,3.0,True,13.0,82,0.0,,290,4.0,18.5,1020.0,35,2,2,15.0,59,0.0,,320,11.0,,1020.0,,2,1,16.0,55,0.0,,350,13.0,18.5,1021.0,46,4,2
202509286723779,XC,2025-09-28,SEP,SUN,False,895.0,EDB,1105,1104.0,DAR,1309.0,1309.0,0.0,1310,1311.0,1.0,190.0,BHM,1604.0,1625.0,21.0,True,15.0,67,0.0,,270,9.0,20.4,1020.0,39,4,2,16.0,55,0.0,,10,6.0,,1020.0,,2,2,15.0,59,0.0,,320,11.0,16.7,1021.0,46,2,2
202509286723791,XC,2025-09-28,SEP,SUN,False,772.0,EDB,1308,1307.0,DAR,1510.0,1526.0,16.0,1512,1528.0,16.0,190.0,BHM,1804.0,1827.0,23.0,True,15.0,55,0.0,,270,11.0,20.4,1020.0,45,2,2,16.0,52,0.0,,350,7.0,,1020.0,,2,2,10.0,82,0.0,,290,6.0,14.8,1022.0,23,2,1
202509286723798,XC,2025-09-28,SEP,SUN,False,895.0,DEE,1222,nan,DAR,1609.0,1637.0,28.0,1611,1639.0,28.0,nan,BHM,1903.0,1933.0,30.0,True,15.0,72,0.0,,250,11.0,,1019.0,,2,1,16.0,52,0.0,,330,7.0,,1021.0,,2,2,8.0,93,0.0,,300,6.0,11.1,1023.0,10,2,1
202509286723481,XC,2025-09-28,SEP,SUN,True,526.0,NCL,1636,nan,DAR,1705.0,nan,nan,1706,nan,nan,50.0,BHM,1924.0,nan,nan,nan,15.0,62,0.0,,315,7.4,16.7,1020.5,38,2,2,14.0,67,0.0,,260,9.0,,1021.0,,2,2,8.0,93,0.0,,300,6.0,11.1,1023.0,10,2,1
202509286723803,XC,2025-09-28,SEP,SUN,False,nan,EDB,1608,1607.0,DAR,1809.0,1809.0,0.0,1811,1811.0,0.0,190.0,BHM,2106.0,2112.0,6.0,True,15.0,55,0.0,,260,11.0,20.4,1021.0,48,2,2,12.0,77,0.0,,10,7.0,,1022.0,,2,2,7.0,93,0.0,,280,2.0,11.1,1024.0,0,1,1
202509286723806,XC,2025-09-28,SEP,SUN,False,nan,EDB,1708,1707.0,DAR,1908.0,1911.0,3.0,1909,1913.0,4.0,190.0,BHM,2208.0,2207.0,-1.0,False,13.0,58,0.0,,270,9.0,16.7,1021.0,37,2,1,11.0,82,0.0,,320,4.0,,1023.0,,1,2,6.0,93,0.0,,280,4.0,11.1,1025.0,0,0,1
202509286723361,XC,2025-09-28,SEP,SUN,False,nan,EDB,1805,1804.0,DAR,2008.0,2016.0,8.0,2010,2018.0,8.0,190.0,BHM,2309.0,2306.0,-3.0,False,10.0,71,0.0,,250,9.0,16.7,1022.0,23,2,1,9.0,87,0.0,,350,9.0,,1023.0,,1,1,5.0,100,0.0,,0,0.0,11.1,1025.0,0,1,1
202509296723813,XC,2025-09-29,SEP,MON,False,nan,NCL,624,624.0,DAR,653.0,653.0,0.0,655,655.0,0.0,50.0,BHM,928.0,928.0,0.0,False,5.4,95,0.0,,269,7.4,13.0,1024.7,0,3,1,2.0,100,0.0,,180,4.0,,1025.0,,0,5,13.0,77,0.0,,284,4.0,9.3,1026.0,34,2,1
202509296723745,XC,2025-09-29,SEP,MON,False,nan,NCL,640,640.0,DAR,710.0,709.0,-1.0,711,712.0,1.0,50.0,BHM,1004.0,1008.0,4.0,True,5.4,95,0.0,,269,7.4,13.0,1024.7,0,3,1,4.0,100,0.0,,180,4.0,,1025.0,,0,1,15.0,63,0.0,,246,4.0,11.1,1026.0,40,2,1
202509296723749,XC,2025-09-29,SEP,MON,False,nan,EDB,606,607.0,DAR,809.0,808.0,-1.0,811,810.0,-1.0,190.0,BHM,1106.0,1108.0,2.0,True,2.0,100,0.0,,290,6.0,13.0,1024.0,0,4,5,8.0,87,0.0,,0,0.0,,1025.0,,5,1,16.0,55,0.0,,270,7.0,13.0,1026.0,38,4,1
202509296723818,XC,2025-09-29,SEP,MON,False,nan,NCL,835,835.0,DAR,904.0,904.0,0.0,906,906.0,0.0,50.0,BHM,1126.0,1127.0,1.0,True,7.4,92,0.0,,260,5.5,13.0,1024.9,31,2,1,11.0,76,0.0,,192,4.0,,1026.0,,2,3,16.0,55,0.0,,270,7.0,13.0,1026.0,38,4,1
202509296723760,XC,2025-09-29,SEP,MON,False,nan,GLC,648,647.0,DAR,1009.0,1009.0,0.0,1010,1011.0,1.0,228.0,BHM,1306.0,1305.0,-1.0,False,4.0,93,0.0,,100,6.0,9.3,1025.0,0,2,5,13.0,72,0.0,,160,2.0,,1025.0,,2,3,16.0,55,0.0,,270,9.0,13.0,1025.0,32,4,2
202509296723821,XC,2025-09-29,SEP,MON,False,nan,NCL,1035,1035.0,DAR,1105.0,1104.0,-1.0,1106,1106.0,0.0,50.0,BHM,1328.0,1330.0,2.0,True,11.8,78,0.0,,230,7.4,13.0,1025.0,42,2,1,14.0,63,0.0,,200,7.0,,1025.0,,2,3,16.0,55,0.0,,270,9.0,13.0,1025.0,32,4,2
202509296723773,XC,2025-09-29,SEP,MON,False,nan,EDB,1007,1007.0,DAR,1209.0,1209.0,0.0,1211,1211.0,0.0,190.0,BHM,1506.0,1506.0,0.0,False,12.0,77,0.0,,360,2.0,14.8,1024.0,32,2,2,15.0,59,0.0,,200,7.0,,1025.0,,2,3,16.0,55,0.0,,340,7.0,14.8,1025.0,21,2,3
202509296723824,XC,2025-09-29,SEP,MON,False,nan,NCL,1236,1237.0,DAR,1305.0,1305.0,0.0,1307,1307.0,0.0,50.0,BHM,1528.0,1527.0,-1.0,False,13.9,69,0.0,,201,7.4,14.8,1024.6,36,2,1,15.0,63,0.0,,210,7.0,,1025.0,,2,3,16.0,55,0.0,,340,7.0,14.8,1025.0,21,2,3
202509296723785,XC,2025-09-29,SEP,MON,False,nan,EDB,1207,1206.0,DAR,1409.0,1409.0,0.0,1411,1410.0,-1.0,190.0,BHM,1706.0,1706.0,0.0,False,14.0,67,0.0,,220,11.0,20.4,1024.0,23,2,4,15.0,63,0.0,,200,11.0,,1024.0,,2,3,15.0,59,0.0,,30,6.0,11.1,1025.0,8,2,4
202509296723829,XC,2025-09-29,SEP,MON,False,nan,NCL,1435,1436.0,DAR,1505.0,1505.0,0.0,1506,1507.0,1.0,50.0,BHM,1727.0,1728.0,1.0,True,14.4,67,0.0,,201,9.3,16.7,1024.1,22,4,2,15.0,67,0.0,,280,11.0,,1024.0,,2,3,15.0,59,0.0,,30,6.0,11.1,1025.0,8,2,4
202509296723797,XC,2025-09-29,SEP,MON,False,nan,EDB,1404,1403.0,DAR,1609.0,1608.0,-1.0,1611,1610.0,-1.0,190.0,BHM,1907.0,1911.0,4.0,True,13.0,77,0.0,,230,13.0,20.4,1023.0,6,2,4,15.0,63,0.0,,270,9.0,,1024.0,,2,3,10.0,87,0.0,,180,2.0,11.1,1025.0,0,6,4
202509296723482,XC,2025-09-29,SEP,MON,False,nan,NCL,1633,1633.0,DAR,1704.0,1703.0,-1.0,1705,1705.0,0.0,50.0,BHM,1930.0,1934.0,4.0,True,14.2,67,0.0,,199,5.5,13.0,1023.6,8,5,4,14.0,67,0.0,,250,7.0,,1024.0,,8,3,10.0,87,0.0,,180,2.0,11.1,1025.0,0,6,4
202509296723804,XC,2025-09-29,SEP,MON,False,nan,EDB,1607,1606.0,DAR,1809.0,1808.0,-1.0,1811,1810.0,-1.0,190.0,BHM,2107.0,2108.0,1.0,True,14.0,72,0.0,,230,11.0,18.5,1023.0,1,2,4,13.0,77,0.0,,210,7.0,,1024.0,,8,3,7.0,93,0.0,,190,4.0,9.3,1025.0,0,4,4
202509296723807,XC,2025-09-29,SEP,MON,False,576.0,EDB,1707,1707.0,DAR,1909.0,1908.0,-1.0,1911,1910.0,-1.0,190.0,BHM,2208.0,2225.0,17.0,True,14.0,72,0.0,,180,7.0,16.7,1023.0,2,2,4,12.0,82,0.0,,200,6.0,,1025.0,,8,3,6.0,100,0.0,,224,2.0,11.1,1025.0,0,4,2
202509296723362,XC,2025-09-29,SEP,MON,False,nan,EDB,1807,1806.0,DAR,2010.0,2009.0,-1.0,2011,2011.0,0.0,190.0,BHM,2328.0,2326.0,-2.0,False,13.0,77,0.0,,180,7.0,16.7,1023.0,0,6,4,11.0,88,0.0,,150,6.0,,1025.0,,8,3,6.0,100,0.0,,0,0.0,11.1,1025.0,0,4,2
202509306723813,XC,2025-09-30,SEP,TUE,False,nan,NCL,624,624.0,DAR,653.0,653.0,0.0,655,655.0,0.0,50.0,BHM,928.0,927.0,-1.0,False,9.5,89,0.0,,250,5.5,13.0,1023.1,0,6,4,10.0,94,0.0,,200,4.0,,1024.0,,2,3,14.0,72,0.0,,170,6.0,11.1,1026.0,28,2,2
202509306723745,XC,2025-09-30,SEP,TUE,False,nan,NCL,640,640.0,DAR,710.0,708.0,-2.0,711,710.0,-1.0,50.0,BHM,1004.0,1003.0,-1.0,False,9.5,89,0.0,,250,5.5,13.0,1023.1,0,6,4,11.0,88,0.0,,200,11.0,,1025.0,,2,3,15.0,67,0.0,,250,9.0,13.0,1026.0,39,4,2
202509306723749,XC,2025-09-30,SEP,TUE,False,nan,EDB,606,606.0,DAR,809.0,808.0,-1.0,811,810.0,-1.0,190.0,BHM,1106.0,1106.0,0.0,False,13.0,82,0.0,,240,4.0,14.8,1021.0,0,7,4,11.0,88,0.0,,210,11.0,,1025.0,,2,3,16.0,63,0.0,,230,7.0,16.7,1026.0,46,4,2
202509306723818,XC,2025-09-30,SEP,TUE,False,nan,NCL,835,835.0,DAR,904.0,906.0,2.0,906,908.0,2.0,50.0,BHM,1126.0,1130.0,4.0,True,11.0,89,0.0,,233,5.5,13.0,1023.6,10,5,4,13.0,82,0.0,,180,13.0,,1025.0,,2,2,16.0,63,0.0,,230,7.0,16.7,1026.0,46,4,2
202509306723760,XC,2025-09-30,SEP,TUE,False,nan,GLC,648,647.0,DAR,1009.0,1009.0,0.0,1010,1011.0,1.0,228.0,BHM,1306.0,1309.0,3.0,True,12.0,94,0.0,,70,6.0,13.0,1021.0,0,8,4,14.0,77,0.0,,200,15.0,,1025.0,,2,2,16.0,59,0.0,,230,9.0,18.5,1026.0,42,6,2
202509306723821,XC,2025-09-30,SEP,TUE,False,nan,NCL,1035,1035.0,DAR,1105.0,1104.0,-1.0,1106,1106.0,0.0,50.0,BHM,1328.0,1329.0,1.0,True,13.9,81,0.0,,207,9.3,18.5,1024.2,20,6,4,16.0,68,0.0,,190,15.0,,1025.0,,2,3,16.0,59,0.0,,230,9.0,18.5,1026.0,42,6,2
202509306723773,XC,2025-09-30,SEP,TUE,False,nan,EDB,1007,1007.0,DAR,1209.0,1210.0,1.0,1211,1212.0,1.0,190.0,BHM,1506.0,1513.0,7.0,True,16.0,68,0.0,,210,20.0,24.1,1022.0,7,4,4,17.0,59,0.0,,190,17.0,,1025.0,,2,1,18.0,52,0.0,,250,7.0,18.5,1026.0,33,4,3
202509306723824,XC,2025-09-30,SEP,TUE,False,nan,NCL,1236,1236.0,DAR,1305.0,1308.0,3.0,1307,1310.0,3.0,50.0,BHM,1528.0,1529.0,1.0,True,15.6,74,0.0,,201,11.1,22.2,1024.0,22,6,4,17.0,59,0.0,,180,17.0,,1024.0,,2,2,18.0,52,0.0,,250,7.0,18.5,1026.0,33,4,3
202509306723785,XC,2025-09-30,SEP,TUE,False,nan,EDB,1207,1207.0,DAR,1409.0,1408.0,-1.0,1411,1410.0,-1.0,190.0,BHM,1706.0,1706.0,0.0,False,17.0,68,0.0,,200,19.0,31.5,1022.0,8,4,4,17.0,59,0.0,,180,13.0,,1024.0,,2,3,16.0,59,0.0,,190,6.0,16.7,1026.0,29,6,2
202509306723829,XC,2025-09-30,SEP,TUE,False,nan,NCL,1435,1434.0,DAR,1505.0,1504.0,-1.0,1506,1506.0,0.0,50.0,BHM,1727.0,1727.0,0.0,False,16.3,70,0.0,,203,13.0,24.1,1024.1,17,7,4,17.0,59,0.0,,180,11.0,,1024.0,,2,3,16.0,59,0.0,,190,6.0,16.7,1026.0,29,6,2
202509306723797,XC,2025-09-30,SEP,TUE,False,nan,EDB,1404,1403.0,DAR,1609.0,1610.0,1.0,1611,1611.0,0.0,190.0,BHM,1907.0,1905.0,-2.0,False,17.0,68,0.0,,220,17.0,33.3,1022.0,7,2,4,16.0,68,0.0,,190,9.0,,1024.0,,6,3,14.0,72,0.0,,180,6.0,13.0,1026.0,0,8,2
202509306723482,XC,2025-09-30,SEP,TUE,False,683.0,NCL,1633,1651.0,DAR,1704.0,1718.0,14.0,1705,1720.0,15.0,50.0,BHM,1930.0,1950.0,20.0,True,16.3,70,0.0,,204,13.0,22.2,1023.9,12,6,4,15.0,72,0.0,,180,6.0,,1024.0,,6,3,14.0,72,0.0,,180,6.0,13.0,1026.0,0,8,2
202509306723804,XC,2025-09-30,SEP,TUE,False,nan,EDB,1607,1607.0,DAR,1809.0,1807.0,-2.0,1811,1810.0,-1.0,190.0,BHM,2107.0,2107.0,0.0,False,17.0,72,0.9,,190,13.0,31.5,1022.0,0,6,4,15.0,77,0.0,,190,6.0,,1025.0,,6,3,12.0,82,0.0,,170,4.0,11.1,1026.0,0,5,3
202509306723807,XC,2025-09-30,SEP,TUE,False,nan,EDB,1707,1707.0,DAR,1909.0,1909.0,0.0,1911,1911.0,0.0,190.0,BHM,2208.0,2213.0,5.0,True,16.0,77,0.0,,190,11.0,27.8,1022.0,1,6,4,14.0,77,0.0,,160,6.0,,1025.0,,6,3,11.0,82,0.0,,180,7.0,11.1,1026.0,0,5,3
202509306723362,XC,2025-09-30,SEP,TUE,False,nan,EDB,1807,1806.0,DAR,2010.0,2009.0,-1.0,2011,2010.0,-1.0,190.0,BHM,2328.0,2331.0,3.0,True,16.0,77,0.2,,190,13.0,27.8,1022.0,0,8,4,12.0,88,0.0,,180,9.0,,1025.0,,4,3,12.0,77,0.0,,170,7.0,13.0,1026.0,0,6,4
202510016723813,XC,2025-10-01,OCT,WED,False,nan,NCL,624,624.0,DAR,653.0,654.0,1.0,655,655.0,0.0,50.0,BHM,928.0,929.0,1.0,True,13.4,88,0.4,,198,11.1,18.5,1021.9,0,8,7,12.0,94,0.5,,190,13.0,,1024.0,,6,8,13.0,88,0.2,,190,7.0,14.8,1027.0,0,2,4
202510016723745,XC,2025-10-01,OCT,WED,False,nan,NCL,640,640.0,DAR,710.0,710.0,0.0,711,712.0,1.0,50.0,BHM,1004.0,1005.0,1.0,True,13.4,88,0.4,,198,11.1,18.5,1021.9,0,8,7,12.0,94,0.6,,180,26.0,,1023.0,,2,8,14.0,82,0.0,,200,11.0,18.5,1027.0,5,2,4
202510016723749,XC,2025-10-01,OCT,WED,False,nan,EDB,606,606.0,DAR,809.0,807.0,-2.0,811,810.0,-1.0,190.0,BHM,1106.0,1106.0,0.0,False,16.0,82,0.2,,230,22.0,33.3,1019.0,0,4,7,12.0,94,0.8,,190,22.0,,1024.0,,2,8,16.0,72,0.0,,190,15.0,20.4,1026.0,7,2,4
202510016723818,XC,2025-10-01,OCT,WED,False,nan,NCL,835,835.0,DAR,904.0,904.0,0.0,906,906.0,0.0,50.0,BHM,1126.0,1128.0,2.0,True,13.5,92,0.7,,195,11.1,20.4,1022.3,0,8,8,13.0,94,0.9,,180,20.0,,1024.0,,2,8,16.0,72,0.0,,190,15.0,20.4,1026.0,7,2,4
202510016723760,XC,2025-10-01,OCT,WED,False,nan,GLC,648,647.0,DAR,1009.0,1008.0,-1.0,1010,1010.0,0.0,228.0,BHM,1306.0,1307.0,1.0,True,15.0,94,1.1,,190,24.0,27.8,1018.0,0,4,8,13.0,94,0.5,,190,24.0,,1024.0,,4,8,17.0,68,0.0,,200,13.0,20.4,1026.0,9,2,4
202510016723821,XC,2025-10-01,OCT,WED,False,nan,NCL,1035,1035.0,DAR,1105.0,1104.0,-1.0,1106,1106.0,0.0,50.0,BHM,1328.0,1327.0,-1.0,False,13.7,96,0.7,,197,13.0,22.2,1022.3,0,8,8,14.0,94,0.8,,190,22.0,,1024.0,,4,8,17.0,68,0.0,,200,13.0,20.4,1026.0,9,2,4
202510016723773,XC,2025-10-01,OCT,WED,False,nan,EDB,1007,1007.0,DAR,1209.0,1213.0,4.0,1211,1214.0,3.0,190.0,BHM,1506.0,1505.0,-1.0,False,16.0,88,0.3,,230,20.0,31.5,1019.0,0,4,7,15.0,88,0.4,,190,24.0,,1023.0,,4,8,17.0,68,0.0,,200,7.0,20.4,1025.0,7,2,4
202510016723824,XC,2025-10-01,OCT,WED,False,904.0,NCL,1236,1238.0,DAR,1305.0,1310.0,5.0,1307,1312.0,5.0,50.0,BHM,1528.0,1535.0,7.0,True,14.3,94,0.7,,206,14.8,25.9,1022.3,0,8,7,15.0,94,0.6,,190,22.0,,1023.0,,2,8,17.0,68,0.0,,200,7.0,20.4,1025.0,7,2,4
202510016723785,XC,2025-10-01,OCT,WED,False,501.0,EDB,1207,1207.0,DAR,1409.0,1433.0,24.0,1411,1435.0,24.0,190.0,BHM,1706.0,1737.0,31.0,True,17.0,88,0.1,,220,28.0,37.0,1019.0,0,4,7,15.0,94,0.4,,190,22.0,,1023.0,,2,8,16.0,68,0.0,,170,6.0,18.5,1025.0,13,2,4
202510016723829,XC,2025-10-01,OCT,WED,False,904.0,NCL,1435,1435.0,DAR,1505.0,1508.0,3.0,1506,1512.0,6.0,50.0,BHM,1727.0,1740.0,13.0,True,15.0,91,0.4,,209,16.7,27.8,1022.0,0,8,7,15.0,94,0.0,,190,20.0,,1023.0,,2,3,16.0,68,0.0,,170,6.0,18.5,1025.0,13,2,4
202510016723797,XC,2025-10-01,OCT,WED,False,501.0,EDB,1404,1403.0,DAR,1609.0,1624.0,15.0,1611,1626.0,15.0,190.0,BHM,1907.0,1909.0,2.0,True,18.0,78,0.0,,220,35.0,37.0,1019.0,0,4,7,15.0,88,0.0,,190,19.0,,1023.0,,6,3,13.0,77,0.0,,170,6.0,14.8,1026.0,0,4,4
202510016723482,XC,2025-10-01,OCT,WED,False,nan,NCL,1633,1637.0,DAR,1704.0,1708.0,4.0,1705,1710.0,5.0,50.0,BHM,1930.0,1933.0,3.0,True,15.3,88,0.4,,211,18.5,29.6,1021.7,0,8,7,15.0,88,0.0,,190,15.0,,1023.0,,2,3,13.0,77,0.0,,170,6.0,14.8,1026.0,0,4,4
202510016723804,XC,2025-10-01,OCT,WED,False,nan,EDB,1607,1606.0,DAR,1809.0,1807.0,-2.0,1811,1811.0,0.0,190.0,BHM,2107.0,2104.0,-3.0,False,17.0,77,0.0,,220,30.0,38.9,1019.0,1,4,4,15.0,88,0.0,,180,15.0,,1023.0,,4,3,11.0,88,0.0,,210,6.0,14.8,1025.0,0,7,4
202510016723807,XC,2025-10-01,OCT,WED,False,nan,EDB,1707,1707.0,DAR,1909.0,1909.0,0.0,1911,1911.0,0.0,190.0,BHM,2208.0,2207.0,-1.0,False,17.0,77,0.0,,220,30.0,35.2,1019.0,2,6,4,14.0,94,0.0,,190,15.0,,1023.0,,2,3,9.0,94,0.0,,160,7.0,13.0,1025.0,0,4,3
202510016723362,XC,2025-10-01,OCT,WED,False,nan,EDB,1807,1807.0,DAR,2010.0,2013.0,3.0,2011,2015.0,4.0,190.0,BHM,2328.0,2326.0,-2.0,False,16.0,82,0.0,,210,24.0,33.3,1019.0,2,4,4,14.0,94,0.0,,190,17.0,,1023.0,,6,3,10.0,94,0.0,,190,9.0,14.8,1025.0,0,6,2
202510026723813,XC,2025-10-02,OCT,THU,False,nan,NCL,624,624.0,DAR,653.0,652.0,-1.0,655,655.0,0.0,50.0,BHM,928.0,932.0,4.0,True,13.9,84,0.0,,207,11.1,20.4,1019.6,0,7,4,13.0,88,0.0,,190,17.0,,1021.0,,2,3,13.0,88,0.0,,170,13.0,16.7,1022.0,5,4,4
202510026723745,XC,2025-10-02,OCT,THU,False,nan,NCL,640,640.0,DAR,710.0,710.0,0.0,711,712.0,1.0,50.0,BHM,1004.0,1008.0,4.0,True,13.9,84,0.0,,207,11.1,20.4,1019.6,0,7,4,13.0,88,0.0,,170,17.0,,1020.0,,2,3,14.0,82,0.0,,180,13.0,20.4,1022.0,5,2,4
202510026723749,XC,2025-10-02,OCT,THU,False,895.0,EDB,606,606.0,DAR,809.0,808.0,-1.0,811,810.0,-1.0,190.0,BHM,1106.0,1116.0,10.0,True,14.0,88,0.0,,240,13.0,31.5,1016.0,0,2,7,14.0,82,0.0,,190,17.0,,1020.0,,2,3,16.0,72,0.0,,180,15.0,22.2,1022.0,7,2,4
202510026723818,XC,2025-10-02,OCT,THU,False,nan,NCL,835,836.0,DAR,904.0,906.0,2.0,906,907.0,1.0,50.0,BHM,1126.0,1127.0,1.0,True,14.1,86,0.0,,202,11.1,20.4,1019.2,6,6,4,14.0,88,0.0,,180,19.0,,1020.0,,2,3,16.0,72,0.0,,180,15.0,22.2,1022.0,7,2,4
202510026723760,XC,2025-10-02,OCT,THU,False,nan,GLC,648,647.0,DAR,1009.0,1010.0,1.0,1010,1012.0,2.0,228.0,BHM,1306.0,1310.0,4.0,True,14.0,94,0.0,,190,19.0,22.2,1017.0,0,8,7,15.0,82,0.0,,190,20.0,,1019.0,,4,3,17.0,68,0.0,,190,15.0,24.1,1020.0,14,2,4
202510026723821,XC,2025-10-02,OCT,THU,False,nan,NCL,1035,1035.0,DAR,1105.0,1105.0,0.0,1106,1106.0,0.0,50.0,BHM,1328.0,1330.0,2.0,True,15.0,86,0.0,,193,13.0,22.2,1018.4,6,6,4,15.0,82,0.0,,180,20.0,,1019.0,,2,3,17.0,68,0.0,,190,15.0,24.1,1020.0,14,2,4
202510026723773,XC,2025-10-02,OCT,THU,False,nan,EDB,1007,1007.0,DAR,1209.0,1214.0,5.0,1211,1218.0,7.0,190.0,BHM,1506.0,1507.0,1.0,True,16.0,88,0.0,,240,6.0,29.6,1015.0,0,6,7,16.0,77,0.0,,180,24.0,,1018.0,,2,3,16.0,68,0.0,,170,15.0,29.6,1018.0,11,2,4
202510026723824,XC,2025-10-02,OCT,THU,False,nan,NCL,1236,1236.0,DAR,1305.0,1305.0,0.0,1307,1308.0,1.0,50.0,BHM,1528.0,1527.0,-1.0,False,16.0,80,0.0,,195,16.7,29.6,1016.7,4,6,4,16.0,82,0.1,,180,24.0,,1017.0,,2,7,16.0,68,0.0,,170,15.0,29.6,1018.0,11,2,4
202510026723785,XC,2025-10-02,OCT,THU,False,nan,EDB,1207,1206.0,DAR,1409.0,1408.0,-1.0,1411,1410.0,-1.0,190.0,BHM,1706.0,1705.0,-1.0,False,16.0,82,0.8,,210,19.0,35.2,1014.0,0,4,7,17.0,72,0.0,,190,24.0,,1016.0,,2,3,16.0,77,0.0,,170,17.0,31.5,1017.0,5,7,7
202510026723829,XC,2025-10-02,OCT,THU,False,nan,NCL,1435,1434.0,DAR,1505.0,1504.0,-1.0,1506,1507.0,1.0,50.0,BHM,1727.0,1732.0,5.0,True,16.8,76,0.0,,199,18.5,31.5,1015.1,4,7,4,16.0,77,0.0,,190,22.0,,1015.0,,2,3,16.0,77,0.0,,170,17.0,31.5,1017.0,5,7,7
202510026723797,XC,2025-10-02,OCT,THU,False,nan,EDB,1404,1405.0,DAR,1609.0,1609.0,0.0,1611,1611.0,0.0,190.0,BHM,1907.0,1913.0,6.0,True,16.0,82,0.0,,170,13.0,38.9,1011.0,0,6,7,16.0,72,0.0,,190,20.0,,1014.0,,2,3,16.0,68,0.0,,180,19.0,33.3,1015.0,0,8,7
202510026723482,XC,2025-10-02,OCT,THU,False,nan,NCL,1633,1633.0,DAR,1704.0,1705.0,1.0,1705,1707.0,2.0,50.0,BHM,1930.0,1932.0,2.0,True,16.8,74,0.0,,198,18.5,31.5,1013.1,1,8,4,15.0,77,0.0,,180,13.0,,1014.0,,2,3,16.0,68,0.0,,180,19.0,33.3,1015.0,0,8,7
202510026723804,XC,2025-10-02,OCT,THU,False,nan,EDB,1607,1606.0,DAR,1809.0,1808.0,-1.0,1811,1811.0,0.0,190.0,BHM,2107.0,2105.0,-2.0,False,16.0,72,0.0,,210,19.0,44.5,1009.0,0,2,7,15.0,77,0.0,,180,24.0,,1013.0,,2,3,15.0,77,0.0,,170,22.0,37.0,1013.0,0,8,8
202510026723807,XC,2025-10-02,OCT,THU,False,nan,EDB,1707,1707.0,DAR,1909.0,1909.0,0.0,1911,1911.0,0.0,190.0,BHM,2208.0,2218.0,10.0,True,16.0,68,0.0,,210,26.0,24.0,1008.0,0,2,7,15.0,77,0.0,,180,30.0,,1011.0,,8,3,14.0,88,0.6,,170,22.0,37.0,1012.0,0,8,7
202510026723362,XC,2025-10-02,OCT,THU,False,nan,EDB,1807,1806.0,DAR,2010.0,2012.0,2.0,2011,2013.0,2.0,190.0,BHM,2328.0,2329.0,1.0,True,16.0,68,0.0,,200,28.0,46.3,1007.0,0,6,8,15.0,77,0.0,,180,30.0,,1010.0,,2,3,14.0,88,1.6,,170,20.0,37.0,1013.0,0,2,7
202510026723813,XC,2025-10-02,OCT,THU,False,nan,NCL,624,624.0,DAR,653.0,652.0,-1.0,655,655.0,0.0,50.0,BHM,928.0,932.0,4.0,True,13.9,84,0.0,,207,11.1,20.4,1019.6,0,7,4,13.0,88,0.0,,190,17.0,,1021.0,,2,3,13.0,88,0.0,,170,13.0,16.7,1022.0,5,4,4
202510026723745,XC,2025-10-02,OCT,THU,False,nan,NCL,640,640.0,DAR,710.0,710.0,0.0,711,712.0,1.0,50.0,BHM,1004.0,1008.0,4.0,True,13.9,84,0.0,,207,11.1,20.4,1019.6,0,7,4,13.0,88,0.0,,170,17.0,,1020.0,,2,3,14.0,82,0.0,,180,13.0,20.4,1022.0,5,2,4
202510026723749,XC,2025-10-02,OCT,THU,False,nan,EDB,606,606.0,DAR,809.0,808.0,-1.0,811,810.0,-1.0,190.0,BHM,1106.0,1116.0,10.0,True,14.0,88,0.0,,240,13.0,31.5,1016.0,0,2,7,14.0,82,0.0,,190,17.0,,1020.0,,2,3,16.0,72,0.0,,180,15.0,22.2,1022.0,7,2,4
202510026723818,XC,2025-10-02,OCT,THU,False,nan,NCL,835,836.0,DAR,904.0,906.0,2.0,906,907.0,1.0,50.0,BHM,1126.0,1127.0,1.0,True,14.1,86,0.0,,202,11.1,20.4,1019.2,6,6,4,14.0,88,0.0,,180,19.0,,1020.0,,2,3,16.0,72,0.0,,180,15.0,22.2,1022.0,7,2,4
202510026723760,XC,2025-10-02,OCT,THU,False,nan,GLC,648,647.0,DAR,1009.0,1010.0,1.0,1010,1012.0,2.0,228.0,BHM,1306.0,1310.0,4.0,True,14.0,94,0.0,,190,19.0,22.2,1017.0,0,8,7,15.0,82,0.0,,190,20.0,,1019.0,,4,3,17.0,68,0.0,,190,15.0,24.1,1020.0,14,2,4
202510026723821,XC,2025-10-02,OCT,THU,False,nan,NCL,1035,1035.0,DAR,1105.0,1105.0,0.0,1106,1106.0,0.0,50.0,BHM,1328.0,1330.0,2.0,True,15.0,86,0.0,,193,13.0,22.2,1018.4,6,6,4,15.0,82,0.0,,180,20.0,,1019.0,,2,3,17.0,68,0.0,,190,15.0,24.1,1020.0,14,2,4
202510026723773,XC,2025-10-02,OCT,THU,False,nan,EDB,1007,1007.0,DAR,1209.0,1214.0,5.0,1211,1218.0,7.0,190.0,BHM,1506.0,1507.0,1.0,True,16.0,88,0.0,,240,6.0,29.6,1015.0,0,6,7,16.0,77,0.0,,180,24.0,,1018.0,,2,3,16.0,68,0.0,,170,15.0,29.6,1018.0,11,2,4
202510026723824,XC,2025-10-02,OCT,THU,False,nan,NCL,1236,1236.0,DAR,1305.0,1305.0,0.0,1307,1308.0,1.0,50.0,BHM,1528.0,1527.0,-1.0,False,16.0,80,0.0,,195,16.7,29.6,1016.7,4,6,4,16.0,82,0.1,,180,24.0,,1017.0,,2,7,16.0,68,0.0,,170,15.0,29.6,1018.0,11,2,4
202510026723785,XC,2025-10-02,OCT,THU,False,nan,EDB,1207,1206.0,DAR,1409.0,1408.0,-1.0,1411,1410.0,-1.0,190.0,BHM,1706.0,1705.0,-1.0,False,16.0,82,0.8,,210,19.0,35.2,1014.0,0,4,7,17.0,72,0.0,,190,24.0,,1016.0,,2,3,16.0,77,0.0,,170,17.0,31.5,1017.0,5,7,7
202510026723829,XC,2025-10-02,OCT,THU,False,nan,NCL,1435,1434.0,DAR,1505.0,1504.0,-1.0,1506,1507.0,1.0,50.0,BHM,1727.0,1732.0,5.0,True,16.8,76,0.0,,199,18.5,31.5,1015.1,4,7,4,16.0,77,0.0,,190,22.0,,1015.0,,2,3,16.0,77,0.0,,170,17.0,31.5,1017.0,5,7,7
202510026723797,XC,2025-10-02,OCT,THU,False,nan,EDB,1404,1405.0,DAR,1609.0,1609.0,0.0,1611,1611.0,0.0,190.0,BHM,1907.0,1913.0,6.0,True,16.0,82,0.0,,170,13.0,38.9,1011.0,0,6,7,16.0,72,0.0,,190,20.0,,1014.0,,2,3,16.0,68,0.0,,180,19.0,33.3,1015.0,0,8,7
202510026723482,XC,2025-10-02,OCT,THU,False,nan,NCL,1633,1633.0,DAR,1704.0,1705.0,1.0,1705,1707.0,2.0,50.0,BHM,1930.0,1932.0,2.0,True,16.8,74,0.0,,198,18.5,31.5,1013.1,1,8,4,15.0,77,0.0,,180,13.0,,1014.0,,2,3,16.0,68,0.0,,180,19.0,33.3,1015.0,0,8,7
202510026723804,XC,2025-10-02,OCT,THU,False,nan,EDB,1607,1606.0,DAR,1809.0,1808.0,-1.0,1811,1811.0,0.0,190.0,BHM,2107.0,2105.0,-2.0,False,16.0,72,0.0,,210,19.0,44.5,1009.0,0,2,7,15.0,77,0.0,,180,24.0,,1013.0,,2,3,15.0,77,0.0,,170,22.0,37.0,1013.0,0,8,8
202510026723807,XC,2025-10-02,OCT,THU,False,nan,EDB,1707,1707.0,DAR,1909.0,1909.0,0.0,1911,1911.0,0.0,190.0,BHM,2208.0,2218.0,10.0,True,16.0,68,0.0,,210,26.0,24.0,1008.0,0,2,7,15.0,77,0.0,,180,30.0,,1011.0,,8,3,14.0,88,0.6,,170,22.0,37.0,1012.0,0,8,7
202510026723362,XC,2025-10-02,OCT,THU,False,nan,EDB,1807,1806.0,DAR,2010.0,2012.0,2.0,2011,2013.0,2.0,190.0,BHM,2328.0,2329.0,1.0,True,16.0,68,0.0,,200,28.0,46.3,1007.0,0,6,8,15.0,77,0.0,,180,30.0,,1010.0,,2,3,14.0,88,1.6,,170,20.0,37.0,1013.0,0,2,7
202510036723813,XC,2025-10-03,OCT,FRI,False,nan,NCL,624,624.0,DAR,653.0,653.0,0.0,655,655.0,0.0,50.0,BHM,928.0,930.0,2.0,True,14.5,82,0.0,,208,16.7,25.9,1003.3,0,8,4,14.0,94,0.0,,190,22.0,,1005.0,,6,3,16.0,94,0.7,,190,13.0,25.9,1007.0,0,6,7
202510036723745,XC,2025-10-03,OCT,FRI,False,nan,NCL,640,640.0,DAR,710.0,709.0,-1.0,711,711.0,0.0,50.0,BHM,1004.0,1006.0,2.0,True,14.5,82,0.0,,208,16.7,25.9,1003.3,0,8,4,15.0,88,0.0,,200,19.0,,1004.0,,4,3,16.0,94,0.9,,190,13.0,29.6,1007.0,0,6,7
202510036723749,XC,2025-10-03,OCT,FRI,False,nan,EDB,606,607.0,DAR,809.0,808.0,-1.0,811,810.0,-1.0,190.0,BHM,1106.0,1109.0,3.0,True,12.0,88,0.0,,240,13.0,42.6,1001.0,0,2,4,15.0,88,0.0,,190,20.0,,1004.0,,2,3,16.0,94,1.3,,170,15.0,31.5,1006.0,0,6,8
202510036723818,XC,2025-10-03,OCT,FRI,False,nan,NCL,835,836.0,DAR,904.0,905.0,1.0,906,907.0,1.0,50.0,BHM,1126.0,1128.0,2.0,True,14.8,83,0.0,,207,14.8,24.1,1002.9,2,7,4,15.0,88,0.0,,190,20.0,,1003.0,,2,3,16.0,94,1.3,,170,15.0,31.5,1006.0,0,6,8
202510036723761,XC,2025-10-03,OCT,FRI,False,nan,GLC,648,647.0,DAR,1009.0,1009.0,0.0,1010,1011.0,1.0,228.0,BHM,1306.0,1306.0,0.0,False,12.0,88,0.0,,180,9.0,27.8,1001.0,0,6,4,15.0,88,0.0,,190,22.0,,1003.0,,2,3,16.0,94,2.0,,180,19.0,37.0,1003.0,0,6,8
202510036723821,XC,2025-10-03,OCT,FRI,False,911.0,NCL,1035,1034.0,DAR,1105.0,1104.0,-1.0,1106,1109.0,3.0,50.0,BHM,1328.0,1357.0,29.0,True,15.3,81,0.1,,199,14.8,24.1,1002.2,1,5,7,15.0,88,0.3,,170,22.0,,1001.0,,4,8,16.0,94,2.0,,180,19.0,37.0,1003.0,0,6,8
202510036723773,XC,2025-10-03,OCT,FRI,False,nan,EDB,1007,1007.0,DAR,1209.0,1212.0,3.0,1211,1214.0,3.0,190.0,BHM,1506.0,1509.0,3.0,True,15.0,77,0.0,,210,19.0,31.5,998.0,1,2,7,15.0,88,1.1,,180,26.0,,999.0,,2,9,16.0,94,0.7,,170,24.0,24.0,999.0,0,6,8
202510036723824,XC,2025-10-03,OCT,FRI,True,911.0,NCL,1236,nan,DAR,1305.0,nan,nan,1307,nan,nan,50.0,BHM,1528.0,nan,nan,nan,14.8,84,0.2,,200,20.4,33.3,999.2,0,8,8,15.0,88,1.6,,170,37.0,30.0,996.0,,2,9,16.0,94,0.7,,170,24.0,24.0,999.0,0,6,8
202510036723785,XC,2025-10-03,OCT,FRI,False,nan,EDB,1207,1206.0,DAR,1409.0,1417.0,8.0,1411,1419.0,8.0,190.0,BHM,1706.0,1706.0,0.0,False,12.0,82,0.7,,160,15.0,38.9,992.0,0,2,8,15.0,94,1.4,,170,44.0,37.0,992.0,,2,8,17.0,94,1.4,,190,28.0,25.0,996.0,0,6,8
202510036723829,XC,2025-10-03,OCT,FRI,False,904.0,NCL,1435,1434.0,DAR,1505.0,1506.0,1.0,1506,1508.0,2.0,50.0,BHM,1727.0,1800.0,33.0,True,14.4,91,1.4,,192,27.8,46.3,992.3,0,8,8,16.0,88,1.1,,170,48.0,39.0,989.0,,4,8,17.0,94,1.4,,190,28.0,25.0,996.0,0,6,8
202510036723797,XC,2025-10-03,OCT,FRI,False,904.0,EDB,1404,1405.0,DAR,1609.0,1614.0,5.0,1611,1615.0,4.0,190.0,BHM,1907.0,1913.0,6.0,True,13.0,88,2.7,,160,22.0,24.0,982.0,0,4,9,15.0,94,0.6,,180,56.0,43.0,986.0,,2,8,17.0,94,0.2,,190,30.0,24.0,993.0,0,6,7
202510036723482,XC,2025-10-03,OCT,FRI,False,nan,NCL,1633,1633.0,DAR,1704.0,1704.0,0.0,1705,1706.0,1.0,50.0,BHM,1930.0,1935.0,5.0,True,15.8,89,1.4,,198,35.2,57.4,986.2,0,8,8,16.0,94,0.4,,180,48.0,,984.0,,6,8,17.0,94,0.2,,190,30.0,24.0,993.0,0,6,7
202510036723804,XC,2025-10-03,OCT,FRI,False,nan,EDB,1607,1607.0,DAR,1809.0,1809.0,0.0,1811,1811.0,0.0,190.0,BHM,2107.0,2107.0,0.0,False,17.0,88,1.2,,210,48.0,38.0,975.0,1,2,8,17.0,94,0.5,,200,43.0,40.0,983.0,,4,8,16.0,77,0.6,,240,20.0,21.0,993.0,0,2,7
202510036723807,XC,2025-10-03,OCT,FRI,False,nan,EDB,1707,1707.0,DAR,1909.0,1909.0,0.0,1911,1911.0,0.0,190.0,BHM,2208.0,2223.0,15.0,True,17.0,77,0.9,,230,65.0,46.0,973.0,2,4,8,18.0,73,0.6,,230,57.0,42.0,983.0,,4,8,15.0,67,0.0,,250,24.0,23.0,994.0,0,8,4
202510036723362,XC,2025-10-03,OCT,FRI,False,799.0,EDB,1807,1807.0,DAR,2010.0,2053.0,43.0,2011,2056.0,45.0,190.0,BHM,2328.0,2353.0,25.0,True,14.0,72,0.6,,240,65.0,54.0,975.0,1,4,8,15.0,67,0.3,,250,46.0,44.0,985.0,,2,8,14.0,72,0.0,,260,20.0,37.0,994.0,0,8,4
202510046723746,XC,2025-10-04,OCT,SAT,False,nan,NCL,640,640.0,DAR,709.0,710.0,1.0,711,711.0,0.0,50.0,BHM,1007.0,1005.0,-2.0,False,12.8,65,0.0,,231,35.2,53.7,981.3,0,5,2,11.0,71,1.0,,230,43.0,33.0,984.0,,2,18,12.0,54,0.0,,260,24.0,29.0,996.0,25,6,4
202510046723751,XC,2025-10-04,OCT,SAT,False,851.0,EDB,606,605.0,DAR,809.0,837.0,28.0,811,838.0,27.0,190.0,BHM,1106.0,1108.0,2.0,True,10.0,87,0.0,,250,30.0,57.4,979.0,0,2,7,11.0,71,0.7,,240,41.0,,985.0,,4,8,11.0,67,0.0,,270,33.0,31.0,997.0,17,6,4
202510046723756,XC,2025-10-04,OCT,SAT,False,851.0,EDB,704,704.0,DAR,910.0,937.0,27.0,912,939.0,27.0,190.0,BHM,1206.0,1219.0,13.0,True,10.0,82,0.0,,250,30.0,55.5,980.0,3,2,7,11.0,71,0.9,,250,33.0,,986.0,,2,8,11.0,71,0.7,,270,30.0,61.1,998.0,15,6,7
202510046723762,XC,2025-10-04,OCT,SAT,False,nan,GLC,648,nan,DAR,1010.0,1008.0,-2.0,1011,1010.0,-1.0,228.0,BHM,1306.0,1314.0,8.0,True,9.0,94,0.2,,240,15.0,53.7,980.0,0,4,7,12.0,72,0.0,,250,33.0,,986.0,,2,3,12.0,72,0.0,,270,28.0,25.0,999.0,7,6,7
202510046723766,XC,2025-10-04,OCT,SAT,False,nan,GLC,748,nan,DAR,1110.0,1116.0,6.0,1112,1117.0,5.0,228.0,BHM,1407.0,1409.0,2.0,True,9.0,87,0.0,,270,19.0,53.7,982.0,2,4,7,13.0,67,0.0,,270,32.0,,988.0,,2,3,13.0,67,0.2,,270,28.0,26.0,1000.0,9,6,7
202510046723774,XC,2025-10-04,OCT,SAT,False,nan,EDB,1005,1005.0,DAR,1209.0,1210.0,1.0,1211,1211.0,0.0,190.0,BHM,1505.0,1510.0,5.0,True,12.0,67,0.0,,270,30.0,48.2,983.0,5,2,7,13.0,67,0.0,,270,37.0,30.0,989.0,,2,3,13.0,63,0.0,,290,26.0,53.7,1001.0,14,4,7
202510046723778,XC,2025-10-04,OCT,SAT,False,nan,DEE,933,nan,DAR,1311.0,1310.0,-1.0,1312,1312.0,0.0,nan,BHM,1604.0,1603.0,-1.0,False,11.0,71,0.0,,260,24.0,,979.0,,2,3,14.0,59,0.0,,270,39.0,31.0,990.0,,4,3,13.0,63,0.0,,280,28.0,25.0,1002.0,22,2,7
202510046723786,XC,2025-10-04,OCT,SAT,False,nan,EDB,1207,1207.0,DAR,1409.0,1408.0,-1.0,1411,1411.0,0.0,190.0,BHM,1706.0,1705.0,-1.0,False,12.0,62,0.0,,270,35.0,29.0,985.0,9,2,7,14.0,59,0.0,,280,28.0,28.0,992.0,,2,3,13.0,63,0.0,,270,24.0,27.0,1002.0,18,2,4
202510046723793,XC,2025-10-04,OCT,SAT,False,nan,EDB,1308,1307.0,DAR,1511.0,1510.0,-1.0,1512,1512.0,0.0,190.0,BHM,1804.0,1807.0,3.0,True,12.0,67,0.0,,260,33.0,28.0,986.0,10,2,7,13.0,63,0.0,,280,32.0,28.0,993.0,,2,3,12.0,67,0.0,,280,28.0,44.5,1003.0,10,6,4
202510046723799,XC,2025-10-04,OCT,SAT,False,nan,EDB,1404,1403.0,DAR,1609.0,1609.0,0.0,1611,1611.0,0.0,190.0,BHM,1905.0,1913.0,8.0,True,13.0,58,0.0,,280,33.0,29.0,988.0,10,2,7,13.0,58,0.0,,270,35.0,30.0,994.0,,2,3,12.0,72,0.0,,270,24.0,42.6,1005.0,0,6,3
202510046723802,XC,2025-10-04,OCT,SAT,False,nan,EDB,1505,1505.0,DAR,1710.0,1708.0,-2.0,1711,1711.0,0.0,190.0,BHM,2005.0,2009.0,4.0,True,13.0,54,0.0,,270,32.0,34.0,989.0,6,2,7,12.0,62,0.0,,270,33.0,,995.0,,2,3,12.0,67,0.0,,270,22.0,22.0,1005.0,0,6,3
202510046723805,XC,2025-10-04,OCT,SAT,False,nan,EDB,1607,1606.0,DAR,1809.0,1811.0,2.0,1811,1813.0,2.0,190.0,BHM,2106.0,2110.0,4.0,True,13.0,54,0.0,,270,26.0,26.0,990.0,10,2,4,12.0,62,0.0,,260,30.0,26.0,996.0,,2,3,12.0,67,0.0,,270,22.0,38.9,1006.0,0,4,3
202510046723447,XC,2025-10-04,OCT,SAT,False,nan,EDB,1709,1709.0,DAR,1910.0,1910.0,0.0,1911,1911.0,0.0,190.0,BHM,2232.0,2233.0,1.0,True,12.0,67,0.0,,270,28.0,27.0,991.0,7,2,4,12.0,62,0.0,,270,30.0,,997.0,,4,3,11.0,67,0.0,,260,19.0,37.0,1007.0,0,3,2
202510046723365,XC,2025-10-04,OCT,SAT,False,nan,EDB,1807,1806.0,DAR,2010.0,2010.0,0.0,2011,2011.0,0.0,190.0,BHM,2307.0,2312.0,5.0,True,11.0,67,0.0,,270,32.0,30.0,992.0,4,2,4,12.0,67,0.0,,260,32.0,29.0,997.0,,6,3,11.0,67,0.0,,280,22.0,22.0,1007.0,0,3,2
202510056723754,XC,2025-10-05,OCT,SUN,False,nan,NCL,834,834.0,DAR,904.0,903.0,-1.0,906,906.0,0.0,50.0,BHM,1204.0,1204.0,0.0,False,10.8,70,0.0,,264,24.1,40.8,1006.0,27,2,1,13.0,51,0.0,,290,41.0,33.0,1009.0,,2,1,15.0,55,0.0,,300,28.0,40.8,1016.0,24,6,4
202510056723759,XC,2025-10-05,OCT,SUN,False,nan,NCL,935,935.0,DAR,1004.0,1003.0,-1.0,1006,1005.0,-1.0,50.0,BHM,1305.0,1308.0,3.0,True,12.0,65,0.0,,267,25.9,42.6,1007.2,41,2,2,14.0,51,0.0,,300,44.0,35.0,1010.0,,2,1,15.0,55,0.0,,280,20.0,38.9,1017.0,16,6,4
202510056723767,XC,2025-10-05,OCT,SUN,False,nan,EDB,908,908.0,DAR,1109.0,1109.0,0.0,1111,1110.0,-1.0,190.0,BHM,1404.0,1405.0,1.0,True,13.0,54,0.0,,270,26.0,24.0,1008.0,21,2,2,15.0,45,0.0,,300,41.0,31.0,1010.0,,2,2,15.0,59,0.0,,290,24.0,37.0,1017.0,10,6,4
202510056723772,XC,2025-10-05,OCT,SUN,False,nan,EDB,1008,1008.0,DAR,1209.0,1208.0,-1.0,1211,1210.0,-1.0,190.0,BHM,1506.0,1507.0,1.0,True,14.0,51,0.0,,270,19.0,44.5,1008.0,28,2,2,15.0,51,0.0,,280,24.0,26.0,1011.0,,2,2,15.0,55,0.0,,290,22.0,35.2,1018.0,3,6,4
202510056723779,XC,2025-10-05,OCT,SUN,False,nan,EDB,1105,1105.0,DAR,1309.0,1310.0,1.0,1310,1312.0,2.0,190.0,BHM,1604.0,1604.0,0.0,False,14.0,48,0.0,,270,19.0,22.0,1009.0,24,5,3,15.0,51,0.0,,290,32.0,28.0,1012.0,,2,3,14.0,55,0.0,,290,20.0,38.9,1019.0,14,4,4
202510056723784,XC,2025-10-05,OCT,SUN,False,nan,GLC,1055,1056.0,DAR,1409.0,1411.0,2.0,1411,1413.0,2.0,228.0,BHM,1706.0,1709.0,3.0,True,13.0,63,0.0,,280,30.0,50.0,1010.0,19,4,3,15.0,59,0.0,,290,22.0,,1013.0,,2,3,13.0,58,0.0,,300,19.0,31.5,1019.0,12,6,4
202510056723791,XC,2025-10-05,OCT,SUN,False,nan,EDB,1308,1307.0,DAR,1510.0,1511.0,1.0,1512,1513.0,1.0,190.0,BHM,1804.0,1804.0,0.0,False,14.0,63,0.0,,270,28.0,26.0,1010.0,16,4,4,14.0,67,0.0,,280,33.0,,1014.0,,2,3,13.0,67,0.0,,290,17.0,27.8,1020.0,5,6,4
202510056723798,XC,2025-10-05,OCT,SUN,False,nan,DEE,1222,1221.0,DAR,1609.0,1609.0,0.0,1611,1621.0,10.0,nan,BHM,1903.0,1904.0,1.0,True,14.0,59,0.0,,270,33.0,,1008.0,,2,3,14.0,63,0.0,,280,22.0,,1014.0,,2,3,12.0,72,0.0,,260,11.0,24.1,1021.0,0,6,4
202510056723801,XC,2025-10-05,OCT,SUN,False,nan,EDB,1508,1507.0,DAR,1709.0,1709.0,0.0,1711,1711.0,0.0,190.0,BHM,2004.0,2003.0,-1.0,False,13.0,82,0.0,,260,24.0,37.0,1012.0,2,4,17,14.0,67,0.0,,280,28.0,,1015.0,,2,3,12.0,72,0.0,,270,7.0,22.2,1021.0,0,6,4
202510056723803,XC,2025-10-05,OCT,SUN,False,nan,EDB,1608,1607.0,DAR,1809.0,1808.0,-1.0,1811,1810.0,-1.0,190.0,BHM,2106.0,2106.0,0.0,False,13.0,82,0.0,,250,24.0,38.9,1012.0,2,2,4,14.0,72,0.0,,270,24.0,,1015.0,,6,3,12.0,72,0.0,,260,11.0,22.2,1021.0,0,2,4
202510056723806,XC,2025-10-05,OCT,SUN,False,nan,EDB,1708,1707.0,DAR,1908.0,1908.0,0.0,1909,1911.0,2.0,190.0,BHM,2208.0,2207.0,-1.0,False,13.0,82,0.0,,260,26.0,38.9,1013.0,0,6,4,14.0,72,0.0,,250,17.0,,1016.0,,6,3,12.0,77,0.0,,250,13.0,20.4,1022.0,0,5,4
202510056723361,XC,2025-10-05,OCT,SUN,False,nan,EDB,1805,1804.0,DAR,2008.0,2007.0,-1.0,2010,2009.0,-1.0,190.0,BHM,2309.0,2307.0,-2.0,False,13.0,77,0.0,,260,22.0,42.6,1014.0,0,4,7,14.0,77,0.0,,270,30.0,,1016.0,,2,3,11.0,82,0.0,,200,9.0,20.4,1022.0,0,5,4
202510066723813,XC,2025-10-06,OCT,MON,False,nan,NCL,624,624.0,DAR,653.0,653.0,0.0,655,655.0,0.0,50.0,BHM,928.0,932.0,4.0,True,13.6,84,0.0,,241,18.5,29.6,1016.4,0,7,4,13.0,88,0.0,,180,13.0,,1018.0,,4,3,15.0,72,0.0,,260,11.0,24.1,1024.0,16,4,4
202510066723745,XC,2025-10-06,OCT,MON,False,nan,NCL,640,640.0,DAR,710.0,709.0,-1.0,711,711.0,0.0,50.0,BHM,1004.0,1004.0,0.0,False,13.6,84,0.0,,241,18.5,29.6,1016.4,0,7,4,13.0,88,0.0,,230,20.0,,1018.0,,4,3,16.0,68,0.0,,260,11.0,25.9,1023.0,22,4,4
202510066723749,XC,2025-10-06,OCT,MON,False,nan,EDB,606,606.0,DAR,809.0,808.0,-1.0,811,810.0,-1.0,190.0,BHM,1106.0,1106.0,0.0,False,13.0,88,0.0,,250,22.0,46.3,1015.0,0,4,7,14.0,88,0.0,,190,9.0,,1019.0,,6,3,17.0,68,0.0,,260,13.0,25.9,1024.0,22,6,4
202510066723818,XC,2025-10-06,OCT,MON,False,nan,NCL,835,835.0,DAR,904.0,905.0,1.0,906,907.0,1.0,50.0,BHM,1126.0,1126.0,0.0,False,14.7,83,0.0,,241,16.7,29.6,1017.3,14,7,4,16.0,82,0.0,,200,15.0,,1019.0,,2,3,17.0,68,0.0,,260,13.0,25.9,1024.0,22,6,4
202510066723760,XC,2025-10-06,OCT,MON,False,nan,GLC,648,647.0,DAR,1009.0,1009.0,0.0,1010,1011.0,1.0,228.0,BHM,1306.0,1315.0,9.0,True,13.0,94,0.2,,210,19.0,31.5,1017.0,0,8,4,17.0,77,0.0,,240,28.0,,1020.0,,4,3,19.0,64,0.0,,220,15.0,25.9,1024.0,22,4,4
202510066723821,XC,2025-10-06,OCT,MON,False,nan,NCL,1035,1035.0,DAR,1105.0,1103.0,-2.0,1106,1106.0,0.0,50.0,BHM,1328.0,1329.0,1.0,True,16.3,81,0.0,,245,22.2,37.0,1017.7,24,7,4,19.0,73,0.0,,240,24.0,,1020.0,,2,3,19.0,64,0.0,,220,15.0,25.9,1024.0,22,4,4
202510066723773,XC,2025-10-06,OCT,MON,False,nan,EDB,1007,1007.0,DAR,1209.0,1216.0,7.0,1211,1219.0,8.0,190.0,BHM,1506.0,1518.0,12.0,True,17.0,83,0.0,,250,30.0,38.9,1016.0,0,2,4,18.0,73,0.0,,260,32.0,,1020.0,,2,3,20.0,60,0.0,,250,13.0,25.9,1023.0,26,2,4
202510066723824,XC,2025-10-06,OCT,MON,False,nan,NCL,1236,1236.0,DAR,1305.0,1305.0,0.0,1307,1307.0,0.0,50.0,BHM,1528.0,1528.0,0.0,False,16.8,79,0.0,,244,22.2,37.0,1018.4,26,6,4,18.0,73,0.0,,240,28.0,,1021.0,,4,3,20.0,60,0.0,,250,13.0,25.9,1023.0,26,2,4
202510066723785,XC,2025-10-06,OCT,MON,False,nan,EDB,1207,1206.0,DAR,1409.0,1409.0,0.0,1411,1410.0,-1.0,190.0,BHM,1706.0,1705.0,-1.0,False,18.0,78,0.0,,260,28.0,27.0,1017.0,0,4,4,17.0,72,0.0,,250,22.0,,1021.0,,2,3,18.0,68,0.0,,250,7.0,22.2,1023.0,20,4,2
202510066723829,XC,2025-10-06,OCT,MON,False,nan,NCL,1435,1435.0,DAR,1505.0,1504.0,-1.0,1506,1506.0,0.0,50.0,BHM,1727.0,1731.0,4.0,True,17.0,79,0.0,,237,22.2,37.0,1018.6,24,7,4,17.0,72,0.0,,220,20.0,,1020.0,,2,3,18.0,68,0.0,,250,7.0,22.2,1023.0,20,4,2
202510066723797,XC,2025-10-06,OCT,MON,False,nan,EDB,1404,1404.0,DAR,1609.0,1609.0,0.0,1611,1611.0,0.0,190.0,BHM,1907.0,1905.0,-2.0,False,17.0,83,0.9,,250,30.0,40.8,1016.0,3,2,7,17.0,59,0.0,,220,24.0,,1020.0,,1,2,15.0,82,0.0,,200,7.0,18.5,1023.0,0,6,3
202510066723482,XC,2025-10-06,OCT,MON,False,nan,NCL,1633,1633.0,DAR,1704.0,1704.0,0.0,1705,1706.0,1.0,50.0,BHM,1930.0,1926.0,-4.0,False,17.0,77,0.0,,231,20.4,35.2,1018.7,16,5,4,15.0,63,0.0,,210,17.0,,1020.0,,1,1,15.0,82,0.0,,200,7.0,18.5,1023.0,0,6,3
202510066723804,XC,2025-10-06,OCT,MON,False,nan,EDB,1607,1606.0,DAR,1809.0,1808.0,-1.0,1811,1810.0,-1.0,190.0,BHM,2107.0,2114.0,7.0,True,17.0,83,0.5,,250,26.0,42.6,1017.0,0,4,7,15.0,63,0.0,,210,15.0,,1021.0,,2,1,14.0,77,0.0,,220,6.0,18.5,1024.0,0,7,4
202510066723807,XC,2025-10-06,OCT,MON,False,nan,EDB,1707,1707.0,DAR,1909.0,1908.0,-1.0,1911,1911.0,0.0,190.0,BHM,2208.0,2218.0,10.0,True,17.0,77,0.0,,260,20.0,40.8,1017.0,1,2,7,15.0,59,0.0,,210,15.0,,1021.0,,2,2,13.0,82,0.0,,220,7.0,16.7,1023.0,0,4,4
202510066723362,XC,2025-10-06,OCT,MON,False,nan,EDB,1807,1806.0,DAR,2010.0,2011.0,1.0,2011,2012.0,1.0,190.0,BHM,2328.0,2335.0,7.0,True,16.0,68,0.0,,270,19.0,42.6,1016.0,1,2,7,15.0,67,0.0,,170,15.0,,1020.0,,8,3,12.0,88,0.0,,180,4.0,16.7,1024.0,0,5,4
202510076723813,XC,2025-10-07,OCT,TUE,False,nan,NCL,624,624.0,DAR,653.0,652.0,-1.0,655,655.0,0.0,50.0,BHM,928.0,929.0,1.0,True,13.7,77,0.0,,228,18.5,29.6,1017.3,0,8,4,14.0,72,0.0,,230,26.0,,1019.0,,2,3,14.0,77,0.0,,230,13.0,20.4,1023.0,16,6,4
202510076723745,XC,2025-10-07,OCT,TUE,False,nan,NCL,640,640.0,DAR,710.0,709.0,-1.0,711,711.0,0.0,50.0,BHM,1004.0,1007.0,3.0,True,13.7,77,0.0,,228,18.5,29.6,1017.3,0,8,4,14.0,72,0.0,,230,24.0,,1019.0,,2,3,15.0,72,0.0,,240,13.0,24.1,1023.0,23,6,3
202510076723749,XC,2025-10-07,OCT,TUE,False,nan,EDB,606,606.0,DAR,809.0,808.0,-1.0,811,810.0,-1.0,190.0,BHM,1106.0,1105.0,-1.0,False,13.0,88,0.0,,230,26.0,48.2,1015.0,0,6,4,14.0,77,0.0,,210,17.0,,1019.0,,2,3,16.0,68,0.0,,250,17.0,25.9,1023.0,20,6,4
202510076723818,XC,2025-10-07,OCT,TUE,False,895.0,NCL,835,835.0,DAR,904.0,905.0,1.0,906,907.0,1.0,50.0,BHM,1126.0,1138.0,12.0,True,14.7,78,0.0,,224,16.7,29.6,1017.8,5,7,4,15.0,72,0.0,,230,28.0,,1019.0,,2,3,16.0,68,0.0,,250,17.0,25.9,1023.0,20,6,4
202510076723760,XC,2025-10-07,OCT,TUE,False,812.0,GLC,648,647.0,DAR,1009.0,1010.0,1.0,1010,1011.0,1.0,228.0,BHM,1306.0,1307.0,1.0,True,13.0,94,0.1,,210,28.0,35.2,1015.0,0,6,7,15.0,77,0.0,,230,22.0,,1019.0,,6,3,15.0,72,0.0,,250,13.0,27.8,1023.0,16,6,4
202510076723821,XC,2025-10-07,OCT,TUE,False,nan,NCL,1035,1034.0,DAR,1105.0,1103.0,-2.0,1106,1106.0,0.0,50.0,BHM,1328.0,1330.0,2.0,True,15.4,78,0.0,,231,18.5,31.5,1018.3,6,7,4,15.0,82,0.0,,230,24.0,,1019.0,,6,3,15.0,72,0.0,,250,13.0,27.8,1023.0,16,6,4
202510076723773,XC,2025-10-07,OCT,TUE,False,nan,EDB,1007,1007.0,DAR,1209.0,1209.0,0.0,1211,1211.0,0.0,190.0,BHM,1506.0,1504.0,-2.0,False,14.0,88,0.0,,230,24.0,35.2,1016.0,0,6,4,16.0,77,0.0,,200,17.0,,1019.0,,6,3,16.0,72,0.0,,240,11.0,24.1,1022.0,10,6,4
202510076723824,XC,2025-10-07,OCT,TUE,False,nan,NCL,1236,1236.0,DAR,1305.0,1305.0,0.0,1307,1307.0,0.0,50.0,BHM,1528.0,1524.0,-4.0,False,15.8,78,0.0,,236,20.4,35.2,1018.3,5,8,4,16.0,77,0.0,,220,24.0,,1019.0,,6,3,16.0,72,0.0,,240,11.0,24.1,1022.0,10,6,4
202510076723785,XC,2025-10-07,OCT,TUE,False,nan,EDB,1207,1206.0,DAR,1409.0,1409.0,0.0,1411,1410.0,-1.0,190.0,BHM,1706.0,1707.0,1.0,True,14.0,88,0.2,,280,15.0,33.3,1017.0,0,2,4,16.0,77,0.0,,230,20.0,,1019.0,,2,3,15.0,77,0.0,,250,7.0,18.5,1022.0,9,4,4
202510076723829,XC,2025-10-07,OCT,TUE,False,nan,NCL,1435,1434.0,DAR,1505.0,1504.0,-1.0,1506,1506.0,0.0,50.0,BHM,1727.0,1729.0,2.0,True,15.7,81,0.0,,237,20.4,31.5,1018.0,5,8,4,16.0,77,0.0,,220,13.0,,1019.0,,6,3,15.0,77,0.0,,250,7.0,18.5,1022.0,9,4,4
202510076723797,XC,2025-10-07,OCT,TUE,False,nan,EDB,1404,1403.0,DAR,1609.0,1610.0,1.0,1611,1612.0,1.0,190.0,BHM,1907.0,1912.0,5.0,True,14.0,77,0.0,,280,19.0,31.5,1018.0,7,4,4,16.0,77,0.0,,210,9.0,,1019.0,,6,3,14.0,82,0.0,,210,6.0,16.7,1023.0,0,4,4
202510076723482,XC,2025-10-07,OCT,TUE,False,nan,NCL,1633,1633.0,DAR,1704.0,1704.0,0.0,1705,1705.0,0.0,50.0,BHM,1930.0,1934.0,4.0,True,15.3,82,0.0,,239,16.7,27.8,1018.0,3,8,4,15.0,82,0.0,,230,9.0,,1019.0,,6,3,14.0,82,0.0,,210,6.0,16.7,1023.0,0,4,4
202510076723804,XC,2025-10-07,OCT,TUE,False,nan,EDB,1607,1606.0,DAR,1809.0,1808.0,-1.0,1811,1811.0,0.0,190.0,BHM,2107.0,2106.0,-1.0,False,13.0,72,0.0,,260,15.0,27.8,1018.0,11,6,4,15.0,82,0.0,,190,6.0,,1020.0,,4,3,13.0,82,0.0,,250,9.0,16.7,1022.0,0,4,4
202510076723807,XC,2025-10-07,OCT,TUE,False,nan,EDB,1707,1706.0,DAR,1909.0,1914.0,5.0,1911,1916.0,5.0,190.0,BHM,2208.0,2242.0,34.0,True,12.0,72,0.0,,260,11.0,27.8,1018.0,11,2,4,14.0,88,0.0,,230,7.0,,1020.0,,4,3,13.0,82,0.0,,250,9.0,16.7,1023.0,0,2,4
202510076723362,XC,2025-10-07,OCT,TUE,False,nan,EDB,1807,1807.0,DAR,2010.0,2009.0,-1.0,2011,2011.0,0.0,190.0,BHM,2328.0,2337.0,9.0,True,12.0,72,0.0,,260,13.0,25.9,1019.0,6,6,4,13.0,88,0.0,,70,6.0,,1020.0,,2,3,14.0,82,0.0,,220,7.0,16.7,1023.0,0,4,4
202510086723813,XC,2025-10-08,OCT,WED,False,nan,NCL,624,624.0,DAR,653.0,652.0,-1.0,655,655.0,0.0,50.0,BHM,928.0,928.0,0.0,False,8.0,83,0.0,,249,9.3,18.5,1021.0,0,2,1,10.0,87,0.0,,220,2.0,,1022.0,,4,1,14.0,77,0.0,,340,6.0,14.8,1024.0,6,6,4
202510086723745,XC,2025-10-08,OCT,WED,False,nan,NCL,640,640.0,DAR,710.0,708.0,-2.0,711,712.0,1.0,50.0,BHM,1004.0,1007.0,3.0,True,8.0,83,0.0,,249,9.3,18.5,1021.0,0,2,1,11.0,76,0.0,,260,5.0,,1022.0,,4,1,14.0,77,0.0,,320,6.0,16.7,1024.0,10,6,4
202510086723749,XC,2025-10-08,OCT,WED,False,nan,EDB,606,606.0,DAR,809.0,808.0,-1.0,811,810.0,-1.0,190.0,BHM,1106.0,1105.0,-1.0,False,11.0,76,0.0,,240,15.0,35.2,1019.0,0,2,3,11.0,82,0.0,,230,6.0,,1022.0,,4,1,14.0,77,0.0,,320,6.0,16.7,1024.0,20,6,4
202510086723818,XC,2025-10-08,OCT,WED,False,nan,NCL,835,835.0,DAR,904.0,906.0,2.0,906,907.0,1.0,50.0,BHM,1126.0,1130.0,4.0,True,8.9,84,0.0,,239,9.3,18.5,1021.3,18,3,1,12.0,71,0.0,,240,7.0,,1022.0,,2,1,14.0,77,0.0,,320,6.0,16.7,1024.0,20,6,4
202510086723760,XC,2025-10-08,OCT,WED,False,nan,GLC,648,648.0,DAR,1009.0,1010.0,1.0,1010,1012.0,2.0,228.0,BHM,1306.0,1309.0,3.0,True,11.0,87,0.0,,230,12.0,24.1,1020.0,0,2,4,13.0,62,0.0,,260,11.0,,1022.0,,2,2,15.0,72,0.0,,310,7.0,20.4,1024.0,27,6,4
202510086723821,XC,2025-10-08,OCT,WED,False,nan,NCL,1035,1036.0,DAR,1105.0,1104.0,-1.0,1106,1105.0,-1.0,50.0,BHM,1328.0,1326.0,-2.0,False,11.6,77,0.0,,241,14.8,25.9,1021.3,28,2,1,13.0,62,0.0,,260,10.0,,1022.0,,2,3,15.0,72,0.0,,310,7.0,20.4,1024.0,27,6,4
202510086723773,XC,2025-10-08,OCT,WED,False,871.0,EDB,1007,1007.0,DAR,1209.0,1222.0,13.0,1211,1224.0,13.0,190.0,BHM,1506.0,1516.0,10.0,True,13.0,77,0.0,,250,13.0,38.9,1020.0,3,2,4,14.0,63,0.0,,260,12.0,,1022.0,,2,3,14.0,72,0.0,,310,8.0,18.5,1024.0,33,6,3
202510086723824,XC,2025-10-08,OCT,WED,False,nan,NCL,1236,1236.0,DAR,1305.0,1308.0,3.0,1307,1309.0,2.0,50.0,BHM,1528.0,1531.0,3.0,True,13.7,69,0.0,,248,18.5,31.5,1021.1,29,3,2,14.0,63,0.0,,250,10.0,,1022.0,,2,3,14.0,72,0.0,,310,8.0,18.5,1024.0,33,6,3
202510086723785,XC,2025-10-08,OCT,WED,False,nan,EDB,1207,1206.0,DAR,1409.0,1409.0,0.0,1411,1411.0,0.0,190.0,BHM,1706.0,1704.0,-2.0,False,13.0,82,0.0,,250,14.0,44.5,1020.0,3,6,4,15.0,59,0.0,,250,11.0,,1022.0,,2,3,12.0,71,0.0,,350,6.0,16.7,1025.0,23,4,2
202510086723829,XC,2025-10-08,OCT,WED,False,nan,NCL,1435,1436.0,DAR,1505.0,1506.0,1.0,1506,1507.0,1.0,50.0,BHM,1727.0,1726.0,-1.0,False,14.2,68,0.0,,251,20.4,33.3,1020.8,22,5,2,15.0,59,0.0,,260,9.0,,1022.0,,2,3,12.0,71,0.0,,350,6.0,16.7,1025.0,23,4,2
202510086723797,XC,2025-10-08,OCT,WED,False,nan,EDB,1404,1403.0,DAR,1609.0,1608.0,-1.0,1611,1611.0,0.0,190.0,BHM,1907.0,1910.0,3.0,True,13.0,82,0.0,,250,13.0,42.6,1019.0,5,6,4,13.0,72,0.0,,250,7.0,,1022.0,,2,3,8.0,87,0.0,,330,3.0,13.0,1026.0,0,4,2
202510086723482,XC,2025-10-08,OCT,WED,False,nan,NCL,1633,1633.0,DAR,1704.0,1703.0,-1.0,1705,1706.0,1.0,50.0,BHM,1930.0,1931.0,1.0,True,13.7,72,0.0,,249,18.5,29.6,1021.0,17,6,4,12.0,77,0.0,,220,6.0,,1022.0,,6,3,8.0,87,0.0,,330,3.0,13.0,1026.0,0,4,2
202510086723804,XC,2025-10-08,OCT,WED,False,nan,EDB,1607,1606.0,DAR,1809.0,1808.0,-1.0,1811,1811.0,0.0,190.0,BHM,2107.0,2106.0,-1.0,False,13.0,82,0.0,,260,12.0,22.0,1019.0,0,4,4,11.0,82,0.0,,220,6.0,,1023.0,,6,3,7.0,93,0.0,,230,3.0,13.0,1026.0,0,4,2
202510086723807,XC,2025-10-08,OCT,WED,False,705.0,EDB,1707,1707.0,DAR,1909.0,1909.0,0.0,1911,1910.0,-1.0,190.0,BHM,2208.0,2246.0,38.0,True,13.0,82,0.0,,260,14.0,28.0,1020.0,0,4,4,10.0,82,0.0,,200,4.0,,1023.0,,4,3,7.0,87,0.0,,250,5.0,14.8,1026.0,0,3,1
202510086723362,XC,2025-10-08,OCT,WED,False,nan,EDB,1807,1806.0,DAR,2010.0,2012.0,2.0,2011,2013.0,2.0,190.0,BHM,2328.0,2326.0,-2.0,False,12.0,88,0.0,,250,13.0,44.5,1020.0,0,2,4,10.0,87,0.0,,210,5.0,,1023.0,,6,2,6.0,100,0.0,,250,3.0,14.8,1026.0,0,3,1
202510096723813,XC,2025-10-09,OCT,THU,True,777.0,NCL,624,nan,DAR,653.0,nan,nan,655,nan,nan,50.0,BHM,928.0,nan,nan,nan,13.1,79,0.0,,238,16.7,27.8,1022.3,0,7,4,11.0,87,0.0,,240,6.0,,1023.0,,2,3,12.0,82,0.0,,310,9.0,18.5,1027.0,23,8,4
202510096723745,XC,2025-10-09,OCT,THU,False,777.0,NCL,640,640.0,DAR,710.0,711.0,1.0,711,713.0,2.0,50.0,BHM,1004.0,1058.0,54.0,True,13.1,79,0.0,,238,16.7,27.8,1022.3,0,7,4,13.0,82,0.0,,230,11.0,,1023.0,,2,3,12.0,82,0.0,,310,8.0,20.4,1028.0,26,8,4
202510096723749,XC,2025-10-09,OCT,THU,False,895.0,EDB,606,606.0,DAR,809.0,810.0,1.0,811,811.0,0.0,190.0,BHM,1106.0,1120.0,14.0,True,14.0,82,0.0,,250,16.0,27.0,1020.0,0,6,7,14.0,77,0.0,,230,8.0,,1024.0,,2,3,13.0,77,0.0,,300,6.0,20.4,1028.0,23,8,4
202510096723818,XC,2025-10-09,OCT,THU,False,nan,NCL,835,835.0,DAR,904.0,904.0,0.0,906,906.0,0.0,50.0,BHM,1126.0,1130.0,4.0,True,13.6,81,0.0,,243,14.8,25.9,1022.7,10,7,4,15.0,72,0.0,,260,12.0,,1024.0,,2,3,13.0,77,0.0,,300,6.0,20.4,1028.0,23,8,4
202510096723760,XC,2025-10-09,OCT,THU,False,887.0,GLC,648,648.0,DAR,1009.0,1008.0,-1.0,1010,1010.0,0.0,228.0,BHM,1306.0,1323.0,17.0,True,13.0,88,0.2,,240,10.0,37.0,1022.0,0,6,7,16.0,68,0.0,,260,16.0,,1024.0,,4,3,15.0,67,0.0,,300,9.0,22.2,1028.0,14,6,4
202510096723821,XC,2025-10-09,OCT,THU,False,nan,NCL,1035,1034.0,DAR,1105.0,1110.0,5.0,1106,1111.0,5.0,50.0,BHM,1328.0,1332.0,4.0,True,14.7,78,0.0,,251,20.4,33.3,1023.0,21,7,4,16.0,72,0.0,,260,16.0,,1024.0,,4,3,15.0,67,0.0,,300,9.0,22.2,1028.0,14,6,4
202510096723773,XC,2025-10-09,OCT,THU,False,nan,EDB,1007,1007.0,DAR,1209.0,1213.0,4.0,1211,1216.0,5.0,190.0,BHM,1506.0,1506.0,0.0,False,14.0,82,0.0,,260,15.0,44.5,1022.0,13,4,4,16.0,72,0.0,,240,14.0,,1024.0,,4,3,15.0,72,0.0,,320,12.0,20.4,1028.0,14,6,4
202510096723824,XC,2025-10-09,OCT,THU,False,nan,NCL,1236,1236.0,DAR,1305.0,1306.0,1.0,1307,1309.0,2.0,50.0,BHM,1528.0,1529.0,1.0,True,15.9,74,0.0,,259,24.1,38.9,1023.6,27,5,4,17.0,68,0.0,,280,15.0,,1024.0,,4,3,15.0,72,0.0,,320,12.0,20.4,1028.0,14,6,4
202510096723785,XC,2025-10-09,OCT,THU,False,nan,EDB,1207,1206.0,DAR,1409.0,1412.0,3.0,1411,1413.0,2.0,190.0,BHM,1706.0,1705.0,-1.0,False,16.0,63,0.0,,260,15.0,25.0,1023.0,19,2,4,17.0,68,0.0,,280,15.0,25.0,1025.0,,4,3,14.0,77,0.0,,310,8.0,18.5,1029.0,9,6,4
202510096723829,XC,2025-10-09,OCT,THU,False,nan,NCL,1435,1435.0,DAR,1505.0,1506.0,1.0,1506,1508.0,2.0,50.0,BHM,1727.0,1725.0,-2.0,False,16.2,71,0.0,,260,24.1,40.8,1024.3,29,5,2,17.0,68,0.0,,270,8.0,,1025.0,,2,3,14.0,77,0.0,,310,8.0,18.5,1029.0,9,6,4
202510096723797,XC,2025-10-09,OCT,THU,False,nan,EDB,1404,nan,DAR,1609.0,1609.0,0.0,1611,1611.0,0.0,190.0,BHM,1907.0,1908.0,1.0,True,15.0,67,0.0,,260,16.0,26.0,1024.0,20,2,4,16.0,72,0.0,,270,10.0,,1025.0,,2,3,14.0,77,0.0,,320,9.0,16.7,1030.0,0,6,4
202510096723482,XC,2025-10-09,OCT,THU,False,nan,NCL,1633,1633.0,DAR,1704.0,1703.0,-1.0,1705,1705.0,0.0,50.0,BHM,1930.0,1930.0,0.0,False,15.5,74,0.0,,261,22.2,37.0,1025.2,24,4,2,15.0,72,0.0,,270,8.0,,1026.0,,6,3,14.0,77,0.0,,320,9.0,16.7,1030.0,0,6,4
202510096723804,XC,2025-10-09,OCT,THU,False,nan,EDB,1607,1606.0,DAR,1809.0,1807.0,-2.0,1811,1810.0,-1.0,190.0,BHM,2107.0,2106.0,-1.0,False,15.0,67,0.0,,270,16.0,38.9,1025.0,15,2,4,14.0,77,0.0,,240,6.0,,1027.0,,4,3,14.0,77,0.0,,320,10.0,16.7,1031.0,0,8,4
202510096723807,XC,2025-10-09,OCT,THU,False,nan,EDB,1707,1707.0,DAR,1909.0,1908.0,-1.0,1911,1911.0,0.0,190.0,BHM,2208.0,2218.0,10.0,True,14.0,72,0.0,,250,8.0,37.0,1026.0,9,2,4,12.0,82,0.0,,190,5.0,,1028.0,,4,3,14.0,82,0.0,,310,7.0,14.8,1031.0,0,6,4
202510096723362,XC,2025-10-09,OCT,THU,False,nan,EDB,1807,1806.0,DAR,2010.0,2008.0,-2.0,2011,2010.0,-1.0,190.0,BHM,2328.0,2327.0,-1.0,False,13.0,77,0.0,,260,7.0,35.2,1026.0,3,2,4,12.0,82,0.0,,210,8.0,,1028.0,,2,3,14.0,77,0.0,,300,6.0,14.8,1031.0,0,6,4
202510106723813,XC,2025-10-10,OCT,FRI,False,nan,NCL,624,624.0,DAR,653.0,652.0,-1.0,655,655.0,0.0,50.0,BHM,928.0,938.0,10.0,True,11.8,86,0.0,,256,13.0,24.1,1029.5,0,5,3,10.0,87,0.0,,200,6.0,,1031.0,,2,3,13.0,94,0.0,,300,5.0,14.8,1034.0,12,4,4
202510106723745,XC,2025-10-10,OCT,FRI,False,nan,NCL,640,640.0,DAR,710.0,709.0,-1.0,711,712.0,1.0,50.0,BHM,1004.0,1004.0,0.0,False,11.8,86,0.0,,256,13.0,24.1,1029.5,0,5,3,13.0,82,0.0,,270,9.0,,1031.0,,6,3,13.0,94,0.0,,300,5.0,16.7,1034.0,15,4,4
202510106723749,XC,2025-10-10,OCT,FRI,False,nan,EDB,606,606.0,DAR,809.0,808.0,-1.0,811,810.0,-1.0,190.0,BHM,1106.0,1107.0,1.0,True,13.0,88,0.0,,250,11.0,35.2,1029.0,0,6,4,13.0,88,0.0,,230,4.0,,1032.0,,6,3,14.0,82,0.0,,310,5.0,16.7,1034.0,21,6,4
202510106723818,XC,2025-10-10,OCT,FRI,False,nan,NCL,835,834.0,DAR,904.0,904.0,0.0,906,906.0,0.0,50.0,BHM,1126.0,1132.0,6.0,True,12.2,88,0.0,,254,13.0,24.1,1030.4,15,5,3,14.0,82,0.0,,220,6.0,,1032.0,,6,2,14.0,82,0.0,,310,5.0,16.7,1034.0,21,6,4
202510106723761,XC,2025-10-10,OCT,FRI,False,nan,GLC,648,647.0,DAR,1009.0,1009.0,0.0,1010,1012.0,2.0,228.0,BHM,1306.0,1307.0,1.0,True,12.0,94,0.0,,240,9.0,35.2,1030.0,0,2,4,15.0,77,0.0,,230,8.0,,1032.0,,2,3,15.0,67,0.0,,310,5.0,16.7,1034.0,21,6,4
202510106723821,XC,2025-10-10,OCT,FRI,False,656.0,NCL,1035,1035.0,DAR,1105.0,1104.0,-1.0,1106,1106.0,0.0,50.0,BHM,1328.0,1346.0,18.0,True,13.9,81,0.0,,254,14.8,25.9,1031.1,28,5,3,15.0,77,0.0,,220,7.0,,1032.0,,6,3,15.0,67,0.0,,310,5.0,16.7,1034.0,21,6,4
202510106723773,XC,2025-10-10,OCT,FRI,False,895.0,EDB,1007,1007.0,DAR,1209.0,1228.0,19.0,1211,1229.0,18.0,190.0,BHM,1506.0,1532.0,26.0,True,15.0,72,0.0,,280,14.0,23.0,1031.0,14,4,4,16.0,72,0.0,,260,11.0,,1032.0,,6,3,15.0,67,0.0,,310,5.0,13.0,1034.0,19,4,4
202510106723824,XC,2025-10-10,OCT,FRI,False,nan,NCL,1236,1236.0,DAR,1305.0,1306.0,1.0,1307,1308.0,1.0,50.0,BHM,1528.0,1536.0,8.0,True,15.0,72,0.0,,251,18.5,31.5,1031.3,35,4,2,16.0,72,0.0,,250,12.0,,1031.0,,6,3,15.0,67,0.0,,310,5.0,13.0,1034.0,19,4,4
202510106723785,XC,2025-10-10,OCT,FRI,False,824.0,EDB,1207,1228.0,DAR,1409.0,1432.0,23.0,1411,1435.0,24.0,190.0,BHM,1706.0,1744.0,38.0,True,15.0,67,0.0,,270,15.0,25.0,1031.0,14,6,4,16.0,72,0.0,,250,12.0,,1031.0,,2,3,13.0,72,0.0,,330,3.0,13.0,1034.0,13,2,4
202510106723829,XC,2025-10-10,OCT,FRI,False,650.0,NCL,1435,1436.0,DAR,1505.0,1506.0,1.0,1506,1508.0,2.0,50.0,BHM,1727.0,1750.0,23.0,True,15.1,69,0.0,,254,18.5,33.3,1031.5,37,3,2,16.0,72,0.0,,250,12.0,,1031.0,,2,3,13.0,72,0.0,,330,3.0,13.0,1034.0,13,2,4
202510106723797,XC,2025-10-10,OCT,FRI,False,nan,EDB,1404,1404.0,DAR,1609.0,1610.0,1.0,1611,1612.0,1.0,190.0,BHM,1907.0,1908.0,1.0,True,14.0,72,0.0,,270,12.0,33.3,1031.0,21,6,4,15.0,77,0.0,,260,9.0,,1031.0,,8,3,8.0,93,0.0,,170,2.0,13.0,1034.0,0,7,4
202510106723482,XC,2025-10-10,OCT,FRI,False,nan,NCL,1633,1633.0,DAR,1704.0,1705.0,1.0,1705,1707.0,2.0,50.0,BHM,1930.0,1926.0,-4.0,False,14.1,71,0.0,,253,16.7,29.6,1031.7,33,3,2,14.0,77,0.0,,250,7.0,,1032.0,,8,3,8.0,93,0.0,,170,2.0,13.0,1034.0,0,7,4
202510106723804,XC,2025-10-10,OCT,FRI,False,871.0,EDB,1607,1608.0,DAR,1809.0,1808.0,-1.0,1811,1811.0,0.0,190.0,BHM,2107.0,2116.0,9.0,True,13.0,72,0.0,,270,12.0,33.3,1031.0,18,6,4,14.0,72,0.0,,270,10.0,,1032.0,,0,3,6.0,100,0.0,,310,4.0,13.0,1035.0,0,4,5
202510106723807,XC,2025-10-10,OCT,FRI,False,nan,EDB,1707,1707.0,DAR,1909.0,1908.0,-1.0,1911,1910.0,-1.0,190.0,BHM,2208.0,2211.0,3.0,True,12.0,77,0.0,,270,9.0,31.5,1032.0,13,6,4,11.0,82,0.0,,230,4.0,,1032.0,,0,1,6.0,93,0.0,,290,2.0,13.0,1034.0,0,2,5
202510106723362,XC,2025-10-10,OCT,FRI,False,576.0,EDB,1807,1807.0,DAR,2010.0,2014.0,4.0,2011,2017.0,6.0,190.0,BHM,2328.0,2330.0,2.0,True,12.0,77,0.0,,260,14.0,24.0,1032.0,7,6,4,11.0,82,0.0,,260,7.0,,1032.0,,0,1,6.0,93,0.0,,160,2.0,11.1,1034.0,0,4,3
202510136723813,XC,2025-10-13,OCT,MON,False,nan,NCL,624,624.0,DAR,653.0,655.0,2.0,655,657.0,2.0,50.0,BHM,928.0,930.0,2.0,True,9.4,97,0.0,,266,5.5,11.1,1031.2,0,7,4,11.0,100,0.0,,220,2.0,,1031.0,,6,5,11.0,94,0.0,,350,7.0,13.0,1031.0,0,8,5
202510136723745,XC,2025-10-13,OCT,MON,False,nan,NCL,640,640.0,DAR,710.0,710.0,0.0,711,714.0,3.0,50.0,BHM,1004.0,1005.0,1.0,True,9.4,97,0.0,,266,5.5,11.1,1031.2,0,7,4,12.0,100,0.0,,26,2.0,,1031.0,,8,5,11.0,100,0.0,,350,7.0,16.7,1031.0,6,8,5
202510136723749,XC,2025-10-13,OCT,MON,False,nan,EDB,606,606.0,DAR,809.0,808.0,-1.0,811,811.0,0.0,190.0,BHM,1106.0,1109.0,3.0,True,9.0,100,0.0,,250,4.0,9.3,1031.0,0,8,5,12.0,100,0.0,,305,2.0,,1031.0,,8,5,12.0,94,0.0,,340,7.0,16.7,1031.0,8,8,5
202510136723818,XC,2025-10-13,OCT,MON,False,nan,NCL,835,835.0,DAR,904.0,904.0,0.0,906,906.0,0.0,50.0,BHM,1126.0,1128.0,2.0,True,9.8,100,0.0,,252,5.5,11.1,1031.4,7,6,4,12.0,100,0.0,,200,6.0,,1031.0,,8,3,12.0,94,0.0,,340,7.0,16.7,1031.0,8,8,5
202510136723760,XC,2025-10-13,OCT,MON,False,nan,GLC,648,647.0,DAR,1009.0,1010.0,1.0,1010,1012.0,2.0,228.0,BHM,1306.0,1308.0,2.0,True,10.0,100,0.0,,60,6.0,9.3,1031.0,0,8,5,13.0,100,0.0,,200,6.0,,1031.0,,6,5,14.0,88,0.0,,80,7.0,18.5,1030.0,8,8,4
202510136723821,XC,2025-10-13,OCT,MON,False,705.0,NCL,1035,1034.0,DAR,1105.0,1103.0,-2.0,1106,1106.0,0.0,50.0,BHM,1328.0,1325.0,-3.0,False,12.3,96,0.0,,221,5.5,13.0,1031.5,18,6,4,14.0,94,0.0,,210,6.0,,1031.0,,6,3,14.0,88,0.0,,80,7.0,18.5,1030.0,8,8,4
202510136723773,XC,2025-10-13,OCT,MON,False,nan,EDB,1007,1007.0,DAR,1209.0,1209.0,0.0,1211,1211.0,0.0,190.0,BHM,1506.0,1507.0,1.0,True,10.0,100,0.0,,230,4.0,11.1,1031.0,38,8,5,15.0,88,0.0,,200,9.0,,1031.0,,4,3,14.0,88,0.0,,40,13.0,18.5,1030.0,8,4,4
202510136723824,XC,2025-10-13,OCT,MON,False,nan,NCL,1236,1236.0,DAR,1305.0,1306.0,1.0,1307,1307.0,0.0,50.0,BHM,1528.0,1529.0,1.0,True,13.8,87,0.0,,198,7.4,14.8,1031.4,28,4,4,15.0,88,0.0,,250,7.0,,1031.0,,6,3,14.0,88,0.0,,40,13.0,18.5,1030.0,8,4,4
202510136723785,XC,2025-10-13,OCT,MON,False,nan,EDB,1207,1207.0,DAR,1409.0,1410.0,1.0,1411,1412.0,1.0,190.0,BHM,1706.0,1706.0,0.0,False,11.0,94,0.0,,250,7.0,14.8,1031.0,35,8,1,15.0,82,0.0,,120,4.0,,1031.0,,6,3,14.0,82,0.0,,80,9.0,18.5,1030.0,5,6,4
202510136723829,XC,2025-10-13,OCT,MON,False,nan,NCL,1435,1435.0,DAR,1505.0,1505.0,0.0,1506,1507.0,1.0,50.0,BHM,1727.0,1726.0,-1.0,False,14.9,80,0.0,,174,7.4,13.0,1030.9,35,4,4,15.0,82,0.0,,180,6.0,,1030.0,,2,3,14.0,82,0.0,,80,9.0,18.5,1030.0,5,6,4
202510136723797,XC,2025-10-13,OCT,MON,False,895.0,EDB,1404,1403.0,DAR,1609.0,1626.0,17.0,1611,1628.0,17.0,190.0,BHM,1907.0,1909.0,2.0,True,12.0,88,0.0,,226,4.0,14.8,1031.0,39,6,1,15.0,82,0.0,,160,6.0,,1030.0,,6,3,13.0,94,0.0,,60,7.0,16.7,1030.0,0,6,4
202510136723482,XC,2025-10-13,OCT,MON,False,nan,NCL,1633,1633.0,DAR,1704.0,1701.0,-3.0,1705,1704.0,-1.0,50.0,BHM,1930.0,1926.0,-4.0,False,14.9,77,0.0,,146,5.5,11.1,1030.3,25,3,4,14.0,82,0.0,,140,4.0,,1030.0,,6,3,13.0,94,0.0,,60,7.0,16.7,1030.0,0,6,4
202510136723804,XC,2025-10-13,OCT,MON,False,nan,EDB,1607,1606.0,DAR,1809.0,1809.0,0.0,1811,1811.0,0.0,190.0,BHM,2107.0,2105.0,-2.0,False,11.0,94,0.0,,248,4.0,16.7,1031.0,34,8,1,12.0,94,0.0,,200,4.0,,1031.0,,4,3,12.0,94,0.0,,70,7.0,14.8,1031.0,0,8,4
202510136723807,XC,2025-10-13,OCT,MON,False,895.0,EDB,1707,1707.0,DAR,1909.0,1914.0,5.0,1911,1916.0,5.0,190.0,BHM,2208.0,2227.0,19.0,True,11.0,88,0.0,,244,2.0,13.0,1031.0,27,8,5,10.0,100,0.0,,210,4.0,,1031.0,,2,5,12.0,94,0.0,,50,9.0,16.7,1031.0,0,8,5
202510136723362,XC,2025-10-13,OCT,MON,False,894.0,EDB,1807,1807.0,DAR,2010.0,2021.0,11.0,2011,2022.0,11.0,190.0,BHM,2328.0,2329.0,1.0,True,10.0,94,0.0,,243,4.0,13.0,1031.0,15,6,5,8.0,100,0.0,,180,2.0,,1031.0,,8,5,12.0,94,0.0,,60,7.0,14.8,1031.0,0,4,5
202510146723813,XC,2025-10-14,OCT,TUE,False,nan,NCL,624,624.0,DAR,653.0,653.0,0.0,655,655.0,0.0,50.0,BHM,928.0,926.0,-2.0,False,7.5,100,0.0,,285,7.4,14.8,1031.2,0,7,4,11.0,94,0.0,,360,7.0,,1031.0,,6,5,11.0,100,0.0,,20,9.0,14.8,1031.0,8,6,5
202510146723745,XC,2025-10-14,OCT,TUE,False,nan,NCL,640,640.0,DAR,710.0,709.0,-1.0,711,711.0,0.0,50.0,BHM,1004.0,1005.0,1.0,True,7.5,100,0.0,,285,7.4,14.8,1031.2,0,7,4,11.0,94,0.0,,350,9.0,,1031.0,,6,3,12.0,88,0.0,,20,9.0,16.7,1031.0,15,8,4
202510146723749,XC,2025-10-14,OCT,TUE,False,nan,EDB,606,606.0,DAR,809.0,808.0,-1.0,811,810.0,-1.0,190.0,BHM,1106.0,1109.0,3.0,True,8.0,93,0.0,,250,4.0,11.1,1032.0,0,8,4,11.0,88,0.0,,350,9.0,,1032.0,,6,3,12.0,88,0.0,,40,11.0,16.7,1031.0,16,8,5
202510146723818,XC,2025-10-14,OCT,TUE,False,nan,NCL,835,835.0,DAR,904.0,905.0,1.0,906,908.0,2.0,50.0,BHM,1126.0,1130.0,4.0,True,8.0,97,0.0,,285,7.4,14.8,1031.8,12,7,4,11.0,88,0.0,,30,9.0,,1032.0,,2,3,12.0,88,0.0,,40,11.0,16.7,1031.0,16,8,5
202510146723760,XC,2025-10-14,OCT,TUE,False,nan,GLC,648,nan,DAR,1009.0,1010.0,1.0,1010,1013.0,3.0,228.0,BHM,1306.0,1310.0,4.0,True,8.0,100,0.0,,242,4.0,9.3,1032.0,0,8,5,11.0,88,0.0,,10,13.0,,1032.0,,6,3,12.0,88,0.0,,40,15.0,16.7,1031.0,13,8,4
202510146723821,XC,2025-10-14,OCT,TUE,False,nan,NCL,1035,1034.0,DAR,1105.0,1103.0,-2.0,1106,1106.0,0.0,50.0,BHM,1328.0,1328.0,0.0,False,11.4,87,0.0,,322,5.5,13.0,1032.3,13,6,4,11.0,82,0.0,,350,13.0,,1032.0,,2,3,12.0,88,0.0,,40,15.0,16.7,1031.0,13,8,4
202510146723773,XC,2025-10-14,OCT,TUE,False,nan,EDB,1007,1007.0,DAR,1209.0,1210.0,1.0,1211,1212.0,1.0,190.0,BHM,1506.0,1508.0,2.0,True,8.0,93,0.0,,170,9.0,9.3,1033.0,26,8,4,11.0,82,0.0,,10,13.0,,1032.0,,6,3,12.0,88,0.0,,360,9.0,16.7,1031.0,7,8,5
202510146723824,XC,2025-10-14,OCT,TUE,False,nan,NCL,1236,1236.0,DAR,1305.0,1304.0,-1.0,1307,1307.0,0.0,50.0,BHM,1528.0,1527.0,-1.0,False,12.7,80,0.0,,8,7.4,14.8,1032.0,20,7,4,12.0,77,0.0,,360,11.0,,1032.0,,6,3,12.0,88,0.0,,360,9.0,16.7,1031.0,7,8,5
202510146723785,XC,2025-10-14,OCT,TUE,False,nan,EDB,1207,1207.0,DAR,1409.0,1410.0,1.0,1411,1412.0,1.0,190.0,BHM,1706.0,1704.0,-2.0,False,9.0,87,0.0,,310,6.0,13.0,1033.0,29,8,5,11.0,82,0.0,,340,9.0,,1032.0,,6,3,11.0,88,0.0,,10,15.0,16.7,1031.0,5,8,5
202510146723829,XC,2025-10-14,OCT,TUE,False,nan,NCL,1435,1436.0,DAR,1505.0,1505.0,0.0,1506,1506.0,0.0,50.0,BHM,1727.0,1729.0,2.0,True,13.1,76,0.0,,29,7.4,14.8,1031.7,26,6,4,11.0,82,0.0,,350,6.0,,1031.0,,6,3,11.0,88,0.0,,10,15.0,16.7,1031.0,5,8,5
202510146723797,XC,2025-10-14,OCT,TUE,False,777.0,EDB,1404,1403.0,DAR,1609.0,1608.0,-1.0,1611,1611.0,0.0,190.0,BHM,1907.0,1910.0,3.0,True,9.0,87,0.0,,280,6.0,13.0,1032.0,34,6,1,11.0,82,0.0,,330,7.0,,1032.0,,6,3,11.0,82,0.0,,10,11.0,14.8,1031.0,0,8,4
202510146723482,XC,2025-10-14,OCT,TUE,False,nan,NCL,1633,1632.0,DAR,1704.0,1703.0,-1.0,1705,1705.0,0.0,50.0,BHM,1930.0,1929.0,-1.0,False,12.8,77,0.0,,17,5.5,13.0,1031.5,17,4,4,11.0,82,0.0,,340,7.0,,1032.0,,6,3,11.0,82,0.0,,10,11.0,14.8,1031.0,0,8,4
202510146723804,XC,2025-10-14,OCT,TUE,False,nan,EDB,1607,1607.0,DAR,1809.0,1808.0,-1.0,1811,1811.0,0.0,190.0,BHM,2107.0,2105.0,-2.0,False,9.0,87,0.0,,220,11.0,13.0,1032.0,22,6,1,11.0,82,0.0,,360,7.0,,1032.0,,6,3,11.0,82,0.0,,60,9.0,16.7,1031.0,0,8,4
202510146723807,XC,2025-10-14,OCT,TUE,False,nan,EDB,1707,1707.0,DAR,1909.0,1908.0,-1.0,1911,1910.0,-1.0,190.0,BHM,2208.0,2208.0,0.0,False,9.0,87,0.0,,230,7.0,9.3,1032.0,18,8,1,11.0,76,0.0,,350,9.0,,1032.0,,6,3,11.0,76,0.0,,50,11.0,16.7,1032.0,0,8,4
202510146723362,XC,2025-10-14,OCT,TUE,True,777.0,EDB,1807,nan,DAR,2010.0,nan,nan,2011,nan,nan,190.0,BHM,2328.0,nan,nan,nan,8.0,87,0.0,,250,7.0,11.1,1032.0,10,6,1,11.0,76,0.0,,350,9.0,,1032.0,,6,3,10.0,82,0.0,,30,13.0,14.8,1032.0,0,8,4
202510156723813,XC,2025-10-15,OCT,WED,False,871.0,NCL,624,624.0,DAR,653.0,654.0,1.0,655,656.0,1.0,50.0,BHM,928.0,942.0,14.0,True,7.4,93,0.0,,273,9.3,16.7,1031.8,0,6,4,10.0,82,0.0,,320,9.0,,1031.0,,6,3,10.0,76,0.0,,70,9.0,16.7,1031.0,13,7,4
202510156723745,XC,2025-10-15,OCT,WED,False,nan,NCL,640,640.0,DAR,710.0,711.0,1.0,711,713.0,2.0,50.0,BHM,1004.0,1014.0,10.0,True,7.4,93,0.0,,273,9.3,16.7,1031.8,0,6,4,10.0,82,0.0,,310,7.0,,1031.0,,6,3,10.0,82,0.0,,50,11.0,18.5,1032.0,23,7,4
202510156723749,XC,2025-10-15,OCT,WED,False,nan,EDB,606,606.0,DAR,809.0,808.0,-1.0,811,811.0,0.0,190.0,BHM,1106.0,1112.0,6.0,True,8.0,93,0.0,,250,6.0,11.1,1032.0,0,8,4,10.0,82,0.0,,310,9.0,,1032.0,,6,3,10.0,82,0.0,,360,7.0,18.5,1031.0,21,7,4
202510156723818,XC,2025-10-15,OCT,WED,False,nan,NCL,835,836.0,DAR,904.0,906.0,2.0,906,907.0,1.0,50.0,BHM,1126.0,1127.0,1.0,True,7.7,94,0.0,,274,7.4,14.8,1032.1,8,6,4,11.0,76,0.0,,320,9.0,,1032.0,,6,3,10.0,82,0.0,,360,7.0,18.5,1031.0,21,7,4
202510156723760,XC,2025-10-15,OCT,WED,False,nan,GLC,648,648.0,DAR,1009.0,1009.0,0.0,1010,1011.0,1.0,228.0,BHM,1306.0,1307.0,1.0,True,9.0,76,0.0,,270,4.0,9.3,1032.0,0,6,4,11.0,76,0.0,,320,9.0,,1032.0,,6,3,11.0,76,0.0,,60,9.0,18.5,1031.0,17,7,4
202510156723821,XC,2025-10-15,OCT,WED,False,nan,NCL,1035,1034.0,DAR,1105.0,1104.0,-1.0,1106,1105.0,-1.0,50.0,BHM,1328.0,1324.0,-4.0,False,10.7,83,0.0,,276,7.4,14.8,1032.2,19,6,4,12.0,72,0.0,,350,7.0,,1032.0,,2,3,11.0,76,0.0,,60,9.0,18.5,1031.0,17,7,4
202510156723773,XC,2025-10-15,OCT,WED,False,521.0,EDB,1007,1007.0,DAR,1209.0,1207.0,-2.0,1211,1211.0,0.0,190.0,BHM,1506.0,1651.0,105.0,True,10.0,82,0.0,,260,6.0,13.0,1032.0,31,6,3,12.0,77,0.0,,340,7.0,,1031.0,,6,3,11.0,76,0.0,,40,15.0,18.5,1030.0,14,7,4
202510156723824,XC,2025-10-15,OCT,WED,True,911.0,NCL,1236,nan,DAR,1305.0,nan,nan,1307,nan,nan,50.0,BHM,1528.0,nan,nan,nan,12.3,75,0.0,,294,5.5,13.0,1031.7,26,6,4,12.0,77,0.0,,20,7.0,,1031.0,,2,3,11.0,76,0.0,,40,15.0,18.5,1030.0,14,7,4
202510156723785,XC,2025-10-15,OCT,WED,False,521.0,EDB,1207,1206.0,DAR,1409.0,1408.0,-1.0,1411,1410.0,-1.0,190.0,BHM,1706.0,1709.0,3.0,True,11.0,76,0.0,,236,2.0,14.8,1032.0,32,6,3,12.0,77,0.0,,30,9.0,,1031.0,,2,3,11.0,76,0.0,,50,9.0,18.5,1030.0,8,7,4
202510156723829,XC,2025-10-15,OCT,WED,False,521.0,NCL,1435,1435.0,DAR,1505.0,1504.0,-1.0,1506,1506.0,0.0,50.0,BHM,1727.0,1829.0,62.0,True,13.0,71,0.0,,37,5.5,13.0,1031.0,32,6,4,12.0,77,0.0,,40,7.0,,1030.0,,6,3,11.0,76,0.0,,50,9.0,18.5,1030.0,8,7,4
202510156723797,XC,2025-10-15,OCT,WED,False,nan,EDB,1404,1404.0,DAR,1609.0,1609.0,0.0,1611,1611.0,0.0,190.0,BHM,1907.0,1905.0,-2.0,False,12.0,72,0.0,,10,2.0,14.8,1031.0,34,6,2,12.0,77,0.0,,40,6.0,,1030.0,,2,3,11.0,76,0.0,,40,7.0,14.8,1030.0,0,7,4
202510156723482,XC,2025-10-15,OCT,WED,False,nan,NCL,1633,1632.0,DAR,1704.0,1703.0,-1.0,1705,1706.0,1.0,50.0,BHM,1930.0,1931.0,1.0,True,12.7,74,0.0,,50,5.5,11.1,1030.4,23,5,4,11.0,88,0.0,,30,7.0,,1031.0,,2,3,11.0,76,0.0,,40,7.0,14.8,1030.0,0,7,4
202510156723804,XC,2025-10-15,OCT,WED,False,521.0,EDB,1607,1606.0,DAR,1809.0,1808.0,-1.0,1811,1810.0,-1.0,190.0,BHM,2107.0,2127.0,20.0,True,11.0,76,0.0,,360,2.0,14.8,1030.0,23,4,1,11.0,88,0.0,,20,6.0,,1031.0,,6,3,11.0,76,0.0,,50,7.0,14.8,1030.0,0,7,4
202510156723807,XC,2025-10-15,OCT,WED,False,895.0,EDB,1707,1706.0,DAR,1909.0,1910.0,1.0,1911,1911.0,0.0,190.0,BHM,2208.0,2221.0,13.0,True,9.0,87,0.0,,330,2.0,13.0,1031.0,17,6,2,11.0,88,0.0,,220,2.0,,1031.0,,6,3,11.0,76,0.0,,60,7.0,14.8,1030.0,0,7,4
202510156723362,XC,2025-10-15,OCT,WED,False,nan,EDB,1807,1806.0,DAR,2010.0,2010.0,0.0,2011,2011.0,0.0,190.0,BHM,2328.0,2326.0,-2.0,False,10.0,87,0.0,,280,4.0,14.8,1031.0,11,6,2,10.0,94,0.0,,0,0.0,,1031.0,,6,3,11.0,76,0.0,,50,6.0,13.0,1030.0,0,8,4
202510166723813,XC,2025-10-16,OCT,THU,False,574.0,NCL,624,624.0,DAR,653.0,655.0,2.0,655,700.0,5.0,50.0,BHM,928.0,940.0,12.0,True,4.5,95,0.0,,265,9.3,14.8,1029.0,0,3,1,10.0,82,0.0,,210,6.0,,1029.0,,6,5,11.0,88,0.0,,10,7.0,13.0,1029.0,15,6,4
202510166723745,XC,2025-10-16,OCT,THU,False,nan,NCL,640,640.0,DAR,710.0,709.0,-1.0,711,711.0,0.0,50.0,BHM,1004.0,1009.0,5.0,True,4.5,95,0.0,,265,9.3,14.8,1029.0,0,3,1,5.7,99,0.0,,190,5.0,,1029.2,,8,5,11.0,88,0.0,,70,6.0,13.0,1029.0,17,6,4
202510166723749,XC,2025-10-16,OCT,THU,False,nan,EDB,606,606.0,DAR,809.0,808.0,-1.0,811,811.0,0.0,190.0,BHM,1106.0,1109.0,3.0,True,8.0,87,0.0,,270,9.0,13.0,1029.0,0,8,2,10.0,82,0.0,,270,6.0,,1029.0,,6,5,12.0,82,0.0,,100,6.0,14.8,1029.0,21,6,4
202510166723818,XC,2025-10-16,OCT,THU,False,896.0,NCL,835,834.0,DAR,904.0,905.0,1.0,906,906.0,0.0,50.0,BHM,1126.0,1204.0,38.0,True,5.2,97,0.0,,260,7.4,14.8,1029.1,19,3,1,11.0,76,0.0,,270,7.0,,1029.0,,6,5,12.0,82,0.0,,100,6.0,14.8,1029.0,21,6,4
202510166723760,XC,2025-10-16,OCT,THU,False,nan,GLC,648,648.0,DAR,1009.0,1009.0,0.0,1010,1011.0,1.0,228.0,BHM,1306.0,1309.0,3.0,True,8.0,93,0.0,,240,7.0,11.1,1029.0,0,8,4,11.0,76,0.0,,250,9.0,,1029.0,,6,3,13.0,77,0.0,,90,7.0,14.8,1028.0,19,4,4
202510166723821,XC,2025-10-16,OCT,THU,False,nan,NCL,1035,1035.0,DAR,1105.0,1104.0,-1.0,1106,1106.0,0.0,50.0,BHM,1328.0,1324.0,-4.0,False,9.1,85,0.0,,255,9.3,16.7,1029.2,34,3,2,11.0,76,0.0,,240,11.0,,1029.0,,6,3,13.0,77,0.0,,90,7.0,14.8,1028.0,19,4,4
202510166723773,XC,2025-10-16,OCT,THU,False,nan,EDB,1007,1007.0,DAR,1209.0,1210.0,1.0,1211,1212.0,1.0,190.0,BHM,1506.0,1508.0,2.0,True,9.0,82,0.0,,250,11.0,13.0,1029.0,27,6,3,11.0,76,0.0,,260,9.0,,1029.0,,6,3,13.0,67,0.0,,50,4.0,14.8,1027.0,13,8,4
202510166723824,XC,2025-10-16,OCT,THU,False,nan,NCL,1236,1235.0,DAR,1305.0,1305.0,0.0,1307,1307.0,0.0,50.0,BHM,1528.0,1531.0,3.0,True,10.9,76,0.0,,257,7.4,16.7,1028.4,36,5,2,11.0,76,0.0,,250,11.0,,1028.0,,6,3,13.0,67,0.0,,50,4.0,14.8,1027.0,13,8,4
202510166723785,XC,2025-10-16,OCT,THU,False,871.0,EDB,1207,1206.0,DAR,1409.0,1414.0,5.0,1411,1415.0,4.0,190.0,BHM,1706.0,1705.0,-1.0,False,10.0,82,0.0,,250,11.0,13.0,1028.0,25,4,3,11.0,76,0.0,,230,7.0,,1028.0,,6,3,13.0,72,0.0,,20,7.0,11.1,1027.0,8,8,4
202510166723829,XC,2025-10-16,OCT,THU,False,nan,NCL,1435,1435.0,DAR,1505.0,1504.0,-1.0,1506,1506.0,0.0,50.0,BHM,1727.0,1730.0,3.0,True,11.8,72,0.0,,280,7.4,14.8,1027.7,34,6,4,11.0,71,0.0,,310,9.0,,1028.0,,6,3,13.0,72,0.0,,20,7.0,11.1,1027.0,8,8,4
202510166723797,XC,2025-10-16,OCT,THU,False,832.0,EDB,1404,1404.0,DAR,1609.0,1612.0,3.0,1611,1614.0,3.0,190.0,BHM,1907.0,1931.0,24.0,True,11.0,76,0.0,,250,7.0,13.0,1028.0,26,6,3,11.0,71,0.0,,250,6.0,,1028.0,,6,2,12.0,82,0.0,,20,4.0,11.1,1028.0,0,8,4
202510166723482,XC,2025-10-16,OCT,THU,False,832.0,NCL,1633,1632.0,DAR,1704.0,1703.0,-1.0,1705,1705.0,0.0,50.0,BHM,1930.0,2004.0,34.0,True,11.3,74,0.0,,319,5.5,13.0,1027.5,23,6,4,10.0,82,0.0,,220,6.0,,1028.0,,6,2,12.0,82,0.0,,20,4.0,11.1,1028.0,0,8,4
202510166723804,XC,2025-10-16,OCT,THU,False,832.0,EDB,1607,1606.0,DAR,1809.0,1809.0,0.0,1811,1811.0,0.0,190.0,BHM,2107.0,2129.0,22.0,True,10.0,82,0.0,,260,7.0,13.0,1028.0,16,4,4,10.0,82,0.0,,0,4.0,,1028.0,,6,3,11.0,88,0.0,,350,4.0,13.0,1027.0,0,8,4
202510166723807,XC,2025-10-16,OCT,THU,False,832.0,EDB,1707,1707.0,DAR,1909.0,1911.0,2.0,1911,1913.0,2.0,190.0,BHM,2208.0,2240.0,32.0,True,10.0,82,0.0,,250,6.0,11.1,1028.0,9,6,4,10.0,82,0.0,,0,0.0,,1028.0,,2,3,11.0,82,0.0,,360,6.0,11.1,1027.0,0,8,4
202510166723362,XC,2025-10-16,OCT,THU,False,832.0,EDB,1807,1806.0,DAR,2010.0,2018.0,8.0,2011,2020.0,9.0,190.0,BHM,2328.0,2340.0,12.0,True,9.0,87,0.0,,250,7.0,11.1,1028.0,2,8,4,10.0,82,0.0,,330,6.0,,1028.0,,2,3,11.0,88,0.0,,310,4.0,11.1,1027.0,0,8,4
202510176723813,XC,2025-10-17,OCT,FRI,False,nan,NCL,624,624.0,DAR,653.0,653.0,0.0,655,655.0,0.0,50.0,BHM,928.0,926.0,-2.0,False,6.1,93,0.0,,267,7.4,13.0,1026.6,0,7,4,9.0,87,0.0,,250,6.0,,1027.0,,6,3,12.0,82,0.0,,74,4.0,11.1,1027.0,14,8,4
202510176723745,XC,2025-10-17,OCT,FRI,False,nan,NCL,640,640.0,DAR,710.0,709.0,-1.0,711,711.0,0.0,50.0,BHM,1004.0,1003.0,-1.0,False,6.1,93,0.0,,267,7.4,13.0,1026.6,0,7,4,9.0,87,0.0,,180,2.0,,1027.0,,6,3,12.0,82,0.0,,70,6.0,13.0,1027.0,21,8,4
202510176723749,XC,2025-10-17,OCT,FRI,False,nan,EDB,606,610.0,DAR,809.0,816.0,7.0,811,817.0,6.0,190.0,BHM,1106.0,1110.0,4.0,True,9.0,87,0.0,,240,6.0,11.1,1026.0,0,8,4,9.0,94,0.0,,180,6.0,,1027.0,,6,3,13.0,77,0.0,,91,4.0,13.0,1027.0,24,8,4
202510176723818,XC,2025-10-17,OCT,FRI,False,nan,NCL,835,835.0,DAR,904.0,907.0,3.0,906,910.0,4.0,50.0,BHM,1126.0,1133.0,7.0,True,6.3,97,0.0,,264,5.5,13.0,1026.9,8,6,4,9.0,87,0.0,,180,7.0,,1027.0,,6,3,13.0,77,0.0,,91,4.0,13.0,1027.0,24,8,4
202510176723761,XC,2025-10-17,OCT,FRI,False,908.0,GLC,648,648.0,DAR,1009.0,1021.0,12.0,1010,1024.0,14.0,228.0,BHM,1306.0,1341.0,35.0,True,8.0,93,0.0,,230,7.0,9.3,1027.0,0,8,4,10.0,82,0.0,,230,11.0,,1027.0,,6,2,14.0,67,0.0,,60,6.0,11.1,1026.0,20,2,4
202510176723821,XC,2025-10-17,OCT,FRI,False,nan,NCL,1035,1034.0,DAR,1105.0,1103.0,-2.0,1106,1106.0,0.0,50.0,BHM,1328.0,1330.0,2.0,True,9.6,86,0.0,,259,5.5,13.0,1026.9,17,7,4,10.0,82,0.0,,230,6.0,,1027.0,,4,3,14.0,67,0.0,,60,6.0,11.1,1026.0,20,2,4
202510176723773,XC,2025-10-17,OCT,FRI,False,540.0,EDB,1007,1007.0,DAR,1209.0,1209.0,0.0,1211,1211.0,0.0,190.0,BHM,1506.0,1513.0,7.0,True,10.0,82,0.0,,280,6.0,11.1,1027.0,18,8,4,10.0,76,0.0,,280,4.0,,1027.0,,6,3,13.0,67,0.0,,100,9.0,13.0,1025.0,12,6,4
202510176723824,XC,2025-10-17,OCT,FRI,False,nan,NCL,1236,1236.0,DAR,1305.0,1304.0,-1.0,1307,1307.0,0.0,50.0,BHM,1528.0,1533.0,5.0,True,11.4,79,0.0,,226,5.5,13.0,1026.6,21,6,4,11.0,71,0.0,,270,6.0,,1027.0,,6,3,13.0,67,0.0,,100,9.0,13.0,1025.0,12,6,4
202510176723785,XC,2025-10-17,OCT,FRI,False,nan,EDB,1207,1206.0,DAR,1409.0,1411.0,2.0,1411,1413.0,2.0,190.0,BHM,1706.0,1706.0,0.0,False,11.0,76,0.0,,188,4.0,13.0,1027.0,19,8,4,11.0,76,0.0,,171,4.0,,1026.0,,6,3,13.0,72,0.0,,110,6.0,13.0,1025.0,7,8,4
202510176723829,XC,2025-10-17,OCT,FRI,False,nan,NCL,1435,1435.0,DAR,1505.0,1505.0,0.0,1506,1507.0,1.0,50.0,BHM,1727.0,1728.0,1.0,True,12.1,75,0.0,,88,5.5,13.0,1026.2,20,6,4,11.0,71,0.0,,0,0.0,,1026.0,,6,3,13.0,72,0.0,,110,6.0,13.0,1025.0,7,8,4
202510176723797,XC,2025-10-17,OCT,FRI,False,895.0,EDB,1404,1403.0,DAR,1609.0,1613.0,4.0,1611,1614.0,3.0,190.0,BHM,1907.0,1934.0,27.0,True,12.0,72,0.0,,146,4.0,14.8,1026.0,17,6,4,11.0,71,0.0,,80,4.0,,1026.0,,6,3,12.0,77,0.0,,120,11.0,14.8,1026.0,0,8,4
202510176723482,XC,2025-10-17,OCT,FRI,False,nan,NCL,1633,1632.0,DAR,1704.0,1704.0,0.0,1705,1706.0,1.0,50.0,BHM,1930.0,1951.0,21.0,True,12.1,74,0.0,,65,5.5,11.1,1025.8,13,6,4,10.0,82,0.0,,90,4.0,,1026.0,,6,3,12.0,77,0.0,,120,11.0,14.8,1026.0,0,8,4
202510176723804,XC,2025-10-17,OCT,FRI,False,nan,EDB,1607,1606.0,DAR,1809.0,1808.0,-1.0,1811,1811.0,0.0,190.0,BHM,2107.0,2115.0,8.0,True,11.0,82,0.0,,70,7.0,13.0,1026.0,5,6,4,10.0,82,0.0,,140,6.0,,1026.0,,6,3,12.0,72,0.0,,120,11.0,18.5,1025.0,0,8,4
202510176723807,XC,2025-10-17,OCT,FRI,False,895.0,EDB,1707,1706.0,DAR,1909.0,1909.0,0.0,1911,1911.0,0.0,190.0,BHM,2208.0,2220.0,12.0,True,10.0,87,0.0,,60,6.0,11.1,1025.0,2,6,4,10.0,82,0.0,,160,4.0,,1026.0,,6,3,11.0,76,0.0,,120,9.0,16.7,1026.0,0,8,4
202510176723362,XC,2025-10-17,OCT,FRI,False,nan,EDB,1807,1806.0,DAR,2010.0,2009.0,-1.0,2011,2010.0,-1.0,190.0,BHM,2328.0,2326.0,-2.0,False,11.0,82,0.0,,100,6.0,13.0,1026.0,1,8,4,9.0,87,0.0,,0,0.0,,1026.0,,6,3,11.0,76,0.0,,150,7.0,16.7,1026.0,0,8,4
202510187544955,XC,2025-10-18,OCT,SAT,False,nan,NCL,841,841.0,DAR,910.0,910.0,0.0,912,912.0,0.0,50.0,BHM,1208.0,1216.0,8.0,True,8.2,85,0.0,,213,3.7,11.1,1024.5,5,7,4,10.0,87,0.0,,160,6.0,,1024.0,,6,3,13.0,77,0.0,,150,17.0,27.8,1022.0,2,6,4
202510187544952,XC,2025-10-18,OCT,SAT,False,nan,EDB,907,908.0,DAR,1110.0,1109.0,-1.0,1113,1112.0,-1.0,190.0,BHM,1408.0,1412.0,4.0,True,10.0,76,0.0,,30,4.0,13.0,1022.0,6,6,4,11.0,76,0.0,,190,17.0,,1024.0,,6,3,14.0,67,0.0,,140,19.0,25.9,1020.0,0,4,4
202510187544950,XC,2025-10-18,OCT,SAT,False,nan,EDB,1108,1107.0,DAR,1311.0,1310.0,-1.0,1312,1312.0,0.0,190.0,BHM,1608.0,1619.0,11.0,True,12.0,67,0.0,,70,6.0,18.5,1021.0,10,8,4,12.0,72,0.0,,180,24.0,,1022.0,,6,3,13.0,72,0.0,,150,15.0,27.8,1019.0,0,4,4
202510196723754,XC,2025-10-19,OCT,SUN,False,nan,NCL,834,834.0,DAR,904.0,904.0,0.0,906,906.0,0.0,50.0,BHM,1204.0,1213.0,9.0,True,11.4,82,0.0,,123,11.1,20.4,1006.6,1,8,4,12.0,82,0.0,,150,24.0,,1005.0,,2,3,13.0,94,0.3,,140,24.0,33.3,1000.0,0,6,8
202510196723759,XC,2025-10-19,OCT,SUN,True,909.0,NCL,935,nan,DAR,1004.0,nan,nan,1006,nan,nan,50.0,BHM,1305.0,nan,nan,nan,12.1,80,0.0,,124,14.8,25.9,1005.8,2,7,4,14.0,72,0.0,,140,22.0,,1004.0,,2,3,14.0,94,0.8,,140,22.0,33.3,999.0,0,6,8
202510196723767,XC,2025-10-19,OCT,SUN,False,nan,EDB,908,908.0,DAR,1109.0,1111.0,2.0,1111,1114.0,3.0,190.0,BHM,1404.0,1420.0,16.0,True,10.0,94,0.1,,50,19.0,27.8,1002.0,0,2,7,15.0,67,0.0,,150,24.0,,1002.0,,2,3,14.0,94,0.3,,140,24.0,33.3,998.0,0,6,8
202510196723772,XC,2025-10-19,OCT,SUN,False,nan,EDB,1008,1008.0,DAR,1209.0,1208.0,-1.0,1211,1211.0,0.0,190.0,BHM,1506.0,1519.0,13.0,True,11.0,88,0.5,,80,17.0,20.0,1001.0,0,2,7,15.0,67,0.0,,150,26.0,,1001.0,,2,3,15.0,94,0.4,,150,19.0,35.2,996.0,0,6,8
202510196723779,XC,2025-10-19,OCT,SUN,False,nan,EDB,1105,1104.0,DAR,1309.0,1308.0,-1.0,1310,1311.0,1.0,190.0,BHM,1604.0,1612.0,8.0,True,12.0,77,0.0,,110,20.0,27.8,1000.0,0,2,7,14.0,72,0.0,,140,19.0,,1000.0,,6,3,14.0,94,0.7,,160,24.0,37.0,996.0,0,6,8
202510196723784,XC,2025-10-19,OCT,SUN,False,nan,GLC,1055,1055.0,DAR,1409.0,1410.0,1.0,1411,1412.0,1.0,228.0,BHM,1706.0,1719.0,13.0,True,10.0,94,1.3,,70,22.0,35.2,1000.0,0,6,7,13.0,82,0.0,,140,17.0,,999.0,,6,3,14.0,94,0.7,,150,20.0,33.3,995.0,0,6,8
202510196723791,XC,2025-10-19,OCT,SUN,False,nan,EDB,1308,1307.0,DAR,1510.0,1511.0,1.0,1512,1512.0,0.0,190.0,BHM,1804.0,1810.0,6.0,True,13.0,77,0.0,,80,15.0,29.6,998.0,0,2,7,13.0,88,0.2,,150,20.0,,998.0,,6,7,13.0,100,0.7,,150,19.0,29.6,994.0,0,6,8
202510196723798,XC,2025-10-19,OCT,SUN,False,895.0,DEE,1222,1224.0,DAR,1609.0,1611.0,2.0,1611,1612.0,1.0,nan,BHM,1903.0,1913.0,10.0,True,12.0,88,0.1,,110,30.0,,1001.0,,2,7,13.0,88,0.9,,140,19.0,,997.0,,6,8,14.0,94,0.4,,150,19.0,24.1,993.0,0,8,8
202510196723801,XC,2025-10-19,OCT,SUN,False,nan,EDB,1508,1507.0,DAR,1709.0,1709.0,0.0,1711,1711.0,0.0,190.0,BHM,2004.0,2012.0,8.0,True,13.0,82,0.2,,100,15.0,29.6,996.0,0,6,8,13.0,88,1.4,,130,13.0,,996.0,,2,9,14.0,94,0.2,,170,11.0,20.4,993.0,0,8,8
202510196723803,XC,2025-10-19,OCT,SUN,False,nan,EDB,1608,1607.0,DAR,1809.0,1809.0,0.0,1811,1811.0,0.0,190.0,BHM,2106.0,2109.0,3.0,True,12.0,88,0.6,,110,13.0,31.5,995.0,0,6,8,13.0,94,0.0,,150,15.0,,995.0,,6,3,14.0,94,0.0,,180,9.0,18.5,993.0,0,6,7
202510196723806,XC,2025-10-19,OCT,SUN,False,nan,EDB,1708,1707.0,DAR,1908.0,1909.0,1.0,1909,1911.0,2.0,190.0,BHM,2208.0,2208.0,0.0,False,12.0,88,1.2,,80,11.0,27.8,994.0,0,2,8,14.0,94,0.5,,150,17.0,,994.0,,6,8,12.0,94,0.0,,240,9.0,18.5,993.0,0,2,7
202510196723361,XC,2025-10-19,OCT,SUN,False,nan,EDB,1805,1804.0,DAR,2008.0,2009.0,1.0,2010,2010.0,0.0,190.0,BHM,2309.0,2310.0,1.0,True,12.0,94,2.4,,80,15.0,27.8,993.0,0,8,8,14.0,94,1.2,,150,17.0,,993.0,,6,9,11.0,94,0.0,,200,7.0,16.7,993.0,0,2,7
202510206723813,XC,2025-10-20,OCT,MON,False,nan,NCL,624,624.0,DAR,653.0,652.0,-1.0,655,655.0,0.0,50.0,BHM,928.0,927.0,-1.0,False,10.9,96,0.0,,245,7.4,14.8,988.0,0,6,4,9.0,100,0.0,,190,13.0,,989.0,,7,2,13.0,94,0.8,,130,17.0,24.1,987.0,0,6,7
202510206723745,XC,2025-10-20,OCT,MON,False,nan,NCL,640,640.0,DAR,710.0,709.0,-1.0,711,710.0,-1.0,50.0,BHM,1004.0,1003.0,-1.0,False,10.9,96,0.0,,245,7.4,14.8,988.0,0,6,4,9.0,100,0.0,,200,13.0,,989.0,,2,3,14.0,88,0.0,,150,20.0,25.9,987.0,0,4,7
202510206723749,XC,2025-10-20,OCT,MON,False,nan,EDB,606,606.0,DAR,809.0,808.0,-1.0,811,811.0,0.0,190.0,BHM,1106.0,1113.0,7.0,True,11.0,100,0.0,,126,4.0,9.3,988.0,0,8,5,10.0,100,0.0,,190,17.0,,989.0,,6,3,14.0,94,0.2,,140,17.0,27.8,986.0,0,4,7
202510206723818,XC,2025-10-20,OCT,MON,False,nan,NCL,835,835.0,DAR,904.0,905.0,1.0,906,907.0,1.0,50.0,BHM,1126.0,1130.0,4.0,True,10.5,97,0.0,,242,5.5,13.0,988.0,8,6,4,11.0,94,0.0,,180,15.0,,989.0,,4,5,14.0,94,0.2,,140,17.0,27.8,986.0,0,4,7
202510206723760,XC,2025-10-20,OCT,MON,False,nan,GLC,648,648.0,DAR,1009.0,1012.0,3.0,1010,1013.0,3.0,228.0,BHM,1306.0,1307.0,1.0,True,11.0,94,0.0,,190,6.0,9.3,988.0,0,2,5,12.0,94,0.0,,180,9.0,,989.0,,6,5,15.0,77,0.2,,140,13.0,24.1,985.0,1,6,4
202510206723821,XC,2025-10-20,OCT,MON,False,nan,NCL,1035,1034.0,DAR,1105.0,1104.0,-1.0,1106,1106.0,0.0,50.0,BHM,1328.0,1326.0,-2.0,False,11.5,97,0.0,,210,7.4,13.0,987.9,19,6,4,12.0,94,0.0,,170,11.0,,988.0,,6,3,15.0,77,0.2,,140,13.0,24.1,985.0,1,6,4
202510206723773,XC,2025-10-20,OCT,MON,False,nan,EDB,1007,1007.0,DAR,1209.0,1214.0,5.0,1211,1216.0,5.0,190.0,BHM,1506.0,1506.0,0.0,False,12.0,100,0.0,,219,4.0,11.1,988.0,12,4,4,12.0,94,0.0,,120,11.0,,988.0,,4,3,15.0,77,0.8,,130,11.0,16.7,984.0,7,6,7
202510206723824,XC,2025-10-20,OCT,MON,False,nan,NCL,1236,1236.0,DAR,1305.0,1305.0,0.0,1307,1308.0,1.0,50.0,BHM,1528.0,1528.0,0.0,False,13.1,88,0.0,,165,7.4,14.8,987.5,16,8,4,13.0,94,0.0,,110,11.0,,987.0,,2,3,15.0,77,0.8,,130,11.0,16.7,984.0,7,6,7
202510206723785,XC,2025-10-20,OCT,MON,False,896.0,EDB,1207,1206.0,DAR,1409.0,1409.0,0.0,1411,1411.0,0.0,190.0,BHM,1706.0,1705.0,-1.0,False,15.0,77,0.0,,270,7.0,16.7,987.0,16,2,4,13.0,94,0.0,,110,7.0,,987.0,,2,3,13.0,94,0.6,,300,4.0,13.0,985.0,1,6,17
202510206723829,XC,2025-10-20,OCT,MON,False,nan,NCL,1435,1435.0,DAR,1505.0,1504.0,-1.0,1506,1506.0,0.0,50.0,BHM,1727.0,1732.0,5.0,True,13.7,84,0.0,,135,7.4,14.8,986.9,11,7,4,14.0,88,0.0,,40,7.0,,986.0,,2,3,13.0,94,0.6,,300,4.0,13.0,985.0,1,6,17
202510206723797,XC,2025-10-20,OCT,MON,False,nan,EDB,1404,1403.0,DAR,1609.0,1610.0,1.0,1611,1611.0,0.0,190.0,BHM,1907.0,1908.0,1.0,True,14.0,88,0.0,,50,6.0,18.5,986.0,24,2,4,13.0,94,0.3,,10,9.0,,986.0,,4,8,11.0,100,0.0,,310,6.0,14.8,986.0,0,2,5
202510206723482,XC,2025-10-20,OCT,MON,False,nan,NCL,1633,1633.0,DAR,1704.0,1703.0,-1.0,1705,1705.0,0.0,50.0,BHM,1930.0,1929.0,-1.0,False,13.2,85,0.0,,99,7.4,13.0,986.5,3,8,4,12.0,94,0.1,,360,7.0,,986.0,,4,7,11.0,100,0.0,,310,6.0,14.8,986.0,0,2,5
202510206723804,XC,2025-10-20,OCT,MON,False,nan,EDB,1607,1606.0,DAR,1809.0,1809.0,0.0,1811,1811.0,0.0,190.0,BHM,2107.0,2105.0,-2.0,False,13.0,94,0.0,,20,2.0,16.7,987.0,19,2,4,12.0,94,0.0,,10,7.0,,986.0,,2,3,12.0,100,0.0,,290,9.0,16.7,987.0,0,2,4
202510206723807,XC,2025-10-20,OCT,MON,False,895.0,EDB,1707,1707.0,DAR,1909.0,1911.0,2.0,1911,1912.0,1.0,190.0,BHM,2208.0,2223.0,15.0,True,12.0,94,0.0,,300,4.0,13.0,987.0,11,2,4,11.0,100,0.1,,350,11.0,,986.0,,4,7,12.0,94,0.0,,300,15.0,16.7,988.0,0,6,4
202510206723362,XC,2025-10-20,OCT,MON,False,nan,EDB,1807,1806.0,DAR,2010.0,2009.0,-1.0,2011,2011.0,0.0,190.0,BHM,2328.0,2326.0,-2.0,False,11.0,94,0.0,,194,2.0,13.0,986.0,4,2,3,11.0,100,0.0,,350,9.0,,987.0,,6,5,13.0,88,0.0,,290,13.0,16.7,989.0,0,6,4
202510216723813,XC,2025-10-21,OCT,TUE,False,nan,NCL,624,624.0,DAR,653.0,655.0,2.0,655,656.0,1.0,50.0,BHM,928.0,930.0,2.0,True,8.9,95,0.0,,249,9.3,14.8,985.5,0,6,4,8.0,100,0.0,,170,6.0,,986.0,,2,5,12.0,82,0.0,,230,15.0,24.1,990.0,4,2,4
202510216723745,XC,2025-10-21,OCT,TUE,False,nan,NCL,640,640.0,DAR,710.0,709.0,-1.0,711,711.0,0.0,50.0,BHM,1004.0,1004.0,0.0,False,8.9,95,0.0,,249,9.3,14.8,985.5,0,6,4,9.0,100,0.0,,180,11.0,,986.0,,2,3,13.0,82,0.0,,240,17.0,27.8,991.0,8,6,4
202510216723749,XC,2025-10-21,OCT,TUE,False,nan,EDB,606,608.0,DAR,809.0,808.0,-1.0,811,810.0,-1.0,190.0,BHM,1106.0,1105.0,-1.0,False,9.0,94,0.8,,40,2.0,16.7,984.0,0,6,7,11.0,94,0.0,,170,13.0,,986.0,,2,3,14.0,77,0.0,,230,15.0,29.6,991.0,9,6,4
202510216723818,XC,2025-10-21,OCT,TUE,False,896.0,NCL,835,835.0,DAR,904.0,905.0,1.0,906,906.0,0.0,50.0,BHM,1126.0,1132.0,6.0,True,9.6,95,0.0,,227,7.4,14.8,985.4,3,6,4,12.0,94,0.1,,190,20.0,,986.0,,2,7,14.0,77,0.0,,230,15.0,29.6,991.0,9,6,4
202510216723760,XC,2025-10-21,OCT,TUE,False,nan,GLC,648,647.0,DAR,1009.0,1012.0,3.0,1010,1015.0,5.0,228.0,BHM,1306.0,1308.0,2.0,True,10.0,100,0.0,,60,6.0,11.1,984.0,0,6,7,12.0,94,0.5,,200,15.0,,986.0,,4,8,14.0,77,0.0,,230,13.0,31.5,990.0,13,2,4
