rid,toc_code,date,month,day,cancelled,canc_reason,init_station,init_ptd,init_atd,start_station,start_pta,start_ata,start_arrival_delay,start_ptd,start_atd,start_dept_delay,distance_from_init,end_station,end_pta,end_ata,end_delay,delayed
202509206723746,XC,2025-09-20,SEP,SAT,False,,NCL,0640,0640,DAR,0709,0712,3,0711,0714,3,50,BHM,1007,1015,8,True
202509206723751,XC,2025-09-20,SEP,SAT,False,904,NCL,0740,0740,DAR,0809,0809,0,0811,0811,0,50,BHM,1106,1115,9,True
202509206723819,XC,2025-09-20,SEP,SAT,False,,NCL,0835,0835,DAR,0904,0905,1,0906,0907,1,50,BHM,1127,1129,2,True
202509206723762,XC,2025-09-20,SEP,SAT,False,,NCL,0941,0941,DAR,1010,1012,2,1011,1014,3,50,BHM,1306,1307,1,True
202509206723766,XC,2025-09-20,SEP,SAT,False,,NCL,1041,1041,DAR,1110,1109,-1,1112,1112,0,50,BHM,1404,1403,-1,False
202509206723774,XC,2025-09-20,SEP,SAT,False,,NCL,1140,1140,DAR,1209,1209,0,1211,1211,0,50,BHM,1505,1506,1,True
202509206723778,XC,2025-09-20,SEP,SAT,False,,NCL,1242,1242,DAR,1311,1312,1,1312,1314,2,50,BHM,1604,1605,1,True
202509206723786,XC,2025-09-20,SEP,SAT,False,,NCL,1340,1340,DAR,1409,1408,-1,1411,1411,0,50,BHM,1706,1705,-1,False
202509206723793,XC,2025-09-20,SEP,SAT,False,,NCL,1441,1441,DAR,1511,1510,-1,1512,1512,0,50,BHM,1804,1802,-2,False
202509206723799,XC,2025-09-20,SEP,SAT,False,,NCL,1540,1540,DAR,1609,1610,1,1611,1611,0,50,BHM,1905,1910,5,True
202509206723802,XC,2025-09-20,SEP,SAT,False,,NCL,1641,1641,DAR,1710,1710,0,1711,1712,1,50,BHM,2005,2005,0,False
202509206723805,XC,2025-09-20,SEP,SAT,False,,NCL,1740,1740,DAR,1809,1816,7,1811,1817,6,50,BHM,2106,2108,2,True
202509206723447,XC,2025-09-20,SEP,SAT,False,,NCL,1840,1840,DAR,1910,1908,-2,1911,1910,-1,50,BHM,2232,2232,0,False
202509206723365,XC,2025-09-20,SEP,SAT,False,,NCL,1941,1941,DAR,2010,2010,0,2011,2012,1,50,BHM,2308,2313,5,True
202509216723754,XC,2025-09-21,SEP,SUN,False,,NCL,0834,0834,DAR,0904,0904,0,0906,0906,0,50,BHM,1204,1203,-1,False
202509216723759,XC,2025-09-21,SEP,SUN,False,,NCL,0935,0935,DAR,1004,1004,0,1006,1006,0,50,BHM,1305,1305,0,False
202509216723767,XC,2025-09-21,SEP,SUN,False,,NCL,1040,1040,DAR,1109,1112,3,1111,1115,4,50,BHM,1404,1408,4,True
202509216723772,XC,2025-09-21,SEP,SUN,False,,NCL,1140,1140,DAR,1209,1208,-1,1211,1211,0,50,BHM,1506,1508,2,True
202509216723779,XC,2025-09-21,SEP,SUN,False,,NCL,1240,1244,DAR,1309,1313,4,1310,1315,5,50,BHM,1604,1607,3,True
202509216723784,XC,2025-09-21,SEP,SUN,False,,NCL,1340,1340,DAR,1409,1408,-1,1411,1411,0,50,BHM,1706,1705,-1,False
202509216723791,XC,2025-09-21,SEP,SUN,False,,NCL,1441,1441,DAR,1510,1511,1,1512,1512,0,50,BHM,1804,1805,1,True
202509216723798,XC,2025-09-21,SEP,SUN,False,,NCL,1540,1540,DAR,1609,1613,4,1611,1615,4,50,BHM,1903,1907,4,True
202509216723801,XC,2025-09-21,SEP,SUN,False,,NCL,1640,1640,DAR,1709,1712,3,1711,1714,3,50,BHM,2004,2013,9,True
202509216723806,XC,2025-09-21,SEP,SUN,False,887,NCL,1839,1839,DAR,1908,1907,-1,1909,1909,0,50,BHM,2208,2206,-2,False
202509216723361,XC,2025-09-21,SEP,SUN,False,,NCL,1939,1939,DAR,2008,2007,-1,2010,2010,0,50,BHM,2309,2306,-3,False
202509226723813,XC,2025-09-22,SEP,MON,False,,NCL,0624,0623,DAR,0653,0652,-1,0655,0655,0,50,BHM,0928,0926,-2,False
202509226723745,XC,2025-09-22,SEP,MON,False,,NCL,0640,0640,DAR,0710,0708,-2,0711,0711,0,50,BHM,1004,1006,2,True
202509226723749,XC,2025-09-22,SEP,MON,False,,EDB,0606,0606,DAR,0809,0810,1,0811,0812,1,190,BHM,1106,1113,7,True
202509226723818,XC,2025-09-22,SEP,MON,False,,NCL,0835,0837,DAR,0904,0908,4,0906,0910,4,50,BHM,1126,1132,6,True
202509226723760,XC,2025-09-22,SEP,MON,False,,GLC,0648,0648,DAR,1009,1010,1,1010,1013,3,228,BHM,1306,1304,-2,False
202509226723821,XC,2025-09-22,SEP,MON,False,,NCL,1035,1034,DAR,1105,1105,0,1106,1107,1,50,BHM,1328,1326,-2,False
202509226723773,XC,2025-09-22,SEP,MON,False,547,EDB,1007,1008,DAR,1209,1225,16,1211,1228,17,190,BHM,1506,1527,21,True
202509226723824,XC,2025-09-22,SEP,MON,False,,NCL,1236,1236,DAR,1305,1306,1,1307,1308,1,50,BHM,1528,1530,2,True
202509226723785,XC,2025-09-22,SEP,MON,False,574,EDB,1207,1206,DAR,1409,1507,58,1411,1509,58,190,BHM,1706,1825,79,True
202509226723829,XC,2025-09-22,SEP,MON,False,911,NCL,1435,1520,DAR,1505,1549,44,1506,1550,44,50,BHM,1727,1828,61,True
202509226723797,XC,2025-09-22,SEP,MON,False,,EDB,1404,1404,DAR,1609,1611,2,1611,1613,2,190,BHM,1907,1907,0,False
202509226723482,XC,2025-09-22,SEP,MON,False,871,NCL,1633,1634,DAR,1704,1706,2,1705,1708,3,50,BHM,1930,1951,21,True
202509226723804,XC,2025-09-22,SEP,MON,False,,EDB,1607,1607,DAR,1809,1808,-1,1811,1811,0,190,BHM,2107,2109,2,True
202509226723807,XC,2025-09-22,SEP,MON,False,,EDB,1707,1707,DAR,1909,1909,0,1911,1911,0,190,BHM,2208,2210,2,True
202509226723362,XC,2025-09-22,SEP,MON,False,696,EDB,1807,1806,DAR,2010,2009,-1,2011,2011,0,190,BHM,2328,2326,-2,False
202509236723813,XC,2025-09-23,SEP,TUE,False,,NCL,0624,0624,DAR,0653,0652,-1,0655,0655,0,50,BHM,0928,0929,1,True
202509236723745,XC,2025-09-23,SEP,TUE,False,,NCL,0640,0640,DAR,0710,0709,-1,0711,0711,0,50,BHM,1004,1004,0,False
202509236723749,XC,2025-09-23,SEP,TUE,False,,EDB,0606,0606,DAR,0809,0808,-1,0811,0811,0,190,BHM,1106,1106,0,False
202509236723818,XC,2025-09-23,SEP,TUE,False,832,NCL,0835,0836,DAR,0904,0908,4,0906,0910,4,50,BHM,1126,1142,16,True
202509236723760,XC,2025-09-23,SEP,TUE,False,,GLC,0648,0648,DAR,1009,1009,0,1010,1011,1,228,BHM,1306,1304,-2,False
202509236723821,XC,2025-09-23,SEP,TUE,False,,NCL,1035,1034,DAR,1105,1104,-1,1106,1107,1,50,BHM,1328,1324,-4,False
202509236723773,XC,2025-09-23,SEP,TUE,False,,EDB,1007,1007,DAR,1209,1209,0,1211,1211,0,190,BHM,1506,1508,2,True
202509236723824,XC,2025-09-23,SEP,TUE,False,,NCL,1236,1236,DAR,1305,1305,0,1307,1307,0,50,BHM,1528,1529,1,True
202509236723785,XC,2025-09-23,SEP,TUE,False,,EDB,1207,1207,DAR,1409,1412,3,1411,1415,4,190,BHM,1706,1707,1,True
202509236723829,XC,2025-09-23,SEP,TUE,False,,NCL,1435,1436,DAR,1505,1505,0,1506,1507,1,50,BHM,1727,1730,3,True
202509236723797,XC,2025-09-23,SEP,TUE,False,832,EDB,1404,1403,DAR,1609,1631,22,1611,1633,22,190,BHM,1907,1928,21,True
202509236723482,XC,2025-09-23,SEP,TUE,False,,NCL,1633,1632,DAR,1704,1704,0,1705,1706,1,50,BHM,1930,1932,2,True
202509236723804,XC,2025-09-23,SEP,TUE,False,,EDB,1607,1606,DAR,1809,1807,-2,1811,1810,-1,190,BHM,2107,2105,-2,False
202509236723807,XC,2025-09-23,SEP,TUE,False,,EDB,1707,1709,DAR,1909,1913,4,1911,1915,4,190,BHM,2208,2212,4,True
202509236723362,XC,2025-09-23,SEP,TUE,False,,EDB,1807,1806,DAR,2010,2014,4,2011,2015,4,190,BHM,2328,2330,2,True
202509246723813,XC,2025-09-24,SEP,WED,False,,NCL,0624,0624,DAR,0653,0654,1,0655,0655,0,50,BHM,0928,0926,-2,False
202509246723745,XC,2025-09-24,SEP,WED,False,,NCL,0640,0640,DAR,0710,0709,-1,0711,0711,0,50,BHM,1004,1004,0,False
202509246723749,XC,2025-09-24,SEP,WED,False,574,EDB,0606,0617,DAR,0809,0820,11,0811,0823,12,190,BHM,1106,1109,3,True
202509246723818,XC,2025-09-24,SEP,WED,False,,NCL,0835,0835,DAR,0904,0905,1,0906,0907,1,50,BHM,1126,1127,1,True
202509246723760,XC,2025-09-24,SEP,WED,False,573,GLC,0648,0648,DAR,1009,1027,18,1010,1030,20,228,BHM,1306,1327,21,True
202509246723821,XC,2025-09-24,SEP,WED,False,,NCL,1035,1034,DAR,1105,1103,-2,1106,1106,0,50,BHM,1328,1332,4,True
202509246723773,XC,2025-09-24,SEP,WED,False,,EDB,1007,1007,DAR,1209,1210,1,1211,1211,0,190,BHM,1506,1507,1,True
202509246723824,XC,2025-09-24,SEP,WED,False,,NCL,1236,1236,DAR,1305,1306,1,1307,1308,1,50,BHM,1528,1528,0,False
202509246723785,XC,2025-09-24,SEP,WED,False,,EDB,1207,1206,DAR,1409,1409,0,1411,1411,0,190,BHM,1706,1707,1,True
202509246723829,XC,2025-09-24,SEP,WED,False,,NCL,1435,1434,DAR,1505,1503,-2,1506,1505,-1,50,BHM,1727,1726,-1,False
202509246723797,XC,2025-09-24,SEP,WED,False,,EDB,1404,1404,DAR,1609,1613,4,1611,1614,3,190,BHM,1907,1911,4,True
202509246723482,XC,2025-09-24,SEP,WED,False,,NCL,1633,1633,DAR,1704,1703,-1,1705,1704,-1,50,BHM,1930,1931,1,True
202509246723804,XC,2025-09-24,SEP,WED,False,,EDB,1607,1606,DAR,1809,1808,-1,1811,1810,-1,190,BHM,2107,2112,5,True
202509246723807,XC,2025-09-24,SEP,WED,False,,EDB,1707,1707,DAR,1909,1908,-1,1911,1910,-1,190,BHM,2208,2209,1,True
202509246723362,XC,2025-09-24,SEP,WED,False,,EDB,1807,1806,DAR,2010,2011,1,2011,2013,2,190,BHM,2328,2328,0,False
202509256723813,XC,2025-09-25,SEP,THU,False,,NCL,0624,0624,DAR,0653,0652,-1,0655,0655,0,50,BHM,0928,0928,0,False
202509256723745,XC,2025-09-25,SEP,THU,False,,NCL,0640,0639,DAR,0710,0709,-1,0711,0710,-1,50,BHM,1004,1003,-1,False
202509256723749,XC,2025-09-25,SEP,THU,False,,EDB,0606,0608,DAR,0809,0811,2,0811,0813,2,190,BHM,1106,1113,7,True
202509256723818,XC,2025-09-25,SEP,THU,False,,NCL,0835,0835,DAR,0904,0905,1,0906,0907,1,50,BHM,1126,1128,2,True
202509256723760,XC,2025-09-25,SEP,THU,False,,GLC,0648,0647,DAR,1009,1009,0,1010,1010,0,228,BHM,1306,1305,-1,False
202509256723821,XC,2025-09-25,SEP,THU,False,652,NCL,1035,1034,DAR,1105,1104,-1,1106,1106,0,50,BHM,1328,1341,13,True
202509256723773,XC,2025-09-25,SEP,THU,False,,EDB,1007,1007,DAR,1209,1214,5,1211,1215,4,190,BHM,1506,1514,8,True
202509256723824,XC,2025-09-25,SEP,THU,False,,NCL,1236,1236,DAR,1305,1305,0,1307,1308,1,50,BHM,1528,1531,3,True
202509256723785,XC,2025-09-25,SEP,THU,False,,EDB,1207,1206,DAR,1409,1408,-1,1411,1410,-1,190,BHM,1706,1705,-1,False
202509256723829,XC,2025-09-25,SEP,THU,False,,NCL,1435,1435,DAR,1505,1505,0,1506,1507,1,50,BHM,1727,1728,1,True
202509256723797,XC,2025-09-25,SEP,THU,False,,EDB,1404,1405,DAR,1609,1610,1,1611,1611,0,190,BHM,1907,1909,2,True
202509256723482,XC,2025-09-25,SEP,THU,False,,NCL,1633,1633,DAR,1704,1704,0,1705,1705,0,50,BHM,1930,1932,2,True
202509256723804,XC,2025-09-25,SEP,THU,False,904,EDB,1607,1606,DAR,1809,1814,5,1811,1815,4,190,BHM,2107,2127,20,True
202509256723807,XC,2025-09-25,SEP,THU,False,,EDB,1707,1707,DAR,1909,1911,2,1911,1912,1,190,BHM,2208,2210,2,True
202509256723362,XC,2025-09-25,SEP,THU,False,904,EDB,1807,1806,DAR,2010,2022,12,2011,2024,13,190,BHM,2328,2327,-1,False
202509266723813,XC,2025-09-26,SEP,FRI,False,,NCL,0624,0624,DAR,0653,0654,1,0655,0655,0,50,BHM,0928,0927,-1,False
202509266723745,XC,2025-09-26,SEP,FRI,False,,NCL,0640,0640,DAR,0710,0708,-2,0711,0711,0,50,BHM,1004,1003,-1,False
202509266723749,XC,2025-09-26,SEP,FRI,False,,EDB,0606,0606,DAR,0809,0808,-1,0811,0811,0,190,BHM,1106,1110,4,True
202509266723818,XC,2025-09-26,SEP,FRI,False,,NCL,0835,0835,DAR,0904,0906,2,0906,0908,2,50,BHM,1126,1128,2,True
202509266723761,XC,2025-09-26,SEP,FRI,False,,GLC,0648,0647,DAR,1009,1010,1,1010,1012,2,228,BHM,1306,1308,2,True
202509266723821,XC,2025-09-26,SEP,FRI,False,,NCL,1035,1035,DAR,1105,1105,0,1106,1107,1,50,BHM,1328,1326,-2,False
202509266723773,XC,2025-09-26,SEP,FRI,False,,EDB,1007,1007,DAR,1209,1209,0,1211,1216,5,190,BHM,1506,1506,0,False
202509266723824,XC,2025-09-26,SEP,FRI,False,,NCL,1236,1237,DAR,1305,1306,1,1307,1308,1,50,BHM,1528,1530,2,True
202509266723785,XC,2025-09-26,SEP,FRI,False,,EDB,1207,1206,DAR,1409,1408,-1,1411,1410,-1,190,BHM,1706,1705,-1,False
202509266723829,XC,2025-09-26,SEP,FRI,False,,NCL,1435,1434,DAR,1505,1503,-2,1506,1505,-1,50,BHM,1727,1735,8,True
202509266723797,XC,2025-09-26,SEP,FRI,False,,EDB,1404,1403,DAR,1609,1609,0,1611,1611,0,190,BHM,1907,1905,-2,False
202509266723482,XC,2025-09-26,SEP,FRI,False,895,NCL,1633,1633,DAR,1704,1705,1,1705,1707,2,50,BHM,1930,1945,15,True
202509266723804,XC,2025-09-26,SEP,FRI,False,,EDB,1607,1606,DAR,1809,1808,-1,1811,1811,0,190,BHM,2107,2106,-1,False
202509266723807,XC,2025-09-26,SEP,FRI,False,,EDB,1707,1707,DAR,1909,1908,-1,1911,1910,-1,190,BHM,2208,2215,7,True
202509266723362,XC,2025-09-26,SEP,FRI,False,,EDB,1807,1806,DAR,2010,2009,-1,2011,2011,0,190,BHM,2328,2328,0,False
202509276723814,XC,2025-09-27,SEP,SAT,False,,NCL,0624,0624,DAR,0653,0652,-1,0655,0655,0,50,BHM,0927,0925,-2,False
202509276723746,XC,2025-09-27,SEP,SAT,False,896,NCL,0640,0640,DAR,0709,0708,-1,0711,0711,0,50,BHM,1007,1112,65,True
202509276723751,XC,2025-09-27,SEP,SAT,False,895,EDB,0606,0606,DAR,0809,0808,-1,0811,0811,0,190,BHM,1106,1128,22,True
202509276723819,XC,2025-09-27,SEP,SAT,False,896,NCL,0835,0835,DAR,0904,0903,-1,0906,0906,0,50,BHM,1127,1159,32,True
202509276723762,XC,2025-09-27,SEP,SAT,False,,GLC,0648,0648,DAR,1010,1010,0,1011,1012,1,228,BHM,1306,1336,30,True
202509276723766,XC,2025-09-27,SEP,SAT,False,,GLC,0748,0747,DAR,1110,1110,0,1112,1112,0,228,BHM,1404,1408,4,True
202509276723774,XC,2025-09-27,SEP,SAT,True,777,EDB,1005,,DAR,1209,,,1211,,,190,BHM,1505,,,
202509276723778,XC,2025-09-27,SEP,SAT,True,777,DEE,0933,,DAR,1311,,,1312,,,,BHM,1604,,,
202509276723786,XC,2025-09-27,SEP,SAT,True,777,EDB,1207,,DAR,1409,,,1411,,,190,BHM,1706,,,
202509276723793,XC,2025-09-27,SEP,SAT,False,,EDB,1308,1307,DAR,1511,1512,1,1512,1514,2,190,BHM,1804,1804,0,False
202509276723799,XC,2025-09-27,SEP,SAT,False,,EDB,1404,1403,DAR,1609,1617,8,1611,1620,9,190,BHM,1905,1911,6,True
202509276723483,XC,2025-09-27,SEP,SAT,True,777,NCL,1633,,DAR,1703,,,1704,,,50,BHM,1926,,,
202509276723805,XC,2025-09-27,SEP,SAT,False,,EDB,1607,1613,DAR,1809,1818,9,1811,1822,11,190,BHM,2106,2116,10,True
202509276723447,XC,2025-09-27,SEP,SAT,False,,EDB,1709,1708,DAR,1910,1919,9,1911,1922,11,190,BHM,2232,2235,3,True
202509276723365,XC,2025-09-27,SEP,SAT,False,,EDB,1807,1812,DAR,2010,2021,11,2011,2025,14,190,BHM,2307,2312,5,True
202509286723754,XC,2025-09-28,SEP,SUN,False,574,NCL,0834,0834,DAR,0904,0902,-2,0906,0907,1,50,BHM,1204,1203,-1,False
202509286723767,XC,2025-09-28,SEP,SUN,False,,EDB,0908,0908,DAR,1109,1109,0,1111,1111,0,190,BHM,1404,1417,13,True
202509286723772,XC,2025-09-28,SEP,SUN,False,,EDB,1008,1008,DAR,1209,1209,0,1211,1211,0,190,BHM,1506,1509,3,True
202509286723779,XC,2025-09-28,SEP,SUN,False,895,EDB,1105,1104,DAR,1309,1309,0,1310,1311,1,190,BHM,1604,1625,21,True
202509286723791,XC,2025-09-28,SEP,SUN,False,772,EDB,1308,1307,DAR,1510,1526,16,1512,1528,16,190,BHM,1804,1827,23,True
202509286723798,XC,2025-09-28,SEP,SUN,False,895,DEE,1222,,DAR,1609,1637,28,1611,1639,28,,BHM,1903,1933,30,True
202509286723481,XC,2025-09-28,SEP,SUN,True,526,NCL,1636,,DAR,1705,,,1706,,,50,BHM,1924,,,
202509286723803,XC,2025-09-28,SEP,SUN,False,,EDB,1608,1607,DAR,1809,1809,0,1811,1811,0,190,BHM,2106,2112,6,True
202509286723806,XC,2025-09-28,SEP,SUN,False,,EDB,1708,1707,DAR,1908,1911,3,1909,1913,4,190,BHM,2208,2207,-1,False
202509286723361,XC,2025-09-28,SEP,SUN,False,,EDB,1805,1804,DAR,2008,2016,8,2010,2018,8,190,BHM,2309,2306,-3,False
202509296723813,XC,2025-09-29,SEP,MON,False,,NCL,0624,0624,DAR,0653,0653,0,0655,0655,0,50,BHM,0928,0928,0,False
202509296723745,XC,2025-09-29,SEP,MON,False,,NCL,0640,0640,DAR,0710,0709,-1,0711,0712,1,50,BHM,1004,1008,4,True
202509296723749,XC,2025-09-29,SEP,MON,False,,EDB,0606,0607,DAR,0809,0808,-1,0811,0810,-1,190,BHM,1106,1108,2,True
202509296723818,XC,2025-09-29,SEP,MON,False,,NCL,0835,0835,DAR,0904,0904,0,0906,0906,0,50,BHM,1126,1127,1,True
202509296723760,XC,2025-09-29,SEP,MON,False,,GLC,0648,0647,DAR,1009,1009,0,1010,1011,1,228,BHM,1306,1305,-1,False
202509296723821,XC,2025-09-29,SEP,MON,False,,NCL,1035,1035,DAR,1105,1104,-1,1106,1106,0,50,BHM,1328,1330,2,True
202509296723773,XC,2025-09-29,SEP,MON,False,,EDB,1007,1007,DAR,1209,1209,0,1211,1211,0,190,BHM,1506,1506,0,False
202509296723824,XC,2025-09-29,SEP,MON,False,,NCL,1236,1237,DAR,1305,1305,0,1307,1307,0,50,BHM,1528,1527,-1,False
202509296723785,XC,2025-09-29,SEP,MON,False,,EDB,1207,1206,DAR,1409,1409,0,1411,1410,-1,190,BHM,1706,1706,0,False
202509296723829,XC,2025-09-29,SEP,MON,False,,NCL,1435,1436,DAR,1505,1505,0,1506,1507,1,50,BHM,1727,1728,1,True
202509296723797,XC,2025-09-29,SEP,MON,False,,EDB,1404,1403,DAR,1609,1608,-1,1611,1610,-1,190,BHM,1907,1911,4,True
202509296723482,XC,2025-09-29,SEP,MON,False,,NCL,1633,1633,DAR,1704,1703,-1,1705,1705,0,50,BHM,1930,1934,4,True
202509296723804,XC,2025-09-29,SEP,MON,False,,EDB,1607,1606,DAR,1809,1808,-1,1811,1810,-1,190,BHM,2107,2108,1,True
202509296723807,XC,2025-09-29,SEP,MON,False,576,EDB,1707,1707,DAR,1909,1908,-1,1911,1910,-1,190,BHM,2208,2225,17,True
202509296723362,XC,2025-09-29,SEP,MON,False,,EDB,1807,1806,DAR,2010,2009,-1,2011,2011,0,190,BHM,2328,2326,-2,False
202509306723813,XC,2025-09-30,SEP,TUE,False,,NCL,0624,0624,DAR,0653,0653,0,0655,0655,0,50,BHM,0928,0927,-1,False
202509306723745,XC,2025-09-30,SEP,TUE,False,,NCL,0640,0640,DAR,0710,0708,-2,0711,0710,-1,50,BHM,1004,1003,-1,False
202509306723749,XC,2025-09-30,SEP,TUE,False,,EDB,0606,0606,DAR,0809,0808,-1,0811,0810,-1,190,BHM,1106,1106,0,False
202509306723818,XC,2025-09-30,SEP,TUE,False,,NCL,0835,0835,DAR,0904,0906,2,0906,0908,2,50,BHM,1126,1130,4,True
202509306723760,XC,2025-09-30,SEP,TUE,False,,GLC,0648,0647,DAR,1009,1009,0,1010,1011,1,228,BHM,1306,1309,3,True
202509306723821,XC,2025-09-30,SEP,TUE,False,,NCL,1035,1035,DAR,1105,1104,-1,1106,1106,0,50,BHM,1328,1329,1,True
202509306723773,XC,2025-09-30,SEP,TUE,False,,EDB,1007,1007,DAR,1209,1210,1,1211,1212,1,190,BHM,1506,1513,7,True
202509306723824,XC,2025-09-30,SEP,TUE,False,,NCL,1236,1236,DAR,1305,1308,3,1307,1310,3,50,BHM,1528,1529,1,True
202509306723785,XC,2025-09-30,SEP,TUE,False,,EDB,1207,1207,DAR,1409,1408,-1,1411,1410,-1,190,BHM,1706,1706,0,False
202509306723829,XC,2025-09-30,SEP,TUE,False,,NCL,1435,1434,DAR,1505,1504,-1,1506,1506,0,50,BHM,1727,1727,0,False
202509306723797,XC,2025-09-30,SEP,TUE,False,,EDB,1404,1403,DAR,1609,1610,1,1611,1611,0,190,BHM,1907,1905,-2,False
202509306723482,XC,2025-09-30,SEP,TUE,False,683,NCL,1633,1651,DAR,1704,1718,14,1705,1720,15,50,BHM,1930,1950,20,True
202509306723804,XC,2025-09-30,SEP,TUE,False,,EDB,1607,1607,DAR,1809,1807,-2,1811,1810,-1,190,BHM,2107,2107,0,False
202509306723807,XC,2025-09-30,SEP,TUE,False,,EDB,1707,1707,DAR,1909,1909,0,1911,1911,0,190,BHM,2208,2213,5,True
202509306723362,XC,2025-09-30,SEP,TUE,False,,EDB,1807,1806,DAR,2010,2009,-1,2011,2010,-1,190,BHM,2328,2331,3,True
202510016723813,XC,2025-10-01,OCT,WED,False,,NCL,0624,0624,DAR,0653,0654,1,0655,0655,0,50,BHM,0928,0929,1,True
202510016723745,XC,2025-10-01,OCT,WED,False,,NCL,0640,0640,DAR,0710,0710,0,0711,0712,1,50,BHM,1004,1005,1,True
202510016723749,XC,2025-10-01,OCT,WED,False,,EDB,0606,0606,DAR,0809,0807,-2,0811,0810,-1,190,BHM,1106,1106,0,False
202510016723818,XC,2025-10-01,OCT,WED,False,,NCL,0835,0835,DAR,0904,0904,0,0906,0906,0,50,BHM,1126,1128,2,True
202510016723760,XC,2025-10-01,OCT,WED,False,,GLC,0648,0647,DAR,1009,1008,-1,1010,1010,0,228,BHM,1306,1307,1,True
202510016723821,XC,2025-10-01,OCT,WED,False,,NCL,1035,1035,DAR,1105,1104,-1,1106,1106,0,50,BHM,1328,1327,-1,False
202510016723773,XC,2025-10-01,OCT,WED,False,,EDB,1007,1007,DAR,1209,1213,4,1211,1214,3,190,BHM,1506,1505,-1,False
202510016723824,XC,2025-10-01,OCT,WED,False,904,NCL,1236,1238,DAR,1305,1310,5,1307,1312,5,50,BHM,1528,1535,7,True
202510016723785,XC,2025-10-01,OCT,WED,False,501,EDB,1207,1207,DAR,1409,1433,24,1411,1435,24,190,BHM,1706,1737,31,True
202510016723829,XC,2025-10-01,OCT,WED,False,904,NCL,1435,1435,DAR,1505,1508,3,1506,1512,6,50,BHM,1727,1740,13,True
202510016723797,XC,2025-10-01,OCT,WED,False,501,EDB,1404,1403,DAR,1609,1624,15,1611,1626,15,190,BHM,1907,1909,2,True
202510016723482,XC,2025-10-01,OCT,WED,False,,NCL,1633,1637,DAR,1704,1708,4,1705,1710,5,50,BHM,1930,1933,3,True
202510016723804,XC,2025-10-01,OCT,WED,False,,EDB,1607,1606,DAR,1809,1807,-2,1811,1811,0,190,BHM,2107,2104,-3,False
202510016723807,XC,2025-10-01,OCT,WED,False,,EDB,1707,1707,DAR,1909,1909,0,1911,1911,0,190,BHM,2208,2207,-1,False
202510016723362,XC,2025-10-01,OCT,WED,False,,EDB,1807,1807,DAR,2010,2013,3,2011,2015,4,190,BHM,2328,2326,-2,False
202510026723813,XC,2025-10-02,OCT,THU,False,,NCL,0624,0624,DAR,0653,0652,-1,0655,0655,0,50,BHM,0928,0932,4,True
202510026723745,XC,2025-10-02,OCT,THU,False,,NCL,0640,0640,DAR,0710,0710,0,0711,0712,1,50,BHM,1004,1008,4,True
202510026723749,XC,2025-10-02,OCT,THU,False,895,EDB,0606,0606,DAR,0809,0808,-1,0811,0810,-1,190,BHM,1106,1116,10,True
202510026723818,XC,2025-10-02,OCT,THU,False,,NCL,0835,0836,DAR,0904,0906,2,0906,0907,1,50,BHM,1126,1127,1,True
202510026723760,XC,2025-10-02,OCT,THU,False,,GLC,0648,0647,DAR,1009,1010,1,1010,1012,2,228,BHM,1306,1310,4,True
202510026723821,XC,2025-10-02,OCT,THU,False,,NCL,1035,1035,DAR,1105,1105,0,1106,1106,0,50,BHM,1328,1330,2,True
202510026723773,XC,2025-10-02,OCT,THU,False,,EDB,1007,1007,DAR,1209,1214,5,1211,1218,7,190,BHM,1506,1507,1,True
202510026723824,XC,2025-10-02,OCT,THU,False,,NCL,1236,1236,DAR,1305,1305,0,1307,1308,1,50,BHM,1528,1527,-1,False
202510026723785,XC,2025-10-02,OCT,THU,False,,EDB,1207,1206,DAR,1409,1408,-1,1411,1410,-1,190,BHM,1706,1705,-1,False
202510026723829,XC,2025-10-02,OCT,THU,False,,NCL,1435,1434,DAR,1505,1504,-1,1506,1507,1,50,BHM,1727,1732,5,True
202510026723797,XC,2025-10-02,OCT,THU,False,,EDB,1404,1405,DAR,1609,1609,0,1611,1611,0,190,BHM,1907,1913,6,True
202510026723482,XC,2025-10-02,OCT,THU,False,,NCL,1633,1633,DAR,1704,1705,1,1705,1707,2,50,BHM,1930,1932,2,True
202510026723804,XC,2025-10-02,OCT,THU,False,,EDB,1607,1606,DAR,1809,1808,-1,1811,1811,0,190,BHM,2107,2105,-2,False
202510026723807,XC,2025-10-02,OCT,THU,False,,EDB,1707,1707,DAR,1909,1909,0,1911,1911,0,190,BHM,2208,2218,10,True
202510026723362,XC,2025-10-02,OCT,THU,False,,EDB,1807,1806,DAR,2010,2012,2,2011,2013,2,190,BHM,2328,2329,1,True
202510026723813,XC,2025-10-02,OCT,THU,False,,NCL,0624,0624,DAR,0653,0652,-1,0655,0655,0,50,BHM,0928,0932,4,True
202510026723745,XC,2025-10-02,OCT,THU,False,,NCL,0640,0640,DAR,0710,0710,0,0711,0712,1,50,BHM,1004,1008,4,True
202510026723749,XC,2025-10-02,OCT,THU,False,,EDB,0606,0606,DAR,0809,0808,-1,0811,0810,-1,190,BHM,1106,1116,10,True
202510026723818,XC,2025-10-02,OCT,THU,False,,NCL,0835,0836,DAR,0904,0906,2,0906,0907,1,50,BHM,1126,1127,1,True
202510026723760,XC,2025-10-02,OCT,THU,False,,GLC,0648,0647,DAR,1009,1010,1,1010,1012,2,228,BHM,1306,1310,4,True
202510026723821,XC,2025-10-02,OCT,THU,False,,NCL,1035,1035,DAR,1105,1105,0,1106,1106,0,50,BHM,1328,1330,2,True
202510026723773,XC,2025-10-02,OCT,THU,False,,EDB,1007,1007,DAR,1209,1214,5,1211,1218,7,190,BHM,1506,1507,1,True
202510026723824,XC,2025-10-02,OCT,THU,False,,NCL,1236,1236,DAR,1305,1305,0,1307,1308,1,50,BHM,1528,1527,-1,False
202510026723785,XC,2025-10-02,OCT,THU,False,,EDB,1207,1206,DAR,1409,1408,-1,1411,1410,-1,190,BHM,1706,1705,-1,False
202510026723829,XC,2025-10-02,OCT,THU,False,,NCL,1435,1434,DAR,1505,1504,-1,1506,1507,1,50,BHM,1727,1732,5,True
202510026723797,XC,2025-10-02,OCT,THU,False,,EDB,1404,1405,DAR,1609,1609,0,1611,1611,0,190,BHM,1907,1913,6,True
202510026723482,XC,2025-10-02,OCT,THU,False,,NCL,1633,1633,DAR,1704,1705,1,1705,1707,2,50,BHM,1930,1932,2,True
202510026723804,XC,2025-10-02,OCT,THU,False,,EDB,1607,1606,DAR,1809,1808,-1,1811,1811,0,190,BHM,2107,2105,-2,False
202510026723807,XC,2025-10-02,OCT,THU,False,,EDB,1707,1707,DAR,1909,1909,0,1911,1911,0,190,BHM,2208,2218,10,True
202510026723362,XC,2025-10-02,OCT,THU,False,,EDB,1807,1806,DAR,2010,2012,2,2011,2013,2,190,BHM,2328,2329,1,True
202510036723813,XC,2025-10-03,OCT,FRI,False,,NCL,0624,0624,DAR,0653,0653,0,0655,0655,0,50,BHM,0928,0930,2,True
202510036723745,XC,2025-10-03,OCT,FRI,False,,NCL,0640,0640,DAR,0710,0709,-1,0711,0711,0,50,BHM,1004,1006,2,True
202510036723749,XC,2025-10-03,OCT,FRI,False,,EDB,0606,0607,DAR,0809,0808,-1,0811,0810,-1,190,BHM,1106,1109,3,True
202510036723818,XC,2025-10-03,OCT,FRI,False,,NCL,0835,0836,DAR,0904,0905,1,0906,0907,1,50,BHM,1126,1128,2,True
202510036723761,XC,2025-10-03,OCT,FRI,False,,GLC,0648,0647,DAR,1009,1009,0,1010,1011,1,228,BHM,1306,1306,0,False
202510036723821,XC,2025-10-03,OCT,FRI,False,911,NCL,1035,1034,DAR,1105,1104,-1,1106,1109,3,50,BHM,1328,1357,29,True
202510036723773,XC,2025-10-03,OCT,FRI,False,,EDB,1007,1007,DAR,1209,1212,3,1211,1214,3,190,BHM,1506,1509,3,True
202510036723824,XC,2025-10-03,OCT,FRI,True,911,NCL,1236,,DAR,1305,,,1307,,,50,BHM,1528,,,
202510036723785,XC,2025-10-03,OCT,FRI,False,,EDB,1207,1206,DAR,1409,1417,8,1411,1419,8,190,BHM,1706,1706,0,False
202510036723829,XC,2025-10-03,OCT,FRI,False,904,NCL,1435,1434,DAR,1505,1506,1,1506,1508,2,50,BHM,1727,1800,33,True
202510036723797,XC,2025-10-03,OCT,FRI,False,904,EDB,1404,1405,DAR,1609,1614,5,1611,1615,4,190,BHM,1907,1913,6,True
202510036723482,XC,2025-10-03,OCT,FRI,False,,NCL,1633,1633,DAR,1704,1704,0,1705,1706,1,50,BHM,1930,1935,5,True
202510036723804,XC,2025-10-03,OCT,FRI,False,,EDB,1607,1607,DAR,1809,1809,0,1811,1811,0,190,BHM,2107,2107,0,False
202510036723807,XC,2025-10-03,OCT,FRI,False,,EDB,1707,1707,DAR,1909,1909,0,1911,1911,0,190,BHM,2208,2223,15,True
202510036723362,XC,2025-10-03,OCT,FRI,False,799,EDB,1807,1807,DAR,2010,2053,43,2011,2056,45,190,BHM,2328,2353,25,True
202510046723746,XC,2025-10-04,OCT,SAT,False,,NCL,0640,0640,DAR,0709,0710,1,0711,0711,0,50,BHM,1007,1005,-2,False
202510046723751,XC,2025-10-04,OCT,SAT,False,851,EDB,0606,0605,DAR,0809,0837,28,0811,0838,27,190,BHM,1106,1108,2,True
202510046723756,XC,2025-10-04,OCT,SAT,False,851,EDB,0704,0704,DAR,0910,0937,27,0912,0939,27,190,BHM,1206,1219,13,True
202510046723762,XC,2025-10-04,OCT,SAT,False,,GLC,0648,,DAR,1010,1008,-2,1011,1010,-1,228,BHM,1306,1314,8,True
202510046723766,XC,2025-10-04,OCT,SAT,False,,GLC,0748,,DAR,1110,1116,6,1112,1117,5,228,BHM,1407,1409,2,True
202510046723774,XC,2025-10-04,OCT,SAT,False,,EDB,1005,1005,DAR,1209,1210,1,1211,1211,0,190,BHM,1505,1510,5,True
202510046723778,XC,2025-10-04,OCT,SAT,False,,DEE,0933,,DAR,1311,1310,-1,1312,1312,0,,BHM,1604,1603,-1,False
202510046723786,XC,2025-10-04,OCT,SAT,False,,EDB,1207,1207,DAR,1409,1408,-1,1411,1411,0,190,BHM,1706,1705,-1,False
202510046723793,XC,2025-10-04,OCT,SAT,False,,EDB,1308,1307,DAR,1511,1510,-1,1512,1512,0,190,BHM,1804,1807,3,True
202510046723799,XC,2025-10-04,OCT,SAT,False,,EDB,1404,1403,DAR,1609,1609,0,1611,1611,0,190,BHM,1905,1913,8,True
202510046723802,XC,2025-10-04,OCT,SAT,False,,EDB,1505,1505,DAR,1710,1708,-2,1711,1711,0,190,BHM,2005,2009,4,True
202510046723805,XC,2025-10-04,OCT,SAT,False,,EDB,1607,1606,DAR,1809,1811,2,1811,1813,2,190,BHM,2106,2110,4,True
202510046723447,XC,2025-10-04,OCT,SAT,False,,EDB,1709,1709,DAR,1910,1910,0,1911,1911,0,190,BHM,2232,2233,1,True
202510046723365,XC,2025-10-04,OCT,SAT,False,,EDB,1807,1806,DAR,2010,2010,0,2011,2011,0,190,BHM,2307,2312,5,True
202510056723754,XC,2025-10-05,OCT,SUN,False,,NCL,0834,0834,DAR,0904,0903,-1,0906,0906,0,50,BHM,1204,1204,0,False
202510056723759,XC,2025-10-05,OCT,SUN,False,,NCL,0935,0935,DAR,1004,1003,-1,1006,1005,-1,50,BHM,1305,1308,3,True
202510056723767,XC,2025-10-05,OCT,SUN,False,,EDB,0908,0908,DAR,1109,1109,0,1111,1110,-1,190,BHM,1404,1405,1,True
202510056723772,XC,2025-10-05,OCT,SUN,False,,EDB,1008,1008,DAR,1209,1208,-1,1211,1210,-1,190,BHM,1506,1507,1,True
202510056723779,XC,2025-10-05,OCT,SUN,False,,EDB,1105,1105,DAR,1309,1310,1,1310,1312,2,190,BHM,1604,1604,0,False
202510056723784,XC,2025-10-05,OCT,SUN,False,,GLC,1055,1056,DAR,1409,1411,2,1411,1413,2,228,BHM,1706,1709,3,True
202510056723791,XC,2025-10-05,OCT,SUN,False,,EDB,1308,1307,DAR,1510,1511,1,1512,1513,1,190,BHM,1804,1804,0,False
202510056723798,XC,2025-10-05,OCT,SUN,False,,DEE,1222,1221,DAR,1609,1609,0,1611,1621,10,,BHM,1903,1904,1,True
202510056723801,XC,2025-10-05,OCT,SUN,False,,EDB,1508,1507,DAR,1709,1709,0,1711,1711,0,190,BHM,2004,2003,-1,False
202510056723803,XC,2025-10-05,OCT,SUN,False,,EDB,1608,1607,DAR,1809,1808,-1,1811,1810,-1,190,BHM,2106,2106,0,False
202510056723806,XC,2025-10-05,OCT,SUN,False,,EDB,1708,1707,DAR,1908,1908,0,1909,1911,2,190,BHM,2208,2207,-1,False
202510056723361,XC,2025-10-05,OCT,SUN,False,,EDB,1805,1804,DAR,2008,2007,-1,2010,2009,-1,190,BHM,2309,2307,-2,False
202510066723813,XC,2025-10-06,OCT,MON,False,,NCL,0624,0624,DAR,0653,0653,0,0655,0655,0,50,BHM,0928,0932,4,True
202510066723745,XC,2025-10-06,OCT,MON,False,,NCL,0640,0640,DAR,0710,0709,-1,0711,0711,0,50,BHM,1004,1004,0,False
202510066723749,XC,2025-10-06,OCT,MON,False,,EDB,0606,0606,DAR,0809,0808,-1,0811,0810,-1,190,BHM,1106,1106,0,False
202510066723818,XC,2025-10-06,OCT,MON,False,,NCL,0835,0835,DAR,0904,0905,1,0906,0907,1,50,BHM,1126,1126,0,False
202510066723760,XC,2025-10-06,OCT,MON,False,,GLC,0648,0647,DAR,1009,1009,0,1010,1011,1,228,BHM,1306,1315,9,True
202510066723821,XC,2025-10-06,OCT,MON,False,,NCL,1035,1035,DAR,1105,1103,-2,1106,1106,0,50,BHM,1328,1329,1,True
202510066723773,XC,2025-10-06,OCT,MON,False,,EDB,1007,1007,DAR,1209,1216,7,1211,1219,8,190,BHM,1506,1518,12,True
202510066723824,XC,2025-10-06,OCT,MON,False,,NCL,1236,1236,DAR,1305,1305,0,1307,1307,0,50,BHM,1528,1528,0,False
202510066723785,XC,2025-10-06,OCT,MON,False,,EDB,1207,1206,DAR,1409,1409,0,1411,1410,-1,190,BHM,1706,1705,-1,False
202510066723829,XC,2025-10-06,OCT,MON,False,,NCL,1435,1435,DAR,1505,1504,-1,1506,1506,0,50,BHM,1727,1731,4,True
202510066723797,XC,2025-10-06,OCT,MON,False,,EDB,1404,1404,DAR,1609,1609,0,1611,1611,0,190,BHM,1907,1905,-2,False
202510066723482,XC,2025-10-06,OCT,MON,False,,NCL,1633,1633,DAR,1704,1704,0,1705,1706,1,50,BHM,1930,1926,-4,False
202510066723804,XC,2025-10-06,OCT,MON,False,,EDB,1607,1606,DAR,1809,1808,-1,1811,1810,-1,190,BHM,2107,2114,7,True
202510066723807,XC,2025-10-06,OCT,MON,False,,EDB,1707,1707,DAR,1909,1908,-1,1911,1911,0,190,BHM,2208,2218,10,True
202510066723362,XC,2025-10-06,OCT,MON,False,,EDB,1807,1806,DAR,2010,2011,1,2011,2012,1,190,BHM,2328,2335,7,True
202510076723813,XC,2025-10-07,OCT,TUE,False,,NCL,0624,0624,DAR,0653,0652,-1,0655,0655,0,50,BHM,0928,0929,1,True
202510076723745,XC,2025-10-07,OCT,TUE,False,,NCL,0640,0640,DAR,0710,0709,-1,0711,0711,0,50,BHM,1004,1007,3,True
202510076723749,XC,2025-10-07,OCT,TUE,False,,EDB,0606,0606,DAR,0809,0808,-1,0811,0810,-1,190,BHM,1106,1105,-1,False
202510076723818,XC,2025-10-07,OCT,TUE,False,895,NCL,0835,0835,DAR,0904,0905,1,0906,0907,1,50,BHM,1126,1138,12,True
202510076723760,XC,2025-10-07,OCT,TUE,False,812,GLC,0648,0647,DAR,1009,1010,1,1010,1011,1,228,BHM,1306,1307,1,True
202510076723821,XC,2025-10-07,OCT,TUE,False,,NCL,1035,1034,DAR,1105,1103,-2,1106,1106,0,50,BHM,1328,1330,2,True
202510076723773,XC,2025-10-07,OCT,TUE,False,,EDB,1007,1007,DAR,1209,1209,0,1211,1211,0,190,BHM,1506,1504,-2,False
202510076723824,XC,2025-10-07,OCT,TUE,False,,NCL,1236,1236,DAR,1305,1305,0,1307,1307,0,50,BHM,1528,1524,-4,False
202510076723785,XC,2025-10-07,OCT,TUE,False,,EDB,1207,1206,DAR,1409,1409,0,1411,1410,-1,190,BHM,1706,1707,1,True
202510076723829,XC,2025-10-07,OCT,TUE,False,,NCL,1435,1434,DAR,1505,1504,-1,1506,1506,0,50,BHM,1727,1729,2,True
202510076723797,XC,2025-10-07,OCT,TUE,False,,EDB,1404,1403,DAR,1609,1610,1,1611,1612,1,190,BHM,1907,1912,5,True
202510076723482,XC,2025-10-07,OCT,TUE,False,,NCL,1633,1633,DAR,1704,1704,0,1705,1705,0,50,BHM,1930,1934,4,True
202510076723804,XC,2025-10-07,OCT,TUE,False,,EDB,1607,1606,DAR,1809,1808,-1,1811,1811,0,190,BHM,2107,2106,-1,False
202510076723807,XC,2025-10-07,OCT,TUE,False,,EDB,1707,1706,DAR,1909,1914,5,1911,1916,5,190,BHM,2208,2242,34,True
202510076723362,XC,2025-10-07,OCT,TUE,False,,EDB,1807,1807,DAR,2010,2009,-1,2011,2011,0,190,BHM,2328,2337,9,True
202510086723813,XC,2025-10-08,OCT,WED,False,,NCL,0624,0624,DAR,0653,0652,-1,0655,0655,0,50,BHM,0928,0928,0,False
202510086723745,XC,2025-10-08,OCT,WED,False,,NCL,0640,0640,DAR,0710,0708,-2,0711,0712,1,50,BHM,1004,1007,3,True
202510086723749,XC,2025-10-08,OCT,WED,False,,EDB,0606,0606,DAR,0809,0808,-1,0811,0810,-1,190,BHM,1106,1105,-1,False
202510086723818,XC,2025-10-08,OCT,WED,False,,NCL,0835,0835,DAR,0904,0906,2,0906,0907,1,50,BHM,1126,1130,4,True
202510086723760,XC,2025-10-08,OCT,WED,False,,GLC,0648,0648,DAR,1009,1010,1,1010,1012,2,228,BHM,1306,1309,3,True
202510086723821,XC,2025-10-08,OCT,WED,False,,NCL,1035,1036,DAR,1105,1104,-1,1106,1105,-1,50,BHM,1328,1326,-2,False
202510086723773,XC,2025-10-08,OCT,WED,False,871,EDB,1007,1007,DAR,1209,1222,13,1211,1224,13,190,BHM,1506,1516,10,True
202510086723824,XC,2025-10-08,OCT,WED,False,,NCL,1236,1236,DAR,1305,1308,3,1307,1309,2,50,BHM,1528,1531,3,True
202510086723785,XC,2025-10-08,OCT,WED,False,,EDB,1207,1206,DAR,1409,1409,0,1411,1411,0,190,BHM,1706,1704,-2,False
202510086723829,XC,2025-10-08,OCT,WED,False,,NCL,1435,1436,DAR,1505,1506,1,1506,1507,1,50,BHM,1727,1726,-1,False
202510086723797,XC,2025-10-08,OCT,WED,False,,EDB,1404,1403,DAR,1609,1608,-1,1611,1611,0,190,BHM,1907,1910,3,True
202510086723482,XC,2025-10-08,OCT,WED,False,,NCL,1633,1633,DAR,1704,1703,-1,1705,1706,1,50,BHM,1930,1931,1,True
202510086723804,XC,2025-10-08,OCT,WED,False,,EDB,1607,1606,DAR,1809,1808,-1,1811,1811,0,190,BHM,2107,2106,-1,False
202510086723807,XC,2025-10-08,OCT,WED,False,705,EDB,1707,1707,DAR,1909,1909,0,1911,1910,-1,190,BHM,2208,2246,38,True
202510086723362,XC,2025-10-08,OCT,WED,False,,EDB,1807,1806,DAR,2010,2012,2,2011,2013,2,190,BHM,2328,2326,-2,False
202510096723813,XC,2025-10-09,OCT,THU,True,777,NCL,0624,,DAR,0653,,,0655,,,50,BHM,0928,,,
202510096723745,XC,2025-10-09,OCT,THU,False,777,NCL,0640,0640,DAR,0710,0711,1,0711,0713,2,50,BHM,1004,1058,54,True
202510096723749,XC,2025-10-09,OCT,THU,False,895,EDB,0606,0606,DAR,0809,0810,1,0811,0811,0,190,BHM,1106,1120,14,True
202510096723818,XC,2025-10-09,OCT,THU,False,,NCL,0835,0835,DAR,0904,0904,0,0906,0906,0,50,BHM,1126,1130,4,True
202510096723760,XC,2025-10-09,OCT,THU,False,887,GLC,0648,0648,DAR,1009,1008,-1,1010,1010,0,228,BHM,1306,1323,17,True
202510096723821,XC,2025-10-09,OCT,THU,False,,NCL,1035,1034,DAR,1105,1110,5,1106,1111,5,50,BHM,1328,1332,4,True
202510096723773,XC,2025-10-09,OCT,THU,False,,EDB,1007,1007,DAR,1209,1213,4,1211,1216,5,190,BHM,1506,1506,0,False
202510096723824,XC,2025-10-09,OCT,THU,False,,NCL,1236,1236,DAR,1305,1306,1,1307,1309,2,50,BHM,1528,1529,1,True
202510096723785,XC,2025-10-09,OCT,THU,False,,EDB,1207,1206,DAR,1409,1412,3,1411,1413,2,190,BHM,1706,1705,-1,False
202510096723829,XC,2025-10-09,OCT,THU,False,,NCL,1435,1435,DAR,1505,1506,1,1506,1508,2,50,BHM,1727,1725,-2,False
202510096723797,XC,2025-10-09,OCT,THU,False,,EDB,1404,,DAR,1609,1609,0,1611,1611,0,190,BHM,1907,1908,1,True
202510096723482,XC,2025-10-09,OCT,THU,False,,NCL,1633,1633,DAR,1704,1703,-1,1705,1705,0,50,BHM,1930,1930,0,False
202510096723804,XC,2025-10-09,OCT,THU,False,,EDB,1607,1606,DAR,1809,1807,-2,1811,1810,-1,190,BHM,2107,2106,-1,False
202510096723807,XC,2025-10-09,OCT,THU,False,,EDB,1707,1707,DAR,1909,1908,-1,1911,1911,0,190,BHM,2208,2218,10,True
202510096723362,XC,2025-10-09,OCT,THU,False,,EDB,1807,1806,DAR,2010,2008,-2,2011,2010,-1,190,BHM,2328,2327,-1,False
202510106723813,XC,2025-10-10,OCT,FRI,False,,NCL,0624,0624,DAR,0653,0652,-1,0655,0655,0,50,BHM,0928,0938,10,True
202510106723745,XC,2025-10-10,OCT,FRI,False,,NCL,0640,0640,DAR,0710,0709,-1,0711,0712,1,50,BHM,1004,1004,0,False
202510106723749,XC,2025-10-10,OCT,FRI,False,,EDB,0606,0606,DAR,0809,0808,-1,0811,0810,-1,190,BHM,1106,1107,1,True
202510106723818,XC,2025-10-10,OCT,FRI,False,,NCL,0835,0834,DAR,0904,0904,0,0906,0906,0,50,BHM,1126,1132,6,True
202510106723761,XC,2025-10-10,OCT,FRI,False,,GLC,0648,0647,DAR,1009,1009,0,1010,1012,2,228,BHM,1306,1307,1,True
202510106723821,XC,2025-10-10,OCT,FRI,False,656,NCL,1035,1035,DAR,1105,1104,-1,1106,1106,0,50,BHM,1328,1346,18,True
202510106723773,XC,2025-10-10,OCT,FRI,False,895,EDB,1007,1007,DAR,1209,1228,19,1211,1229,18,190,BHM,1506,1532,26,True
202510106723824,XC,2025-10-10,OCT,FRI,False,,NCL,1236,1236,DAR,1305,1306,1,1307,1308,1,50,BHM,1528,1536,8,True
202510106723785,XC,2025-10-10,OCT,FRI,False,824,EDB,1207,1228,DAR,1409,1432,23,1411,1435,24,190,BHM,1706,1744,38,True
202510106723829,XC,2025-10-10,OCT,FRI,False,650,NCL,1435,1436,DAR,1505,1506,1,1506,1508,2,50,BHM,1727,1750,23,True
202510106723797,XC,2025-10-10,OCT,FRI,False,,EDB,1404,1404,DAR,1609,1610,1,1611,1612,1,190,BHM,1907,1908,1,True
202510106723482,XC,2025-10-10,OCT,FRI,False,,NCL,1633,1633,DAR,1704,1705,1,1705,1707,2,50,BHM,1930,1926,-4,False
202510106723804,XC,2025-10-10,OCT,FRI,False,871,EDB,1607,1608,DAR,1809,1808,-1,1811,1811,0,190,BHM,2107,2116,9,True
202510106723807,XC,2025-10-10,OCT,FRI,False,,EDB,1707,1707,DAR,1909,1908,-1,1911,1910,-1,190,BHM,2208,2211,3,True
202510106723362,XC,2025-10-10,OCT,FRI,False,576,EDB,1807,1807,DAR,2010,2014,4,2011,2017,6,190,BHM,2328,2330,2,True
202510136723813,XC,2025-10-13,OCT,MON,False,,NCL,0624,0624,DAR,0653,0655,2,0655,0657,2,50,BHM,0928,0930,2,True
202510136723745,XC,2025-10-13,OCT,MON,False,,NCL,0640,0640,DAR,0710,0710,0,0711,0714,3,50,BHM,1004,1005,1,True
202510136723749,XC,2025-10-13,OCT,MON,False,,EDB,0606,0606,DAR,0809,0808,-1,0811,0811,0,190,BHM,1106,1109,3,True
202510136723818,XC,2025-10-13,OCT,MON,False,,NCL,0835,0835,DAR,0904,0904,0,0906,0906,0,50,BHM,1126,1128,2,True
202510136723760,XC,2025-10-13,OCT,MON,False,,GLC,0648,0647,DAR,1009,1010,1,1010,1012,2,228,BHM,1306,1308,2,True
202510136723821,XC,2025-10-13,OCT,MON,False,705,NCL,1035,1034,DAR,1105,1103,-2,1106,1106,0,50,BHM,1328,1325,-3,False
202510136723773,XC,2025-10-13,OCT,MON,False,,EDB,1007,1007,DAR,1209,1209,0,1211,1211,0,190,BHM,1506,1507,1,True
202510136723824,XC,2025-10-13,OCT,MON,False,,NCL,1236,1236,DAR,1305,1306,1,1307,1307,0,50,BHM,1528,1529,1,True
202510136723785,XC,2025-10-13,OCT,MON,False,,EDB,1207,1207,DAR,1409,1410,1,1411,1412,1,190,BHM,1706,1706,0,False
202510136723829,XC,2025-10-13,OCT,MON,False,,NCL,1435,1435,DAR,1505,1505,0,1506,1507,1,50,BHM,1727,1726,-1,False
202510136723797,XC,2025-10-13,OCT,MON,False,895,EDB,1404,1403,DAR,1609,1626,17,1611,1628,17,190,BHM,1907,1909,2,True
202510136723482,XC,2025-10-13,OCT,MON,False,,NCL,1633,1633,DAR,1704,1701,-3,1705,1704,-1,50,BHM,1930,1926,-4,False
202510136723804,XC,2025-10-13,OCT,MON,False,,EDB,1607,1606,DAR,1809,1809,0,1811,1811,0,190,BHM,2107,2105,-2,False
202510136723807,XC,2025-10-13,OCT,MON,False,895,EDB,1707,1707,DAR,1909,1914,5,1911,1916,5,190,BHM,2208,2227,19,True
202510136723362,XC,2025-10-13,OCT,MON,False,894,EDB,1807,1807,DAR,2010,2021,11,2011,2022,11,190,BHM,2328,2329,1,True
202510146723813,XC,2025-10-14,OCT,TUE,False,,NCL,0624,0624,DAR,0653,0653,0,0655,0655,0,50,BHM,0928,0926,-2,False
202510146723745,XC,2025-10-14,OCT,TUE,False,,NCL,0640,0640,DAR,0710,0709,-1,0711,0711,0,50,BHM,1004,1005,1,True
202510146723749,XC,2025-10-14,OCT,TUE,False,,EDB,0606,0606,DAR,0809,0808,-1,0811,0810,-1,190,BHM,1106,1109,3,True
202510146723818,XC,2025-10-14,OCT,TUE,False,,NCL,0835,0835,DAR,0904,0905,1,0906,0908,2,50,BHM,1126,1130,4,True
202510146723760,XC,2025-10-14,OCT,TUE,False,,GLC,0648,,DAR,1009,1010,1,1010,1013,3,228,BHM,1306,1310,4,True
202510146723821,XC,2025-10-14,OCT,TUE,False,,NCL,1035,1034,DAR,1105,1103,-2,1106,1106,0,50,BHM,1328,1328,0,False
202510146723773,XC,2025-10-14,OCT,TUE,False,,EDB,1007,1007,DAR,1209,1210,1,1211,1212,1,190,BHM,1506,1508,2,True
202510146723824,XC,2025-10-14,OCT,TUE,False,,NCL,1236,1236,DAR,1305,1304,-1,1307,1307,0,50,BHM,1528,1527,-1,False
202510146723785,XC,2025-10-14,OCT,TUE,False,,EDB,1207,1207,DAR,1409,1410,1,1411,1412,1,190,BHM,1706,1704,-2,False
202510146723829,XC,2025-10-14,OCT,TUE,False,,NCL,1435,1436,DAR,1505,1505,0,1506,1506,0,50,BHM,1727,1729,2,True
202510146723797,XC,2025-10-14,OCT,TUE,False,777,EDB,1404,1403,DAR,1609,1608,-1,1611,1611,0,190,BHM,1907,1910,3,True
202510146723482,XC,2025-10-14,OCT,TUE,False,,NCL,1633,1632,DAR,1704,1703,-1,1705,1705,0,50,BHM,1930,1929,-1,False
202510146723804,XC,2025-10-14,OCT,TUE,False,,EDB,1607,1607,DAR,1809,1808,-1,1811,1811,0,190,BHM,2107,2105,-2,False
202510146723807,XC,2025-10-14,OCT,TUE,False,,EDB,1707,1707,DAR,1909,1908,-1,1911,1910,-1,190,BHM,2208,2208,0,False
202510146723362,XC,2025-10-14,OCT,TUE,True,777,EDB,1807,,DAR,2010,,,2011,,,190,BHM,2328,,,
202510156723813,XC,2025-10-15,OCT,WED,False,871,NCL,0624,0624,DAR,0653,0654,1,0655,0656,1,50,BHM,0928,0942,14,True
202510156723745,XC,2025-10-15,OCT,WED,False,,NCL,0640,0640,DAR,0710,0711,1,0711,0713,2,50,BHM,1004,1014,10,True
202510156723749,XC,2025-10-15,OCT,WED,False,,EDB,0606,0606,DAR,0809,0808,-1,0811,0811,0,190,BHM,1106,1112,6,True
202510156723818,XC,2025-10-15,OCT,WED,False,,NCL,0835,0836,DAR,0904,0906,2,0906,0907,1,50,BHM,1126,1127,1,True
202510156723760,XC,2025-10-15,OCT,WED,False,,GLC,0648,0648,DAR,1009,1009,0,1010,1011,1,228,BHM,1306,1307,1,True
202510156723821,XC,2025-10-15,OCT,WED,False,,NCL,1035,1034,DAR,1105,1104,-1,1106,1105,-1,50,BHM,1328,1324,-4,False
202510156723773,XC,2025-10-15,OCT,WED,False,521,EDB,1007,1007,DAR,1209,1207,-2,1211,1211,0,190,BHM,1506,1651,105,True
202510156723824,XC,2025-10-15,OCT,WED,True,911,NCL,1236,,DAR,1305,,,1307,,,50,BHM,1528,,,
202510156723785,XC,2025-10-15,OCT,WED,False,521,EDB,1207,1206,DAR,1409,1408,-1,1411,1410,-1,190,BHM,1706,1709,3,True
202510156723829,XC,2025-10-15,OCT,WED,False,521,NCL,1435,1435,DAR,1505,1504,-1,1506,1506,0,50,BHM,1727,1829,62,True
202510156723797,XC,2025-10-15,OCT,WED,False,,EDB,1404,1404,DAR,1609,1609,0,1611,1611,0,190,BHM,1907,1905,-2,False
202510156723482,XC,2025-10-15,OCT,WED,False,,NCL,1633,1632,DAR,1704,1703,-1,1705,1706,1,50,BHM,1930,1931,1,True
202510156723804,XC,2025-10-15,OCT,WED,False,521,EDB,1607,1606,DAR,1809,1808,-1,1811,1810,-1,190,BHM,2107,2127,20,True
202510156723807,XC,2025-10-15,OCT,WED,False,895,EDB,1707,1706,DAR,1909,1910,1,1911,1911,0,190,BHM,2208,2221,13,True
202510156723362,XC,2025-10-15,OCT,WED,False,,EDB,1807,1806,DAR,2010,2010,0,2011,2011,0,190,BHM,2328,2326,-2,False
202510166723813,XC,2025-10-16,OCT,THU,False,574,NCL,0624,0624,DAR,0653,0655,2,0655,0700,5,50,BHM,0928,0940,12,True
202510166723745,XC,2025-10-16,OCT,THU,False,,NCL,0640,0640,DAR,0710,0709,-1,0711,0711,0,50,BHM,1004,1009,5,True
202510166723749,XC,2025-10-16,OCT,THU,False,,EDB,0606,0606,DAR,0809,0808,-1,0811,0811,0,190,BHM,1106,1109,3,True
202510166723818,XC,2025-10-16,OCT,THU,False,896,NCL,0835,0834,DAR,0904,0905,1,0906,0906,0,50,BHM,1126,1204,38,True
202510166723760,XC,2025-10-16,OCT,THU,False,,GLC,0648,0648,DAR,1009,1009,0,1010,1011,1,228,BHM,1306,1309,3,True
202510166723821,XC,2025-10-16,OCT,THU,False,,NCL,1035,1035,DAR,1105,1104,-1,1106,1106,0,50,BHM,1328,1324,-4,False
202510166723773,XC,2025-10-16,OCT,THU,False,,EDB,1007,1007,DAR,1209,1210,1,1211,1212,1,190,BHM,1506,1508,2,True
202510166723824,XC,2025-10-16,OCT,THU,False,,NCL,1236,1235,DAR,1305,1305,0,1307,1307,0,50,BHM,1528,1531,3,True
202510166723785,XC,2025-10-16,OCT,THU,False,871,EDB,1207,1206,DAR,1409,1414,5,1411,1415,4,190,BHM,1706,1705,-1,False
202510166723829,XC,2025-10-16,OCT,THU,False,,NCL,1435,1435,DAR,1505,1504,-1,1506,1506,0,50,BHM,1727,1730,3,True
202510166723797,XC,2025-10-16,OCT,THU,False,832,EDB,1404,1404,DAR,1609,1612,3,1611,1614,3,190,BHM,1907,1931,24,True
202510166723482,XC,2025-10-16,OCT,THU,False,832,NCL,1633,1632,DAR,1704,1703,-1,1705,1705,0,50,BHM,1930,2004,34,True
202510166723804,XC,2025-10-16,OCT,THU,False,832,EDB,1607,1606,DAR,1809,1809,0,1811,1811,0,190,BHM,2107,2129,22,True
202510166723807,XC,2025-10-16,OCT,THU,False,832,EDB,1707,1707,DAR,1909,1911,2,1911,1913,2,190,BHM,2208,2240,32,True
202510166723362,XC,2025-10-16,OCT,THU,False,832,EDB,1807,1806,DAR,2010,2018,8,2011,2020,9,190,BHM,2328,2340,12,True
202510176723813,XC,2025-10-17,OCT,FRI,False,,NCL,0624,0624,DAR,0653,0653,0,0655,0655,0,50,BHM,0928,0926,-2,False
202510176723745,XC,2025-10-17,OCT,FRI,False,,NCL,0640,0640,DAR,0710,0709,-1,0711,0711,0,50,BHM,1004,1003,-1,False
202510176723749,XC,2025-10-17,OCT,FRI,False,,EDB,0606,0610,DAR,0809,0816,7,0811,0817,6,190,BHM,1106,1110,4,True
202510176723818,XC,2025-10-17,OCT,FRI,False,,NCL,0835,0835,DAR,0904,0907,3,0906,0910,4,50,BHM,1126,1133,7,True
202510176723761,XC,2025-10-17,OCT,FRI,False,908,GLC,0648,0648,DAR,1009,1021,12,1010,1024,14,228,BHM,1306,1341,35,True
202510176723821,XC,2025-10-17,OCT,FRI,False,,NCL,1035,1034,DAR,1105,1103,-2,1106,1106,0,50,BHM,1328,1330,2,True
202510176723773,XC,2025-10-17,OCT,FRI,False,540,EDB,1007,1007,DAR,1209,1209,0,1211,1211,0,190,BHM,1506,1513,7,True
202510176723824,XC,2025-10-17,OCT,FRI,False,,NCL,1236,1236,DAR,1305,1304,-1,1307,1307,0,50,BHM,1528,1533,5,True
202510176723785,XC,2025-10-17,OCT,FRI,False,,EDB,1207,1206,DAR,1409,1411,2,1411,1413,2,190,BHM,1706,1706,0,False
202510176723829,XC,2025-10-17,OCT,FRI,False,,NCL,1435,1435,DAR,1505,1505,0,1506,1507,1,50,BHM,1727,1728,1,True
202510176723797,XC,2025-10-17,OCT,FRI,False,895,EDB,1404,1403,DAR,1609,1613,4,1611,1614,3,190,BHM,1907,1934,27,True
202510176723482,XC,2025-10-17,OCT,FRI,False,,NCL,1633,1632,DAR,1704,1704,0,1705,1706,1,50,BHM,1930,1951,21,True
202510176723804,XC,2025-10-17,OCT,FRI,False,,EDB,1607,1606,DAR,1809,1808,-1,1811,1811,0,190,BHM,2107,2115,8,True
202510176723807,XC,2025-10-17,OCT,FRI,False,895,EDB,1707,1706,DAR,1909,1909,0,1911,1911,0,190,BHM,2208,2220,12,True
202510176723362,XC,2025-10-17,OCT,FRI,False,,EDB,1807,1806,DAR,2010,2009,-1,2011,2010,-1,190,BHM,2328,2326,-2,False
202510187544955,XC,2025-10-18,OCT,SAT,False,,NCL,0841,0841,DAR,0910,0910,0,0912,0912,0,50,BHM,1208,1216,8,True
202510187544952,XC,2025-10-18,OCT,SAT,False,,EDB,0907,0908,DAR,1110,1109,-1,1113,1112,-1,190,BHM,1408,1412,4,True
202510187544950,XC,2025-10-18,OCT,SAT,False,,EDB,1108,1107,DAR,1311,1310,-1,1312,1312,0,190,BHM,1608,1619,11,True
202510196723754,XC,2025-10-19,OCT,SUN,False,,NCL,0834,0834,DAR,0904,0904,0,0906,0906,0,50,BHM,1204,1213,9,True
202510196723759,XC,2025-10-19,OCT,SUN,True,909,NCL,0935,,DAR,1004,,,1006,,,50,BHM,1305,,,
202510196723767,XC,2025-10-19,OCT,SUN,False,,EDB,0908,0908,DAR,1109,1111,2,1111,1114,3,190,BHM,1404,1420,16,True
202510196723772,XC,2025-10-19,OCT,SUN,False,,EDB,1008,1008,DAR,1209,1208,-1,1211,1211,0,190,BHM,1506,1519,13,True
202510196723779,XC,2025-10-19,OCT,SUN,False,,EDB,1105,1104,DAR,1309,1308,-1,1310,1311,1,190,BHM,1604,1612,8,True
202510196723784,XC,2025-10-19,OCT,SUN,False,,GLC,1055,1055,DAR,1409,1410,1,1411,1412,1,228,BHM,1706,1719,13,True
202510196723791,XC,2025-10-19,OCT,SUN,False,,EDB,1308,1307,DAR,1510,1511,1,1512,1512,0,190,BHM,1804,1810,6,True
202510196723798,XC,2025-10-19,OCT,SUN,False,895,DEE,1222,1224,DAR,1609,1611,2,1611,1612,1,,BHM,1903,1913,10,True
202510196723801,XC,2025-10-19,OCT,SUN,False,,EDB,1508,1507,DAR,1709,1709,0,1711,1711,0,190,BHM,2004,2012,8,True
202510196723803,XC,2025-10-19,OCT,SUN,False,,EDB,1608,1607,DAR,1809,1809,0,1811,1811,0,190,BHM,2106,2109,3,True
202510196723806,XC,2025-10-19,OCT,SUN,False,,EDB,1708,1707,DAR,1908,1909,1,1909,1911,2,190,BHM,2208,2208,0,False
202510196723361,XC,2025-10-19,OCT,SUN,False,,EDB,1805,1804,DAR,2008,2009,1,2010,2010,0,190,BHM,2309,2310,1,True
202510206723813,XC,2025-10-20,OCT,MON,False,,NCL,0624,0624,DAR,0653,0652,-1,0655,0655,0,50,BHM,0928,0927,-1,False
202510206723745,XC,2025-10-20,OCT,MON,False,,NCL,0640,0640,DAR,0710,0709,-1,0711,0710,-1,50,BHM,1004,1003,-1,False
202510206723749,XC,2025-10-20,OCT,MON,False,,EDB,0606,0606,DAR,0809,0808,-1,0811,0811,0,190,BHM,1106,1113,7,True
202510206723818,XC,2025-10-20,OCT,MON,False,,NCL,0835,0835,DAR,0904,0905,1,0906,0907,1,50,BHM,1126,1130,4,True
202510206723760,XC,2025-10-20,OCT,MON,False,,GLC,0648,0648,DAR,1009,1012,3,1010,1013,3,228,BHM,1306,1307,1,True
202510206723821,XC,2025-10-20,OCT,MON,False,,NCL,1035,1034,DAR,1105,1104,-1,1106,1106,0,50,BHM,1328,1326,-2,False
202510206723773,XC,2025-10-20,OCT,MON,False,,EDB,1007,1007,DAR,1209,1214,5,1211,1216,5,190,BHM,1506,1506,0,False
202510206723824,XC,2025-10-20,OCT,MON,False,,NCL,1236,1236,DAR,1305,1305,0,1307,1308,1,50,BHM,1528,1528,0,False
202510206723785,XC,2025-10-20,OCT,MON,False,896,EDB,1207,1206,DAR,1409,1409,0,1411,1411,0,190,BHM,1706,1705,-1,False
202510206723829,XC,2025-10-20,OCT,MON,False,,NCL,1435,1435,DAR,1505,1504,-1,1506,1506,0,50,BHM,1727,1732,5,True
202510206723797,XC,2025-10-20,OCT,MON,False,,EDB,1404,1403,DAR,1609,1610,1,1611,1611,0,190,BHM,1907,1908,1,True
202510206723482,XC,2025-10-20,OCT,MON,False,,NCL,1633,1633,DAR,1704,1703,-1,1705,1705,0,50,BHM,1930,1929,-1,False
202510206723804,XC,2025-10-20,OCT,MON,False,,EDB,1607,1606,DAR,1809,1809,0,1811,1811,0,190,BHM,2107,2105,-2,False
202510206723807,XC,2025-10-20,OCT,MON,False,895,EDB,1707,1707,DAR,1909,1911,2,1911,1912,1,190,BHM,2208,2223,15,True
202510206723362,XC,2025-10-20,OCT,MON,False,,EDB,1807,1806,DAR,2010,2009,-1,2011,2011,0,190,BHM,2328,2326,-2,False
202510216723813,XC,2025-10-21,OCT,TUE,False,,NCL,0624,0624,DAR,0653,0655,2,0655,0656,1,50,BHM,0928,0930,2,True
202510216723745,XC,2025-10-21,OCT,TUE,False,,NCL,0640,0640,DAR,0710,0709,-1,0711,0711,0,50,BHM,1004,1004,0,False
202510216723749,XC,2025-10-21,OCT,TUE,False,,EDB,0606,0608,DAR,0809,0808,-1,0811,0810,-1,190,BHM,1106,1105,-1,False
202510216723818,XC,2025-10-21,OCT,TUE,False,896,NCL,0835,0835,DAR,0904,0905,1,0906,0906,0,50,BHM,1126,1132,6,True
202510216723760,XC,2025-10-21,OCT,TUE,False,,GLC,0648,0647,DAR,1009,1012,3,1010,1015,5,228,BHM,1306,1308,2,True
202510216723821,XC,2025-10-21,OCT,TUE,False,,NCL,1035,,DAR,,,,1106,1105,-1,50,BHM,1328,1326,-2,False
202510216723773,XC,2025-10-21,OCT,TUE,False,,EDB,1007,1007,DAR,1209,1209,0,1211,1212,1,190,BHM,1506,1505,-1,False
202510216723824,XC,2025-10-21,OCT,TUE,False,,NCL,1236,1237,DAR,1305,1305,0,1307,1307,0,50,BHM,1528,1526,-2,False
202510216723785,XC,2025-10-21,OCT,TUE,False,,EDB,1207,1206,DAR,1409,1410,1,1411,1412,1,190,BHM,1706,1705,-1,False
202510216723829,XC,2025-10-21,OCT,TUE,False,,NCL,1435,1435,DAR,1505,1505,0,1506,1506,0,50,BHM,1727,1728,1,True
202510216723797,XC,2025-10-21,OCT,TUE,False,,EDB,1404,1405,DAR,1609,1609,0,1611,1610,-1,190,BHM,1907,1906,-1,False
202510216723482,XC,2025-10-21,OCT,TUE,False,832,NCL,1633,1633,DAR,1704,1704,0,1705,1706,1,50,BHM,1930,1940,10,True
202510216723804,XC,2025-10-21,OCT,TUE,False,,EDB,1607,1606,DAR,1809,1808,-1,1811,1810,-1,190,BHM,2107,2109,2,True
202510216723807,XC,2025-10-21,OCT,TUE,False,,EDB,1707,1707,DAR,1909,1908,-1,1911,1911,0,190,BHM,2208,2220,12,True
202510216723362,XC,2025-10-21,OCT,TUE,False,,EDB,1807,1806,DAR,2010,2008,-2,2011,2010,-1,190,BHM,2328,2334,6,True
202510226723813,XC,2025-10-22,OCT,WED,False,,NCL,0624,0625,DAR,0653,0657,4,0655,0658,3,50,BHM,0928,0928,0,False
202510226723745,XC,2025-10-22,OCT,WED,False,,NCL,0640,0640,DAR,0710,0709,-1,0711,0710,-1,50,BHM,1004,1005,1,True
202510226723749,XC,2025-10-22,OCT,WED,False,,EDB,0606,0605,DAR,0809,0809,0,0811,0811,0,190,BHM,1106,1106,0,False
202510226723818,XC,2025-10-22,OCT,WED,False,,NCL,0835,0836,DAR,0904,0906,2,0906,0907,1,50,BHM,1126,1128,2,True
202510226723760,XC,2025-10-22,OCT,WED,False,,GLC,0648,0648,DAR,1009,1009,0,1010,1011,1,228,BHM,1306,1306,0,False
202510226723821,XC,2025-10-22,OCT,WED,False,,NCL,1035,1035,DAR,1105,1105,0,1106,1106,0,50,BHM,1328,1326,-2,False
202510226723773,XC,2025-10-22,OCT,WED,False,,EDB,1007,1007,DAR,1209,1209,0,1211,1211,0,190,BHM,1506,1505,-1,False
202510226723824,XC,2025-10-22,OCT,WED,False,,NCL,1236,1235,DAR,1305,1308,3,1307,1310,3,50,BHM,1528,1532,4,True
202510226723785,XC,2025-10-22,OCT,WED,False,574,EDB,1207,1206,DAR,1409,1410,1,1411,1411,0,190,BHM,1706,1708,2,True
202510226723829,XC,2025-10-22,OCT,WED,False,,NCL,1435,1434,DAR,1505,1504,-1,1506,1507,1,50,BHM,1727,1729,2,True
202510226723797,XC,2025-10-22,OCT,WED,False,,EDB,1404,1405,DAR,1609,1608,-1,1611,1610,-1,190,BHM,1907,1907,0,False
202510226723482,XC,2025-10-22,OCT,WED,False,,NCL,1633,1633,DAR,1704,1705,1,1705,1706,1,50,BHM,1930,1933,3,True
202510226723804,XC,2025-10-22,OCT,WED,False,,EDB,1607,1606,DAR,1809,1808,-1,1811,1811,0,190,BHM,2107,2104,-3,False
202510226723807,XC,2025-10-22,OCT,WED,True,777,EDB,1707,,DAR,1909,,,1911,,,190,BHM,2208,,,
202510226723362,XC,2025-10-22,OCT,WED,False,777,EDB,1807,1806,DAR,2010,2105,55,2011,2108,57,190,BHM,2328,2352,24,True
202510236723813,XC,2025-10-23,OCT,THU,False,,NCL,0624,0624,DAR,0653,0654,1,0655,0655,0,50,BHM,0928,0929,1,True
202510236723745,XC,2025-10-23,OCT,THU,False,,NCL,0640,0640,DAR,0710,0710,0,0711,0711,0,50,BHM,1004,1008,4,True
202510236723749,XC,2025-10-23,OCT,THU,False,,EDB,0606,0610,DAR,0809,0813,4,0811,0815,4,190,BHM,1106,1107,1,True
202510236723818,XC,2025-10-23,OCT,THU,False,,NCL,0835,0835,DAR,0904,0904,0,0906,0906,0,50,BHM,1126,1131,5,True
202510236723760,XC,2025-10-23,OCT,THU,False,,GLC,0648,0647,DAR,1009,1010,1,1010,1012,2,228,BHM,1306,1306,0,False
202510236723821,XC,2025-10-23,OCT,THU,False,,NCL,1035,1037,DAR,1105,1105,0,1106,1107,1,50,BHM,1328,1327,-1,False
202510236723773,XC,2025-10-23,OCT,THU,False,,EDB,1007,1007,DAR,1209,1210,1,1211,1213,2,190,BHM,1506,1505,-1,False
202510236723824,XC,2025-10-23,OCT,THU,False,,NCL,1236,1236,DAR,1305,1305,0,1307,1307,0,50,BHM,1528,1531,3,True
202510236723785,XC,2025-10-23,OCT,THU,False,,EDB,1207,1207,DAR,1409,1409,0,1411,1411,0,190,BHM,1706,1706,0,False
202510236723829,XC,2025-10-23,OCT,THU,False,,NCL,1435,1434,DAR,1505,1503,-2,1506,1506,0,50,BHM,1727,1728,1,True
202510236723797,XC,2025-10-23,OCT,THU,False,,EDB,1404,1403,DAR,1609,1608,-1,1611,1610,-1,190,BHM,1907,1908,1,True
202510236723482,XC,2025-10-23,OCT,THU,False,,NCL,1633,1633,DAR,1704,1705,1,1705,1707,2,50,BHM,1930,1931,1,True
202510236723804,XC,2025-10-23,OCT,THU,False,,EDB,1607,1606,DAR,1809,1809,0,1811,1811,0,190,BHM,2107,2115,8,True
202510236723807,XC,2025-10-23,OCT,THU,False,777,EDB,1707,1707,DAR,1909,1908,-1,1911,1911,0,190,BHM,2208,2218,10,True
202510236723362,XC,2025-10-23,OCT,THU,False,777,EDB,1807,1806,DAR,2010,2009,-1,2011,2011,0,190,BHM,2328,2330,2,True
202510246723813,XC,2025-10-24,OCT,FRI,False,,NCL,0624,0624,DAR,0653,0655,2,0655,0656,1,50,BHM,0928,0934,6,True
202510246723745,XC,2025-10-24,OCT,FRI,False,,NCL,0640,0640,DAR,0710,0709,-1,0711,0710,-1,50,BHM,1004,1003,-1,False
202510246723749,XC,2025-10-24,OCT,FRI,False,,EDB,0606,0605,DAR,0809,0810,1,0811,0813,2,190,BHM,1106,1109,3,True
202510246723818,XC,2025-10-24,OCT,FRI,False,575,NCL,0835,0844,DAR,0904,0915,11,0906,0918,12,50,BHM,1126,1157,31,True
202510246723761,XC,2025-10-24,OCT,FRI,False,,GLC,0648,0647,DAR,1009,1010,1,1010,1012,2,228,BHM,1306,1306,0,False
202510246723821,XC,2025-10-24,OCT,FRI,False,,NCL,1035,1034,DAR,1105,1107,2,1106,1109,3,50,BHM,1328,1326,-2,False
202510246723773,XC,2025-10-24,OCT,FRI,False,,EDB,1007,1007,DAR,1209,1209,0,1211,1211,0,190,BHM,1506,1510,4,True
202510246723824,XC,2025-10-24,OCT,FRI,False,,NCL,1236,1236,DAR,1305,1307,2,1307,1309,2,50,BHM,1528,1530,2,True
202510246723785,XC,2025-10-24,OCT,FRI,False,,EDB,1207,1206,DAR,1409,1408,-1,1411,1410,-1,190,BHM,1706,1707,1,True
202510246723829,XC,2025-10-24,OCT,FRI,False,685,NCL,1435,1434,DAR,1505,1504,-1,1506,1506,0,50,BHM,1727,1739,12,True
202510246723797,XC,2025-10-24,OCT,FRI,False,895,EDB,1404,1404,DAR,1609,1610,1,1611,1612,1,190,BHM,1907,1928,21,True
202510246723482,XC,2025-10-24,OCT,FRI,False,,NCL,1633,1634,DAR,1704,1706,2,1705,1708,3,50,BHM,1930,1941,11,True
202510246723804,XC,2025-10-24,OCT,FRI,False,887,EDB,1607,1606,DAR,1809,1834,25,1811,1836,25,190,BHM,2107,2133,26,True
202510246723807,XC,2025-10-24,OCT,FRI,False,904,EDB,1707,1706,DAR,1909,1919,10,1911,1922,11,190,BHM,2208,2223,15,True
202510246723362,XC,2025-10-24,OCT,FRI,False,,EDB,1807,1807,DAR,2010,2012,2,2011,2014,3,190,BHM,2328,2336,8,True
202510276723813,XC,2025-10-27,OCT,MON,False,,NCL,0624,0624,DAR,0653,0654,1,0655,0656,1,50,BHM,0928,0931,3,True
202510276723745,XC,2025-10-27,OCT,MON,False,887,NCL,0640,0639,DAR,0710,0709,-1,0711,0711,0,50,BHM,1004,1010,6,True
202510276723749,XC,2025-10-27,OCT,MON,False,,EDB,0606,0606,DAR,0809,0808,-1,0811,0810,-1,190,BHM,1106,1110,4,True
202510276723818,XC,2025-10-27,OCT,MON,False,,NCL,0835,0836,DAR,0904,0907,3,0906,0909,3,50,BHM,1126,1135,9,True
202510276723760,XC,2025-10-27,OCT,MON,False,574,GLC,0648,0647,DAR,1009,1012,3,1010,1017,7,228,BHM,1306,1358,52,True
202510276723821,XC,2025-10-27,OCT,MON,False,,NCL,1035,1034,DAR,1105,1108,3,1106,1109,3,50,BHM,1328,1334,6,True
202510276723773,XC,2025-10-27,OCT,MON,False,895,EDB,1007,1006,DAR,1209,1214,5,1211,1217,6,190,BHM,1506,1521,15,True
202510276723824,XC,2025-10-27,OCT,MON,False,,NCL,1236,1236,DAR,1305,1304,-1,1307,1307,0,50,BHM,1528,1532,4,True
202510276723785,XC,2025-10-27,OCT,MON,False,,EDB,1207,1209,DAR,1409,1409,0,1411,1411,0,190,BHM,1706,1715,9,True
202510276723829,XC,2025-10-27,OCT,MON,False,,NCL,1435,1434,DAR,1505,1509,4,1506,1512,6,50,BHM,1727,1731,4,True
202510276723797,XC,2025-10-27,OCT,MON,False,,EDB,1404,,DAR,1609,1621,12,1611,1624,13,190,BHM,1907,1927,20,True
202510276723482,XC,2025-10-27,OCT,MON,True,574,NCL,1633,,DAR,1704,,,1705,,,50,BHM,1930,,,
202510276723804,XC,2025-10-27,OCT,MON,False,,EDB,1607,1606,DAR,1809,1810,1,1811,1811,0,190,BHM,2107,2114,7,True
202510276723807,XC,2025-10-27,OCT,MON,False,574,EDB,1707,1727,DAR,1909,1928,19,1911,1930,19,190,BHM,2208,2233,25,True
202510276723362,XC,2025-10-27,OCT,MON,False,,EDB,1807,1807,DAR,2010,2010,0,2011,2011,0,190,BHM,2328,2326,-2,False
202510286723813,XC,2025-10-28,OCT,TUE,False,,NCL,0624,0625,DAR,0653,0656,3,0655,0658,3,50,BHM,0928,0936,8,True
202510286723745,XC,2025-10-28,OCT,TUE,False,,NCL,0640,0640,DAR,0710,0709,-1,0711,0710,-1,50,BHM,1004,1005,1,True
202510286723749,XC,2025-10-28,OCT,TUE,False,,EDB,0606,0606,DAR,0809,0808,-1,0811,0810,-1,190,BHM,1106,1119,13,True
202510286723818,XC,2025-10-28,OCT,TUE,False,,NCL,0835,0834,DAR,0904,0907,3,0906,0909,3,50,BHM,1126,1131,5,True
202510286723760,XC,2025-10-28,OCT,TUE,False,895,GLC,0648,0648,DAR,1009,1010,1,1010,1012,2,228,BHM,1306,1316,10,True
202510286723821,XC,2025-10-28,OCT,TUE,False,,NCL,1035,1037,DAR,1105,1110,5,1106,1114,8,50,BHM,1328,1329,1,True
202510286723773,XC,2025-10-28,OCT,TUE,False,,EDB,1007,1007,DAR,1209,1208,-1,1211,1211,0,190,BHM,1506,1504,-2,False
202510286723824,XC,2025-10-28,OCT,TUE,False,,NCL,1236,1238,DAR,1305,1307,2,1307,1309,2,50,BHM,1528,1531,3,True
202510286723785,XC,2025-10-28,OCT,TUE,False,,EDB,1207,1211,DAR,1409,1410,1,1411,1412,1,190,BHM,1706,1706,0,False
202510286723829,XC,2025-10-28,OCT,TUE,False,576,NCL,1435,1435,DAR,1505,1510,5,1506,1512,6,50,BHM,1727,1734,7,True
202510286723797,XC,2025-10-28,OCT,TUE,False,,EDB,1404,1403,DAR,1609,1611,2,1611,1613,2,190,BHM,1907,1912,5,True
202510286723482,XC,2025-10-28,OCT,TUE,False,,NCL,1633,1640,DAR,1704,1710,6,1705,1712,7,50,BHM,1930,1935,5,True
202510286723804,XC,2025-10-28,OCT,TUE,False,851,EDB,1607,1606,DAR,1809,1832,23,1811,1833,22,190,BHM,2107,2138,31,True
202510286723807,XC,2025-10-28,OCT,TUE,False,895,EDB,1707,1707,DAR,1909,1916,7,1911,1918,7,190,BHM,2208,2219,11,True
202510286723362,XC,2025-10-28,OCT,TUE,False,895,EDB,1807,1807,DAR,2010,2023,13,2011,2025,14,190,BHM,2328,2328,0,False
202510296723813,XC,2025-10-29,OCT,WED,False,,NCL,0624,0624,DAR,0653,0653,0,0655,0655,0,50,BHM,0928,0925,-3,False
202510296723745,XC,2025-10-29,OCT,WED,False,895,NCL,0640,0640,DAR,0710,0710,0,0711,0712,1,50,BHM,1004,1018,14,True
202510296723749,XC,2025-10-29,OCT,WED,False,,EDB,0606,0606,DAR,0809,0808,-1,0811,0810,-1,190,BHM,1106,1106,0,False
202510296723818,XC,2025-10-29,OCT,WED,False,,NCL,0835,0836,DAR,0904,0906,2,0906,0909,3,50,BHM,1126,1126,0,False
202510296723760,XC,2025-10-29,OCT,WED,False,576,GLC,0648,0647,DAR,1009,1009,0,1010,1011,1,228,BHM,1306,1322,16,True
202510296723821,XC,2025-10-29,OCT,WED,False,824,NCL,1035,1034,DAR,1105,1104,-1,1106,1106,0,50,BHM,1328,1359,31,True
202510296723773,XC,2025-10-29,OCT,WED,False,,EDB,1007,1007,DAR,1209,1209,0,1211,1211,0,190,BHM,1506,1506,0,False
202510296723824,XC,2025-10-29,OCT,WED,False,,NCL,1236,1236,DAR,1305,1306,1,1307,1308,1,50,BHM,1528,1526,-2,False
202510296723785,XC,2025-10-29,OCT,WED,False,,EDB,1207,1206,DAR,1409,1412,3,1411,1414,3,190,BHM,1706,1705,-1,False
202510296723829,XC,2025-10-29,OCT,WED,False,,NCL,1435,1438,DAR,1505,1507,2,1506,1509,3,50,BHM,1727,1727,0,False
202510296723797,XC,2025-10-29,OCT,WED,False,895,EDB,1404,1404,DAR,1609,1608,-1,1611,1610,-1,190,BHM,1907,1925,18,True
202510296723482,XC,2025-10-29,OCT,WED,False,576,NCL,1633,1635,DAR,1704,1706,2,1705,1707,2,50,BHM,1930,1950,20,True
202510296723804,XC,2025-10-29,OCT,WED,False,,EDB,1607,1607,DAR,1809,1809,0,1811,1811,0,190,BHM,2107,2107,0,False
202510296723807,XC,2025-10-29,OCT,WED,False,,EDB,1707,1707,DAR,1909,1909,0,1911,1911,0,190,BHM,2208,2215,7,True
202510296723362,XC,2025-10-29,OCT,WED,False,895,EDB,1807,1806,DAR,2010,2024,14,2011,2025,14,190,BHM,2328,2330,2,True
202510306723813,XC,2025-10-30,OCT,THU,False,,NCL,0624,0624,DAR,0653,0654,1,0655,0655,0,50,BHM,0928,0926,-2,False
202510306723745,XC,2025-10-30,OCT,THU,False,,NCL,0640,0640,DAR,0710,0709,-1,0711,0711,0,50,BHM,1004,1007,3,True
202510306723749,XC,2025-10-30,OCT,THU,False,573,EDB,0606,0606,DAR,0809,0823,14,0811,0825,14,190,BHM,1106,1106,0,False
202510306723818,XC,2025-10-30,OCT,THU,False,,NCL,0835,0835,DAR,0904,0905,1,0906,0907,1,50,BHM,1126,1131,5,True
202510306723760,XC,2025-10-30,OCT,THU,False,,GLC,0648,0647,DAR,1009,1017,8,1010,1018,8,228,BHM,1306,1308,2,True
202510306723821,XC,2025-10-30,OCT,THU,False,,NCL,1035,1036,DAR,1105,1135,30,1106,1138,32,50,BHM,1328,1357,29,True
202510306723773,XC,2025-10-30,OCT,THU,False,832,EDB,1007,1007,DAR,1209,1239,30,1211,1242,31,190,BHM,1506,1549,43,True
202510306723824,XC,2025-10-30,OCT,THU,False,895,NCL,1236,1236,DAR,1305,1305,0,1307,1307,0,50,BHM,1528,1557,29,True
202510306723785,XC,2025-10-30,OCT,THU,False,895,EDB,1207,1207,DAR,1409,1408,-1,1411,1410,-1,190,BHM,1706,1718,12,True
202510306723829,XC,2025-10-30,OCT,THU,False,,NCL,1435,1436,DAR,1505,1505,0,1506,1507,1,50,BHM,1727,1735,8,True
202510306723797,XC,2025-10-30,OCT,THU,False,895,EDB,1404,1404,DAR,1609,1608,-1,1611,1610,-1,190,BHM,1907,1917,10,True
202510306723482,XC,2025-10-30,OCT,THU,False,,NCL,1633,1633,DAR,1704,1729,25,1705,1731,26,50,BHM,1930,2000,30,True
202510306723804,XC,2025-10-30,OCT,THU,False,,EDB,1607,1606,DAR,1809,1809,0,1811,1811,0,190,BHM,2107,2106,-1,False
202510306723807,XC,2025-10-30,OCT,THU,False,,EDB,1707,1707,DAR,1909,1914,5,1911,1916,5,190,BHM,2208,2212,4,True
202510306723362,XC,2025-10-30,OCT,THU,False,576,EDB,1807,1819,DAR,2010,2032,22,2011,2033,22,190,BHM,2328,0054,-1354,False
202510316723813,XC,2025-10-31,OCT,FRI,False,,NCL,0624,0624,DAR,0653,0655,2,0655,0656,1,50,BHM,0928,0929,1,True
202510316723745,XC,2025-10-31,OCT,FRI,False,576,NCL,0640,0640,DAR,0710,0708,-2,0711,0710,-1,50,BHM,1004,1108,64,True
202510316723749,XC,2025-10-31,OCT,FRI,False,,EDB,0606,0605,DAR,0809,0808,-1,0811,0811,0,190,BHM,1106,1201,55,True
202510316723818,XC,2025-10-31,OCT,FRI,False,,NCL,0835,0837,DAR,0904,0906,2,0906,0907,1,50,BHM,1126,1131,5,True
202510316723761,XC,2025-10-31,OCT,FRI,False,,GLC,0648,0651,DAR,1009,1010,1,1010,1013,3,228,BHM,1306,1311,5,True
202510316723821,XC,2025-10-31,OCT,FRI,False,,NCL,1035,1034,DAR,1105,1104,-1,1106,1106,0,50,BHM,1328,1326,-2,False
202510316723773,XC,2025-10-31,OCT,FRI,False,,EDB,1007,1007,DAR,1209,1211,2,1211,1212,1,190,BHM,1506,1507,1,True
202510316723824,XC,2025-10-31,OCT,FRI,False,,NCL,1236,1237,DAR,1305,1306,1,1307,1308,1,50,BHM,1528,1527,-1,False
202510316723785,XC,2025-10-31,OCT,FRI,False,832,EDB,1207,,DAR,1409,1410,1,1411,1413,2,190,BHM,1706,1706,0,False
202510316723829,XC,2025-10-31,OCT,FRI,False,895,NCL,1435,1437,DAR,1505,1510,5,1506,1513,7,50,BHM,1727,1813,46,True
202510316723797,XC,2025-10-31,OCT,FRI,False,,EDB,1404,1405,DAR,1609,1610,1,1611,1612,1,190,BHM,1907,1908,1,True
202510316723482,XC,2025-10-31,OCT,FRI,False,,NCL,1633,1632,DAR,1704,1705,1,1705,1707,2,50,BHM,1930,1933,3,True
202510316723804,XC,2025-10-31,OCT,FRI,False,,EDB,1607,1614,DAR,1809,1814,5,1811,1817,6,190,BHM,2107,2106,-1,False
202510316723807,XC,2025-10-31,OCT,FRI,False,,EDB,1707,1706,DAR,1909,1911,2,1911,1912,1,190,BHM,2208,2218,10,True
202510316723362,XC,2025-10-31,OCT,FRI,False,887,EDB,1807,1807,DAR,2010,2011,1,2011,2013,2,190,BHM,2328,2331,3,True
202511036723813,XC,2025-11-03,NOV,MON,False,,NCL,0624,0624,DAR,0653,0654,1,0655,0656,1,50,BHM,0928,0928,0,False
202511036723745,XC,2025-11-03,NOV,MON,False,,NCL,0640,0640,DAR,0710,0710,0,0711,0712,1,50,BHM,1004,1008,4,True
202511036723749,XC,2025-11-03,NOV,MON,False,,EDB,0606,0606,DAR,0809,0809,0,0811,0811,0,190,BHM,1106,1108,2,True
202511036723818,XC,2025-11-03,NOV,MON,False,,NCL,0835,0835,DAR,0904,0907,3,0906,0908,2,50,BHM,1126,1133,7,True
202511036723760,XC,2025-11-03,NOV,MON,False,810,GLC,0648,0648,DAR,1009,1011,2,1010,1015,5,228,BHM,1306,1308,2,True
202511036723821,XC,2025-11-03,NOV,MON,False,,NCL,1035,1034,DAR,1105,1107,2,1106,1109,3,50,BHM,1328,1331,3,True
202511036723773,XC,2025-11-03,NOV,MON,False,,EDB,1007,1007,DAR,1209,1211,2,1211,1216,5,190,BHM,1506,1506,0,False
202511036723824,XC,2025-11-03,NOV,MON,False,,NCL,1236,1236,DAR,1305,1308,3,1307,1311,4,50,BHM,1528,1530,2,True
202511036723785,XC,2025-11-03,NOV,MON,False,895,EDB,1207,1206,DAR,1409,1410,1,1411,1412,1,190,BHM,1706,1707,1,True
202511036723829,XC,2025-11-03,NOV,MON,False,,NCL,1435,1435,DAR,1505,1505,0,1506,1507,1,50,BHM,1727,1732,5,True
202511036723797,XC,2025-11-03,NOV,MON,False,895,EDB,1404,1404,DAR,1609,1611,2,1611,1613,2,190,BHM,1907,1933,26,True
202511036723482,XC,2025-11-03,NOV,MON,False,,NCL,1633,1632,DAR,1704,1702,-2,1705,1705,0,50,BHM,1930,1939,9,True
202511036723804,XC,2025-11-03,NOV,MON,False,,EDB,1607,1606,DAR,1809,1808,-1,1811,1810,-1,190,BHM,2107,2105,-2,False
202511036723807,XC,2025-11-03,NOV,MON,False,,EDB,1707,1707,DAR,1909,1910,1,1911,1911,0,190,BHM,2208,2212,4,True
202511036723362,XC,2025-11-03,NOV,MON,False,,EDB,1807,1806,DAR,2010,2013,3,2011,2015,4,190,BHM,2328,2329,1,True
202511046723813,XC,2025-11-04,NOV,TUE,False,,NCL,0624,0624,DAR,0653,0653,0,0655,0655,0,50,BHM,0928,0933,5,True
202511046723745,XC,2025-11-04,NOV,TUE,False,,NCL,0640,0640,DAR,0710,0709,-1,0711,0711,0,50,BHM,1004,1006,2,True
202511046723749,XC,2025-11-04,NOV,TUE,False,,EDB,0606,0606,DAR,0809,0809,0,0811,0811,0,190,BHM,1106,1108,2,True
202511046723818,XC,2025-11-04,NOV,TUE,False,573,NCL,0835,0835,DAR,0904,0906,2,0906,0907,1,50,BHM,1126,1200,34,True
202511046723760,XC,2025-11-04,NOV,TUE,False,536,GLC,0648,0648,DAR,1009,1010,1,1010,1012,2,228,BHM,1306,1318,12,True
202511046723821,XC,2025-11-04,NOV,TUE,False,,NCL,1035,1035,DAR,1105,1107,2,1106,1108,2,50,BHM,1328,1330,2,True
202511046723773,XC,2025-11-04,NOV,TUE,False,,EDB,1007,1007,DAR,1209,1209,0,1211,1211,0,190,BHM,1506,1508,2,True
202511046723824,XC,2025-11-04,NOV,TUE,False,,NCL,1236,1236,DAR,1305,1305,0,1307,1307,0,50,BHM,1528,1530,2,True
202511046723785,XC,2025-11-04,NOV,TUE,False,904,EDB,1207,1206,DAR,1409,1416,7,1411,1418,7,190,BHM,1706,1722,16,True
202511046723829,XC,2025-11-04,NOV,TUE,False,,NCL,1435,1435,DAR,1505,1503,-2,1506,1505,-1,50,BHM,1727,1738,11,True
202511046723797,XC,2025-11-04,NOV,TUE,False,,EDB,1404,1403,DAR,1609,1609,0,1611,1611,0,190,BHM,1907,1921,14,True
202511046723482,XC,2025-11-04,NOV,TUE,False,,NCL,1633,1633,DAR,1704,1705,1,1705,1707,2,50,BHM,1930,1940,10,True
202511046723804,XC,2025-11-04,NOV,TUE,False,832,EDB,1607,1606,DAR,1809,1821,12,1811,1824,13,190,BHM,2107,2328,141,True
202511046723807,XC,2025-11-04,NOV,TUE,True,832,EDB,1707,,DAR,1909,,,1911,,,190,BHM,2208,,,
202511046723362,XC,2025-11-04,NOV,TUE,False,832,EDB,1807,1806,DAR,2010,2102,52,2011,2106,55,190,BHM,2328,0049,-1359,False
202511056723813,XC,2025-11-05,NOV,WED,False,,NCL,0624,0624,DAR,0653,0655,2,0655,0656,1,50,BHM,0928,0926,-2,False
202511056723745,XC,2025-11-05,NOV,WED,False,,NCL,0640,0640,DAR,0710,0709,-1,0711,0710,-1,50,BHM,1004,1009,5,True
202511056723749,XC,2025-11-05,NOV,WED,False,,EDB,0606,0606,DAR,0809,0810,1,0811,0813,2,190,BHM,1106,1108,2,True
202511056723818,XC,2025-11-05,NOV,WED,False,,NCL,0835,0834,DAR,0904,0904,0,0906,0906,0,50,BHM,1126,1128,2,True
202511056723760,XC,2025-11-05,NOV,WED,False,,GLC,0648,0647,DAR,1009,1011,2,1010,1013,3,228,BHM,1306,1313,7,True
202511056723821,XC,2025-11-05,NOV,WED,False,,NCL,1035,1034,DAR,1105,1104,-1,1106,1107,1,50,BHM,1328,1330,2,True
202511056723773,XC,2025-11-05,NOV,WED,False,871,EDB,1007,1007,DAR,1209,1209,0,1211,1211,0,190,BHM,1506,1540,34,True
202511056723824,XC,2025-11-05,NOV,WED,False,,NCL,1236,1236,DAR,1305,1305,0,1307,1307,0,50,BHM,1528,1529,1,True
202511056723785,XC,2025-11-05,NOV,WED,False,904,EDB,1207,1207,DAR,1409,1409,0,1411,1411,0,190,BHM,1706,1725,19,True
202511056723829,XC,2025-11-05,NOV,WED,False,,NCL,1435,1434,DAR,1505,1505,0,1506,1506,0,50,BHM,1727,1734,7,True
202511056723797,XC,2025-11-05,NOV,WED,False,,EDB,1404,1405,DAR,1609,1610,1,1611,1612,1,190,BHM,1907,1911,4,True
202511056723482,XC,2025-11-05,NOV,WED,False,,NCL,1633,1633,DAR,1704,1704,0,1705,1706,1,50,BHM,1930,1930,0,False
202511056723804,XC,2025-11-05,NOV,WED,False,,EDB,1607,1606,DAR,1809,1808,-1,1811,1810,-1,190,BHM,2107,2108,1,True
202511056723807,XC,2025-11-05,NOV,WED,False,,EDB,1707,1707,DAR,1909,1910,1,1911,1912,1,190,BHM,2208,2214,6,True
202511056723362,XC,2025-11-05,NOV,WED,False,904,EDB,1807,1806,DAR,2010,2021,11,2011,2023,12,190,BHM,2328,2331,3,True
202511066723813,XC,2025-11-06,NOV,THU,False,,NCL,0624,0624,DAR,0653,0653,0,0655,0655,0,50,BHM,0928,0935,7,True
202511066723745,XC,2025-11-06,NOV,THU,False,,NCL,0640,0640,DAR,0710,0710,0,0711,0712,1,50,BHM,1004,1018,14,True
202511066723749,XC,2025-11-06,NOV,THU,False,,EDB,0606,0606,DAR,0809,0808,-1,0811,0810,-1,190,BHM,1106,1105,-1,False
202511066723818,XC,2025-11-06,NOV,THU,False,,NCL,0835,0835,DAR,0904,0905,1,0906,0907,1,50,BHM,1126,1130,4,True
202511066723760,XC,2025-11-06,NOV,THU,False,,GLC,0648,0647,DAR,1009,1009,0,1010,1011,1,228,BHM,1306,1321,15,True
202511066723821,XC,2025-11-06,NOV,THU,False,,NCL,1035,1035,DAR,1105,1103,-2,1106,1106,0,50,BHM,1328,1334,6,True
202511066723773,XC,2025-11-06,NOV,THU,False,,EDB,1007,1007,DAR,1209,1209,0,1211,1210,-1,190,BHM,1506,1506,0,False
202511066723824,XC,2025-11-06,NOV,THU,False,,NCL,1236,1236,DAR,1305,1305,0,1307,1307,0,50,BHM,1528,1527,-1,False
202511066723785,XC,2025-11-06,NOV,THU,False,,EDB,1207,1206,DAR,1409,1408,-1,1411,1410,-1,190,BHM,1706,1706,0,False
202511066723829,XC,2025-11-06,NOV,THU,False,904,NCL,1435,1435,DAR,1505,1505,0,1506,1507,1,50,BHM,1727,1738,11,True
202511066723797,XC,2025-11-06,NOV,THU,False,,EDB,1404,1403,DAR,1609,1610,1,1611,1611,0,190,BHM,1907,1909,2,True
202511066723482,XC,2025-11-06,NOV,THU,False,,NCL,1633,1633,DAR,1704,1703,-1,1705,1705,0,50,BHM,1930,1934,4,True
202511066723804,XC,2025-11-06,NOV,THU,False,,EDB,1607,1606,DAR,1809,1809,0,1811,1811,0,190,BHM,2107,2105,-2,False
202511066723807,XC,2025-11-06,NOV,THU,False,,EDB,1707,1708,DAR,1909,1916,7,1911,1917,6,190,BHM,2208,2211,3,True
202511066723362,XC,2025-11-06,NOV,THU,False,,EDB,1807,1806,DAR,2010,2009,-1,2011,2011,0,190,BHM,2328,2327,-1,False
202511076723813,XC,2025-11-07,NOV,FRI,False,,NCL,0624,0624,DAR,0653,0655,2,0655,0656,1,50,BHM,0928,0926,-2,False
202511076723745,XC,2025-11-07,NOV,FRI,False,,NCL,0640,0640,DAR,0710,0709,-1,0711,0711,0,50,BHM,1004,1002,-2,False
202511076723749,XC,2025-11-07,NOV,FRI,False,696,EDB,0606,0605,DAR,0809,0808,-1,0811,0810,-1,190,BHM,1106,1113,7,True
202511076723818,XC,2025-11-07,NOV,FRI,False,,NCL,0835,0835,DAR,0904,0905,1,0906,0907,1,50,BHM,1126,1133,7,True
202511076723761,XC,2025-11-07,NOV,FRI,False,904,GLC,0648,0648,DAR,1009,1009,0,1010,1011,1,228,BHM,1306,1317,11,True
202511076723821,XC,2025-11-07,NOV,FRI,False,,NCL,1035,1035,DAR,1105,1110,5,1106,1112,6,50,BHM,1328,1333,5,True
202511076723773,XC,2025-11-07,NOV,FRI,False,696,EDB,1007,1007,DAR,1209,1322,73,1211,1324,73,190,BHM,1506,1600,54,True
202511076723824,XC,2025-11-07,NOV,FRI,False,,NCL,1236,1236,DAR,1305,1304,-1,1307,1306,-1,50,BHM,1528,1530,2,True
202511076723785,XC,2025-11-07,NOV,FRI,False,576,EDB,1207,1206,DAR,1409,1428,19,1411,1431,20,190,BHM,1706,1744,38,True
202511076723829,XC,2025-11-07,NOV,FRI,False,904,NCL,1435,1434,DAR,1505,1503,-2,1506,1505,-1,50,BHM,1727,1755,28,True
202511076723797,XC,2025-11-07,NOV,FRI,False,887,EDB,1404,1403,DAR,1609,1610,1,1611,1612,1,190,BHM,1907,1930,23,True
202511076723482,XC,2025-11-07,NOV,FRI,True,911,NCL,1633,,DAR,1704,,,1705,,,50,BHM,1930,,,
202511076723804,XC,2025-11-07,NOV,FRI,False,,EDB,1607,1606,DAR,1809,1810,1,1811,1811,0,190,BHM,2107,2108,1,True
202511076723807,XC,2025-11-07,NOV,FRI,False,,EDB,1707,1707,DAR,1909,1909,0,1911,1911,0,190,BHM,2208,2221,13,True
202511076723362,XC,2025-11-07,NOV,FRI,False,913,EDB,1807,1815,DAR,2010,2028,18,2011,2030,19,190,BHM,2328,2335,7,True
202511106723813,XC,2025-11-10,NOV,MON,False,,NCL,0624,0624,DAR,0653,0654,1,0655,0656,1,50,BHM,0928,0932,4,True
202511106723745,XC,2025-11-10,NOV,MON,False,910,NCL,0640,0639,DAR,0710,0709,-1,0711,0711,0,50,BHM,1004,1017,13,True
202511106723749,XC,2025-11-10,NOV,MON,False,895,EDB,0606,0606,DAR,0809,0808,-1,0811,0810,-1,190,BHM,1106,1117,11,True
202511106723818,XC,2025-11-10,NOV,MON,False,,NCL,0835,0836,DAR,0904,0905,1,0906,0906,0,50,BHM,1126,1131,5,True
202511106723760,XC,2025-11-10,NOV,MON,False,904,GLC,0648,0647,DAR,1009,1013,4,1010,1015,5,228,BHM,1306,1333,27,True
202511106723821,XC,2025-11-10,NOV,MON,False,904,NCL,1035,1034,DAR,1105,1107,2,1106,1109,3,50,BHM,1328,1336,8,True
202511106723773,XC,2025-11-10,NOV,MON,False,,EDB,1007,1007,DAR,1209,1209,0,1211,1211,0,190,BHM,1506,1507,1,True
202511106723824,XC,2025-11-10,NOV,MON,False,896,NCL,1236,1236,DAR,1305,1322,17,1307,1323,16,50,BHM,1528,1602,34,True
202511106723785,XC,2025-11-10,NOV,MON,False,,EDB,1207,1206,DAR,1409,1413,4,1411,1414,3,190,BHM,1706,1705,-1,False
202511106723829,XC,2025-11-10,NOV,MON,False,,NCL,1435,1435,DAR,1505,1505,0,1506,1507,1,50,BHM,1727,1731,4,True
202511106723797,XC,2025-11-10,NOV,MON,False,832,EDB,1404,1403,DAR,1609,1611,2,1611,1613,2,190,BHM,1907,1959,52,True
202511106723482,XC,2025-11-10,NOV,MON,False,832,NCL,1633,1637,DAR,1704,1707,3,1705,1708,3,50,BHM,1930,2009,39,True
202511106723804,XC,2025-11-10,NOV,MON,False,,EDB,1607,1606,DAR,1809,1809,0,1811,1811,0,190,BHM,2107,2110,3,True
202511106723807,XC,2025-11-10,NOV,MON,False,,EDB,1707,1706,DAR,1909,1910,1,1911,1911,0,190,BHM,2208,2213,5,True
202511106723362,XC,2025-11-10,NOV,MON,False,904,EDB,1807,1806,DAR,2010,2020,10,2011,2021,10,190,BHM,2328,2357,29,True
202511116723813,XC,2025-11-11,NOV,TUE,False,,NCL,0624,0624,DAR,0653,0654,1,0655,0656,1,50,BHM,0928,0927,-1,False
202511116723745,XC,2025-11-11,NOV,TUE,False,,NCL,0640,0641,DAR,0710,0712,2,0711,0714,3,50,BHM,1004,1009,5,True
202511116723749,XC,2025-11-11,NOV,TUE,False,,EDB,0606,0605,DAR,0809,0808,-1,0811,0811,0,190,BHM,1106,1109,3,True
202511116723818,XC,2025-11-11,NOV,TUE,False,832,NCL,0835,0835,DAR,0904,0906,2,0906,0908,2,50,BHM,1126,1156,30,True
202511116723760,XC,2025-11-11,NOV,TUE,False,832,GLC,0648,0648,DAR,1009,1009,0,1010,1011,1,228,BHM,1306,1315,9,True
202511116723821,XC,2025-11-11,NOV,TUE,False,832,NCL,1035,1035,DAR,1105,1105,0,1106,1106,0,50,BHM,1328,1411,43,True
202511116723773,XC,2025-11-11,NOV,TUE,False,832,EDB,1007,1007,DAR,1209,1211,2,1211,1215,4,190,BHM,1506,1517,11,True
202511116723824,XC,2025-11-11,NOV,TUE,False,,NCL,1236,1236,DAR,1305,1306,1,1307,1308,1,50,BHM,1528,1538,10,True
202511116723785,XC,2025-11-11,NOV,TUE,False,,EDB,1207,1206,DAR,1409,1409,0,1411,1411,0,190,BHM,1706,1722,16,True
202511116723829,XC,2025-11-11,NOV,TUE,False,,NCL,1435,1435,DAR,1505,1503,-2,1506,1506,0,50,BHM,1727,1748,21,True
202511116723797,XC,2025-11-11,NOV,TUE,False,579,EDB,1404,1404,DAR,1609,1610,1,1611,1611,0,190,BHM,1907,1939,32,True
202511116723482,XC,2025-11-11,NOV,TUE,False,,NCL,1633,1633,DAR,1704,1705,1,1705,1706,1,50,BHM,1930,1948,18,True
202511116723804,XC,2025-11-11,NOV,TUE,False,,EDB,1607,1606,DAR,1809,1808,-1,1811,1811,0,190,BHM,2107,2112,5,True
202511116723807,XC,2025-11-11,NOV,TUE,False,,EDB,1707,1707,DAR,1909,1908,-1,1911,1910,-1,190,BHM,2208,2231,23,True
202511116723362,XC,2025-11-11,NOV,TUE,False,,EDB,1807,1806,DAR,2010,2009,-1,2011,2011,0,190,BHM,2328,2334,6,True
202511126723813,XC,2025-11-12,NOV,WED,False,,NCL,0624,0624,DAR,0653,0654,1,0655,0655,0,50,BHM,0928,0933,5,True
202511126723745,XC,2025-11-12,NOV,WED,False,655,NCL,0640,0641,DAR,0710,0711,1,0711,0712,1,50,BHM,1004,1025,21,True
202511126723749,XC,2025-11-12,NOV,WED,False,,EDB,0606,0605,DAR,0809,0809,0,0811,0811,0,190,BHM,1106,1106,0,False
202511126723818,XC,2025-11-12,NOV,WED,False,,NCL,0835,0835,DAR,0904,0904,0,0906,0906,0,50,BHM,1126,1134,8,True
202511126723760,XC,2025-11-12,NOV,WED,False,,GLC,0648,0647,DAR,1009,1009,0,1010,1012,2,228,BHM,1306,1310,4,True
202511126723821,XC,2025-11-12,NOV,WED,False,,NCL,1035,1035,DAR,1105,1103,-2,1106,1106,0,50,BHM,1328,1327,-1,False
202511126723773,XC,2025-11-12,NOV,WED,False,,EDB,1007,1007,DAR,1209,1211,2,1211,1212,1,190,BHM,1506,1506,0,False
202511126723824,XC,2025-11-12,NOV,WED,False,,NCL,1236,1236,DAR,1305,1306,1,1307,1307,0,50,BHM,1528,1527,-1,False
202511126723785,XC,2025-11-12,NOV,WED,False,,EDB,1207,1206,DAR,1409,1411,2,1411,1413,2,190,BHM,1706,1708,2,True
202511126723792,XC,2025-11-12,NOV,WED,False,832,EDB,1307,1307,DAR,1510,1511,1,1511,1515,4,190,BHM,1807,1828,21,True
202511126723797,XC,2025-11-12,NOV,WED,False,904,EDB,1404,1404,DAR,1609,1609,0,1611,1611,0,190,BHM,1907,1934,27,True
202511126723482,XC,2025-11-12,NOV,WED,False,,NCL,1633,1635,DAR,1704,1706,2,1705,1707,2,50,BHM,1930,1937,7,True
202511126723804,XC,2025-11-12,NOV,WED,False,,EDB,1607,1606,DAR,1809,1811,2,1811,1813,2,190,BHM,2107,2114,7,True
202511126723807,XC,2025-11-12,NOV,WED,False,,EDB,1707,1706,DAR,1909,1908,-1,1911,1910,-1,190,BHM,2208,2219,11,True
202511126723362,XC,2025-11-12,NOV,WED,False,576,EDB,1807,1806,DAR,2010,2038,28,2011,2040,29,190,BHM,2328,2339,11,True
202511136723813,XC,2025-11-13,NOV,THU,False,,NCL,0624,0624,DAR,0653,0653,0,0655,0655,0,50,BHM,0928,0933,5,True
202511136723745,XC,2025-11-13,NOV,THU,False,705,NCL,0640,0640,DAR,0710,0709,-1,0711,0711,0,50,BHM,1004,1009,5,True
202511136723749,XC,2025-11-13,NOV,THU,False,841,EDB,0606,0605,DAR,0809,0820,11,0811,0822,11,190,BHM,1106,1118,12,True
202511136723818,XC,2025-11-13,NOV,THU,False,,NCL,0835,0835,DAR,0904,0903,-1,0906,0906,0,50,BHM,1126,1131,5,True
202511136723760,XC,2025-11-13,NOV,THU,False,841,GLC,0648,0647,DAR,1009,1026,17,1010,1028,18,228,BHM,1306,1341,35,True
202511136723821,XC,2025-11-13,NOV,THU,False,585,NCL,1035,1034,DAR,1105,1104,-1,1106,1106,0,50,BHM,1328,1345,17,True
202511136723773,XC,2025-11-13,NOV,THU,False,578,EDB,1007,1007,DAR,1209,1220,11,1211,1226,15,190,BHM,1506,1540,34,True
202511136723824,XC,2025-11-13,NOV,THU,False,578,NCL,1236,1236,DAR,1305,1306,1,1307,1308,1,50,BHM,1528,1546,18,True
202511136723785,XC,2025-11-13,NOV,THU,False,841,EDB,1207,1207,DAR,1409,1421,12,1411,1422,11,190,BHM,1706,1716,10,True
202511136723829,XC,2025-11-13,NOV,THU,False,904,NCL,1435,1436,DAR,1505,1509,4,1506,1511,5,50,BHM,1727,1735,8,True
202511136723797,XC,2025-11-13,NOV,THU,False,904,EDB,1404,1405,DAR,1609,1630,21,1611,1633,22,190,BHM,1907,1942,35,True
202511136723482,XC,2025-11-13,NOV,THU,False,904,NCL,1633,1633,DAR,1704,1702,-2,1705,1705,0,50,BHM,1930,1954,24,True
202511136723804,XC,2025-11-13,NOV,THU,False,841,EDB,1607,1606,DAR,1809,1823,14,1811,1825,14,190,BHM,2107,2136,29,True
202511136723807,XC,2025-11-13,NOV,THU,False,841,EDB,1707,1707,DAR,1909,1920,11,1911,1922,11,190,BHM,2208,2214,6,True
202511136723362,XC,2025-11-13,NOV,THU,False,841,EDB,1807,1807,DAR,2010,2027,17,2011,2028,17,190,BHM,2328,2355,27,True
202511146723813,XC,2025-11-14,NOV,FRI,False,,NCL,0624,0624,DAR,0653,0652,-1,0655,0655,0,50,BHM,0928,0932,4,True
202511146723745,XC,2025-11-14,NOV,FRI,False,886,NCL,0640,0640,DAR,0710,0709,-1,0711,0711,0,50,BHM,1004,1027,23,True
202511146723749,XC,2025-11-14,NOV,FRI,False,841,EDB,0606,0606,DAR,0809,0825,16,0811,0827,16,190,BHM,1106,1136,30,True
202511146723818,XC,2025-11-14,NOV,FRI,False,,NCL,0835,0835,DAR,0904,0905,1,0906,0906,0,50,BHM,1126,1141,15,True
202511146723761,XC,2025-11-14,NOV,FRI,False,,GLC,0648,0647,DAR,1009,1011,2,1010,1013,3,228,BHM,1306,1329,23,True
202511146723821,XC,2025-11-14,NOV,FRI,False,,NCL,1035,1035,DAR,1105,1105,0,1106,1106,0,50,BHM,1328,1402,34,True
202511146723773,XC,2025-11-14,NOV,FRI,False,,EDB,1007,1006,DAR,1209,1209,0,1211,1211,0,190,BHM,1506,1505,-1,False
202511146723824,XC,2025-11-14,NOV,FRI,False,,NCL,1236,1235,DAR,1305,1305,0,1307,1307,0,50,BHM,1528,1525,-3,False
202511146723785,XC,2025-11-14,NOV,FRI,False,,EDB,1207,1206,DAR,1409,1408,-1,1411,1411,0,190,BHM,1706,1712,6,True
202511146723829,XC,2025-11-14,NOV,FRI,False,820,NCL,1435,1435,DAR,1505,1505,0,1506,1507,1,50,BHM,1727,1738,11,True
202511146723797,XC,2025-11-14,NOV,FRI,True,784,EDB,1404,,DAR,1609,,,1611,,,190,BHM,1907,,,
202511146723482,XC,2025-11-14,NOV,FRI,False,820,NCL,1633,1635,DAR,1704,1709,5,1705,1711,6,50,BHM,1930,2027,57,True
202511146723804,XC,2025-11-14,NOV,FRI,False,,EDB,1607,1606,DAR,1809,1817,8,1811,1818,7,190,BHM,2107,2141,34,True
202511146723807,XC,2025-11-14,NOV,FRI,False,,EDB,1707,1706,DAR,1909,1909,0,1911,1911,0,190,BHM,2208,2238,30,True
202511146723362,XC,2025-11-14,NOV,FRI,False,820,EDB,1807,1806,DAR,2010,2011,1,2011,2013,2,190,BHM,2328,2327,-1,False
202511156723814,XC,2025-11-15,NOV,SAT,False,,NCL,0624,0624,DAR,0653,0654,1,0655,0656,1,50,BHM,0927,0930,3,True
202511156723746,XC,2025-11-15,NOV,SAT,False,887,NCL,0640,0640,DAR,0709,0710,1,0711,0712,1,50,BHM,1007,1005,-2,False
202511156723751,XC,2025-11-15,NOV,SAT,False,,EDB,0606,0606,DAR,0809,0809,0,0811,0811,0,190,BHM,1106,1106,0,False
202511156723756,XC,2025-11-15,NOV,SAT,False,,EDB,0704,0703,DAR,0910,0913,3,0912,0914,2,190,BHM,1206,1207,1,True
202511156723762,XC,2025-11-15,NOV,SAT,False,887,GLC,0648,0647,DAR,1010,1010,0,1011,1011,0,228,BHM,1306,1308,2,True
202511156723766,XC,2025-11-15,NOV,SAT,False,887,GLC,0748,0747,DAR,1110,1110,0,1112,1112,0,228,BHM,1404,1410,6,True
202511156723774,XC,2025-11-15,NOV,SAT,False,904,EDB,1005,1005,DAR,1209,1212,3,1211,1214,3,190,BHM,1505,1514,9,True
202511156723778,XC,2025-11-15,NOV,SAT,False,,DEE,0933,0933,DAR,1311,1311,0,1312,1313,1,,BHM,1604,1607,3,True
202511156723786,XC,2025-11-15,NOV,SAT,False,886,EDB,1207,1207,DAR,1409,1408,-1,1411,1411,0,190,BHM,1706,1709,3,True
202511156723793,XC,2025-11-15,NOV,SAT,False,904,EDB,1308,1307,DAR,1511,1510,-1,1512,1512,0,190,BHM,1804,1818,14,True
202511156723799,XC,2025-11-15,NOV,SAT,False,791,EDB,1404,1409,DAR,1609,1612,3,1611,1614,3,190,BHM,1905,1933,28,True
202511156723802,XC,2025-11-15,NOV,SAT,False,904,EDB,1505,1504,DAR,1710,1709,-1,1711,1711,0,190,BHM,2005,2011,6,True
202511156723805,XC,2025-11-15,NOV,SAT,False,,EDB,1607,1606,DAR,1809,1812,3,1811,1814,3,190,BHM,2106,2114,8,True
202511156723447,XC,2025-11-15,NOV,SAT,False,,EDB,1709,1709,DAR,1910,1910,0,1911,1912,1,190,BHM,2232,2234,2,True
202511156723365,XC,2025-11-15,NOV,SAT,False,,EDB,1807,1807,DAR,2010,2015,5,2011,2017,6,190,BHM,2308,2319,11,True
202511166723754,XC,2025-11-16,NOV,SUN,False,,NCL,0834,0834,DAR,0904,0905,1,0906,0906,0,50,BHM,1204,1205,1,True
202511166723759,XC,2025-11-16,NOV,SUN,False,,NCL,0935,0935,DAR,1004,1003,-1,1006,1005,-1,50,BHM,1305,1306,1,True
202511166723767,XC,2025-11-16,NOV,SUN,False,,EDB,0908,0907,DAR,1109,1111,2,1111,1112,1,190,BHM,1404,1411,7,True
202511166723772,XC,2025-11-16,NOV,SUN,False,,EDB,1008,1007,DAR,1209,1214,5,1211,1216,5,190,BHM,1506,1507,1,True
202511166723779,XC,2025-11-16,NOV,SUN,False,,EDB,1105,1104,DAR,1309,1311,2,1310,1313,3,190,BHM,1604,1603,-1,False
202511166723784,XC,2025-11-16,NOV,SUN,False,,GLC,1055,1055,DAR,1409,1410,1,1411,1411,0,228,BHM,1706,1712,6,True
202511166723791,XC,2025-11-16,NOV,SUN,False,,EDB,1308,1307,DAR,1510,1510,0,1512,1512,0,190,BHM,1804,1804,0,False
202511166723798,XC,2025-11-16,NOV,SUN,False,,DEE,1222,1222,DAR,1609,1610,1,1611,1612,1,,BHM,1903,1907,4,True
202511166723801,XC,2025-11-16,NOV,SUN,False,,EDB,1508,1507,DAR,1709,1708,-1,1711,1711,0,190,BHM,2004,2003,-1,False
202511166723803,XC,2025-11-16,NOV,SUN,False,,EDB,1608,1610,DAR,1809,1809,0,1811,1811,0,190,BHM,2106,2106,0,False
202511166723806,XC,2025-11-16,NOV,SUN,False,,EDB,1708,1707,DAR,1908,1910,2,1909,1913,4,190,BHM,2208,2208,0,False
202511166723361,XC,2025-11-16,NOV,SUN,False,,EDB,1805,1805,DAR,2008,2008,0,2010,2009,-1,190,BHM,2309,2307,-2,False
202511176723813,XC,2025-11-17,NOV,MON,False,,NCL,0624,0624,DAR,0653,0652,-1,0655,0654,-1,50,BHM,0928,0930,2,True
202511176723745,XC,2025-11-17,NOV,MON,False,,NCL,0640,0640,DAR,0710,0708,-2,0711,0710,-1,50,BHM,1004,1004,0,False
202511176723749,XC,2025-11-17,NOV,MON,False,904,EDB,0606,0606,DAR,0809,0820,11,0811,0822,11,190,BHM,1106,1109,3,True
202511176723818,XC,2025-11-17,NOV,MON,False,,NCL,0835,0835,DAR,0904,0904,0,0906,0907,1,50,BHM,1126,1134,8,True
202511176723760,XC,2025-11-17,NOV,MON,False,,GLC,0648,0648,DAR,1009,1010,1,1010,1013,3,228,BHM,1306,1313,7,True
202511176723821,XC,2025-11-17,NOV,MON,False,,NCL,1035,1035,DAR,1105,1104,-1,1106,1106,0,50,BHM,1328,1330,2,True
202511176723773,XC,2025-11-17,NOV,MON,False,,EDB,1007,1007,DAR,1209,1210,1,1211,1212,1,190,BHM,1506,1506,0,False
202511176723824,XC,2025-11-17,NOV,MON,False,865,NCL,1236,1237,DAR,1305,1305,0,1307,1307,0,50,BHM,1528,1540,12,True
202511176723785,XC,2025-11-17,NOV,MON,False,,EDB,1207,1206,DAR,1409,1409,0,1411,1411,0,190,BHM,1706,1708,2,True
202511176723829,XC,2025-11-17,NOV,MON,False,,NCL,1435,1435,DAR,1505,1504,-1,1506,1506,0,50,BHM,1727,1732,5,True
202511176723797,XC,2025-11-17,NOV,MON,False,,EDB,1404,1404,DAR,1609,1613,4,1611,1616,5,190,BHM,1907,1911,4,True
202511176723482,XC,2025-11-17,NOV,MON,False,,NCL,1633,1632,DAR,1704,1703,-1,1705,1704,-1,50,BHM,1930,1927,-3,False
202511176723804,XC,2025-11-17,NOV,MON,False,,EDB,1607,1608,DAR,1809,1809,0,1811,1811,0,190,BHM,2107,2106,-1,False
202511176723807,XC,2025-11-17,NOV,MON,False,,EDB,1707,1707,DAR,1909,1908,-1,1911,1910,-1,190,BHM,2208,2211,3,True
202511176723362,XC,2025-11-17,NOV,MON,False,911,EDB,1807,1806,DAR,2010,2008,-2,2011,2010,-1,190,BHM,2328,2327,-1,False
202511186723813,XC,2025-11-18,NOV,TUE,False,,NCL,0624,0624,DAR,0653,0657,4,0655,0659,4,50,BHM,0928,0927,-1,False
202511186723745,XC,2025-11-18,NOV,TUE,False,,NCL,0640,0640,DAR,0710,0708,-2,0711,0710,-1,50,BHM,1004,1006,2,True
202511186723749,XC,2025-11-18,NOV,TUE,False,896,EDB,0606,0606,DAR,0809,0808,-1,0811,0811,0,190,BHM,1106,1118,12,True
202511186723818,XC,2025-11-18,NOV,TUE,False,904,NCL,0835,0834,DAR,0904,0904,0,0906,0906,0,50,BHM,1126,1138,12,True
202511186723760,XC,2025-11-18,NOV,TUE,False,908,GLC,0648,0647,DAR,1009,1020,11,1010,1022,12,228,BHM,1306,1317,11,True
202511186723821,XC,2025-11-18,NOV,TUE,False,,NCL,1035,1034,DAR,1105,1104,-1,1106,1110,4,50,BHM,1328,1337,9,True
202511186723773,XC,2025-11-18,NOV,TUE,False,904,EDB,1007,1007,DAR,1209,1209,0,1211,1211,0,190,BHM,1506,1506,0,False
202511186723824,XC,2025-11-18,NOV,TUE,False,,NCL,1236,1236,DAR,1305,1304,-1,1307,1307,0,50,BHM,1528,1528,0,False
202511186723785,XC,2025-11-18,NOV,TUE,False,904,EDB,1207,1207,DAR,1409,1409,0,1411,1411,0,190,BHM,1706,1704,-2,False
202511186723829,XC,2025-11-18,NOV,TUE,False,,NCL,1435,1434,DAR,1505,1504,-1,1506,1506,0,50,BHM,1727,1728,1,True
202511186723797,XC,2025-11-18,NOV,TUE,False,,EDB,1404,1403,DAR,1609,1609,0,1611,1610,-1,190,BHM,1907,1909,2,True
202511186723482,XC,2025-11-18,NOV,TUE,False,,NCL,1633,1632,DAR,1704,1704,0,1705,1706,1,50,BHM,1930,1932,2,True
202511186723804,XC,2025-11-18,NOV,TUE,False,,EDB,1607,1607,DAR,1809,1808,-1,1811,1811,0,190,BHM,2107,2112,5,True
202511186723807,XC,2025-11-18,NOV,TUE,False,904,EDB,1707,1707,DAR,1909,1913,4,1911,1915,4,190,BHM,2208,2222,14,True
202511186723362,XC,2025-11-18,NOV,TUE,False,,EDB,1807,1806,DAR,2010,2012,2,2011,2014,3,190,BHM,2328,2327,-1,False
202511196723813,XC,2025-11-19,NOV,WED,False,,NCL,0624,0624,DAR,0653,0654,1,0655,0656,1,50,BHM,0928,0932,4,True
202511196723745,XC,2025-11-19,NOV,WED,False,,NCL,0640,0640,DAR,0710,0709,-1,0711,0711,0,50,BHM,1004,1005,1,True
202511196723749,XC,2025-11-19,NOV,WED,False,648,EDB,0606,0605,DAR,0809,0817,8,0811,0819,8,190,BHM,1106,1110,4,True
202511196723818,XC,2025-11-19,NOV,WED,False,904,NCL,0835,0836,DAR,0904,0909,5,0906,0911,5,50,BHM,1126,1145,19,True
202511196723760,XC,2025-11-19,NOV,WED,False,,GLC,0648,0648,DAR,1009,1012,3,1010,1013,3,228,BHM,1306,1304,-2,False
202511196723821,XC,2025-11-19,NOV,WED,False,,NCL,1035,1035,DAR,1105,1105,0,1106,1107,1,50,BHM,1328,1327,-1,False
202511196723773,XC,2025-11-19,NOV,WED,False,,EDB,1007,1007,DAR,1209,1209,0,1211,1211,0,190,BHM,1506,1505,-1,False
202511196723824,XC,2025-11-19,NOV,WED,False,,NCL,1236,1236,DAR,1305,1306,1,1307,1307,0,50,BHM,1528,1529,1,True
202511196723785,XC,2025-11-19,NOV,WED,False,585,EDB,1207,1207,DAR,1409,1419,10,1411,1422,11,190,BHM,1706,1719,13,True
202511196723829,XC,2025-11-19,NOV,WED,False,886,NCL,1435,1435,DAR,1505,1505,0,1506,1506,0,50,BHM,1727,1731,4,True
202511196723797,XC,2025-11-19,NOV,WED,False,,EDB,1404,1406,DAR,1609,1609,0,1611,1611,0,190,BHM,1907,1909,2,True
202511196723482,XC,2025-11-19,NOV,WED,False,,NCL,1633,1635,DAR,1704,1704,0,1705,1705,0,50,BHM,1930,1929,-1,False
202511196723804,XC,2025-11-19,NOV,WED,False,,EDB,1607,1608,DAR,1809,1808,-1,1811,1811,0,190,BHM,2107,2104,-3,False
202511196723807,XC,2025-11-19,NOV,WED,False,895,EDB,1707,1706,DAR,1909,1910,1,1911,1911,0,190,BHM,2208,2216,8,True
202511196723362,XC,2025-11-19,NOV,WED,False,904,EDB,1807,1806,DAR,2010,2013,3,2011,2014,3,190,BHM,2328,2328,0,False
202511206723813,XC,2025-11-20,NOV,THU,False,895,NCL,0624,0624,DAR,0653,0652,-1,0655,0655,0,50,BHM,0928,0941,13,True
202511206723745,XC,2025-11-20,NOV,THU,False,,NCL,0640,0641,DAR,0710,0711,1,0711,0713,2,50,BHM,1004,1008,4,True
202511206723749,XC,2025-11-20,NOV,THU,False,,EDB,0606,0605,DAR,0809,0812,3,0811,0813,2,190,BHM,1106,1121,15,True
202511206723818,XC,2025-11-20,NOV,THU,False,904,NCL,0835,0838,DAR,0904,0910,6,0906,0911,5,50,BHM,1126,1157,31,True
202511206723760,XC,2025-11-20,NOV,THU,False,904,GLC,0648,0653,DAR,1009,1010,1,1010,1012,2,228,BHM,1306,1326,20,True
202511206723821,XC,2025-11-20,NOV,THU,False,,NCL,1035,1034,DAR,1105,1106,1,1106,1108,2,50,BHM,1328,1328,0,False
202511206723773,XC,2025-11-20,NOV,THU,False,,EDB,1007,1007,DAR,1209,1209,0,1211,1211,0,190,BHM,1506,1508,2,True
202511206723824,XC,2025-11-20,NOV,THU,False,857,NCL,1236,1236,DAR,1305,1305,0,1307,1306,-1,50,BHM,1528,1551,23,True
202511206723785,XC,2025-11-20,NOV,THU,False,904,EDB,1207,1207,DAR,1409,1410,1,1411,1411,0,190,BHM,1706,1715,9,True
202511206723829,XC,2025-11-20,NOV,THU,False,777,NCL,1435,1434,DAR,1505,1505,0,1506,1506,0,50,BHM,1727,1803,36,True
202511206723797,XC,2025-11-20,NOV,THU,False,526,EDB,1404,1406,DAR,1609,1617,8,1611,1620,9,190,BHM,1907,1929,22,True
202511206723482,XC,2025-11-20,NOV,THU,False,777,NCL,1633,1634,DAR,1704,1705,1,1705,1707,2,50,BHM,1930,1944,14,True
202511206723804,XC,2025-11-20,NOV,THU,False,,EDB,1607,1611,DAR,1809,1819,10,1811,1821,10,190,BHM,2107,2111,4,True
202511206723807,XC,2025-11-20,NOV,THU,False,,EDB,1707,1707,DAR,1909,1913,4,1911,1915,4,190,BHM,2208,2212,4,True
202511206723362,XC,2025-11-20,NOV,THU,False,,EDB,1807,1807,DAR,2010,2015,5,2011,2016,5,190,BHM,2328,2328,0,False
202511216723813,XC,2025-11-21,NOV,FRI,False,,NCL,0624,0624,DAR,0653,0653,0,0655,0655,0,50,BHM,0928,0925,-3,False
202511216723745,XC,2025-11-21,NOV,FRI,False,896,NCL,0640,0640,DAR,0710,0709,-1,0711,0710,-1,50,BHM,1004,1032,28,True
202511216723749,XC,2025-11-21,NOV,FRI,False,896,EDB,0606,0606,DAR,0809,0816,7,0811,0818,7,190,BHM,1106,1142,36,True
202511216723818,XC,2025-11-21,NOV,FRI,False,,NCL,0835,0834,DAR,0904,0905,1,0906,0908,2,50,BHM,1126,1133,7,True
202511216723761,XC,2025-11-21,NOV,FRI,False,,GLC,0648,0647,DAR,1009,1009,0,1010,1011,1,228,BHM,1306,1313,7,True
202511216723821,XC,2025-11-21,NOV,FRI,False,,NCL,1035,1034,DAR,1105,1106,1,1106,1108,2,50,BHM,1328,1335,7,True
202511216723773,XC,2025-11-21,NOV,FRI,True,574,EDB,1007,,DAR,1209,,,1211,,,190,BHM,1506,,,
202511216723824,XC,2025-11-21,NOV,FRI,False,,NCL,1236,1236,DAR,1305,1304,-1,1307,1306,-1,50,BHM,1528,1534,6,True
202511216723785,XC,2025-11-21,NOV,FRI,False,,EDB,1207,1206,DAR,1409,1408,-1,1411,1410,-1,190,BHM,1706,1708,2,True
202511216723829,XC,2025-11-21,NOV,FRI,False,,NCL,1435,1434,DAR,1505,1503,-2,1506,1505,-1,50,BHM,1727,1732,5,True
202511216723797,XC,2025-11-21,NOV,FRI,False,904,EDB,1404,1404,DAR,1609,1610,1,1611,1612,1,190,BHM,1907,1934,27,True
202511216723482,XC,2025-11-21,NOV,FRI,False,,NCL,1633,1633,DAR,1704,1703,-1,1705,1706,1,50,BHM,1930,1956,26,True
202511216723804,XC,2025-11-21,NOV,FRI,False,,EDB,1607,1606,DAR,1809,1808,-1,1811,1811,0,190,BHM,2107,2106,-1,False
202511216723807,XC,2025-11-21,NOV,FRI,False,832,EDB,1707,1707,DAR,1909,1908,-1,1911,1912,1,190,BHM,2208,2233,25,True
202511216723362,XC,2025-11-21,NOV,FRI,False,,EDB,1807,1807,DAR,2010,2011,1,2011,2014,3,190,BHM,2328,2337,9,True
202511226723814,XC,2025-11-22,NOV,SAT,False,,NCL,0624,0626,DAR,0653,0655,2,0655,0656,1,50,BHM,0927,0930,3,True
202511226723746,XC,2025-11-22,NOV,SAT,False,,NCL,0640,0640,DAR,0709,0710,1,0711,0712,1,50,BHM,1007,1005,-2,False
202511226723751,XC,2025-11-22,NOV,SAT,False,,EDB,0606,0606,DAR,0809,0809,0,0811,0811,0,190,BHM,1106,1106,0,False
202511226723756,XC,2025-11-22,NOV,SAT,False,,EDB,0704,0704,DAR,0910,0909,-1,0912,0912,0,190,BHM,1206,1203,-3,False
202511226723762,XC,2025-11-22,NOV,SAT,False,,GLC,0648,0647,DAR,1010,1013,3,1011,1016,5,228,BHM,1306,1310,4,True
202511226723766,XC,2025-11-22,NOV,SAT,False,,GLC,0748,0747,DAR,1110,1109,-1,1112,1112,0,228,BHM,1404,1407,3,True
202511226723774,XC,2025-11-22,NOV,SAT,False,904,EDB,1005,1005,DAR,1209,1210,1,1211,1213,2,190,BHM,1505,1514,9,True
202511226723778,XC,2025-11-22,NOV,SAT,False,,DEE,0933,0933,DAR,1311,1311,0,1312,1313,1,,BHM,1604,1607,3,True
202511226723786,XC,2025-11-22,NOV,SAT,False,,EDB,1207,,DAR,1409,1408,-1,1411,1410,-1,190,BHM,1706,1708,2,True
202511226723793,XC,2025-11-22,NOV,SAT,False,,EDB,1308,1307,DAR,1511,1510,-1,1512,1512,0,190,BHM,1804,1814,10,True
202511226723799,XC,2025-11-22,NOV,SAT,False,,EDB,1404,1403,DAR,1609,1608,-1,1611,1610,-1,190,BHM,1905,1910,5,True
202511226723802,XC,2025-11-22,NOV,SAT,False,,EDB,1505,1507,DAR,1710,1715,5,1711,1716,5,190,BHM,2005,2025,20,True
202511226723805,XC,2025-11-22,NOV,SAT,False,,EDB,1607,1612,DAR,1809,1809,0,1811,1811,0,190,BHM,2106,2105,-1,False
202511226723447,XC,2025-11-22,NOV,SAT,False,,EDB,1709,1709,DAR,1910,1922,12,1911,1924,13,190,BHM,2232,2234,2,True
202511226723365,XC,2025-11-22,NOV,SAT,False,,EDB,1807,1807,DAR,2010,2023,13,2011,2025,14,190,BHM,2308,2312,4,True
202511236723754,XC,2025-11-23,NOV,SUN,False,,NCL,0834,0835,DAR,0904,0904,0,0906,0906,0,50,BHM,1204,1204,0,False
202511236723759,XC,2025-11-23,NOV,SUN,False,,NCL,0935,0935,DAR,1004,1005,1,1006,1007,1,50,BHM,1305,1318,13,True
202511236723767,XC,2025-11-23,NOV,SUN,False,,EDB,0908,0907,DAR,1109,1109,0,1111,1111,0,190,BHM,1404,1419,15,True
202511236723772,XC,2025-11-23,NOV,SUN,False,,EDB,1008,1007,DAR,1209,1209,0,1211,1211,0,190,BHM,1506,1505,-1,False
202511236723779,XC,2025-11-23,NOV,SUN,False,,EDB,1105,1105,DAR,1309,1308,-1,1310,1309,-1,190,BHM,1604,1605,1,True
202511236723784,XC,2025-11-23,NOV,SUN,False,908,GLC,1055,1054,DAR,1409,1412,3,1411,1415,4,228,BHM,1706,1722,16,True
202511236723791,XC,2025-11-23,NOV,SUN,False,,EDB,1308,1307,DAR,1510,1515,5,1512,1517,5,190,BHM,1804,1809,5,True
202511236723798,XC,2025-11-23,NOV,SUN,False,,DEE,1222,1221,DAR,1609,1608,-1,1611,1610,-1,,BHM,1903,1903,0,False
202511236723801,XC,2025-11-23,NOV,SUN,False,576,EDB,1508,1507,DAR,1709,1724,15,1711,1727,16,190,BHM,2004,2004,0,False
202511236723803,XC,2025-11-23,NOV,SUN,False,,EDB,1608,1608,DAR,1809,1810,1,1811,1811,0,190,BHM,2106,2108,2,True
202511236723806,XC,2025-11-23,NOV,SUN,False,,EDB,1708,1707,DAR,1908,1909,1,1909,1910,1,190,BHM,2208,2211,3,True
202511236723361,XC,2025-11-23,NOV,SUN,False,,EDB,1805,1804,DAR,2008,2008,0,2010,2010,0,190,BHM,2309,2308,-1,False
202511246723813,XC,2025-11-24,NOV,MON,False,,NCL,0624,0626,DAR,0653,0655,2,0655,0657,2,50,BHM,0928,0929,1,True
202511246723745,XC,2025-11-24,NOV,MON,False,,NCL,0640,0640,DAR,0710,0708,-2,0711,0710,-1,50,BHM,1004,1005,1,True
202511246723749,XC,2025-11-24,NOV,MON,False,,EDB,0606,0605,DAR,0809,0808,-1,0811,0810,-1,190,BHM,1106,1105,-1,False
202511246723818,XC,2025-11-24,NOV,MON,False,579,NCL,0835,0837,DAR,0904,0945,41,0906,0949,43,50,BHM,1126,1229,63,True
202511246723760,XC,2025-11-24,NOV,MON,False,579,GLC,0648,0647,DAR,1009,1024,15,1010,1027,17,228,BHM,1306,1310,4,True
202511246723821,XC,2025-11-24,NOV,MON,False,,NCL,1035,1036,DAR,1105,1107,2,1106,1108,2,50,BHM,1328,1328,0,False
202511246723773,XC,2025-11-24,NOV,MON,False,576,EDB,1007,1007,DAR,1209,1211,2,1211,1213,2,190,BHM,1506,1519,13,True
202511246723824,XC,2025-11-24,NOV,MON,False,896,NCL,1236,1235,DAR,1305,1306,1,1307,1307,0,50,BHM,1528,1609,41,True
202511246723785,XC,2025-11-24,NOV,MON,False,,EDB,1207,1207,DAR,1409,1409,0,1411,1411,0,190,BHM,1706,1713,7,True
202511246723829,XC,2025-11-24,NOV,MON,False,896,NCL,1435,1435,DAR,1505,1504,-1,1506,1507,1,50,BHM,1727,1736,9,True
202511246723797,XC,2025-11-24,NOV,MON,False,,EDB,1404,1403,DAR,1609,1609,0,1611,1613,2,190,BHM,1907,1914,7,True
202511246723482,XC,2025-11-24,NOV,MON,False,,NCL,1633,1633,DAR,1704,1705,1,1705,1707,2,50,BHM,1930,1933,3,True
202511246723804,XC,2025-11-24,NOV,MON,False,,EDB,1607,1606,DAR,1809,1808,-1,1811,1811,0,190,BHM,2107,2114,7,True
202511246723807,XC,2025-11-24,NOV,MON,False,,EDB,1707,1708,DAR,1909,1910,1,1911,1912,1,190,BHM,2208,2218,10,True
202511246723362,XC,2025-11-24,NOV,MON,False,,EDB,1807,1806,DAR,2010,2009,-1,2011,2011,0,190,BHM,2328,2335,7,True
202511256723813,XC,2025-11-25,NOV,TUE,False,,NCL,0624,0624,DAR,0653,0654,1,0655,0655,0,50,BHM,0928,0927,-1,False
202511256723745,XC,2025-11-25,NOV,TUE,False,,NCL,0640,0640,DAR,0710,0710,0,0711,0712,1,50,BHM,1004,1004,0,False
202511256723749,XC,2025-11-25,NOV,TUE,False,,EDB,0606,0607,DAR,0809,0808,-1,0811,0811,0,190,BHM,1106,1113,7,True
202511256723818,XC,2025-11-25,NOV,TUE,False,,NCL,0835,0835,DAR,0904,0906,2,0906,0907,1,50,BHM,1126,1128,2,True
202511256723760,XC,2025-11-25,NOV,TUE,False,,GLC,0648,0647,DAR,1009,1009,0,1010,1011,1,228,BHM,1306,1304,-2,False
202511256723821,XC,2025-11-25,NOV,TUE,False,,NCL,1035,1035,DAR,1105,1104,-1,1106,1106,0,50,BHM,1328,1327,-1,False
202511256723773,XC,2025-11-25,NOV,TUE,False,911,EDB,1007,1007,DAR,1209,1208,-1,1211,1211,0,190,BHM,1506,1537,31,True
202511256723824,XC,2025-11-25,NOV,TUE,False,,NCL,1236,1236,DAR,1305,1305,0,1307,1307,0,50,BHM,1528,1527,-1,False
202511256723785,XC,2025-11-25,NOV,TUE,False,871,EDB,1207,1206,DAR,1409,1419,10,1411,1421,10,190,BHM,1706,1708,2,True
202511256723829,XC,2025-11-25,NOV,TUE,False,,NCL,1435,1436,DAR,1505,1505,0,1506,1507,1,50,BHM,1727,1731,4,True
202511256723797,XC,2025-11-25,NOV,TUE,False,,EDB,1404,1404,DAR,1609,1614,5,1611,1616,5,190,BHM,1907,1912,5,True
202511256723482,XC,2025-11-25,NOV,TUE,True,526,NCL,1633,,DAR,1704,,,1705,,,50,BHM,1930,,,
202511256723804,XC,2025-11-25,NOV,TUE,False,,EDB,1607,1607,DAR,1809,1808,-1,1811,1811,0,190,BHM,2107,2106,-1,False
202511256723807,XC,2025-11-25,NOV,TUE,False,,EDB,1707,1707,DAR,1909,1908,-1,1911,1910,-1,190,BHM,2208,2212,4,True
202511256723362,XC,2025-11-25,NOV,TUE,False,,EDB,1807,1806,DAR,2010,2020,10,2011,2021,10,190,BHM,2328,2328,0,False
202511266723813,XC,2025-11-26,NOV,WED,True,574,NCL,0624,,DAR,0653,,,0655,,,50,BHM,0928,,,
202511266723745,XC,2025-11-26,NOV,WED,False,,NCL,0640,0640,DAR,0710,0709,-1,0711,0711,0,50,BHM,1004,1004,0,False
202511266723749,XC,2025-11-26,NOV,WED,False,,EDB,0606,0606,DAR,0809,0809,0,0811,0810,-1,190,BHM,1106,1108,2,True
202511266723818,XC,2025-11-26,NOV,WED,False,,NCL,0835,0836,DAR,0904,0905,1,0906,0907,1,50,BHM,1126,1141,15,True
202511266723760,XC,2025-11-26,NOV,WED,False,,GLC,0648,0647,DAR,1009,1012,3,1010,1013,3,228,BHM,1306,1318,12,True
202511266723821,XC,2025-11-26,NOV,WED,False,,NCL,1035,1035,DAR,1105,1105,0,1106,1109,3,50,BHM,1328,1340,12,True
202511266723773,XC,2025-11-26,NOV,WED,False,,EDB,1007,1007,DAR,1209,1208,-1,1211,1211,0,190,BHM,1506,1509,3,True
202511266723824,XC,2025-11-26,NOV,WED,False,,NCL,1236,1237,DAR,1305,1306,1,1307,1308,1,50,BHM,1528,1532,4,True
202511266723785,XC,2025-11-26,NOV,WED,False,,EDB,1207,1206,DAR,1409,1409,0,1411,1411,0,190,BHM,1706,1708,2,True
202511266723829,XC,2025-11-26,NOV,WED,False,,NCL,1435,1435,DAR,1505,1504,-1,1506,1506,0,50,BHM,1727,1732,5,True
202511266723797,XC,2025-11-26,NOV,WED,False,895,EDB,1404,1404,DAR,1609,1610,1,1611,1612,1,190,BHM,1907,1919,12,True
202511266723482,XC,2025-11-26,NOV,WED,True,774,NCL,1633,,DAR,1704,,,1705,,,50,BHM,1930,,,
202511266723804,XC,2025-11-26,NOV,WED,False,,EDB,1607,1606,DAR,1809,1809,0,1811,1811,0,190,BHM,2107,2105,-2,False
202511266723807,XC,2025-11-26,NOV,WED,False,904,EDB,1707,1708,DAR,1909,1909,0,1911,1911,0,190,BHM,2208,2227,19,True
202511266723362,XC,2025-11-26,NOV,WED,False,,EDB,1807,1806,DAR,2010,2015,5,2011,2017,6,190,BHM,2328,2326,-2,False
202511276723813,XC,2025-11-27,NOV,THU,False,,NCL,0624,0624,DAR,0653,0653,0,0655,0655,0,50,BHM,0928,0929,1,True
202511276723745,XC,2025-11-27,NOV,THU,False,,NCL,0640,0640,DAR,0710,0708,-2,0711,0710,-1,50,BHM,1004,1007,3,True
202511276723749,XC,2025-11-27,NOV,THU,False,,EDB,0606,0606,DAR,0809,0809,0,0811,0811,0,190,BHM,1106,1112,6,True
202511276723818,XC,2025-11-27,NOV,THU,False,,NCL,0835,0835,DAR,0904,0905,1,0906,0906,0,50,BHM,1126,1131,5,True
202511276723760,XC,2025-11-27,NOV,THU,False,904,GLC,0648,0647,DAR,1009,1021,12,1010,1023,13,228,BHM,1306,1314,8,True
202511276723821,XC,2025-11-27,NOV,THU,False,,NCL,1035,1034,DAR,1105,1106,1,1106,1107,1,50,BHM,1328,1327,-1,False
202511276723773,XC,2025-11-27,NOV,THU,False,,EDB,1007,1007,DAR,1209,1209,0,1211,1211,0,190,BHM,1506,1506,0,False
202511276723824,XC,2025-11-27,NOV,THU,False,896,NCL,1236,1236,DAR,1305,1305,0,1307,1307,0,50,BHM,1528,1640,72,True
202511276723785,XC,2025-11-27,NOV,THU,False,896,EDB,1207,1206,DAR,1409,1409,0,1411,1411,0,190,BHM,1706,1730,24,True
202511276723829,XC,2025-11-27,NOV,THU,False,,NCL,1435,1435,DAR,1505,1504,-1,1506,1507,1,50,BHM,1727,1732,5,True
202511276723797,XC,2025-11-27,NOV,THU,False,,EDB,1404,1403,DAR,1609,1609,0,1611,1611,0,190,BHM,1907,1912,5,True
202511276723482,XC,2025-11-27,NOV,THU,False,,NCL,1633,1633,DAR,1704,1702,-2,1705,1705,0,50,BHM,1930,1931,1,True
202511276723804,XC,2025-11-27,NOV,THU,False,,EDB,1607,1606,DAR,1809,1808,-1,1811,1811,0,190,BHM,2107,2105,-2,False
202511276723807,XC,2025-11-27,NOV,THU,False,536,EDB,1707,1707,DAR,1909,1946,37,1911,1948,37,190,BHM,2208,2234,26,True
202511276723362,XC,2025-11-27,NOV,THU,False,895,EDB,1807,1806,DAR,2010,2009,-1,2011,2010,-1,190,BHM,2328,2335,7,True
202511286723813,XC,2025-11-28,NOV,FRI,False,,NCL,0624,0624,DAR,0653,0655,2,0655,0656,1,50,BHM,0928,0927,-1,False
202511286723745,XC,2025-11-28,NOV,FRI,False,574,NCL,0640,0640,DAR,0710,0709,-1,0711,0710,-1,50,BHM,1004,1020,16,True
202511286723749,XC,2025-11-28,NOV,FRI,False,,EDB,0606,0606,DAR,0809,0808,-1,0811,0810,-1,190,BHM,1106,1108,2,True
202511286723818,XC,2025-11-28,NOV,FRI,False,,NCL,0835,0835,DAR,0904,0905,1,0906,0906,0,50,BHM,1126,1130,4,True
202511286723761,XC,2025-11-28,NOV,FRI,False,777,GLC,0648,0648,DAR,1009,1009,0,1010,1011,1,228,BHM,1306,1306,0,False
202511286723821,XC,2025-11-28,NOV,FRI,False,,NCL,1035,1035,DAR,1105,1111,6,1106,1113,7,50,BHM,1328,1330,2,True
202511286723773,XC,2025-11-28,NOV,FRI,False,,EDB,1007,1007,DAR,1209,1210,1,1211,1213,2,190,BHM,1506,1514,8,True
202511286723824,XC,2025-11-28,NOV,FRI,False,,NCL,1236,1236,DAR,1305,1305,0,1307,1307,0,50,BHM,1528,1535,7,True
202511286723785,XC,2025-11-28,NOV,FRI,False,,EDB,1207,1206,DAR,1409,1414,5,1411,1415,4,190,BHM,1706,1731,25,True
202511286723829,XC,2025-11-28,NOV,FRI,False,,NCL,1435,1434,DAR,1505,1505,0,1506,1506,0,50,BHM,1727,1757,30,True
202511286723797,XC,2025-11-28,NOV,FRI,False,,EDB,1404,1404,DAR,1609,1609,0,1611,1611,0,190,BHM,1907,1907,0,False
202511286723482,XC,2025-11-28,NOV,FRI,False,,NCL,1633,1634,DAR,1704,1706,2,1705,1707,2,50,BHM,1930,1939,9,True
202511286723804,XC,2025-11-28,NOV,FRI,False,,EDB,1607,1606,DAR,1809,1820,11,1811,1822,11,190,BHM,2107,2111,4,True
202511286723807,XC,2025-11-28,NOV,FRI,False,,EDB,1707,1706,DAR,1909,1912,3,1911,1914,3,190,BHM,2208,2215,7,True
202511286723362,XC,2025-11-28,NOV,FRI,False,,EDB,1807,1806,DAR,2010,2023,13,2011,2026,15,190,BHM,2328,2326,-2,False
202512026723813,XC,2025-12-02,DEC,TUE,False,,NCL,0624,0624,DAR,0653,0653,0,0655,0655,0,50,BHM,0928,0926,-2,False
202512026723745,XC,2025-12-02,DEC,TUE,False,,NCL,0640,0640,DAR,0710,0709,-1,0711,0711,0,50,BHM,1004,1005,1,True
202512026723749,XC,2025-12-02,DEC,TUE,False,,EDB,0606,0605,DAR,0809,0808,-1,0811,0810,-1,190,BHM,1106,1113,7,True
202512026723818,XC,2025-12-02,DEC,TUE,False,,NCL,0835,0836,DAR,0904,0906,2,0906,0908,2,50,BHM,1126,1126,0,False
202512026723760,XC,2025-12-02,DEC,TUE,False,904,GLC,0648,0648,DAR,1009,1010,1,1010,1013,3,228,BHM,1306,1330,24,True
202512026723821,XC,2025-12-02,DEC,TUE,False,,NCL,1035,1035,DAR,1105,1103,-2,1106,1106,0,50,BHM,1328,1335,7,True
202512026723773,XC,2025-12-02,DEC,TUE,False,,EDB,1007,1007,DAR,1209,1208,-1,1211,1211,0,190,BHM,1506,1505,-1,False
202512026723824,XC,2025-12-02,DEC,TUE,False,,NCL,1236,1236,DAR,1305,1305,0,1307,1308,1,50,BHM,1528,1525,-3,False
202512026723785,XC,2025-12-02,DEC,TUE,False,896,EDB,1207,1206,DAR,1409,1416,7,1411,1418,7,190,BHM,1706,1728,22,True
202512026723829,XC,2025-12-02,DEC,TUE,False,,NCL,1435,1438,DAR,1505,1508,3,1506,1510,4,50,BHM,1727,1732,5,True
202512026723797,XC,2025-12-02,DEC,TUE,False,904,EDB,1404,1404,DAR,1609,1610,1,1611,1612,1,190,BHM,1907,1914,7,True
202512026723482,XC,2025-12-02,DEC,TUE,False,904,NCL,1633,1633,DAR,1704,1703,-1,1705,1705,0,50,BHM,1930,1933,3,True
202512026723804,XC,2025-12-02,DEC,TUE,False,,EDB,1607,1606,DAR,1809,1809,0,1811,1811,0,190,BHM,2107,2104,-3,False
202512026723807,XC,2025-12-02,DEC,TUE,False,,EDB,1707,1707,DAR,1909,1909,0,1911,1912,1,190,BHM,2208,2226,18,True
202512026723362,XC,2025-12-02,DEC,TUE,False,,EDB,1807,1807,DAR,2010,2009,-1,2011,2011,0,190,BHM,2328,2333,5,True
202512036723813,XC,2025-12-03,DEC,WED,False,,NCL,0624,0624,DAR,0653,0654,1,0655,0656,1,50,BHM,0928,0933,5,True
202512036723745,XC,2025-12-03,DEC,WED,False,,NCL,0640,0640,DAR,0710,0710,0,0711,0712,1,50,BHM,1004,1006,2,True
202512036723749,XC,2025-12-03,DEC,WED,False,,EDB,0606,0606,DAR,0809,0809,0,0811,0811,0,190,BHM,1106,1106,0,False
202512036723818,XC,2025-12-03,DEC,WED,False,,NCL,0835,0835,DAR,0904,0906,2,0906,0908,2,50,BHM,1126,1126,0,False
202512037956238,XC,2025-12-03,DEC,WED,False,911,NCL,0940,0946,DAR,1009,1018,9,1010,1020,10,50,BHM,1306,1309,3,True
202512036723821,XC,2025-12-03,DEC,WED,False,,NCL,1035,1035,DAR,1105,1106,1,1106,1108,2,50,BHM,1328,1330,2,True
202512036723773,XC,2025-12-03,DEC,WED,False,904,EDB,1007,1007,DAR,1209,1208,-1,1211,1211,0,190,BHM,1506,1515,9,True
202512036723824,XC,2025-12-03,DEC,WED,False,,NCL,1236,1238,DAR,1305,1306,1,1307,1308,1,50,BHM,1528,1527,-1,False
202512036723785,XC,2025-12-03,DEC,WED,False,824,EDB,1207,1208,DAR,1409,1431,22,1411,1433,22,190,BHM,1706,1728,22,True
202512036723829,XC,2025-12-03,DEC,WED,False,,NCL,1435,1435,DAR,1505,1507,2,1506,1509,3,50,BHM,1727,1733,6,True
202512036723797,XC,2025-12-03,DEC,WED,False,904,EDB,1404,1404,DAR,1609,1609,0,1611,1611,0,190,BHM,1907,1919,12,True
202512036723482,XC,2025-12-03,DEC,WED,False,,NCL,1633,1632,DAR,1704,1705,1,1705,1707,2,50,BHM,1930,1933,3,True
202512036723804,XC,2025-12-03,DEC,WED,False,,EDB,1607,1606,DAR,1809,1808,-1,1811,1812,1,190,BHM,2109,2114,5,True
202512036723807,XC,2025-12-03,DEC,WED,False,904,EDB,1707,1707,DAR,1909,1920,11,1911,1922,11,190,BHM,2208,2218,10,True
202512036723362,XC,2025-12-03,DEC,WED,False,,EDB,1807,1807,DAR,2010,2009,-1,2011,2011,0,190,BHM,2328,2332,4,True
202512046723813,XC,2025-12-04,DEC,THU,False,,NCL,0624,0624,DAR,0653,0654,1,0655,0656,1,50,BHM,0928,0927,-1,False
202512046723745,XC,2025-12-04,DEC,THU,False,,NCL,0640,0640,DAR,0710,0709,-1,0711,0711,0,50,BHM,1004,1004,0,False
202512046723749,XC,2025-12-04,DEC,THU,False,904,EDB,0606,0606,DAR,0809,0822,13,0811,0825,14,190,BHM,1106,1148,42,True
202512046723818,XC,2025-12-04,DEC,THU,False,576,NCL,0835,0834,DAR,0904,0907,3,0906,0909,3,50,BHM,1126,1202,36,True
202512046723760,XC,2025-12-04,DEC,THU,False,,GLC,0648,0647,DAR,1009,1011,2,1010,1012,2,228,BHM,1306,1310,4,True
202512046723821,XC,2025-12-04,DEC,THU,False,,NCL,1035,1035,DAR,1105,1104,-1,1106,1108,2,50,BHM,1328,1326,-2,False
202512046723773,XC,2025-12-04,DEC,THU,False,,EDB,1007,1007,DAR,1209,1208,-1,1211,1211,0,190,BHM,1506,1507,1,True
202512046723824,XC,2025-12-04,DEC,THU,False,,NCL,1236,1236,DAR,1305,1306,1,1307,1307,0,50,BHM,1528,1528,0,False
202512056723813,XC,2025-12-05,DEC,FRI,False,,NCL,0624,0624,DAR,0653,0654,1,0655,0656,1,50,BHM,0928,0933,5,True
202512056723745,XC,2025-12-05,DEC,FRI,False,,NCL,0640,0640,DAR,0710,0709,-1,0711,0712,1,50,BHM,1004,1002,-2,False
202512056723749,XC,2025-12-05,DEC,FRI,False,832,EDB,0606,0606,DAR,0809,0808,-1,0811,0812,1,190,BHM,1106,1133,27,True
202512056723818,XC,2025-12-05,DEC,FRI,False,904,NCL,0835,0835,DAR,0904,0907,3,0906,0909,3,50,BHM,1126,1139,13,True
202512056723761,XC,2025-12-05,DEC,FRI,False,,GLC,0648,0647,DAR,1009,1010,1,1010,1012,2,228,BHM,1306,1310,4,True
202512056723821,XC,2025-12-05,DEC,FRI,False,526,NCL,1035,1035,DAR,1105,1103,-2,1106,1108,2,50,BHM,1328,1330,2,True
202512056723773,XC,2025-12-05,DEC,FRI,False,,EDB,1007,1007,DAR,1209,1210,1,1211,1212,1,190,BHM,1506,1506,0,False
202512056723824,XC,2025-12-05,DEC,FRI,False,895,NCL,1236,1236,DAR,1305,1305,0,1307,1307,0,50,BHM,1528,1535,7,True
202512056723785,XC,2025-12-05,DEC,FRI,False,526,EDB,1207,1206,DAR,1409,1408,-1,1411,1410,-1,190,BHM,1706,1724,18,True
202512056723829,XC,2025-12-05,DEC,FRI,False,,NCL,1435,1435,DAR,1505,1504,-1,1506,1507,1,50,BHM,1727,1735,8,True
202512056723797,XC,2025-12-05,DEC,FRI,False,,EDB,1404,1403,DAR,1609,1610,1,1611,1612,1,190,BHM,1907,1916,9,True
202512056723482,XC,2025-12-05,DEC,FRI,False,,NCL,1633,1633,DAR,1704,1705,1,1705,1708,3,50,BHM,1930,1936,6,True
202512056723804,XC,2025-12-05,DEC,FRI,False,886,EDB,1607,1606,DAR,1809,1820,11,1811,1822,11,190,BHM,2107,2116,9,True
202512056723807,XC,2025-12-05,DEC,FRI,False,,EDB,1707,1722,DAR,1909,1924,15,1911,1925,14,190,BHM,2208,2223,15,True
202512056723362,XC,2025-12-05,DEC,FRI,False,895,EDB,1807,1806,DAR,2010,2015,5,2011,2018,7,190,BHM,2328,2329,1,True
202512066723751,XC,2025-12-06,DEC,SAT,False,,NCL,0640,0640,DAR,0709,0708,-1,0711,0711,0,50,BHM,1106,1106,0,False
202512066723756,XC,2025-12-06,DEC,SAT,False,,EDB,0606,0605,DAR,0809,0809,0,0811,0813,2,190,BHM,1205,1205,0,False
202512066723762,XC,2025-12-06,DEC,SAT,False,,EDB,0704,0704,DAR,0910,0908,-2,0912,0911,-1,190,BHM,1306,1307,1,True
202512066723766,XC,2025-12-06,DEC,SAT,False,,GLC,0648,0647,DAR,1010,1009,-1,1011,1011,0,228,BHM,1404,1409,5,True
202512066723774,XC,2025-12-06,DEC,SAT,False,,GLC,0748,0747,DAR,1110,1113,3,1112,1115,3,228,BHM,1506,1507,1,True
202512066723778,XC,2025-12-06,DEC,SAT,False,,EDB,1005,1005,DAR,1209,1209,0,1211,1212,1,190,BHM,1604,1604,0,False
202512066723786,XC,2025-12-06,DEC,SAT,False,,DEE,0933,0933,DAR,1311,1314,3,1312,1316,4,,BHM,1706,1720,14,True
202512066723793,XC,2025-12-06,DEC,SAT,False,,EDB,1207,1207,DAR,1409,1408,-1,1411,1410,-1,190,BHM,1804,1808,4,True
202512066723799,XC,2025-12-06,DEC,SAT,False,,EDB,1308,1308,DAR,1511,1510,-1,1512,1512,0,190,BHM,1906,1907,1,True
202512066723802,XC,2025-12-06,DEC,SAT,False,,EDB,1404,1403,DAR,1609,1608,-1,1611,1611,0,190,BHM,2005,2004,-1,False
202512066723805,XC,2025-12-06,DEC,SAT,False,,EDB,1505,1504,DAR,1710,1714,4,1711,1717,6,190,BHM,2106,2104,-2,False
202512066723447,XC,2025-12-06,DEC,SAT,True,528,EDB,1709,,DAR,1910,,,1911,,,190,BHM,2234,,,
202512066723365,XC,2025-12-06,DEC,SAT,False,704,EDB,1807,1806,DAR,2010,2012,2,2011,2015,4,190,BHM,2333,0033,-1380,False
202512076723759,XC,2025-12-07,DEC,SUN,False,,NCL,0834,0834,DAR,0904,0903,-1,0906,0905,-1,50,BHM,1305,1307,2,True
202512076723767,XC,2025-12-07,DEC,SUN,False,,NCL,0935,0935,DAR,1004,1006,2,1006,1008,2,50,BHM,1404,1409,5,True
202512076723772,XC,2025-12-07,DEC,SUN,False,,EDB,0908,0908,DAR,1109,1108,-1,1111,1110,-1,190,BHM,1506,1506,0,False
202512076723779,XC,2025-12-07,DEC,SUN,False,,EDB,1008,1008,DAR,1209,1210,1,1211,1212,1,190,BHM,1604,1610,6,True
202512076723784,XC,2025-12-07,DEC,SUN,False,,EDB,1105,1104,DAR,1309,1307,-2,1310,1310,0,190,BHM,1706,1710,4,True
202512076723791,XC,2025-12-07,DEC,SUN,False,,GLC,1055,1055,DAR,1409,1408,-1,1411,1411,0,228,BHM,1804,1811,7,True
202512076723798,XC,2025-12-07,DEC,SUN,False,,EDB,1308,1307,DAR,1510,1509,-1,1512,1511,-1,190,BHM,1903,1903,0,False
202512076723801,XC,2025-12-07,DEC,SUN,False,,DEE,1222,1222,DAR,1609,1615,6,1611,1617,6,,BHM,2004,2007,3,True
202512076723803,XC,2025-12-07,DEC,SUN,True,526,EDB,1508,,DAR,1709,,,1711,,,190,BHM,2106,,,
202512076723806,XC,2025-12-07,DEC,SUN,False,,EDB,1608,1608,DAR,1809,1811,2,1811,1814,3,190,BHM,2208,2209,1,True
202512077542135,XC,2025-12-07,DEC,SUN,True,528,EDB,1708,,DAR,1909,,,1911,,,190,BHM,2249,,,
202512076723361,XC,2025-12-07,DEC,SUN,False,826,EDB,1805,1804,DAR,2008,2033,25,2010,2034,24,190,BHM,2325,2356,31,True
202512086723813,XC,2025-12-08,DEC,MON,False,,NCL,0624,0624,DAR,0653,0653,0,0655,0655,0,50,BHM,0928,0931,3,True
202512086723745,XC,2025-12-08,DEC,MON,False,,NCL,0640,0640,DAR,0710,0708,-2,0711,0710,-1,50,BHM,1004,1007,3,True
202512086723749,XC,2025-12-08,DEC,MON,False,,EDB,0606,0605,DAR,0809,0809,0,0811,0811,0,190,BHM,1106,1107,1,True
202512086723818,XC,2025-12-08,DEC,MON,False,,NCL,0835,0835,DAR,0904,0905,1,0906,0907,1,50,BHM,1126,1128,2,True
202512086723760,XC,2025-12-08,DEC,MON,False,,GLC,0648,0647,DAR,1009,1009,0,1010,1012,2,228,BHM,1306,1308,2,True
202512086723821,XC,2025-12-08,DEC,MON,False,,NCL,1035,1035,DAR,1105,1104,-1,1106,1106,0,50,BHM,1328,1326,-2,False
202512086723773,XC,2025-12-08,DEC,MON,False,656,EDB,1007,1007,DAR,1209,1208,-1,1211,1211,0,190,BHM,1506,1512,6,True
202512086723824,XC,2025-12-08,DEC,MON,False,904,NCL,1236,1236,DAR,1305,1307,2,1307,1309,2,50,BHM,1528,1528,0,False
202512086723785,XC,2025-12-08,DEC,MON,False,919,EDB,1207,1206,DAR,1409,1408,-1,1411,1410,-1,190,BHM,1706,1731,25,True
202512086723829,XC,2025-12-08,DEC,MON,False,,NCL,1435,1435,DAR,1505,1505,0,1506,1507,1,50,BHM,1727,1734,7,True
202512086723797,XC,2025-12-08,DEC,MON,False,,EDB,1404,1403,DAR,1609,1609,0,1611,1611,0,190,BHM,1907,1913,6,True
202512086723482,XC,2025-12-08,DEC,MON,False,,NCL,1633,1634,DAR,1704,1705,1,1705,1706,1,50,BHM,1930,1932,2,True
202512086723804,XC,2025-12-08,DEC,MON,False,,EDB,1607,1606,DAR,1809,1809,0,1811,1811,0,190,BHM,2107,2107,0,False
202512086723807,XC,2025-12-08,DEC,MON,False,777,EDB,1707,1707,DAR,1909,1908,-1,1911,1910,-1,190,BHM,2208,2211,3,True
202512086723362,XC,2025-12-08,DEC,MON,False,777,EDB,1807,1807,DAR,2010,2015,5,2011,2016,5,190,BHM,2328,2326,-2,False
202512096723813,XC,2025-12-09,DEC,TUE,False,895,NCL,0624,0624,DAR,0653,0652,-1,0655,0655,0,50,BHM,0928,0936,8,True
202512096723745,XC,2025-12-09,DEC,TUE,False,,NCL,0640,0640,DAR,0710,0708,-2,0711,0710,-1,50,BHM,1004,1007,3,True
202512096723749,XC,2025-12-09,DEC,TUE,False,,EDB,0606,0606,DAR,0809,0809,0,0811,0811,0,190,BHM,1106,1108,2,True
202512096723818,XC,2025-12-09,DEC,TUE,False,,NCL,0835,0834,DAR,0904,0905,1,0906,0907,1,50,BHM,1126,1126,0,False
202512096723760,XC,2025-12-09,DEC,TUE,False,,GLC,0648,0647,DAR,1009,1009,0,1010,1012,2,228,BHM,1306,1309,3,True
202512096723821,XC,2025-12-09,DEC,TUE,False,,NCL,1035,1035,DAR,1105,1104,-1,1106,1106,0,50,BHM,1328,1330,2,True
202512096723773,XC,2025-12-09,DEC,TUE,False,,EDB,1007,1006,DAR,1209,1209,0,1211,1211,0,190,BHM,1506,1507,1,True
202512096723824,XC,2025-12-09,DEC,TUE,False,,NCL,1236,1236,DAR,1305,1304,-1,1307,1307,0,50,BHM,1528,1528,0,False
202512096723785,XC,2025-12-09,DEC,TUE,False,,EDB,1207,1207,DAR,1409,1409,0,1411,1412,1,190,BHM,1706,1708,2,True
202512096723829,XC,2025-12-09,DEC,TUE,False,911,NCL,1435,1436,DAR,1505,1505,0,1506,1507,1,50,BHM,1727,1751,24,True
202512096723797,XC,2025-12-09,DEC,TUE,False,705,EDB,1404,1404,DAR,1609,1611,2,1611,1613,2,190,BHM,1907,1913,6,True
202512096723482,XC,2025-12-09,DEC,TUE,False,,NCL,1633,1635,DAR,1704,1705,1,1705,1707,2,50,BHM,1930,1935,5,True
202512096723804,XC,2025-12-09,DEC,TUE,False,,EDB,1607,1608,DAR,1809,1807,-2,1811,1810,-1,190,BHM,2107,2104,-3,False
202512096723807,XC,2025-12-09,DEC,TUE,False,904,EDB,1707,1707,DAR,1909,1911,2,1911,1912,1,190,BHM,2208,2219,11,True
202512096723362,XC,2025-12-09,DEC,TUE,False,,EDB,1807,1806,DAR,2010,2012,2,2011,2013,2,190,BHM,2328,2326,-2,False
202512106723813,XC,2025-12-10,DEC,WED,False,,NCL,0624,0624,DAR,0653,0653,0,0655,0655,0,50,BHM,0928,0931,3,True
202512106723745,XC,2025-12-10,DEC,WED,False,,NCL,0640,0640,DAR,0710,0709,-1,0711,0711,0,50,BHM,1004,1004,0,False
202512106723749,XC,2025-12-10,DEC,WED,False,,EDB,0606,0610,DAR,0809,0809,0,0811,0811,0,190,BHM,1106,1109,3,True
202512106723818,XC,2025-12-10,DEC,WED,False,,NCL,0835,0835,DAR,0904,0905,1,0906,0908,2,50,BHM,1126,1134,8,True
202512106723760,XC,2025-12-10,DEC,WED,False,904,GLC,0648,0647,DAR,1009,1010,1,1010,1011,1,228,BHM,1306,1325,19,True
202512106723821,XC,2025-12-10,DEC,WED,False,,NCL,1035,1035,DAR,1105,1105,0,1106,1107,1,50,BHM,1328,1336,8,True
202512106723773,XC,2025-12-10,DEC,WED,False,,EDB,1007,1007,DAR,1209,1208,-1,1211,1211,0,190,BHM,1506,1505,-1,False
202512106723824,XC,2025-12-10,DEC,WED,False,,NCL,1236,1236,DAR,1305,1306,1,1307,1308,1,50,BHM,1528,1527,-1,False
202512106723785,XC,2025-12-10,DEC,WED,False,,EDB,1207,1206,DAR,1409,1409,0,1411,1411,0,190,BHM,1706,1705,-1,False
202512106723829,XC,2025-12-10,DEC,WED,False,904,NCL,1435,1437,DAR,1505,1506,1,1506,1508,2,50,BHM,1727,1737,10,True
202512106723797,XC,2025-12-10,DEC,WED,False,,EDB,1404,1403,DAR,1609,1609,0,1611,1611,0,190,BHM,1907,1908,1,True
202512106723482,XC,2025-12-10,DEC,WED,True,528,NCL,1633,,DAR,1704,,,1705,,,50,BHM,1930,,,
202512106723804,XC,2025-12-10,DEC,WED,False,547,EDB,1607,,DAR,1809,1808,-1,1811,1811,0,190,BHM,2107,2106,-1,False
202512106723807,XC,2025-12-10,DEC,WED,False,904,EDB,1707,1706,DAR,1909,1911,2,1911,1913,2,190,BHM,2208,2216,8,True
202512106723362,XC,2025-12-10,DEC,WED,False,,EDB,1807,1806,DAR,2010,2009,-1,2011,2011,0,190,BHM,2328,2328,0,False
202512116723813,XC,2025-12-11,DEC,THU,False,,NCL,0624,0624,DAR,0653,0653,0,0655,0655,0,50,BHM,0928,0928,0,False
202512116723745,XC,2025-12-11,DEC,THU,False,,NCL,0640,0640,DAR,0710,0709,-1,0711,0711,0,50,BHM,1004,1005,1,True
202512116723749,XC,2025-12-11,DEC,THU,False,,EDB,0606,0606,DAR,0809,0809,0,0811,0811,0,190,BHM,1106,1104,-2,False
202512116723755,XC,2025-12-11,DEC,THU,False,,EDB,0704,0703,DAR,0910,0911,1,0911,0913,2,190,BHM,1204,1208,4,True
202512116723760,XC,2025-12-11,DEC,THU,False,,GLC,0648,0647,DAR,1009,1009,0,1010,1011,1,228,BHM,1306,1307,1,True
202512116723821,XC,2025-12-11,DEC,THU,False,,NCL,1035,1035,DAR,1105,1106,1,1106,1107,1,50,BHM,1328,1326,-2,False
202512116723773,XC,2025-12-11,DEC,THU,False,904,EDB,1007,1007,DAR,1209,1209,0,1211,1211,0,190,BHM,1506,1513,7,True
202512116723824,XC,2025-12-11,DEC,THU,False,,NCL,1236,1236,DAR,1305,1305,0,1307,1307,0,50,BHM,1528,1529,1,True
202512116723785,XC,2025-12-11,DEC,THU,False,,EDB,1207,1206,DAR,1409,1411,2,1411,1413,2,190,BHM,1706,1705,-1,False
202512116723829,XC,2025-12-11,DEC,THU,True,525,NCL,1435,,DAR,1505,,,1506,,,50,BHM,,,,
202512116723797,XC,2025-12-11,DEC,THU,False,887,EDB,1404,1405,DAR,1609,1636,27,1611,1638,27,190,BHM,1907,1933,26,True
202512116723482,XC,2025-12-11,DEC,THU,False,576,NCL,1633,1638,DAR,1704,1714,10,1705,1717,12,50,BHM,1930,1944,14,True
202512116723804,XC,2025-12-11,DEC,THU,False,,EDB,1607,1606,DAR,1809,1810,1,1811,1812,1,190,BHM,2107,2107,0,False
202512116723807,XC,2025-12-11,DEC,THU,False,904,EDB,1707,1706,DAR,1909,1918,9,1911,1920,9,190,BHM,2208,2210,2,True
202512116723362,XC,2025-12-11,DEC,THU,False,841,EDB,1807,1806,DAR,2010,2024,14,2011,2026,15,190,BHM,2328,2326,-2,False
202512126723813,XC,2025-12-12,DEC,FRI,False,,NCL,0624,0624,DAR,0653,0653,0,0655,0655,0,50,BHM,0928,0931,3,True
202512126723745,XC,2025-12-12,DEC,FRI,False,,NCL,0640,0639,DAR,0710,0709,-1,0711,0712,1,50,BHM,1004,1005,1,True
202512126723749,XC,2025-12-12,DEC,FRI,False,904,EDB,0606,0606,DAR,0809,0808,-1,0811,0810,-1,190,BHM,1106,1115,9,True
202512126723818,XC,2025-12-12,DEC,FRI,False,,NCL,0835,0835,DAR,0904,0904,0,0906,0908,2,50,BHM,1126,1127,1,True
202512126723761,XC,2025-12-12,DEC,FRI,False,,GLC,0648,0648,DAR,1009,1010,1,1010,1011,1,228,BHM,1306,1319,13,True
202512126723821,XC,2025-12-12,DEC,FRI,False,,NCL,1035,1035,DAR,1105,1106,1,1106,1108,2,50,BHM,1328,1331,3,True
202512126723773,XC,2025-12-12,DEC,FRI,False,,EDB,1007,1007,DAR,1209,1209,0,1211,1211,0,190,BHM,1506,1507,1,True
202512126723824,XC,2025-12-12,DEC,FRI,False,,NCL,1236,1236,DAR,1305,1305,0,1307,1307,0,50,BHM,1528,1532,4,True
202512126723785,XC,2025-12-12,DEC,FRI,False,,EDB,1207,1207,DAR,1409,1410,1,1411,1412,1,190,BHM,1706,1709,3,True
202512126723829,XC,2025-12-12,DEC,FRI,True,526,NCL,1435,,DAR,1505,,,1506,,,50,BHM,1727,,,
202512126723797,XC,2025-12-12,DEC,FRI,False,832,EDB,1404,1404,DAR,1609,1613,4,1611,1615,4,190,BHM,1907,1914,7,True
202512126723482,XC,2025-12-12,DEC,FRI,True,526,NCL,1633,,DAR,1704,,,1705,,,50,BHM,1930,,,
202512126723804,XC,2025-12-12,DEC,FRI,False,904,EDB,1607,1606,DAR,1809,1808,-1,1811,1811,0,190,BHM,2107,2115,8,True
202512126723807,XC,2025-12-12,DEC,FRI,False,,EDB,1707,1707,DAR,1909,1911,2,1911,1913,2,190,BHM,2208,2213,5,True
202512126723362,XC,2025-12-12,DEC,FRI,False,,EDB,1807,1806,DAR,2010,2011,1,2011,2013,2,190,BHM,2328,2328,0,False
202512136723751,XC,2025-12-13,DEC,SAT,True,832,NCL,0640,,DAR,0709,,,0711,,,50,BHM,1106,,,
202512136723756,XC,2025-12-13,DEC,SAT,False,,EDB,0606,0605,DAR,0809,0821,12,0811,0823,12,190,BHM,1206,1205,-1,False
202512136723762,XC,2025-12-13,DEC,SAT,False,895,EDB,0704,0704,DAR,0910,0913,3,0912,0915,3,190,BHM,1306,1307,1,True
202512136723766,XC,2025-12-13,DEC,SAT,False,,GLC,0648,0647,DAR,1010,1009,-1,1011,1011,0,228,BHM,1404,1403,-1,False
202512136723774,XC,2025-12-13,DEC,SAT,False,,GLC,0748,0748,DAR,1110,1111,1,1112,1112,0,228,BHM,1506,1506,0,False
202512136723778,XC,2025-12-13,DEC,SAT,False,,EDB,1005,,DAR,1209,1210,1,1211,1211,0,190,BHM,1605,1607,2,True
202512136723786,XC,2025-12-13,DEC,SAT,False,,DEE,0933,0933,DAR,1311,1313,2,1312,1316,4,,BHM,1706,1710,4,True
202512136723793,XC,2025-12-13,DEC,SAT,False,,EDB,1207,1208,DAR,1409,1413,4,1411,1415,4,190,BHM,1804,1806,2,True
202512136723799,XC,2025-12-13,DEC,SAT,False,,EDB,1308,1307,DAR,1511,1513,2,1512,1515,3,190,BHM,1906,1910,4,True
202512136723802,XC,2025-12-13,DEC,SAT,False,,EDB,1404,1403,DAR,1609,1610,1,1611,1613,2,190,BHM,2006,2008,2,True
202512136723805,XC,2025-12-13,DEC,SAT,False,,EDB,1505,1504,DAR,1710,1718,8,1711,1720,9,190,BHM,2106,2123,17,True
202512136723447,XC,2025-12-13,DEC,SAT,False,,EDB,1709,1709,DAR,1910,1911,1,1911,1913,2,190,BHM,2234,2258,24,True
202512136723365,XC,2025-12-13,DEC,SAT,False,,EDB,1807,1806,DAR,2010,2013,3,2011,2015,4,190,BHM,2333,0017,-1396,False
202512146775086,XC,2025-12-14,DEC,SUN,False,536,NCL,0936,0936,DAR,1005,1007,2,1006,1010,4,50,BHM,1404,1433,29,True
202512146775087,XC,2025-12-14,DEC,SUN,False,,EDB,0908,0908,DAR,1109,1119,10,1111,1122,11,190,BHM,1506,1516,10,True
202512146775090,XC,2025-12-14,DEC,SUN,False,,EDB,1008,1008,DAR,1210,1219,9,1211,1221,10,190,BHM,1605,1607,2,True
202512146775122,XC,2025-12-14,DEC,SUN,False,,EDB,1107,1107,DAR,1309,1310,1,1310,1313,3,190,BHM,1706,1706,0,False
202512146775093,XC,2025-12-14,DEC,SUN,False,,GLC,1055,1055,DAR,1410,1413,3,1411,1415,4,228,BHM,1804,1805,1,True
202512146775064,XC,2025-12-14,DEC,SUN,False,575,EDB,1305,1318,DAR,1509,1522,13,1511,1525,14,190,BHM,1904,1910,6,True
202512146775099,XC,2025-12-14,DEC,SUN,False,,DEE,1222,,DAR,1609,1627,18,1610,1629,19,,BHM,2004,2010,6,True
202512146775101,XC,2025-12-14,DEC,SUN,False,904,EDB,1505,1505,DAR,1710,1713,3,1712,1718,6,190,BHM,2106,2108,2,True
202512146775104,XC,2025-12-14,DEC,SUN,False,,EDB,1607,1607,DAR,1811,1808,-3,1812,1812,0,190,BHM,2208,2208,0,False
202512147542542,XC,2025-12-14,DEC,SUN,False,904,EDB,1705,1705,DAR,1909,1917,8,1911,1919,8,190,BHM,2245,2249,4,True
202512146775078,XC,2025-12-14,DEC,SUN,True,526,EDB,1805,,DAR,2007,,,2009,,,190,BHM,2325,,,
202512156775196,XC,2025-12-15,DEC,MON,False,,NCL,0623,0623,DAR,0652,0652,0,0654,0654,0,50,BHM,0928,0929,1,True
202512156775192,XC,2025-12-15,DEC,MON,False,,NCL,0640,0640,DAR,0709,0709,0,0710,0712,2,50,BHM,1004,1005,1,True
202512156775082,XC,2025-12-15,DEC,MON,False,,EDB,0602,0602,DAR,0810,0808,-2,0811,0810,-1,190,BHM,1106,1110,4,True
202512156775198,XC,2025-12-15,DEC,MON,False,,NCL,0835,0835,DAR,0904,0905,1,0906,0908,2,50,BHM,1127,1128,1,True
202512156775118,XC,2025-12-15,DEC,MON,False,,GLC,0648,0647,DAR,1010,1009,-1,1011,1012,1,228,BHM,1306,1307,1,True
202512156775200,XC,2025-12-15,DEC,MON,False,,NCL,1033,1034,DAR,1104,1103,-1,1105,1106,1,50,BHM,1328,1342,14,True
202512156775088,XC,2025-12-15,DEC,MON,False,,EDB,1005,1005,DAR,1210,1212,2,1213,1215,2,190,BHM,1506,1508,2,True
202512156775202,XC,2025-12-15,DEC,MON,False,,NCL,1233,1232,DAR,1303,1303,0,1305,1307,2,50,BHM,1528,1532,4,True
202512156775091,XC,2025-12-15,DEC,MON,False,,EDB,1205,1204,DAR,1410,1408,-2,1412,1411,-1,190,BHM,1706,1705,-1,False
202512156775204,XC,2025-12-15,DEC,MON,False,576,NCL,1434,1436,DAR,1504,1505,1,1506,1507,1,50,BHM,1727,1738,11,True
202512156775096,XC,2025-12-15,DEC,MON,False,,EDB,1404,1403,DAR,1610,1613,3,1611,1615,4,190,BHM,1907,1910,3,True
202512156775190,XC,2025-12-15,DEC,MON,False,,NCL,1634,1633,DAR,1704,1704,0,1705,1707,2,50,BHM,1931,1925,-6,False
202512156775102,XC,2025-12-15,DEC,MON,False,910,EDB,1605,1605,DAR,1810,1809,-1,1812,1812,0,190,BHM,2107,2115,8,True
202512156775105,XC,2025-12-15,DEC,MON,False,,EDB,1704,1703,DAR,1910,1908,-2,1912,1912,0,190,BHM,2209,2210,1,True
202512156775079,XC,2025-12-15,DEC,MON,False,832,EDB,1804,1803,DAR,2010,2007,-3,2011,2010,-1,190,BHM,2328,2326,-2,False
202512166775461,XC,2025-12-16,DEC,TUE,False,,NCL,0518,0517,DAR,0550,0548,-2,0552,0552,0,50,BHM,0828,0832,4,True
202512166775196,XC,2025-12-16,DEC,TUE,False,,NCL,0623,0623,DAR,0652,0653,1,0654,0654,0,50,BHM,0928,0932,4,True
202512166775192,XC,2025-12-16,DEC,TUE,False,,NCL,0640,0640,DAR,0709,0710,1,0710,0712,2,50,BHM,1004,1003,-1,False
202512166775082,XC,2025-12-16,DEC,TUE,False,,EDB,0602,0603,DAR,0810,0810,0,0811,0812,1,190,BHM,1106,1109,3,True
202512166775198,XC,2025-12-16,DEC,TUE,False,,NCL,0835,0835,DAR,0904,0904,0,0906,0906,0,50,BHM,1127,1131,4,True
202512166775118,XC,2025-12-16,DEC,TUE,False,,GLC,0648,0647,DAR,1010,1009,-1,1011,1011,0,228,BHM,1306,1323,17,True
202512166775200,XC,2025-12-16,DEC,TUE,False,,NCL,1033,1034,DAR,1104,1105,1,1105,1106,1,50,BHM,1328,1334,6,True
202512166775088,XC,2025-12-16,DEC,TUE,False,,EDB,1005,1005,DAR,1210,1209,-1,1213,1213,0,190,BHM,1506,1513,7,True
202512166775202,XC,2025-12-16,DEC,TUE,False,,NCL,1233,1233,DAR,1303,1303,0,1305,1307,2,50,BHM,1528,1532,4,True
202512166775091,XC,2025-12-16,DEC,TUE,False,,EDB,1205,1205,DAR,1410,1409,-1,1412,1412,0,190,BHM,1706,1711,5,True
202512166775204,XC,2025-12-16,DEC,TUE,False,832,NCL,1434,1433,DAR,1504,1503,-1,1506,1506,0,50,BHM,1727,1744,17,True
202512166775096,XC,2025-12-16,DEC,TUE,False,576,EDB,1404,1403,DAR,1610,1727,77,1611,1730,79,190,BHM,1907,2013,66,True
202512166775190,XC,2025-12-16,DEC,TUE,True,576,NCL,1634,,DAR,1704,,,1705,,,50,BHM,1931,,,
202512166775102,XC,2025-12-16,DEC,TUE,False,650,EDB,1605,1605,DAR,1810,1841,31,1812,1843,31,190,BHM,2107,2133,26,True
202512166775105,XC,2025-12-16,DEC,TUE,False,,EDB,1704,1704,DAR,1910,1917,7,1912,1919,7,190,BHM,2209,2221,12,True
202512166775079,XC,2025-12-16,DEC,TUE,False,650,EDB,1804,,DAR,2010,2040,30,2011,2043,32,190,BHM,2328,2332,4,True
202512176775461,XC,2025-12-17,DEC,WED,False,,NCL,0518,0518,DAR,0550,0548,-2,0552,0552,0,50,BHM,0828,0833,5,True
202512176775196,XC,2025-12-17,DEC,WED,False,,NCL,0623,0623,DAR,0652,0652,0,0654,0654,0,50,BHM,0928,0927,-1,False
202512176775192,XC,2025-12-17,DEC,WED,False,,NCL,0640,0639,DAR,0709,0714,5,0710,0716,6,50,BHM,1004,1007,3,True
202512176775082,XC,2025-12-17,DEC,WED,False,,EDB,0602,0602,DAR,0810,0809,-1,0811,0811,0,190,BHM,1106,1108,2,True
202512176775198,XC,2025-12-17,DEC,WED,False,,NCL,0835,0834,DAR,0904,0903,-1,0906,0905,-1,50,BHM,1127,1127,0,False
202512176775118,XC,2025-12-17,DEC,WED,False,,GLC,0648,0647,DAR,1010,1008,-2,1011,1011,0,228,BHM,1306,1309,3,True
202512176775200,XC,2025-12-17,DEC,WED,False,,NCL,1033,1033,DAR,1104,1103,-1,1105,1106,1,50,BHM,1328,1335,7,True
202512176775088,XC,2025-12-17,DEC,WED,False,,EDB,1005,1004,DAR,1210,1209,-1,1213,1213,0,190,BHM,1506,1505,-1,False
202512176775202,XC,2025-12-17,DEC,WED,False,,NCL,1233,1233,DAR,1303,1308,5,1305,1310,5,50,BHM,1528,1527,-1,False
202512176775091,XC,2025-12-17,DEC,WED,False,,EDB,1205,1204,DAR,1410,1409,-1,1412,1411,-1,190,BHM,1706,1707,1,True
202512176775204,XC,2025-12-17,DEC,WED,False,,NCL,1434,1434,DAR,1504,1503,-1,1506,1507,1,50,BHM,1727,1728,1,True
202512176775096,XC,2025-12-17,DEC,WED,False,,EDB,1404,1403,DAR,1610,1608,-2,1611,1610,-1,190,BHM,1907,1907,0,False
202512176775190,XC,2025-12-17,DEC,WED,False,,NCL,1634,1634,DAR,1704,1704,0,1705,1706,1,50,BHM,1931,1931,0,False
202512176775102,XC,2025-12-17,DEC,WED,False,,EDB,1605,1605,DAR,1810,1809,-1,1812,1812,0,190,BHM,2107,2109,2,True
202512176775105,XC,2025-12-17,DEC,WED,False,,EDB,1704,1705,DAR,1910,1911,1,1912,1913,1,190,BHM,2209,2210,1,True
202512176775079,XC,2025-12-17,DEC,WED,False,904,EDB,1804,1804,DAR,2010,2008,-2,2011,2010,-1,190,BHM,2328,2327,-1,False
202512186775461,XC,2025-12-18,DEC,THU,False,,NCL,0518,0517,DAR,0550,0548,-2,0552,0551,-1,50,BHM,0828,0829,1,True
202512186775196,XC,2025-12-18,DEC,THU,False,,NCL,0623,0623,DAR,0652,0651,-1,0654,0654,0,50,BHM,0928,0930,2,True
202512186775192,XC,2025-12-18,DEC,THU,False,,NCL,0640,0640,DAR,0709,0709,0,0710,0711,1,50,BHM,1004,1007,3,True
202512186775082,XC,2025-12-18,DEC,THU,False,,EDB,0602,0602,DAR,0810,0810,0,0811,0812,1,190,BHM,1106,1114,8,True
202512186775198,XC,2025-12-18,DEC,THU,False,,NCL,0835,0835,DAR,0904,0906,2,0906,0908,2,50,BHM,1127,1125,-2,False
202512186775118,XC,2025-12-18,DEC,THU,False,,GLC,0648,0647,DAR,1010,1007,-3,1011,1011,0,228,BHM,1306,1307,1,True
202512186775200,XC,2025-12-18,DEC,THU,False,,NCL,1033,1033,DAR,1104,1104,0,1105,1106,1,50,BHM,1328,1329,1,True
202512186775088,XC,2025-12-18,DEC,THU,False,,EDB,1005,1005,DAR,1210,1209,-1,1213,1216,3,190,BHM,1506,1518,12,True
202512186775202,XC,2025-12-18,DEC,THU,False,,NCL,1233,1236,DAR,1303,1305,2,1305,1307,2,50,BHM,1528,1529,1,True
202512186775091,XC,2025-12-18,DEC,THU,False,576,EDB,1205,1205,DAR,1410,1431,21,1412,1432,20,190,BHM,1706,1733,27,True
202512186775204,XC,2025-12-18,DEC,THU,False,,NCL,1434,1435,DAR,1504,1504,0,1506,1507,1,50,BHM,1727,1739,12,True
202512186775096,XC,2025-12-18,DEC,THU,False,,EDB,1404,1403,DAR,1610,1612,2,1611,1614,3,190,BHM,1907,1906,-1,False
202512186775190,XC,2025-12-18,DEC,THU,False,,NCL,1634,1635,DAR,1704,1704,0,1705,1705,0,50,BHM,1931,1929,-2,False
202512186775102,XC,2025-12-18,DEC,THU,False,,EDB,1605,1605,DAR,1810,1809,-1,1812,1812,0,190,BHM,2107,2106,-1,False
202512186775105,XC,2025-12-18,DEC,THU,False,887,EDB,1704,1704,DAR,1910,1910,0,1912,1912,0,190,BHM,2209,2257,48,True
202512186775079,XC,2025-12-18,DEC,THU,False,,EDB,1804,1803,DAR,2010,2008,-2,2011,2011,0,190,BHM,2328,2329,1,True
202512196775461,XC,2025-12-19,DEC,FRI,False,,NCL,0518,0518,DAR,0550,0548,-2,0552,0552,0,50,BHM,0828,0830,2,True
202512196775196,XC,2025-12-19,DEC,FRI,False,,NCL,0623,0623,DAR,0652,0652,0,0654,0654,0,50,BHM,0928,0932,4,True
202512196775192,XC,2025-12-19,DEC,FRI,True,526,NCL,0640,,DAR,0709,,,0710,,,50,BHM,1004,,,
202512196775082,XC,2025-12-19,DEC,FRI,False,,EDB,0602,0603,DAR,0810,0809,-1,0811,0811,0,190,BHM,1106,1109,3,True
202512196775198,XC,2025-12-19,DEC,FRI,False,,NCL,0835,0835,DAR,0904,0905,1,0906,0907,1,50,BHM,1127,1128,1,True
202512196775118,XC,2025-12-19,DEC,FRI,False,,GLC,0648,0648,DAR,1010,1009,-1,1011,1011,0,228,BHM,1306,1310,4,True
202512196775200,XC,2025-12-19,DEC,FRI,False,,NCL,1033,1033,DAR,1104,1104,0,1105,1107,2,50,BHM,1328,1328,0,False
202512196775088,XC,2025-12-19,DEC,FRI,False,,EDB,1005,1004,DAR,1210,1210,0,1213,1212,-1,190,BHM,1506,1511,5,True
202512196775202,XC,2025-12-19,DEC,FRI,False,,NCL,1233,1233,DAR,1303,1304,1,1305,1306,1,50,BHM,1528,1530,2,True
202512196775091,XC,2025-12-19,DEC,FRI,False,,EDB,1205,1204,DAR,1410,1409,-1,1412,1412,0,190,BHM,1706,1713,7,True
202512196775204,XC,2025-12-19,DEC,FRI,False,,NCL,1434,1434,DAR,1504,1503,-1,1506,1505,-1,50,BHM,1727,1734,7,True
202512196775096,XC,2025-12-19,DEC,FRI,False,,EDB,1404,1403,DAR,1610,1613,3,1611,1615,4,190,BHM,1907,1914,7,True
202512196775190,XC,2025-12-19,DEC,FRI,False,,NCL,1634,1634,DAR,1704,1706,2,1705,1708,3,50,BHM,1931,1931,0,False
202512196775102,XC,2025-12-19,DEC,FRI,False,,EDB,1605,1604,DAR,1810,1812,2,1812,1814,2,190,BHM,2107,2110,3,True
202512196775105,XC,2025-12-19,DEC,FRI,False,,EDB,1704,1704,DAR,1910,1909,-1,1912,1911,-1,190,BHM,2209,2220,11,True
202512196775079,XC,2025-12-19,DEC,FRI,False,705,EDB,1804,1811,DAR,2010,2038,28,2011,2040,29,190,BHM,2328,2355,27,True
202512206775197,XC,2025-12-20,DEC,SAT,True,528,NCL,0622,,DAR,0651,,,0653,,,50,BHM,0927,,,
202512206775193,XC,2025-12-20,DEC,SAT,False,574,NCL,0640,0656,DAR,0709,0730,21,0710,0733,23,50,BHM,1006,1035,29,True
202512206775083,XC,2025-12-20,DEC,SAT,True,904,EDB,0602,,DAR,0810,,,0811,,,190,BHM,1106,,,
202512206775199,XC,2025-12-20,DEC,SAT,True,526,NCL,0835,,DAR,0904,,,0906,,,50,BHM,1127,,,
202512206775119,XC,2025-12-20,DEC,SAT,False,,GLC,0648,0648,DAR,1010,1013,3,1011,1016,5,228,BHM,1306,1319,13,True
202512206775201,XC,2025-12-20,DEC,SAT,False,,NCL,1035,1036,DAR,1104,1104,0,1106,1107,1,50,BHM,1328,1330,2,True
202512206775089,XC,2025-12-20,DEC,SAT,False,,EDB,1005,1004,DAR,1210,1209,-1,1211,1211,0,190,BHM,1505,1512,7,True
202512206775203,XC,2025-12-20,DEC,SAT,True,526,NCL,1234,,DAR,1304,,,1306,,,50,BHM,1527,,,
202512206775092,XC,2025-12-20,DEC,SAT,False,,EDB,1205,1205,DAR,1410,1410,0,1412,1412,0,190,BHM,1706,1708,2,True
202512206775205,XC,2025-12-20,DEC,SAT,False,,NCL,1433,1432,DAR,1503,1502,-1,1505,1505,0,50,BHM,1727,1727,0,False
202512206775097,XC,2025-12-20,DEC,SAT,False,,EDB,1404,1403,DAR,1610,1615,5,1612,1617,5,190,BHM,1905,1910,5,True
202512206775191,XC,2025-12-20,DEC,SAT,False,904,NCL,1633,1633,DAR,1703,1710,7,1704,1714,10,50,BHM,1925,1937,12,True
202512206775103,XC,2025-12-20,DEC,SAT,False,,EDB,1605,1605,DAR,1809,1809,0,1811,1811,0,190,BHM,2106,2111,5,True
202512206775081,XC,2025-12-20,DEC,SAT,False,904,EDB,1705,1706,DAR,1910,1917,7,1911,1919,8,190,BHM,2232,2231,-1,False
202512206775080,XC,2025-12-20,DEC,SAT,False,887,EDB,1804,1804,DAR,2010,2021,11,2011,2024,13,190,BHM,2307,2325,18,True
202512216775195,XC,2025-12-21,DEC,SUN,True,526,NCL,0936,,DAR,1005,,,1006,,,50,BHM,1305,,,
202512216775086,XC,2025-12-21,DEC,SUN,False,892,EDB,0908,0908,DAR,1109,1109,0,1111,1112,1,190,BHM,1404,1417,13,True
202512216775087,XC,2025-12-21,DEC,SUN,False,892,EDB,1008,1008,DAR,1209,1211,2,1210,1214,4,190,BHM,1506,1507,1,True
202512216775090,XC,2025-12-21,DEC,SUN,False,,EDB,1107,1107,DAR,1309,1309,0,1310,1311,1,190,BHM,1604,1609,5,True
202512216775122,XC,2025-12-21,DEC,SUN,False,,GLC,1055,1055,DAR,1410,1409,-1,1411,1411,0,228,BHM,1706,1705,-1,False
202512216775093,XC,2025-12-21,DEC,SUN,False,,EDB,1305,1305,DAR,1509,1508,-1,1511,1510,-1,190,BHM,1804,1809,5,True
202512216775064,XC,2025-12-21,DEC,SUN,False,,DEE,1222,1222,DAR,1609,1610,1,1610,1612,2,,BHM,1904,1910,6,True
202512216775189,XC,2025-12-21,DEC,SUN,False,,NCL,1635,1635,DAR,1704,1710,6,1706,1711,5,50,BHM,1925,1930,5,True
202512216775101,XC,2025-12-21,DEC,SUN,False,,EDB,1607,1607,DAR,1811,1808,-3,1812,1812,0,190,BHM,2106,2107,1,True
202512216775186,XC,2025-12-21,DEC,SUN,False,,NCL,1833,1833,DAR,1902,1901,-1,1904,1903,-1,50,BHM,2124,2127,3,True
202512216775078,XC,2025-12-21,DEC,SUN,False,,EDB,1805,1805,DAR,2007,2007,0,2009,2009,0,190,BHM,2309,2308,-1,False
202512226775461,XC,2025-12-22,DEC,MON,False,,NCL,0518,0518,DAR,0550,0550,0,0552,0552,0,50,BHM,0828,0830,2,True
202512226775196,XC,2025-12-22,DEC,MON,False,,NCL,0623,0624,DAR,0652,0653,1,0654,0655,1,50,BHM,0928,0931,3,True
202512226775192,XC,2025-12-22,DEC,MON,False,,NCL,0640,0640,DAR,0709,0709,0,0710,0711,1,50,BHM,1004,1006,2,True
202512226775082,XC,2025-12-22,DEC,MON,False,886,EDB,0602,0612,DAR,0810,0819,9,0811,0822,11,190,BHM,1106,1118,12,True
202512226775198,XC,2025-12-22,DEC,MON,False,,NCL,0835,0836,DAR,0904,0907,3,0906,0909,3,50,BHM,1127,1130,3,True
202512226775118,XC,2025-12-22,DEC,MON,False,,GLC,0648,0647,DAR,1010,1008,-2,1011,1012,1,228,BHM,1306,1319,13,True
202512226775200,XC,2025-12-22,DEC,MON,True,,NCL,1033,,DAR,1104,,,1105,,,50,BHM,1328,,,
202512226775088,XC,2025-12-22,DEC,MON,False,,EDB,1005,1005,DAR,1210,1213,3,1213,1215,2,190,BHM,1506,1511,5,True
202512226775202,XC,2025-12-22,DEC,MON,False,,NCL,1233,1233,DAR,1303,1302,-1,1305,1305,0,50,BHM,1528,1530,2,True
202512226775091,XC,2025-12-22,DEC,MON,False,,EDB,1205,1204,DAR,1410,1409,-1,1412,1411,-1,190,BHM,1706,1706,0,False
202512226775204,XC,2025-12-22,DEC,MON,False,,NCL,1434,1434,DAR,1504,1504,0,1506,1507,1,50,BHM,1727,1728,1,True
202512226775096,XC,2025-12-22,DEC,MON,False,536,EDB,1404,1403,DAR,1610,1610,0,1611,1612,1,190,BHM,1907,1920,13,True
202512226775190,XC,2025-12-22,DEC,MON,False,,NCL,1634,1635,DAR,1704,1705,1,1705,1707,2,50,BHM,1931,1932,1,True
202512226775102,XC,2025-12-22,DEC,MON,False,,EDB,1605,1604,DAR,1810,1809,-1,1812,1811,-1,190,BHM,2107,2105,-2,False
202512226775105,XC,2025-12-22,DEC,MON,False,,EDB,1704,1704,DAR,1910,1911,1,1912,1913,1,190,BHM,2209,2214,5,True
202512226775079,XC,2025-12-22,DEC,MON,False,,EDB,1804,1803,DAR,2010,2008,-2,2011,2010,-1,190,BHM,2328,2325,-3,False
202512236775461,XC,2025-12-23,DEC,TUE,False,,NCL,0518,0518,DAR,0550,0548,-2,0552,0552,0,50,BHM,0828,0833,5,True
202512236775196,XC,2025-12-23,DEC,TUE,True,832,NCL,0623,,DAR,0652,,,0654,,,50,BHM,0928,,,
202512236775192,XC,2025-12-23,DEC,TUE,False,,NCL,0640,0640,DAR,0709,0710,1,0710,0712,2,50,BHM,1004,1009,5,True
202512236775082,XC,2025-12-23,DEC,TUE,False,576,EDB,0602,0619,DAR,0810,0828,18,0811,0831,20,190,BHM,1106,1128,22,True
202512236775198,XC,2025-12-23,DEC,TUE,False,832,NCL,0835,0839,DAR,0904,0907,3,0906,0911,5,50,BHM,1127,1203,36,True
202512236775118,XC,2025-12-23,DEC,TUE,False,733,GLC,0648,0647,DAR,1010,1008,-2,1011,1011,0,228,BHM,1306,1402,56,True
202512236775121,XC,2025-12-23,DEC,TUE,False,832,GLC,0748,0748,DAR,1110,1113,3,1112,1313,121,228,BHM,1404,1647,163,True
202512236775088,XC,2025-12-23,DEC,TUE,True,832,EDB,1005,,DAR,1210,,,1213,,,190,BHM,1506,,,
202512236775202,XC,2025-12-23,DEC,TUE,True,832,NCL,1233,,DAR,1303,,,1305,,,50,BHM,1528,,,
202512236775091,XC,2025-12-23,DEC,TUE,True,526,EDB,1205,,DAR,1410,,,1412,,,190,BHM,1706,,,
202512236775204,XC,2025-12-23,DEC,TUE,True,832,NCL,1434,,DAR,1504,,,1506,,,50,BHM,1727,,,
202512236775096,XC,2025-12-23,DEC,TUE,False,832,EDB,1404,1404,DAR,1610,1638,28,1611,1641,30,190,BHM,1907,2022,75,True
202512236775098,XC,2025-12-23,DEC,TUE,False,,EDB,1504,,DAR,1708,1811,63,1711,1815,64,190,BHM,2007,2121,74,True
202512236775102,XC,2025-12-23,DEC,TUE,True,526,EDB,1605,,DAR,1810,,,1812,,,190,BHM,2107,,,
202512236775105,XC,2025-12-23,DEC,TUE,False,832,EDB,1704,,DAR,1910,1937,27,1912,1939,27,190,BHM,2209,2223,14,True
202512236775079,XC,2025-12-23,DEC,TUE,False,734,EDB,1804,1903,DAR,2010,2116,66,2011,2118,67,190,BHM,2328,2345,17,True
202512246775192,XC,2025-12-24,DEC,WED,False,,NCL,0640,0640,DAR,0709,0709,0,0710,0711,1,50,BHM,1004,1004,0,False
202512246775082,XC,2025-12-24,DEC,WED,False,,EDB,0602,0601,DAR,0810,0808,-2,0811,0811,0,190,BHM,1106,1104,-2,False
202512246775084,XC,2025-12-24,DEC,WED,False,,EDB,0703,0702,DAR,0910,0908,-2,0912,0912,0,190,BHM,1204,1205,1,True
202512246775118,XC,2025-12-24,DEC,WED,False,,GLC,0648,0648,DAR,1010,1008,-2,1011,1010,-1,228,BHM,1306,1311,5,True
202512246775121,XC,2025-12-24,DEC,WED,False,,GLC,0748,,DAR,1110,1110,0,1112,1113,1,228,BHM,1404,1404,0,False
202512246775088,XC,2025-12-24,DEC,WED,False,,EDB,1005,1004,DAR,1210,1210,0,1213,1214,1,190,BHM,1506,1505,-1,False
202512246774726,XC,2025-12-24,DEC,WED,False,,ABD,0820,,DAR,1310,1309,-1,1311,1312,1,,BHM,1604,1606,2,True
202512246775091,XC,2025-12-24,DEC,WED,False,,EDB,1205,1204,DAR,1410,1409,-1,1412,1411,-1,190,BHM,1706,1706,0,False
202512246775094,XC,2025-12-24,DEC,WED,False,,EDB,1305,1304,DAR,1510,1509,-1,1512,1512,0,190,BHM,1807,1808,1,True
202512246775096,XC,2025-12-24,DEC,WED,False,,EDB,1404,1403,DAR,1610,1608,-2,1611,1610,-1,190,BHM,1907,1905,-2,False
202512246775098,XC,2025-12-24,DEC,WED,False,,EDB,1504,1503,DAR,1708,1707,-1,1711,1711,0,190,BHM,2007,2004,-3,False
202512246775102,XC,2025-12-24,DEC,WED,False,,EDB,1605,1605,DAR,1810,1809,-1,1812,1812,0,190,BHM,2108,2127,19,True
202512276775083,XC,2025-12-27,DEC,SAT,False,,EDB,0602,0601,DAR,0810,0810,0,0811,0812,1,190,BHM,1106,1112,6,True
202512276775085,XC,2025-12-27,DEC,SAT,False,543,EDB,0703,0703,DAR,0910,0928,18,0912,0931,19,190,BHM,1207,1224,17,True
202512276775119,XC,2025-12-27,DEC,SAT,False,,GLC,0648,0648,DAR,1010,1008,-2,1011,1011,0,228,BHM,1306,1305,-1,False
202512276775120,XC,2025-12-27,DEC,SAT,False,,GLC,0748,0748,DAR,1110,1110,0,1111,1113,2,228,BHM,1404,1405,1,True
202512276775089,XC,2025-12-27,DEC,SAT,False,,EDB,1005,1004,DAR,1210,1209,-1,1211,1211,0,190,BHM,1505,1505,0,False
202512276775063,XC,2025-12-27,DEC,SAT,False,886,DEE,0933,0933,DAR,1310,1310,0,1311,1313,2,,BHM,1604,1604,0,False
202512276775092,XC,2025-12-27,DEC,SAT,False,904,EDB,1205,1205,DAR,1410,1409,-1,1412,1412,0,190,BHM,1706,1708,2,True
202512276775095,XC,2025-12-27,DEC,SAT,False,,EDB,1305,1304,DAR,1510,1510,0,1512,1512,0,190,BHM,1804,1813,9,True
202512276775097,XC,2025-12-27,DEC,SAT,False,886,EDB,1404,1403,DAR,1610,1613,3,1612,1616,4,190,BHM,1905,1924,19,True
202512276775100,XC,2025-12-27,DEC,SAT,False,,EDB,1504,1503,DAR,1708,1712,4,1711,1714,3,190,BHM,2005,2012,7,True
202512276775103,XC,2025-12-27,DEC,SAT,False,,EDB,1605,1605,DAR,1809,1917,68,1811,1920,69,190,BHM,2106,2159,53,True
202512276775081,XC,2025-12-27,DEC,SAT,False,895,EDB,1705,1704,DAR,1910,1952,42,1911,1955,44,190,BHM,2232,2243,11,True
202512276775080,XC,2025-12-27,DEC,SAT,False,,EDB,1804,1803,DAR,2010,2015,5,2011,2018,7,190,BHM,2307,2316,9,True
202512286775086,XC,2025-12-28,DEC,SUN,False,,EDB,0908,0908,DAR,1109,1109,0,1111,1112,1,190,BHM,1404,1405,1,True
202512286775087,XC,2025-12-28,DEC,SUN,False,,EDB,1008,1007,DAR,1209,1207,-2,1210,1209,-1,190,BHM,1506,1506,0,False
202512286775090,XC,2025-12-28,DEC,SUN,False,,EDB,1107,1107,DAR,1309,1308,-1,1310,1312,2,190,BHM,1604,1604,0,False
202512286775122,XC,2025-12-28,DEC,SUN,False,832,GLC,1055,1054,DAR,1410,1408,-2,1411,1411,0,228,BHM,1706,1705,-1,False
202512286775093,XC,2025-12-28,DEC,SUN,False,832,EDB,1305,1311,DAR,1509,1508,-1,1511,1510,-1,190,BHM,1804,1803,-1,False
202512286775064,XC,2025-12-28,DEC,SUN,False,,DEE,1222,1222,DAR,1609,1610,1,1610,1612,2,,BHM,1904,1904,0,False
202512286775099,XC,2025-12-28,DEC,SUN,False,,EDB,1505,1504,DAR,1710,1711,1,1712,1713,1,190,BHM,2004,2003,-1,False
202512286775101,XC,2025-12-28,DEC,SUN,False,832,EDB,1607,1606,DAR,1811,1807,-4,1812,1811,-1,190,BHM,2106,2105,-1,False
202512286775104,XC,2025-12-28,DEC,SUN,False,832,EDB,1705,1706,DAR,1909,1908,-1,1911,1911,0,190,BHM,2208,2208,0,False
202512286775078,XC,2025-12-28,DEC,SUN,False,832,EDB,1805,1805,DAR,2007,2025,18,2009,2028,19,190,BHM,2309,2309,0,False
202512296775461,XC,2025-12-29,DEC,MON,True,526,NCL,0518,,DAR,0550,,,0552,,,50,BHM,0828,,,
202512296775196,XC,2025-12-29,DEC,MON,True,526,NCL,0623,,DAR,0652,,,0654,,,50,BHM,0928,,,
202512296775192,XC,2025-12-29,DEC,MON,False,,NCL,0640,0640,DAR,0709,0709,0,0710,0711,1,50,BHM,1004,1011,7,True
202512296775082,XC,2025-12-29,DEC,MON,False,,EDB,0602,0601,DAR,0810,0810,0,0811,0812,1,190,BHM,1106,1106,0,False
202512296775084,XC,2025-12-29,DEC,MON,False,886,EDB,0703,0702,DAR,0910,0909,-1,0912,0912,0,190,BHM,1204,1203,-1,False
202512296775118,XC,2025-12-29,DEC,MON,False,904,GLC,0648,0647,DAR,1010,1018,8,1011,1021,10,228,BHM,1306,1310,4,True
202512296775121,XC,2025-12-29,DEC,MON,False,,GLC,0748,0748,DAR,1110,1109,-1,1112,1112,0,228,BHM,1404,1405,1,True
202512296775088,XC,2025-12-29,DEC,MON,False,,EDB,1005,1005,DAR,1210,1210,0,1213,1214,1,190,BHM,1506,1505,-1,False
202512296774726,XC,2025-12-29,DEC,MON,False,,ABD,0820,0820,DAR,1310,1308,-2,1311,1311,0,,BHM,1604,1602,-2,False
202512296775091,XC,2025-12-29,DEC,MON,False,832,EDB,1205,,DAR,1410,1411,1,1412,1416,4,190,BHM,1706,1712,6,True
202512296775094,XC,2025-12-29,DEC,MON,False,832,EDB,1305,1304,DAR,1510,1510,0,1512,1513,1,190,BHM,1807,1826,19,True
202512296775096,XC,2025-12-29,DEC,MON,False,,EDB,1404,1403,DAR,1610,1609,-1,1611,1612,1,190,BHM,1907,1913,6,True
202512296775098,XC,2025-12-29,DEC,MON,False,,EDB,1504,1505,DAR,1708,1707,-1,1711,1711,0,190,BHM,2007,2004,-3,False
202512296775102,XC,2025-12-29,DEC,MON,False,,EDB,1605,1605,DAR,1810,1809,-1,1812,1812,0,190,BHM,2107,2105,-2,False
202512296775105,XC,2025-12-29,DEC,MON,False,911,EDB,1704,1703,DAR,1910,1909,-1,1911,1912,1,190,BHM,2209,2210,1,True
202512296775079,XC,2025-12-29,DEC,MON,False,904,EDB,1804,1804,DAR,2010,2014,4,2011,2017,6,190,BHM,2328,2342,14,True
202512306775461,XC,2025-12-30,DEC,TUE,False,,NCL,0518,0518,DAR,0550,0551,1,0552,0554,2,50,BHM,0828,0830,2,True
202512306775196,XC,2025-12-30,DEC,TUE,False,,NCL,0623,0623,DAR,0652,0652,0,0654,0654,0,50,BHM,0928,0928,0,False
202512306775192,XC,2025-12-30,DEC,TUE,False,,NCL,0640,0640,DAR,0709,0709,0,0710,0712,2,50,BHM,1004,1006,2,True
202512306775082,XC,2025-12-30,DEC,TUE,False,,EDB,0602,0602,DAR,0810,0809,-1,0811,0812,1,190,BHM,1106,1109,3,True
202512306775084,XC,2025-12-30,DEC,TUE,False,,EDB,0703,0703,DAR,0910,0908,-2,0912,0911,-1,190,BHM,1204,1202,-2,False
202512306775118,XC,2025-12-30,DEC,TUE,False,,GLC,0648,0647,DAR,1010,1008,-2,1011,1011,0,228,BHM,1306,1309,3,True
202512306775121,XC,2025-12-30,DEC,TUE,False,,GLC,0748,0748,DAR,1110,1109,-1,1112,1112,0,228,BHM,1404,1403,-1,False
202512306775088,XC,2025-12-30,DEC,TUE,False,,EDB,1005,1004,DAR,1210,1210,0,1213,1212,-1,190,BHM,1506,1506,0,False
202512306774726,XC,2025-12-30,DEC,TUE,False,,ABD,0820,0820,DAR,1310,1311,1,1311,1314,3,,BHM,1604,1606,2,True
202512306775091,XC,2025-12-30,DEC,TUE,False,,EDB,1205,1204,DAR,1410,1410,0,1412,1412,0,190,BHM,1706,1709,3,True
202512306775094,XC,2025-12-30,DEC,TUE,False,574,EDB,1305,1305,DAR,1510,1523,13,1512,1525,13,190,BHM,1807,1805,-2,False
202512306775096,XC,2025-12-30,DEC,TUE,False,896,EDB,1404,1403,DAR,1610,1611,1,1611,1613,2,190,BHM,1907,1919,12,True
202512306775098,XC,2025-12-30,DEC,TUE,False,832,EDB,1504,1505,DAR,1708,1724,16,1711,1726,15,190,BHM,2007,2013,6,True
202512306775102,XC,2025-12-30,DEC,TUE,False,,EDB,1605,1604,DAR,1810,1809,-1,1812,1812,0,190,BHM,2107,2105,-2,False
202512306775105,XC,2025-12-30,DEC,TUE,False,,EDB,1704,1704,DAR,1910,1910,0,1911,1912,1,190,BHM,2209,2208,-1,False
202512306775079,XC,2025-12-30,DEC,TUE,False,896,EDB,1804,1806,DAR,2010,2012,2,2011,2013,2,190,BHM,2328,2326,-2,False
202512316775192,XC,2025-12-31,DEC,WED,False,,NCL,0640,0640,DAR,0709,0708,-1,0710,0710,0,50,BHM,1004,1004,0,False
202512316775082,XC,2025-12-31,DEC,WED,False,,EDB,0602,0602,DAR,0810,0811,1,0811,0813,2,190,BHM,1106,1105,-1,False
202512316775084,XC,2025-12-31,DEC,WED,False,,EDB,0703,0702,DAR,0910,0910,0,0912,0912,0,190,BHM,1204,1204,0,False
202512316775118,XC,2025-12-31,DEC,WED,False,,GLC,0648,0647,DAR,1010,1008,-2,1011,1011,0,228,BHM,1306,1306,0,False
202512316775121,XC,2025-12-31,DEC,WED,False,880,GLC,0748,0748,DAR,1110,1109,-1,1112,1112,0,228,BHM,1404,1425,21,True
202512316775088,XC,2025-12-31,DEC,WED,False,,EDB,1005,1004,DAR,1210,1209,-1,1213,1215,2,190,BHM,1506,1507,1,True
202512316774726,XC,2025-12-31,DEC,WED,False,896,ABD,0820,0820,DAR,1310,1315,5,1311,1319,8,,BHM,1604,1606,2,True
202512316775091,XC,2025-12-31,DEC,WED,False,650,EDB,1205,1204,DAR,1410,1409,-1,1412,1411,-1,190,BHM,1706,1705,-1,False
202512316775094,XC,2025-12-31,DEC,WED,False,,EDB,1305,1304,DAR,1510,1509,-1,1512,1512,0,190,BHM,1807,1804,-3,False
202512316775096,XC,2025-12-31,DEC,WED,False,,EDB,1404,1403,DAR,1610,1610,0,1611,1612,1,190,BHM,1905,1908,3,True
202512316775098,XC,2025-12-31,DEC,WED,False,,EDB,1504,1506,DAR,1708,1714,6,1711,1716,5,190,BHM,2007,2004,-3,False
202512316775102,XC,2025-12-31,DEC,WED,False,745,EDB,1605,1605,DAR,1810,1809,-1,1812,1812,0,190,BHM,2110,2118,8,True
202601016775082,XC,2026-01-01,JAN,THU,False,,NCL,0740,0740,DAR,0810,0809,-1,0811,0812,1,50,BHM,1106,1110,4,True
202601016775084,XC,2026-01-01,JAN,THU,False,,EDB,0703,0702,DAR,0910,0909,-1,0912,0912,0,190,BHM,1204,1217,13,True
202601016775118,XC,2026-01-01,JAN,THU,False,,EDB,0808,0807,DAR,1010,1008,-2,1011,1011,0,190,BHM,1306,1313,7,True
202601016775121,XC,2026-01-01,JAN,THU,False,,EDB,0905,0905,DAR,1110,1109,-1,1112,1112,0,190,BHM,1404,1411,7,True
202601016775088,XC,2026-01-01,JAN,THU,False,,EDB,1005,1004,DAR,1210,1209,-1,1213,1212,-1,190,BHM,1506,1507,1,True
202601016774726,XC,2026-01-01,JAN,THU,False,,EDB,1104,1103,DAR,1310,1313,3,1311,1314,3,190,BHM,1604,1607,3,True
202601016775091,XC,2026-01-01,JAN,THU,False,,EDB,1205,1204,DAR,1410,1410,0,1412,1413,1,190,BHM,1706,1706,0,False
202601016775094,XC,2026-01-01,JAN,THU,False,,EDB,1305,1305,DAR,1510,1509,-1,1512,1512,0,190,BHM,1807,1808,1,True
202601016775096,XC,2026-01-01,JAN,THU,False,,EDB,1404,1403,DAR,1610,1608,-2,1611,1610,-1,190,BHM,1907,1907,0,False
202601016775098,XC,2026-01-01,JAN,THU,False,,EDB,1504,1503,DAR,1708,1706,-2,1711,1710,-1,190,BHM,2007,2009,2,True
202601016775102,XC,2026-01-01,JAN,THU,False,,EDB,1605,1604,DAR,1810,1809,-1,1812,1812,0,190,BHM,2107,2104,-3,False
202601016775105,XC,2026-01-01,JAN,THU,False,,EDB,1704,1703,DAR,1910,1908,-2,1911,1911,0,190,BHM,2209,2208,-1,False
202601016775079,XC,2026-01-01,JAN,THU,False,,EDB,1804,1804,DAR,2010,2007,-3,2011,2010,-1,190,BHM,2328,2331,3,True
202601026775461,XC,2026-01-02,JAN,FRI,False,,NCL,0518,0518,DAR,0550,0548,-2,0552,0551,-1,50,BHM,0828,0828,0,False
202601026775196,XC,2026-01-02,JAN,FRI,False,,NCL,0623,0623,DAR,0652,0651,-1,0654,0654,0,50,BHM,0928,0931,3,True
202601026775192,XC,2026-01-02,JAN,FRI,False,574,NCL,0640,0647,DAR,0709,0717,8,0710,0719,9,50,BHM,1004,1011,7,True
202601026775082,XC,2026-01-02,JAN,FRI,False,,EDB,0602,0602,DAR,0810,0808,-2,0811,0811,0,190,BHM,1106,1105,-1,False
202601026775084,XC,2026-01-02,JAN,FRI,False,,EDB,0703,0703,DAR,0910,0909,-1,0912,0912,0,190,BHM,1204,1204,0,False
202601026775118,XC,2026-01-02,JAN,FRI,False,,GLC,0648,0649,DAR,1010,1010,0,1011,1012,1,228,BHM,1306,1309,3,True
202601026775121,XC,2026-01-02,JAN,FRI,False,887,GLC,0748,0748,DAR,1110,1112,2,1112,1116,4,228,BHM,1404,1423,19,True
202601026775088,XC,2026-01-02,JAN,FRI,False,576,EDB,1005,1004,DAR,1210,1210,0,1213,1213,0,190,BHM,1506,1525,19,True
202601026774726,XC,2026-01-02,JAN,FRI,False,,ABD,0820,,DAR,1310,1309,-1,1311,1312,1,,BHM,1604,1603,-1,False
202601026775091,XC,2026-01-02,JAN,FRI,False,,EDB,1205,1206,DAR,1410,1410,0,1412,1412,0,190,BHM,1706,1705,-1,False
202601026775094,XC,2026-01-02,JAN,FRI,False,,EDB,1305,1305,DAR,1510,1511,1,1512,1513,1,190,BHM,1807,1803,-4,False
202601026775096,XC,2026-01-02,JAN,FRI,False,,EDB,1404,1403,DAR,1610,1610,0,1611,1612,1,190,BHM,1907,1908,1,True
202601026775098,XC,2026-01-02,JAN,FRI,False,520,EDB,1504,1505,DAR,1708,1708,0,1711,1711,0,190,BHM,2007,2033,26,True
202601026775102,XC,2026-01-02,JAN,FRI,False,,EDB,1605,1604,DAR,1810,1808,-2,1812,1813,1,190,BHM,2107,2105,-2,False
202601026775105,XC,2026-01-02,JAN,FRI,False,,EDB,1704,1703,DAR,1910,1908,-2,1911,1911,0,190,BHM,2209,2209,0,False
202601026775079,XC,2026-01-02,JAN,FRI,False,,EDB,1804,1803,DAR,2010,2009,-1,2011,2011,0,190,BHM,2328,2328,0,False
202601036775197,XC,2026-01-03,JAN,SAT,False,,NCL,0622,0622,DAR,0651,0651,0,0653,0654,1,50,BHM,0927,0925,-2,False
202601036775193,XC,2026-01-03,JAN,SAT,False,,NCL,0640,0640,DAR,0709,0708,-1,0710,0710,0,50,BHM,1006,1005,-1,False
202601036775083,XC,2026-01-03,JAN,SAT,False,,EDB,0602,0601,DAR,0810,0811,1,0811,0813,2,190,BHM,1106,1106,0,False
202601036775085,XC,2026-01-03,JAN,SAT,False,,EDB,0703,0705,DAR,0910,0914,4,0912,0917,5,190,BHM,1207,1210,3,True
202601036775119,XC,2026-01-03,JAN,SAT,True,832,GLC,0648,,DAR,1010,,,1011,,,228,BHM,1306,,,
202601036775120,XC,2026-01-03,JAN,SAT,True,,GLC,0748,,DAR,1110,,,1111,,,228,BHM,1404,,,
202601036775089,XC,2026-01-03,JAN,SAT,True,,EDB,1005,,DAR,1210,,,1211,,,190,BHM,1505,,,
202601036775063,XC,2026-01-03,JAN,SAT,False,911,DEE,0933,0933,DAR,1310,1310,0,1311,1312,1,,BHM,1604,1611,7,True
202601036775092,XC,2026-01-03,JAN,SAT,False,911,EDB,1205,1205,DAR,1410,1440,30,1412,1444,32,190,BHM,1706,1742,36,True
202601036775095,XC,2026-01-03,JAN,SAT,False,913,EDB,1305,1412,DAR,1510,1629,79,1512,1631,79,190,BHM,1804,1908,64,True
202601036775097,XC,2026-01-03,JAN,SAT,True,574,EDB,1404,,DAR,1610,,,1612,,,190,BHM,1905,,,
202601036775100,XC,2026-01-03,JAN,SAT,False,904,EDB,1504,1505,DAR,1708,1718,10,1711,1725,14,190,BHM,2005,2016,11,True
202601036775103,XC,2026-01-03,JAN,SAT,False,,EDB,1605,1605,DAR,1809,1810,1,1811,1812,1,190,BHM,2106,2108,2,True
202601036775081,XC,2026-01-03,JAN,SAT,False,,EDB,1705,1704,DAR,1910,1909,-1,1911,1914,3,190,BHM,2232,2234,2,True
202601036775080,XC,2026-01-03,JAN,SAT,False,,EDB,1804,1804,DAR,2010,2009,-1,2011,2011,0,190,BHM,2307,2306,-1,False
202601046775195,XC,2026-01-04,JAN,SUN,False,,NCL,0936,0936,DAR,1005,1005,0,1006,1007,1,50,BHM,1305,1305,0,False
202601046775086,XC,2026-01-04,JAN,SUN,False,,EDB,0908,0908,DAR,1109,1108,-1,1111,1111,0,190,BHM,1404,1403,-1,False
202601046775087,XC,2026-01-04,JAN,SUN,False,,EDB,1008,1007,DAR,1209,1209,0,1210,1211,1,190,BHM,1506,1509,3,True
202601046775090,XC,2026-01-04,JAN,SUN,False,,EDB,1107,1106,DAR,1309,1309,0,1310,1312,2,190,BHM,1604,1610,6,True
202601046775122,XC,2026-01-04,JAN,SUN,False,,GLC,1055,,DAR,1410,1415,5,1411,1417,6,228,BHM,1706,1714,8,True
202601046775093,XC,2026-01-04,JAN,SUN,False,526,EDB,1305,1319,DAR,1509,1522,13,1511,1525,14,190,BHM,1804,1803,-1,False
202601046775064,XC,2026-01-04,JAN,SUN,False,,DEE,1222,,DAR,1609,1609,0,1610,1611,1,,BHM,1904,1908,4,True
202601046775099,XC,2026-01-04,JAN,SUN,False,,EDB,1505,1504,DAR,1710,1708,-2,1712,1711,-1,190,BHM,2004,2007,3,True
202601046775101,XC,2026-01-04,JAN,SUN,False,,EDB,1607,1606,DAR,1811,1809,-2,1812,1812,0,190,BHM,2106,2107,1,True
202601046775104,XC,2026-01-04,JAN,SUN,True,654,EDB,1705,,DAR,1909,,,1911,,,190,BHM,2208,,,
202601046775078,XC,2026-01-04,JAN,SUN,False,654,EDB,1805,1848,DAR,2007,2139,92,2009,2141,92,190,BHM,2309,0021,-1368,False
202601056775461,XC,2026-01-05,JAN,MON,False,,NCL,0518,0517,DAR,0550,0548,-2,0552,0551,-1,50,BHM,0828,0834,6,True
202601056775196,XC,2026-01-05,JAN,MON,False,,NCL,0623,0623,DAR,0652,0652,0,0654,0654,0,50,BHM,0928,0929,1,True
202601056775192,XC,2026-01-05,JAN,MON,False,,NCL,0640,0642,DAR,0709,0711,2,0710,0713,3,50,BHM,1004,1003,-1,False
202601056775082,XC,2026-01-05,JAN,MON,False,573,EDB,0602,0602,DAR,0810,0858,48,0811,0900,49,190,BHM,1106,1136,30,True
202601056775084,XC,2026-01-05,JAN,MON,False,911,EDB,0703,0702,DAR,0910,0947,37,0912,0949,37,190,BHM,1204,1219,15,True
202601056775118,XC,2026-01-05,JAN,MON,False,,GLC,0648,0648,DAR,1010,1011,1,1011,1013,2,228,BHM,1306,1309,3,True
202601056775121,XC,2026-01-05,JAN,MON,False,,GLC,0748,0748,DAR,1110,1109,-1,1112,1113,1,228,BHM,1404,1403,-1,False
202601056775088,XC,2026-01-05,JAN,MON,False,574,EDB,1005,1004,DAR,1210,1256,46,1213,1301,48,190,BHM,1506,1537,31,True
202601056774726,XC,2026-01-05,JAN,MON,False,913,ABD,0820,,DAR,1310,1332,22,1311,1334,23,,BHM,1604,1608,4,True
202601056775091,XC,2026-01-05,JAN,MON,False,,EDB,1205,1205,DAR,1410,1411,1,1412,1413,1,190,BHM,1706,1710,4,True
202601056775094,XC,2026-01-05,JAN,MON,False,,EDB,1305,1306,DAR,1510,1510,0,1512,1513,1,190,BHM,1807,1805,-2,False
202601056775096,XC,2026-01-05,JAN,MON,False,,EDB,1404,1404,DAR,1610,1609,-1,1611,1611,0,190,BHM,1907,1913,6,True
202601056775098,XC,2026-01-05,JAN,MON,False,896,EDB,1504,1505,DAR,1708,1726,18,1711,1729,18,190,BHM,2007,2007,0,False
202601056775102,XC,2026-01-05,JAN,MON,False,896,EDB,1605,1605,DAR,1810,1814,4,1812,1816,4,190,BHM,2107,2108,1,True
202601056775105,XC,2026-01-05,JAN,MON,False,,EDB,1704,1704,DAR,1910,1916,6,1912,1919,7,190,BHM,2209,2212,3,True
202601056775079,XC,2026-01-05,JAN,MON,False,832,EDB,1804,1812,DAR,2010,2027,17,2011,2028,17,190,BHM,2328,2327,-1,False
202601066775461,XC,2026-01-06,JAN,TUE,False,,NCL,0518,0517,DAR,0550,0552,2,0552,0555,3,50,BHM,0828,0832,4,True
202601066775196,XC,2026-01-06,JAN,TUE,False,,NCL,0623,0622,DAR,0652,0651,-1,0654,0654,0,50,BHM,0928,0928,0,False
202601066775192,XC,2026-01-06,JAN,TUE,False,,NCL,0640,0640,DAR,0709,0711,2,0710,0713,3,50,BHM,1004,1003,-1,False
202601066775082,XC,2026-01-06,JAN,TUE,False,555,EDB,0602,0602,DAR,0810,0808,-2,0811,0810,-1,190,BHM,1106,1152,46,True
202601066775084,XC,2026-01-06,JAN,TUE,False,908,EDB,0703,0703,DAR,0910,0909,-1,0912,0912,0,190,BHM,1204,1222,18,True
202601066775118,XC,2026-01-06,JAN,TUE,False,574,GLC,0648,0705,DAR,1010,1046,36,1011,1049,38,228,BHM,1306,1352,46,True
202601066775121,XC,2026-01-06,JAN,TUE,True,896,GLC,0748,,DAR,1110,,,1112,,,228,BHM,1404,,,
202601066775088,XC,2026-01-06,JAN,TUE,False,896,EDB,1005,1005,DAR,1210,1346,96,1213,1348,95,190,BHM,1506,1642,96,True
202601066774726,XC,2026-01-06,JAN,TUE,True,820,ABD,0820,,DAR,1310,,,1311,,,,BHM,1604,,,
202601066775091,XC,2026-01-06,JAN,TUE,False,574,EDB,1205,1223,DAR,1410,1505,55,1412,1507,55,190,BHM,1706,1800,54,True
202601066775094,XC,2026-01-06,JAN,TUE,False,547,EDB,1305,1304,DAR,1510,1526,16,1512,1530,18,190,BHM,1807,1808,1,True
202601066775096,XC,2026-01-06,JAN,TUE,False,,EDB,1404,1404,DAR,1610,1615,5,1611,1617,6,190,BHM,1907,1908,1,True
202601066775098,XC,2026-01-06,JAN,TUE,False,904,EDB,1504,1510,DAR,1708,1726,18,1711,1727,16,190,BHM,2007,2005,-2,False
202601066775102,XC,2026-01-06,JAN,TUE,False,904,EDB,1605,1604,DAR,1810,1821,11,1812,1823,11,190,BHM,2107,2132,25,True
202601066775105,XC,2026-01-06,JAN,TUE,False,,EDB,1704,1703,DAR,1910,1913,3,1912,1915,3,190,BHM,2209,2214,5,True
202601066775079,XC,2026-01-06,JAN,TUE,False,576,EDB,1804,1804,DAR,2010,2026,16,2011,2027,16,190,BHM,2328,2332,4,True
202601076775461,XC,2026-01-07,JAN,WED,False,880,NCL,0518,0517,DAR,0550,0548,-2,0552,0552,0,50,BHM,0828,0837,9,True
202601076775196,XC,2026-01-07,JAN,WED,False,880,NCL,0623,0622,DAR,0652,0653,1,0654,0655,1,50,BHM,0928,0929,1,True
202601076775192,XC,2026-01-07,JAN,WED,False,880,NCL,0640,0640,DAR,0709,0708,-1,0710,0710,0,50,BHM,1004,1002,-2,False
202601076775082,XC,2026-01-07,JAN,WED,False,880,EDB,0602,0602,DAR,0810,0813,3,0811,0816,5,190,BHM,1106,1106,0,False
202601076775084,XC,2026-01-07,JAN,WED,False,880,EDB,0703,0703,DAR,0910,0908,-2,0912,0912,0,190,BHM,1204,1202,-2,False
202601076775118,XC,2026-01-07,JAN,WED,False,880,GLC,0648,0653,DAR,1010,1008,-2,1011,1011,0,228,BHM,1306,1305,-1,False
202601076775121,XC,2026-01-07,JAN,WED,False,880,GLC,0748,0748,DAR,1110,1116,6,1112,1118,6,228,BHM,1404,1403,-1,False
202601076775088,XC,2026-01-07,JAN,WED,False,895,EDB,1005,1004,DAR,1210,1209,-1,1213,1213,0,190,BHM,1506,1507,1,True
202601076774726,XC,2026-01-07,JAN,WED,False,,ABD,0820,0820,DAR,1310,1310,0,1311,1312,1,,BHM,1604,1604,0,False
202601076775091,XC,2026-01-07,JAN,WED,False,,EDB,1205,1206,DAR,1410,1409,-1,1412,1412,0,190,BHM,1706,1706,0,False
202601076775094,XC,2026-01-07,JAN,WED,False,,EDB,1305,1304,DAR,1510,1509,-1,1512,1511,-1,190,BHM,1807,1805,-2,False
202601076775096,XC,2026-01-07,JAN,WED,False,578,EDB,1404,1403,DAR,1610,1609,-1,1611,1611,0,190,BHM,1907,1908,1,True
202601076775098,XC,2026-01-07,JAN,WED,False,,EDB,1504,1507,DAR,1708,1708,0,1711,1711,0,190,BHM,2007,2005,-2,False
202601076775102,XC,2026-01-07,JAN,WED,False,,EDB,1605,1605,DAR,1810,1809,-1,1812,1812,0,190,BHM,2107,2105,-2,False
202601076775105,XC,2026-01-07,JAN,WED,False,895,EDB,1704,1703,DAR,1910,1914,4,1912,1915,3,190,BHM,2209,2208,-1,False
202601076775079,XC,2026-01-07,JAN,WED,False,895,EDB,1804,1804,DAR,2010,2013,3,2011,2016,5,190,BHM,2328,2328,0,False
202601086775461,XC,2026-01-08,JAN,THU,False,,NCL,0518,0517,DAR,0550,0548,-2,0552,0551,-1,50,BHM,0828,0831,3,True
202601086775196,XC,2026-01-08,JAN,THU,False,,NCL,0623,0623,DAR,0652,0652,0,0654,0653,-1,50,BHM,0928,0926,-2,False
202601086775192,XC,2026-01-08,JAN,THU,False,,NCL,0640,0640,DAR,0709,0709,0,0710,0711,1,50,BHM,1004,1004,0,False
202601086775082,XC,2026-01-08,JAN,THU,False,,EDB,0602,0601,DAR,0810,0808,-2,0811,0812,1,190,BHM,1106,1115,9,True
202601086775084,XC,2026-01-08,JAN,THU,False,,EDB,0703,0703,DAR,0910,0909,-1,0912,0912,0,190,BHM,1204,1200,-4,False
202601086775118,XC,2026-01-08,JAN,THU,False,,GLC,0648,0647,DAR,1010,1008,-2,1011,1011,0,228,BHM,1306,1305,-1,False
202601086775121,XC,2026-01-08,JAN,THU,False,,GLC,0748,0748,DAR,1110,1111,1,1112,1112,0,228,BHM,1404,1403,-1,False
202601086775088,XC,2026-01-08,JAN,THU,False,,EDB,1005,1004,DAR,1210,1209,-1,1213,1214,1,190,BHM,1506,1505,-1,False
202601086774726,XC,2026-01-08,JAN,THU,False,,ABD,0820,0820,DAR,1310,1309,-1,1311,1311,0,,BHM,1604,1604,0,False
202601086775091,XC,2026-01-08,JAN,THU,False,,EDB,1205,1204,DAR,1410,1409,-1,1412,1411,-1,190,BHM,1706,1705,-1,False
202601086775094,XC,2026-01-08,JAN,THU,False,,EDB,1305,1304,DAR,1510,1514,4,1512,1516,4,190,BHM,1807,1804,-3,False
202601086775096,XC,2026-01-08,JAN,THU,False,,EDB,1404,1403,DAR,1610,1608,-2,1611,1610,-1,190,BHM,1907,1913,6,True
202601086775098,XC,2026-01-08,JAN,THU,False,,EDB,1504,1503,DAR,1708,1712,4,1711,1713,2,190,BHM,2007,2013,6,True
202601086775102,XC,2026-01-08,JAN,THU,False,895,EDB,1605,1605,DAR,1810,1828,18,1812,1830,18,190,BHM,2107,2114,7,True
202601086775105,XC,2026-01-08,JAN,THU,False,820,EDB,1704,1703,DAR,1910,1910,0,1912,1912,0,190,BHM,2209,2229,20,True
202601086775079,XC,2026-01-08,JAN,THU,False,,EDB,1804,1804,DAR,2010,2008,-2,2011,2011,0,190,BHM,2328,2338,10,True
202601096775461,XC,2026-01-09,JAN,FRI,True,820,NCL,0518,,DAR,0550,,,0552,,,50,BHM,0828,,,
202601096775196,XC,2026-01-09,JAN,FRI,True,820,NCL,0623,,DAR,0652,,,0654,,,50,BHM,0928,,,
202601096775192,XC,2026-01-09,JAN,FRI,False,,NCL,0640,0640,DAR,0709,0709,0,0710,0711,1,50,BHM,1004,1017,13,True
202601096775082,XC,2026-01-09,JAN,FRI,False,,EDB,0602,0602,DAR,0810,0810,0,0811,0811,0,190,BHM,1106,1107,1,True
202601096775084,XC,2026-01-09,JAN,FRI,False,,EDB,0703,0702,DAR,0910,0910,0,0912,0912,0,190,BHM,1204,1208,4,True
202601096775118,XC,2026-01-09,JAN,FRI,False,,GLC,0648,0647,DAR,1010,1007,-3,1011,1011,0,228,BHM,1306,1318,12,True
202601096775121,XC,2026-01-09,JAN,FRI,False,,GLC,0748,0748,DAR,1110,1109,-1,1112,1112,0,228,BHM,1404,1411,7,True
202601096775088,XC,2026-01-09,JAN,FRI,False,904,EDB,1005,1017,DAR,1210,1246,36,1213,1247,34,190,BHM,1506,1529,23,True
202601096774726,XC,2026-01-09,JAN,FRI,False,,ABD,0820,0820,DAR,1310,1309,-1,1311,1311,0,,BHM,1604,1607,3,True
202601096775091,XC,2026-01-09,JAN,FRI,False,,EDB,1205,1204,DAR,1410,1410,0,1412,1413,1,190,BHM,1706,1706,0,False
202601096775094,XC,2026-01-09,JAN,FRI,False,,EDB,1305,1306,DAR,1510,1509,-1,1512,1511,-1,190,BHM,1807,1810,3,True
202601096775096,XC,2026-01-09,JAN,FRI,False,,EDB,1404,1403,DAR,1610,1609,-1,1611,1612,1,190,BHM,1907,1907,0,False
202601096775098,XC,2026-01-09,JAN,FRI,False,,EDB,1504,1503,DAR,1708,1708,0,1711,1710,-1,190,BHM,2007,2008,1,True
202601096775102,XC,2026-01-09,JAN,FRI,False,,EDB,1605,1605,DAR,1810,1809,-1,1812,1812,0,190,BHM,2107,2109,2,True
202601096775105,XC,2026-01-09,JAN,FRI,False,,EDB,1704,1703,DAR,1910,1912,2,1912,1914,2,190,BHM,2209,2211,2,True
202601096775079,XC,2026-01-09,JAN,FRI,False,573,EDB,1804,1803,DAR,2010,2009,-1,2011,2011,0,190,BHM,2328,2327,-1,False
202601106775197,XC,2026-01-10,JAN,SAT,False,,NCL,0622,0621,DAR,0651,0651,0,0653,0653,0,50,BHM,0927,0928,1,True
202601106775193,XC,2026-01-10,JAN,SAT,False,,NCL,0640,0640,DAR,0709,0708,-1,0710,0710,0,50,BHM,1006,1006,0,False
202601106775083,XC,2026-01-10,JAN,SAT,False,,EDB,0602,0602,DAR,0810,0809,-1,0811,0811,0,190,BHM,1106,1105,-1,False
202601106775085,XC,2026-01-10,JAN,SAT,False,,EDB,0703,0703,DAR,0910,0909,-1,0912,0912,0,190,BHM,1207,1202,-5,False
202601106775119,XC,2026-01-10,JAN,SAT,False,,GLC,0648,0647,DAR,1010,1008,-2,1011,1011,0,228,BHM,1306,1305,-1,False
202601106775120,XC,2026-01-10,JAN,SAT,False,,GLC,0748,0747,DAR,1110,1109,-1,1111,1112,1,228,BHM,1404,1403,-1,False
202601106775089,XC,2026-01-10,JAN,SAT,False,,EDB,1005,1004,DAR,1210,1209,-1,1211,1212,1,190,BHM,1505,1504,-1,False
202601106775063,XC,2026-01-10,JAN,SAT,False,,DEE,0933,0935,DAR,1310,1308,-2,1311,1311,0,,BHM,1604,1603,-1,False
202601106775092,XC,2026-01-10,JAN,SAT,False,,EDB,1205,1205,DAR,1410,1409,-1,1412,1412,0,190,BHM,1706,1705,-1,False
202601106775095,XC,2026-01-10,JAN,SAT,False,,EDB,1305,1304,DAR,1510,1509,-1,1512,1512,0,190,BHM,1804,1803,-1,False
202601106775097,XC,2026-01-10,JAN,SAT,False,,EDB,1404,1403,DAR,1610,1609,-1,1612,1611,-1,190,BHM,1905,1908,3,True
202601106775100,XC,2026-01-10,JAN,SAT,False,,EDB,1504,1503,DAR,1708,1708,0,1711,1711,0,190,BHM,2005,2005,0,False
202601106775103,XC,2026-01-10,JAN,SAT,False,,EDB,1605,1605,DAR,1809,1808,-1,1811,1811,0,190,BHM,2106,2106,0,False
202601106775081,XC,2026-01-10,JAN,SAT,False,,EDB,1705,1704,DAR,1910,1908,-2,1911,1911,0,190,BHM,2232,2232,0,False
202601106775080,XC,2026-01-10,JAN,SAT,False,,EDB,1804,1804,DAR,2010,2008,-2,2011,2010,-1,190,BHM,2307,2307,0,False
202601116775195,XC,2026-01-11,JAN,SUN,False,,NCL,0936,0936,DAR,1005,1005,0,1006,1006,0,50,BHM,1305,1306,1,True
202601116775086,XC,2026-01-11,JAN,SUN,False,,EDB,0908,0908,DAR,1109,1108,-1,1111,1110,-1,190,BHM,1404,1403,-1,False
202601116775087,XC,2026-01-11,JAN,SUN,False,,EDB,1008,1008,DAR,1209,1212,3,1210,1213,3,190,BHM,1506,1505,-1,False
202601116775090,XC,2026-01-11,JAN,SUN,False,,EDB,1107,1106,DAR,1309,1309,0,1310,1311,1,190,BHM,1604,1607,3,True
202601116775122,XC,2026-01-11,JAN,SUN,False,,GLC,1055,1102,DAR,1410,1412,2,1411,1415,4,228,BHM,1706,1706,0,False
202601116775093,XC,2026-01-11,JAN,SUN,False,650,EDB,1305,1305,DAR,1509,1523,14,1511,1525,14,190,BHM,1804,1802,-2,False
202601116775064,XC,2026-01-11,JAN,SUN,False,895,DEE,1222,1222,DAR,1609,1611,2,1610,1614,4,,BHM,1904,1917,13,True
202601116775099,XC,2026-01-11,JAN,SUN,False,,EDB,1505,1505,DAR,1710,1715,5,1712,1717,5,190,BHM,2004,2004,0,False
202601116775101,XC,2026-01-11,JAN,SUN,False,,EDB,1607,1607,DAR,1811,1808,-3,1812,1812,0,190,BHM,2106,2109,3,True
202601116775104,XC,2026-01-11,JAN,SUN,False,,EDB,1705,1705,DAR,1909,1908,-1,1911,1911,0,190,BHM,2208,2208,0,False
202601116775078,XC,2026-01-11,JAN,SUN,False,,EDB,1805,1806,DAR,2007,2007,0,2009,2009,0,190,BHM,2309,2310,1,True
202601126775461,XC,2026-01-12,JAN,MON,False,,NCL,0518,0517,DAR,0550,0548,-2,0552,0551,-1,50,BHM,0828,0834,6,True
202601126775196,XC,2026-01-12,JAN,MON,False,,NCL,0623,0623,DAR,0652,0652,0,0654,0654,0,50,BHM,0928,0929,1,True
202601126775192,XC,2026-01-12,JAN,MON,False,,NCL,0640,0640,DAR,0709,0709,0,0710,0711,1,50,BHM,1004,1003,-1,False
202601126775082,XC,2026-01-12,JAN,MON,False,,EDB,0602,0601,DAR,0810,0811,1,0811,0814,3,190,BHM,1106,1109,3,True
202601126775084,XC,2026-01-12,JAN,MON,False,904,EDB,0703,0703,DAR,0910,0910,0,0912,0912,0,190,BHM,1204,1202,-2,False
202601126775118,XC,2026-01-12,JAN,MON,False,896,GLC,0648,0648,DAR,1010,1042,32,1011,1044,33,228,BHM,1306,1308,2,True
202601126775121,XC,2026-01-12,JAN,MON,False,,GLC,0748,,DAR,1110,1112,2,1112,1114,2,228,BHM,1404,1403,-1,False
202601126775088,XC,2026-01-12,JAN,MON,False,,EDB,1005,1005,DAR,1210,1213,3,1213,1214,1,190,BHM,1506,1505,-1,False
202601126774726,XC,2026-01-12,JAN,MON,False,819,ABD,0820,,DAR,1310,1307,-3,1311,1311,0,,BHM,1604,1603,-1,False
202601126775091,XC,2026-01-12,JAN,MON,False,573,EDB,1205,1206,DAR,1410,1437,27,1412,1440,28,190,BHM,1706,1718,12,True
202601126775094,XC,2026-01-12,JAN,MON,False,911,EDB,1305,1323,DAR,1510,1558,48,1512,1603,51,190,BHM,1807,1834,27,True
202601126775096,XC,2026-01-12,JAN,MON,False,904,EDB,1404,1403,DAR,1610,1628,18,1611,1629,18,190,BHM,1907,1911,4,True
202601126775098,XC,2026-01-12,JAN,MON,False,,EDB,1504,1505,DAR,1708,1715,7,1711,1717,6,190,BHM,2007,2005,-2,False
202601126775102,XC,2026-01-12,JAN,MON,False,,EDB,1605,1612,DAR,1810,1809,-1,1812,1812,0,190,BHM,2107,2107,0,False
202601126775105,XC,2026-01-12,JAN,MON,False,,EDB,1704,1703,DAR,1910,1909,-1,1912,1911,-1,190,BHM,2209,2210,1,True
202601126775079,XC,2026-01-12,JAN,MON,False,904,EDB,1804,1804,DAR,2010,2029,19,2011,2030,19,190,BHM,2328,2328,0,False
202601136775461,XC,2026-01-13,JAN,TUE,False,895,NCL,0518,0518,DAR,0550,0548,-2,0552,0551,-1,50,BHM,0828,0836,8,True
202601136775196,XC,2026-01-13,JAN,TUE,False,,NCL,0623,0623,DAR,0652,0656,4,0654,0658,4,50,BHM,0928,0931,3,True
202601136775192,XC,2026-01-13,JAN,TUE,False,,NCL,0640,0640,DAR,0709,0709,0,0710,0711,1,50,BHM,1004,1007,3,True
202601136775082,XC,2026-01-13,JAN,TUE,False,,EDB,0602,0602,DAR,0810,0808,-2,0811,0810,-1,190,BHM,1106,1107,1,True
202601136775084,XC,2026-01-13,JAN,TUE,False,,EDB,0703,0703,DAR,0910,0910,0,0912,0912,0,190,BHM,1204,1200,-4,False
202601136775118,XC,2026-01-13,JAN,TUE,False,,GLC,0648,0647,DAR,1010,1008,-2,1011,1012,1,228,BHM,1306,1307,1,True
202601136775121,XC,2026-01-13,JAN,TUE,False,,GLC,0748,0747,DAR,1110,1112,2,1112,1114,2,228,BHM,1404,1403,-1,False
202601136775088,XC,2026-01-13,JAN,TUE,False,,EDB,1005,1004,DAR,1210,1209,-1,1213,1212,-1,190,BHM,1506,1505,-1,False
202601136774726,XC,2026-01-13,JAN,TUE,False,904,ABD,0820,0820,DAR,1310,1307,-3,1311,1310,-1,,BHM,1604,1616,12,True
202601136775091,XC,2026-01-13,JAN,TUE,False,,EDB,1205,1205,DAR,1410,1408,-2,1412,1411,-1,190,BHM,1706,1706,0,False
202601136775094,XC,2026-01-13,JAN,TUE,False,,EDB,1305,1304,DAR,1510,1510,0,1512,1512,0,190,BHM,1807,1803,-4,False
202601136775096,XC,2026-01-13,JAN,TUE,False,,EDB,1404,1403,DAR,1610,1608,-2,1611,1610,-1,190,BHM,1907,1905,-2,False
202601136775098,XC,2026-01-13,JAN,TUE,False,,EDB,1504,1504,DAR,1708,1707,-1,1711,1710,-1,190,BHM,2007,2005,-2,False
202601136775102,XC,2026-01-13,JAN,TUE,False,,EDB,1605,1605,DAR,1810,1812,2,1812,1813,1,190,BHM,2107,2109,2,True
202601136775105,XC,2026-01-13,JAN,TUE,False,,EDB,1704,1704,DAR,1910,1917,7,1912,1918,6,190,BHM,2209,2213,4,True
202601136775079,XC,2026-01-13,JAN,TUE,False,,EDB,1804,1803,DAR,2010,2016,6,2011,2018,7,190,BHM,2328,2326,-2,False
202601146775461,XC,2026-01-14,JAN,WED,True,528,NCL,0518,,DAR,0550,,,0552,,,50,BHM,0828,,,
202601146775196,XC,2026-01-14,JAN,WED,False,,NCL,0623,0624,DAR,0652,0653,1,0654,0655,1,50,BHM,0928,0926,-2,False
202601146775192,XC,2026-01-14,JAN,WED,False,,NCL,0640,0640,DAR,0709,0710,1,0710,0712,2,50,BHM,1004,1004,0,False
202601146775082,XC,2026-01-14,JAN,WED,False,,EDB,0602,0601,DAR,0810,0809,-1,0811,0813,2,190,BHM,1106,1107,1,True
202601146775084,XC,2026-01-14,JAN,WED,False,,EDB,0703,0702,DAR,0910,0909,-1,0912,0912,0,190,BHM,1204,1209,5,True
202601146775118,XC,2026-01-14,JAN,WED,False,,GLC,0648,0647,DAR,1010,1008,-2,1011,1011,0,228,BHM,1306,1309,3,True
202601146775121,XC,2026-01-14,JAN,WED,False,,GLC,0748,0751,DAR,1110,1110,0,1112,1112,0,228,BHM,1404,1409,5,True
202601146775088,XC,2026-01-14,JAN,WED,False,904,EDB,1005,1004,DAR,1210,1215,5,1213,1218,5,190,BHM,1506,1504,-2,False
202601146774726,XC,2026-01-14,JAN,WED,False,,ABD,0820,0820,DAR,1310,1308,-2,1311,1311,0,,BHM,1604,1609,5,True
202601146775091,XC,2026-01-14,JAN,WED,False,,EDB,1205,1204,DAR,1410,1408,-2,1412,1411,-1,190,BHM,1706,1714,8,True
202601146775094,XC,2026-01-14,JAN,WED,False,,EDB,1305,1304,DAR,1510,1510,0,1512,1512,0,190,BHM,1807,1805,-2,False
202601146775096,XC,2026-01-14,JAN,WED,False,,EDB,1404,1403,DAR,1610,1608,-2,1611,1611,0,190,BHM,1907,1909,2,True
202601146775098,XC,2026-01-14,JAN,WED,False,,EDB,1504,1503,DAR,1708,1711,3,1711,1713,2,190,BHM,2007,2005,-2,False
202601146775102,XC,2026-01-14,JAN,WED,False,,EDB,1605,1605,DAR,1810,1811,1,1812,1813,1,190,BHM,2107,2106,-1,False
202601146775105,XC,2026-01-14,JAN,WED,False,,EDB,1704,1703,DAR,1910,1909,-1,1912,1912,0,190,BHM,2209,2210,1,True
202601146775079,XC,2026-01-14,JAN,WED,False,,EDB,1804,1803,DAR,2010,2008,-2,2011,2011,0,190,BHM,2328,2331,3,True
202601156775461,XC,2026-01-15,JAN,THU,False,,NCL,0518,0517,DAR,0550,0548,-2,0552,0551,-1,50,BHM,0828,0830,2,True
202601156775196,XC,2026-01-15,JAN,THU,False,896,NCL,0623,0623,DAR,0652,0652,0,0654,0654,0,50,BHM,0928,1003,35,True
202601156775192,XC,2026-01-15,JAN,THU,False,,NCL,0640,0640,DAR,0709,0711,2,0710,0712,2,50,BHM,1004,1010,6,True
202601156775082,XC,2026-01-15,JAN,THU,False,,EDB,0602,0601,DAR,0810,0808,-2,0811,0811,0,190,BHM,1106,1105,-1,False
202601156775084,XC,2026-01-15,JAN,THU,False,,EDB,0703,0703,DAR,0910,0909,-1,0912,0911,-1,190,BHM,1204,1204,0,False
202601156775118,XC,2026-01-15,JAN,THU,False,,GLC,0648,0647,DAR,1010,1009,-1,1011,1010,-1,228,BHM,1306,1306,0,False
202601156775121,XC,2026-01-15,JAN,THU,False,,GLC,0748,0748,DAR,1110,1109,-1,1112,1112,0,228,BHM,1404,1402,-2,False
202601156775088,XC,2026-01-15,JAN,THU,False,,EDB,1005,1004,DAR,1210,1212,2,1213,1213,0,190,BHM,1506,1505,-1,False
202601156774726,XC,2026-01-15,JAN,THU,False,,ABD,0820,0820,DAR,1310,1314,4,1311,1315,4,,BHM,1604,1608,4,True
202601156775091,XC,2026-01-15,JAN,THU,False,,EDB,1205,1204,DAR,1410,1409,-1,1412,1412,0,190,BHM,1706,1707,1,True
202601156775094,XC,2026-01-15,JAN,THU,False,,EDB,1305,1304,DAR,1510,1510,0,1512,1512,0,190,BHM,1807,1814,7,True
202601156775096,XC,2026-01-15,JAN,THU,False,,EDB,1404,1403,DAR,1610,1611,1,1611,1613,2,190,BHM,1907,1907,0,False
202601156775098,XC,2026-01-15,JAN,THU,False,,EDB,1504,1503,DAR,1708,1714,6,1711,1716,5,190,BHM,2007,2003,-4,False
202601156775102,XC,2026-01-15,JAN,THU,False,,EDB,1605,1605,DAR,1810,1809,-1,1812,1812,0,190,BHM,2107,2106,-1,False
202601156775105,XC,2026-01-15,JAN,THU,False,,EDB,1704,1704,DAR,1910,1908,-2,1912,1912,0,190,BHM,2209,2209,0,False
202601156775079,XC,2026-01-15,JAN,THU,False,,EDB,1804,1803,DAR,2010,2008,-2,2011,2011,0,190,BHM,2328,2326,-2,False
202601166775461,XC,2026-01-16,JAN,FRI,False,,NCL,0518,0518,DAR,0550,0548,-2,0552,0552,0,50,BHM,0828,0831,3,True
202601166775196,XC,2026-01-16,JAN,FRI,False,,NCL,0623,0622,DAR,0652,0651,-1,0654,0654,0,50,BHM,0928,0929,1,True
202601166775192,XC,2026-01-16,JAN,FRI,False,,NCL,0640,0639,DAR,0709,0709,0,0710,0711,1,50,BHM,1004,1004,0,False
202601166775082,XC,2026-01-16,JAN,FRI,False,,EDB,0602,0601,DAR,0810,0808,-2,0811,0811,0,190,BHM,1106,1107,1,True
202601166775084,XC,2026-01-16,JAN,FRI,False,573,EDB,0703,0702,DAR,0910,0908,-2,0912,0912,0,190,BHM,1204,1205,1,True
202601166775118,XC,2026-01-16,JAN,FRI,False,501,GLC,0648,0647,DAR,1010,1007,-3,1011,1010,-1,228,BHM,1306,1306,0,False
202601166775121,XC,2026-01-16,JAN,FRI,False,,GLC,0748,0749,DAR,1110,1109,-1,1112,1112,0,228,BHM,1404,1404,0,False
202601166775088,XC,2026-01-16,JAN,FRI,False,,EDB,1005,1004,DAR,1210,1210,0,1213,1213,0,190,BHM,1506,1508,2,True
202601166774726,XC,2026-01-16,JAN,FRI,False,,ABD,0820,0820,DAR,1310,1308,-2,1311,1311,0,,BHM,1604,1604,0,False
202601166775091,XC,2026-01-16,JAN,FRI,False,,EDB,1205,1204,DAR,1410,1411,1,1412,1413,1,190,BHM,1706,1706,0,False
202601166775094,XC,2026-01-16,JAN,FRI,False,,EDB,1305,1304,DAR,1510,1510,0,1512,1513,1,190,BHM,1807,1806,-1,False
202601166775096,XC,2026-01-16,JAN,FRI,False,,EDB,1404,1403,DAR,1610,1608,-2,1611,1611,0,190,BHM,1907,1909,2,True
202601166775098,XC,2026-01-16,JAN,FRI,False,,EDB,1504,1504,DAR,1708,1708,0,1711,1711,0,190,BHM,2007,2017,10,True
202601166775102,XC,2026-01-16,JAN,FRI,False,,EDB,1605,1604,DAR,1810,1809,-1,1812,1811,-1,190,BHM,2107,2115,8,True
202601166775105,XC,2026-01-16,JAN,FRI,False,,EDB,1704,1703,DAR,1910,1924,14,1912,1927,15,190,BHM,2209,2211,2,True
202601166775079,XC,2026-01-16,JAN,FRI,False,,EDB,1804,1803,DAR,2010,2033,23,2011,2035,24,190,BHM,2328,2328,0,False
202601176775197,XC,2026-01-17,JAN,SAT,False,,NCL,0622,0621,DAR,0651,0651,0,0653,0653,0,50,BHM,0927,0927,0,False
202601176775193,XC,2026-01-17,JAN,SAT,False,,NCL,0640,0640,DAR,0709,0709,0,0710,0710,0,50,BHM,1006,1005,-1,False
202601176775083,XC,2026-01-17,JAN,SAT,False,,EDB,0602,0601,DAR,0810,0808,-2,0811,0811,0,190,BHM,1106,1106,0,False
202601176775085,XC,2026-01-17,JAN,SAT,False,,EDB,0703,0703,DAR,0910,0909,-1,0912,0912,0,190,BHM,1207,1203,-4,False
202601176775119,XC,2026-01-17,JAN,SAT,False,,GLC,0648,0648,DAR,1010,1009,-1,1011,1011,0,228,BHM,1306,1309,3,True
202601176775120,XC,2026-01-17,JAN,SAT,False,,GLC,0748,0748,DAR,1110,1108,-2,1111,1111,0,228,BHM,1404,1402,-2,False
202601176775089,XC,2026-01-17,JAN,SAT,False,,EDB,1005,1004,DAR,1210,1208,-2,1211,1210,-1,190,BHM,1505,1507,2,True
202601176775063,XC,2026-01-17,JAN,SAT,False,,EDB,1105,1105,DAR,1310,1310,0,1311,1313,2,190,BHM,1604,1604,0,False
202601176775092,XC,2026-01-17,JAN,SAT,False,,EDB,1205,1205,DAR,1410,1409,-1,1412,1412,0,190,BHM,1706,1704,-2,False
202601176775095,XC,2026-01-17,JAN,SAT,False,,EDB,1305,1304,DAR,1510,1509,-1,1512,1512,0,190,BHM,1804,1806,2,True
202601176775097,XC,2026-01-17,JAN,SAT,False,,EDB,1404,1404,DAR,1610,1608,-2,1612,1612,0,190,BHM,1905,1908,3,True
202601176775100,XC,2026-01-17,JAN,SAT,False,,EDB,1504,1504,DAR,1708,1706,-2,1711,1711,0,190,BHM,2005,2010,5,True
202601176775103,XC,2026-01-17,JAN,SAT,False,,EDB,1605,1605,DAR,1809,1808,-1,1811,1811,0,190,BHM,2106,2107,1,True
202601176775081,XC,2026-01-17,JAN,SAT,False,,EDB,1705,1704,DAR,1910,1914,4,1911,1916,5,190,BHM,2232,2233,1,True
202601176775080,XC,2026-01-17,JAN,SAT,False,,EDB,1804,1804,DAR,2010,2011,1,2011,2015,4,190,BHM,2307,2307,0,False
202601186775195,XC,2026-01-18,JAN,SUN,False,,NCL,0936,0936,DAR,1005,1005,0,1006,1007,1,50,BHM,1305,1305,0,False
202601186775086,XC,2026-01-18,JAN,SUN,True,528,EDB,0908,,DAR,1109,,,1111,,,190,BHM,1404,,,
202601186775087,XC,2026-01-18,JAN,SUN,False,,EDB,1008,1008,DAR,1209,1207,-2,1210,1210,0,190,BHM,1506,1507,1,True
202601186775090,XC,2026-01-18,JAN,SUN,False,,EDB,1107,1107,DAR,1309,1310,1,1310,1312,2,190,BHM,1604,1606,2,True
202601186775122,XC,2026-01-18,JAN,SUN,False,,GLC,1055,,DAR,1410,1408,-2,1411,1411,0,228,BHM,1706,1706,0,False
202601186775093,XC,2026-01-18,JAN,SUN,False,526,EDB,1305,1321,DAR,1509,1523,14,1511,1525,14,190,BHM,1804,1805,1,True
202601186775064,XC,2026-01-18,JAN,SUN,False,,EDB,1408,1412,DAR,1609,1611,2,1610,1613,3,190,BHM,1904,1911,7,True
202601186775099,XC,2026-01-18,JAN,SUN,False,526,EDB,1505,1511,DAR,1710,1723,13,1712,1725,13,190,BHM,2004,2004,0,False
202601186775101,XC,2026-01-18,JAN,SUN,False,,EDB,1607,1606,DAR,1811,1808,-3,1812,1812,0,190,BHM,2106,2104,-2,False
202601186775104,XC,2026-01-18,JAN,SUN,False,,EDB,1705,1704,DAR,1909,1908,-1,1911,1911,0,190,BHM,2208,2207,-1,False
202601186775078,XC,2026-01-18,JAN,SUN,False,,EDB,1805,1805,DAR,2007,2009,2,2009,2010,1,190,BHM,2309,2307,-2,False
202601196775461,XC,2026-01-19,JAN,MON,False,,NCL,0518,0518,DAR,0550,0549,-1,0552,0552,0,50,BHM,0828,0835,7,True
202601196775196,XC,2026-01-19,JAN,MON,False,,NCL,0623,0623,DAR,0652,0654,2,0654,0656,2,50,BHM,0928,0927,-1,False
202601196775192,XC,2026-01-19,JAN,MON,False,,NCL,0640,0640,DAR,0709,0711,2,0710,0713,3,50,BHM,1004,1003,-1,False
202601196775082,XC,2026-01-19,JAN,MON,False,,EDB,0602,0602,DAR,0810,0809,-1,0811,0811,0,190,BHM,1106,1104,-2,False
202601196775084,XC,2026-01-19,JAN,MON,False,895,EDB,0703,0702,DAR,0910,0910,0,0912,0912,0,190,BHM,1204,1200,-4,False
202601196775118,XC,2026-01-19,JAN,MON,False,901,GLC,0648,0647,DAR,1010,1009,-1,1011,1012,1,228,BHM,1306,1311,5,True
202601196775121,XC,2026-01-19,JAN,MON,False,,GLC,0748,0748,DAR,1110,1109,-1,1112,1111,-1,228,BHM,1404,1405,1,True
202601196775088,XC,2026-01-19,JAN,MON,False,,EDB,1005,1004,DAR,1210,1209,-1,1213,1212,-1,190,BHM,1506,1509,3,True
202601196774726,XC,2026-01-19,JAN,MON,False,,EDB,1104,1104,DAR,1310,1311,1,1311,1314,3,190,BHM,1604,1602,-2,False
202601196775091,XC,2026-01-19,JAN,MON,False,,EDB,1205,1204,DAR,1410,1410,0,1412,1412,0,190,BHM,1706,1704,-2,False
202601196775094,XC,2026-01-19,JAN,MON,False,,EDB,1305,1304,DAR,1510,1514,4,1512,1516,4,190,BHM,1807,1808,1,True
202601196775096,XC,2026-01-19,JAN,MON,False,895,EDB,1404,1403,DAR,1610,1608,-2,1611,1611,0,190,BHM,1907,1906,-1,False
202601196775098,XC,2026-01-19,JAN,MON,False,895,EDB,1504,1503,DAR,1708,1711,3,1711,1713,2,190,BHM,2007,2004,-3,False
202601196775102,XC,2026-01-19,JAN,MON,False,,EDB,1605,1605,DAR,1810,1809,-1,1812,1811,-1,190,BHM,2107,2108,1,True
202601196775105,XC,2026-01-19,JAN,MON,False,,EDB,1704,1704,DAR,1910,1908,-2,1912,1911,-1,190,BHM,2209,2210,1,True
202601196775079,XC,2026-01-19,JAN,MON,False,,EDB,1804,1805,DAR,2010,2008,-2,2011,2010,-1,190,BHM,2328,2325,-3,False
202601206775461,XC,2026-01-20,JAN,TUE,False,,NCL,0518,0517,DAR,0550,0549,-1,0552,0552,0,50,BHM,0828,0832,4,True
202601206775196,XC,2026-01-20,JAN,TUE,False,,NCL,0623,0623,DAR,0652,0652,0,0654,0654,0,50,BHM,0928,0933,5,True
202601206775192,XC,2026-01-20,JAN,TUE,False,,NCL,0640,0640,DAR,0709,0709,0,0710,0711,1,50,BHM,1004,1008,4,True
202601206775082,XC,2026-01-20,JAN,TUE,False,543,EDB,0602,0602,DAR,0810,0809,-1,0811,0811,0,190,BHM,1106,1104,-2,False
202601206775084,XC,2026-01-20,JAN,TUE,False,,EDB,0703,0703,DAR,0910,0909,-1,0912,0912,0,190,BHM,1204,1200,-4,False
202601206775118,XC,2026-01-20,JAN,TUE,False,,GLC,0648,0647,DAR,1010,1007,-3,1011,1010,-1,228,BHM,1306,1304,-2,False
202601206775121,XC,2026-01-20,JAN,TUE,False,,GLC,0748,0748,DAR,1110,1111,1,1112,1112,0,228,BHM,1404,1405,1,True
202601206775088,XC,2026-01-20,JAN,TUE,False,501,EDB,1005,1004,DAR,1210,1212,2,1213,1213,0,190,BHM,1506,1507,1,True
202601206774726,XC,2026-01-20,JAN,TUE,False,,EDB,1104,1104,DAR,1310,1308,-2,1311,1310,-1,190,BHM,1604,1604,0,False
202601206775091,XC,2026-01-20,JAN,TUE,False,,EDB,1205,1205,DAR,1410,1410,0,1412,1411,-1,190,BHM,1706,1704,-2,False
202601206775094,XC,2026-01-20,JAN,TUE,False,,EDB,1305,1304,DAR,1510,1509,-1,1512,1511,-1,190,BHM,1807,1803,-4,False
202601206775096,XC,2026-01-20,JAN,TUE,False,,EDB,1404,1403,DAR,1610,1609,-1,1611,1611,0,190,BHM,1907,1908,1,True
202601206775098,XC,2026-01-20,JAN,TUE,False,,EDB,1504,1504,DAR,1708,1708,0,1711,1711,0,190,BHM,2007,2010,3,True
202601206775102,XC,2026-01-20,JAN,TUE,False,,EDB,1605,1604,DAR,1810,1808,-2,1812,1812,0,190,BHM,2107,2107,0,False
202601206775105,XC,2026-01-20,JAN,TUE,False,,EDB,1704,1703,DAR,1910,1909,-1,1912,1912,0,190,BHM,2209,2207,-2,False
202601206775079,XC,2026-01-20,JAN,TUE,False,,EDB,1804,1807,DAR,2010,2008,-2,2011,2011,0,190,BHM,2328,2327,-1,False
202601216775461,XC,2026-01-21,JAN,WED,False,895,NCL,0518,0518,DAR,0550,0549,-1,0552,0553,1,50,BHM,0828,0834,6,True
202601216775196,XC,2026-01-21,JAN,WED,False,579,NCL,0623,0623,DAR,0652,0653,1,0654,0655,1,50,BHM,0928,0943,15,True
202601216775192,XC,2026-01-21,JAN,WED,False,,NCL,0640,0640,DAR,0709,0709,0,0710,0710,0,50,BHM,1004,1003,-1,False
202601216775082,XC,2026-01-21,JAN,WED,False,,EDB,0602,0602,DAR,0810,0809,-1,0811,0811,0,190,BHM,1106,1108,2,True
202601216775084,XC,2026-01-21,JAN,WED,False,,EDB,0703,0703,DAR,0910,0908,-2,0912,0912,0,190,BHM,1204,1207,3,True
202601216775118,XC,2026-01-21,JAN,WED,False,,GLC,0648,0647,DAR,1010,1010,0,1011,1012,1,228,BHM,1306,1306,0,False
202601216775121,XC,2026-01-21,JAN,WED,False,,GLC,0748,0748,DAR,1110,1109,-1,1112,1111,-1,228,BHM,1404,1412,8,True
202601216775088,XC,2026-01-21,JAN,WED,False,,EDB,1005,1004,DAR,1210,1210,0,1213,1213,0,190,BHM,1506,1505,-1,False
202601216774726,XC,2026-01-21,JAN,WED,False,,EDB,1104,1104,DAR,1310,1310,0,1311,1312,1,190,BHM,1604,1603,-1,False
202601216775091,XC,2026-01-21,JAN,WED,False,,EDB,1205,1204,DAR,1410,1409,-1,1412,1412,0,190,BHM,1706,1707,1,True
202601216775094,XC,2026-01-21,JAN,WED,False,,EDB,1305,1305,DAR,1510,1510,0,1512,1512,0,190,BHM,1807,1807,0,False
202601216775096,XC,2026-01-21,JAN,WED,False,,EDB,1404,1403,DAR,1610,1608,-2,1611,1610,-1,190,BHM,1907,1906,-1,False
202601216775098,XC,2026-01-21,JAN,WED,False,,EDB,1504,1503,DAR,1708,1707,-1,1711,1711,0,190,BHM,2007,2004,-3,False
202601216775102,XC,2026-01-21,JAN,WED,False,,EDB,1605,1604,DAR,1810,1808,-2,1812,1812,0,190,BHM,2107,2119,12,True
202601216775105,XC,2026-01-21,JAN,WED,False,,EDB,1704,1703,DAR,1910,1909,-1,1912,1911,-1,190,BHM,2209,2210,1,True
202601216775079,XC,2026-01-21,JAN,WED,False,,EDB,1804,1804,DAR,2010,2012,2,2011,2015,4,190,BHM,2328,2326,-2,False
202601226775461,XC,2026-01-22,JAN,THU,True,528,NCL,0518,,DAR,0550,,,0552,,,50,BHM,0828,,,
202601226775196,XC,2026-01-22,JAN,THU,False,904,NCL,0623,0623,DAR,0652,0653,1,0654,0656,2,50,BHM,0928,0938,10,True
202601226775192,XC,2026-01-22,JAN,THU,False,904,NCL,0640,0639,DAR,0709,0708,-1,0710,0710,0,50,BHM,1004,1004,0,False
202601226775082,XC,2026-01-22,JAN,THU,False,,EDB,0602,0601,DAR,0810,0808,-2,0811,0810,-1,190,BHM,1106,1108,2,True
202601226775084,XC,2026-01-22,JAN,THU,False,,EDB,0703,0702,DAR,0910,0910,0,0912,0912,0,190,BHM,1204,1204,0,False
202601226775118,XC,2026-01-22,JAN,THU,False,,GLC,0648,0647,DAR,1010,1009,-1,1011,1011,0,228,BHM,1306,1304,-2,False
202601226775121,XC,2026-01-22,JAN,THU,False,,GLC,0748,0749,DAR,1110,1109,-1,1112,1112,0,228,BHM,1404,1404,0,False
202601226775088,XC,2026-01-22,JAN,THU,False,,EDB,1005,1004,DAR,1210,1209,-1,1213,1212,-1,190,BHM,1506,1506,0,False
202601226774726,XC,2026-01-22,JAN,THU,False,,EDB,1104,1104,DAR,1310,1308,-2,1311,1311,0,190,BHM,1604,1609,5,True
202601226775091,XC,2026-01-22,JAN,THU,False,,EDB,1205,1204,DAR,1410,1410,0,1412,1412,0,190,BHM,1706,1706,0,False
202601226775094,XC,2026-01-22,JAN,THU,False,,EDB,1305,1305,DAR,1510,1509,-1,1512,1514,2,190,BHM,1807,1804,-3,False
202601226775096,XC,2026-01-22,JAN,THU,False,,EDB,1404,1403,DAR,1610,1609,-1,1611,1611,0,190,BHM,1907,1907,0,False
202601226775098,XC,2026-01-22,JAN,THU,False,,EDB,1504,1503,DAR,1708,1708,0,1711,1711,0,190,BHM,2007,2004,-3,False
202601226775102,XC,2026-01-22,JAN,THU,False,,EDB,1605,1605,DAR,1810,1810,0,1812,1812,0,190,BHM,2107,2105,-2,False
202601226775105,XC,2026-01-22,JAN,THU,False,,EDB,1704,1703,DAR,1910,1911,1,1912,1913,1,190,BHM,2209,2208,-1,False
202601226775079,XC,2026-01-22,JAN,THU,False,,EDB,1804,1804,DAR,2010,2007,-3,2011,2011,0,190,BHM,2328,2327,-1,False
202601236775461,XC,2026-01-23,JAN,FRI,False,,NCL,0518,0517,DAR,0550,0549,-1,0552,0552,0,50,BHM,0828,0833,5,True
202601236775196,XC,2026-01-23,JAN,FRI,False,501,NCL,0623,0623,DAR,0652,0651,-1,0654,0654,0,50,BHM,0928,0935,7,True
202601236775192,XC,2026-01-23,JAN,FRI,False,,NCL,0640,0640,DAR,0709,0709,0,0710,0713,3,50,BHM,1004,1002,-2,False
202601236775082,XC,2026-01-23,JAN,FRI,False,,EDB,0602,0602,DAR,0810,0809,-1,0811,0811,0,190,BHM,1106,1111,5,True
202601236775084,XC,2026-01-23,JAN,FRI,False,,EDB,0703,0702,DAR,0910,0908,-2,0912,0912,0,190,BHM,1204,1203,-1,False
202601236775118,XC,2026-01-23,JAN,FRI,False,,GLC,0648,0647,DAR,1010,1009,-1,1011,1011,0,228,BHM,1306,1308,2,True
202601236775121,XC,2026-01-23,JAN,FRI,False,,GLC,0748,0749,DAR,1110,1110,0,1112,1112,0,228,BHM,1404,1406,2,True
202601236775088,XC,2026-01-23,JAN,FRI,False,,EDB,1005,1005,DAR,1210,1210,0,1213,1212,-1,190,BHM,1506,1504,-2,False
202601236774726,XC,2026-01-23,JAN,FRI,False,,EDB,1104,1103,DAR,1310,1309,-1,1311,1311,0,190,BHM,1604,1604,0,False
202601236775091,XC,2026-01-23,JAN,FRI,False,,EDB,1205,1204,DAR,1410,1409,-1,1412,1411,-1,190,BHM,1706,1706,0,False
202601236775094,XC,2026-01-23,JAN,FRI,False,,EDB,1305,1304,DAR,1510,1511,1,1512,1512,0,190,BHM,1807,1812,5,True
202601236775096,XC,2026-01-23,JAN,FRI,False,,EDB,1404,1403,DAR,1610,1608,-2,1611,1611,0,190,BHM,1907,1907,0,False
202601236775098,XC,2026-01-23,JAN,FRI,False,,EDB,1504,1503,DAR,1708,1709,1,1711,1712,1,190,BHM,2007,2005,-2,False
202601236775102,XC,2026-01-23,JAN,FRI,False,,EDB,1605,1605,DAR,1810,1809,-1,1812,1812,0,190,BHM,2107,2105,-2,False
202601236775105,XC,2026-01-23,JAN,FRI,False,,EDB,1704,1703,DAR,1910,1912,2,1912,1914,2,190,BHM,2209,2210,1,True
202601236775079,XC,2026-01-23,JAN,FRI,False,,EDB,1804,1804,DAR,2010,2009,-1,2011,2011,0,190,BHM,2328,2330,2,True
202601246775193,XC,2026-01-24,JAN,SAT,False,,NCL,0640,0640,DAR,0709,0710,1,0710,0713,3,50,BHM,1006,1006,0,False
202601246775083,XC,2026-01-24,JAN,SAT,False,819,EDB,0602,0601,DAR,0810,0808,-2,0811,0810,-1,190,BHM,1106,1105,-1,False
202601246775085,XC,2026-01-24,JAN,SAT,False,,EDB,0703,0704,DAR,0910,0909,-1,0912,0912,0,190,BHM,1207,1203,-4,False
202601246775119,XC,2026-01-24,JAN,SAT,False,,GLC,0648,0648,DAR,1010,1011,1,1011,1013,2,228,BHM,1306,1306,0,False
202601246775120,XC,2026-01-24,JAN,SAT,False,,GLC,0748,0747,DAR,1110,1108,-2,1111,1111,0,228,BHM,1404,1404,0,False
202601246775089,XC,2026-01-24,JAN,SAT,False,,EDB,1005,1004,DAR,1210,1209,-1,1211,1211,0,190,BHM,1505,1505,0,False
202601246775063,XC,2026-01-24,JAN,SAT,False,,EDB,1105,1105,DAR,1310,1308,-2,1311,1311,0,190,BHM,1604,1603,-1,False
202601246775092,XC,2026-01-24,JAN,SAT,False,,EDB,1205,1205,DAR,1410,1409,-1,1412,1412,0,190,BHM,1706,1705,-1,False
202601246775095,XC,2026-01-24,JAN,SAT,False,,EDB,1305,1304,DAR,1510,1508,-2,1512,1512,0,190,BHM,1804,1803,-1,False
202601246775097,XC,2026-01-24,JAN,SAT,False,777,EDB,1404,1403,DAR,1610,1620,10,1612,1623,11,190,BHM,1905,1950,45,True
202601246775100,XC,2026-01-24,JAN,SAT,False,,EDB,1504,1503,DAR,1708,1709,1,1711,1712,1,190,BHM,2005,2014,9,True
202601246775103,XC,2026-01-24,JAN,SAT,False,777,EDB,1605,1604,DAR,1809,1818,9,1811,1821,10,190,BHM,2106,2105,-1,False
202601246775081,XC,2026-01-24,JAN,SAT,False,,EDB,1705,1704,DAR,1910,1913,3,1911,1915,4,190,BHM,2232,2231,-1,False
202601246775080,XC,2026-01-24,JAN,SAT,False,,EDB,1804,1804,DAR,2010,2019,9,2011,2021,10,190,BHM,2307,2305,-2,False
202601256775195,XC,2026-01-25,JAN,SUN,False,,NCL,0936,0936,DAR,1005,1004,-1,1006,1006,0,50,BHM,1305,1306,1,True
202601256775086,XC,2026-01-25,JAN,SUN,False,,EDB,0908,0907,DAR,1109,1108,-1,1111,1111,0,190,BHM,1404,1406,2,True
202601256775087,XC,2026-01-25,JAN,SUN,False,886,EDB,1008,1007,DAR,1209,1223,14,1210,1230,20,190,BHM,1506,1512,6,True
202601256775090,XC,2026-01-25,JAN,SUN,False,,EDB,1107,1107,DAR,1309,1311,2,1310,1312,2,190,BHM,1604,1607,3,True
202601256775122,XC,2026-01-25,JAN,SUN,False,,GLC,1055,1055,DAR,1410,1408,-2,1411,1411,0,228,BHM,1706,1706,0,False
202601256775093,XC,2026-01-25,JAN,SUN,False,,EDB,1305,1304,DAR,1509,1509,0,1511,1511,0,190,BHM,1804,1809,5,True
202601256775064,XC,2026-01-25,JAN,SUN,False,,EDB,1408,1409,DAR,1609,1608,-1,1610,1610,0,190,BHM,1904,1912,8,True
202601256775099,XC,2026-01-25,JAN,SUN,False,,EDB,1505,1505,DAR,1710,1709,-1,1712,1712,0,190,BHM,2004,2008,4,True
202601256775101,XC,2026-01-25,JAN,SUN,False,,EDB,1607,1607,DAR,1811,1809,-2,1812,1812,0,190,BHM,2106,2106,0,False
202601256775104,XC,2026-01-25,JAN,SUN,False,,EDB,1705,1705,DAR,1909,1909,0,1911,1911,0,190,BHM,2208,2208,0,False
202601256775078,XC,2026-01-25,JAN,SUN,False,,EDB,1805,1804,DAR,2007,2007,0,2009,2009,0,190,BHM,2309,2309,0,False
202601266775461,XC,2026-01-26,JAN,MON,False,,NCL,0518,0518,DAR,0550,0549,-1,0552,0552,0,50,BHM,0828,0839,11,True
202601266775196,XC,2026-01-26,JAN,MON,False,,NCL,0623,0623,DAR,0652,0652,0,0654,0654,0,50,BHM,0928,0926,-2,False
202601266775192,XC,2026-01-26,JAN,MON,False,824,NCL,0640,0640,DAR,0709,0709,0,0710,0711,1,50,BHM,1004,1016,12,True
202601266775082,XC,2026-01-26,JAN,MON,False,904,EDB,0602,0601,DAR,0810,0809,-1,0811,0811,0,190,BHM,1106,1109,3,True
202601266775198,XC,2026-01-26,JAN,MON,False,,NCL,0835,0837,DAR,0904,0905,1,0906,0907,1,50,BHM,1127,1126,-1,False
202601266775118,XC,2026-01-26,JAN,MON,False,772,GLC,0648,0647,DAR,1010,1008,-2,1011,1011,0,228,BHM,1306,1321,15,True
202601266775200,XC,2026-01-26,JAN,MON,False,,NCL,1033,1033,DAR,1104,1102,-2,1105,1105,0,50,BHM,1328,1333,5,True
202601266775088,XC,2026-01-26,JAN,MON,False,,EDB,1005,1004,DAR,1210,1209,-1,1213,1213,0,190,BHM,1506,1505,-1,False
202601266775202,XC,2026-01-26,JAN,MON,False,,NCL,1233,1234,DAR,1303,1303,0,1305,1305,0,50,BHM,1528,1528,0,False
202601266775091,XC,2026-01-26,JAN,MON,False,536,EDB,1205,1204,DAR,1410,1408,-2,1412,1411,-1,190,BHM,1706,1730,24,True
202601266775204,XC,2026-01-26,JAN,MON,False,904,NCL,1434,1436,DAR,1504,1505,1,1506,1507,1,50,BHM,1727,1733,6,True
202601266775096,XC,2026-01-26,JAN,MON,False,,EDB,1404,1403,DAR,1610,1610,0,1611,1611,0,190,BHM,1907,1908,1,True
202601266775190,XC,2026-01-26,JAN,MON,False,574,NCL,1634,1643,DAR,1704,1716,12,1705,1718,13,50,BHM,1931,1938,7,True
202601266775102,XC,2026-01-26,JAN,MON,False,,EDB,1605,1604,DAR,1810,1808,-2,1812,1812,0,190,BHM,2107,2108,1,True
202601266775105,XC,2026-01-26,JAN,MON,False,,EDB,1704,1703,DAR,1910,1908,-2,1912,1911,-1,190,BHM,2209,2210,1,True
202601266775079,XC,2026-01-26,JAN,MON,False,547,EDB,1804,1804,DAR,2010,2016,6,2011,2017,6,190,BHM,2328,0023,-1385,False
202601276775461,XC,2026-01-27,JAN,TUE,False,,NCL,0518,0518,DAR,0550,0550,0,0552,0552,0,50,BHM,0828,0833,5,True
202601276775196,XC,2026-01-27,JAN,TUE,False,,NCL,0623,0623,DAR,0652,0651,-1,0654,0654,0,50,BHM,0928,0926,-2,False
202601276775192,XC,2026-01-27,JAN,TUE,False,,NCL,0640,0640,DAR,0709,0709,0,0710,0712,2,50,BHM,1004,1005,1,True
202601276775082,XC,2026-01-27,JAN,TUE,False,784,EDB,0602,0601,DAR,0810,0823,13,0811,0825,14,190,BHM,1106,1120,14,True
202601276775198,XC,2026-01-27,JAN,TUE,False,,NCL,0835,0835,DAR,0904,0904,0,0906,0906,0,50,BHM,1127,1131,4,True
202601276775118,XC,2026-01-27,JAN,TUE,False,,GLC,0648,0647,DAR,1010,1009,-1,1011,1011,0,228,BHM,1306,1308,2,True
202601276775200,XC,2026-01-27,JAN,TUE,False,,NCL,1033,1034,DAR,1104,1104,0,1105,1107,2,50,BHM,1328,1328,0,False
202601276775088,XC,2026-01-27,JAN,TUE,False,913,EDB,1005,1038,DAR,1210,1239,29,1213,1242,29,190,BHM,1506,1504,-2,False
202601276775202,XC,2026-01-27,JAN,TUE,False,,NCL,1233,1234,DAR,1303,1302,-1,1305,1305,0,50,BHM,1528,1529,1,True
202601276775091,XC,2026-01-27,JAN,TUE,False,,EDB,1205,1204,DAR,1410,1409,-1,1412,1411,-1,190,BHM,1706,1705,-1,False
202601276775204,XC,2026-01-27,JAN,TUE,False,,NCL,1434,1433,DAR,1504,1504,0,1506,1506,0,50,BHM,1727,1727,0,False
202601276775096,XC,2026-01-27,JAN,TUE,False,,EDB,1404,1403,DAR,1610,1609,-1,1611,1611,0,190,BHM,1907,1910,3,True
202601276775190,XC,2026-01-27,JAN,TUE,False,,NCL,1634,1635,DAR,1704,1707,3,1705,1709,4,50,BHM,1931,1930,-1,False
202601276775102,XC,2026-01-27,JAN,TUE,False,,EDB,1605,1604,DAR,1810,1810,0,1812,1812,0,190,BHM,2107,2106,-1,False
202601276775105,XC,2026-01-27,JAN,TUE,False,792,EDB,1704,1718,DAR,1910,1926,16,1912,1928,16,190,BHM,2209,2215,6,True
202601276775079,XC,2026-01-27,JAN,TUE,False,,EDB,1804,1803,DAR,2010,2010,0,2011,2012,1,190,BHM,2328,2326,-2,False
202601286775461,XC,2026-01-28,JAN,WED,False,,NCL,0518,0518,DAR,0550,0549,-1,0552,0552,0,50,BHM,0828,0832,4,True
202601286775196,XC,2026-01-28,JAN,WED,False,,NCL,0623,0623,DAR,0652,0653,1,0654,0655,1,50,BHM,0928,0926,-2,False
202601286775192,XC,2026-01-28,JAN,WED,False,904,NCL,0640,0640,DAR,0709,0709,0,0710,0711,1,50,BHM,1004,1017,13,True
202601286775082,XC,2026-01-28,JAN,WED,False,,EDB,0602,0602,DAR,0810,0808,-2,0811,0811,0,190,BHM,1106,1104,-2,False
202601286775198,XC,2026-01-28,JAN,WED,False,574,NCL,0835,0835,DAR,0904,0904,0,0906,0906,0,50,BHM,1127,1140,13,True
202601286775118,XC,2026-01-28,JAN,WED,False,,GLC,0648,0647,DAR,1010,1009,-1,1011,1012,1,228,BHM,1306,1311,5,True
202601286775200,XC,2026-01-28,JAN,WED,False,,NCL,1033,1035,DAR,1104,1105,1,1105,1107,2,50,BHM,1328,1326,-2,False
202601286775088,XC,2026-01-28,JAN,WED,False,573,EDB,1005,1004,DAR,1210,1216,6,1213,1218,5,190,BHM,1506,1602,56,True
202601286775202,XC,2026-01-28,JAN,WED,False,,NCL,1233,1233,DAR,1303,1301,-2,1305,1306,1,50,BHM,1528,1528,0,False
202601286775091,XC,2026-01-28,JAN,WED,False,772,EDB,1205,1205,DAR,1410,1428,18,1412,1430,18,190,BHM,1706,1728,22,True
202601286775204,XC,2026-01-28,JAN,WED,False,,NCL,1434,1439,DAR,1504,1507,3,1506,1508,2,50,BHM,1727,1738,11,True
202601286775096,XC,2026-01-28,JAN,WED,False,,EDB,1404,1403,DAR,1610,1609,-1,1611,1611,0,190,BHM,1907,1914,7,True
202601286775190,XC,2026-01-28,JAN,WED,False,543,NCL,1634,1633,DAR,1704,1704,0,1705,1706,1,50,BHM,1931,1943,12,True
202601286775102,XC,2026-01-28,JAN,WED,False,,EDB,1605,1606,DAR,1810,1809,-1,1812,1811,-1,190,BHM,2107,2105,-2,False
202601286775105,XC,2026-01-28,JAN,WED,False,913,EDB,1704,1728,DAR,1910,1934,24,1912,1939,27,190,BHM,2209,2232,23,True
202601286775079,XC,2026-01-28,JAN,WED,False,871,EDB,1804,1805,DAR,2010,2025,15,2011,2027,16,190,BHM,2328,2326,-2,False
202601296775461,XC,2026-01-29,JAN,THU,False,,NCL,0518,0518,DAR,0550,0548,-2,0552,0552,0,50,BHM,0828,0829,1,True
202601296775196,XC,2026-01-29,JAN,THU,False,,NCL,0623,0626,DAR,0652,0656,4,0654,0658,4,50,BHM,0928,0928,0,False
202601296775192,XC,2026-01-29,JAN,THU,False,,NCL,0640,0640,DAR,0709,0710,1,0710,0712,2,50,BHM,1004,1003,-1,False
202601296775082,XC,2026-01-29,JAN,THU,False,,EDB,0602,0602,DAR,0810,0808,-2,0811,0811,0,190,BHM,1106,1105,-1,False
202601296775198,XC,2026-01-29,JAN,THU,False,,NCL,0835,0835,DAR,0904,0904,0,0906,0906,0,50,BHM,1127,1127,0,False
202601296775118,XC,2026-01-29,JAN,THU,False,,GLC,0648,0648,DAR,1010,1008,-2,1011,1011,0,228,BHM,1306,1307,1,True
202601296775200,XC,2026-01-29,JAN,THU,False,,NCL,1033,1033,DAR,1104,1102,-2,1105,1105,0,50,BHM,1328,1328,0,False
202601296775088,XC,2026-01-29,JAN,THU,False,,EDB,1005,1005,DAR,1210,1209,-1,1213,1213,0,190,BHM,1506,1505,-1,False
202601296775202,XC,2026-01-29,JAN,THU,False,,NCL,1233,1234,DAR,1303,1306,3,1305,1308,3,50,BHM,1528,1527,-1,False
202601296775091,XC,2026-01-29,JAN,THU,False,,EDB,1205,1204,DAR,1410,1409,-1,1412,1411,-1,190,BHM,1706,1707,1,True
202601296775204,XC,2026-01-29,JAN,THU,False,507,NCL,1434,1442,DAR,1504,1514,10,1506,1515,9,50,BHM,1727,1738,11,True
202601296775096,XC,2026-01-29,JAN,THU,False,,EDB,1404,1403,DAR,1610,1609,-1,1611,1610,-1,190,BHM,1907,1907,0,False
202601296775190,XC,2026-01-29,JAN,THU,False,,NCL,1634,1633,DAR,1704,1703,-1,1705,1705,0,50,BHM,1931,1929,-2,False
202601296775102,XC,2026-01-29,JAN,THU,False,,EDB,1605,1605,DAR,1810,1809,-1,1812,1812,0,190,BHM,2107,2107,0,False
202601296775105,XC,2026-01-29,JAN,THU,False,,EDB,1704,1707,DAR,1910,1912,2,1912,1914,2,190,BHM,2209,2214,5,True
202601296775079,XC,2026-01-29,JAN,THU,False,,EDB,1804,1803,DAR,2010,2007,-3,2011,2010,-1,190,BHM,2328,2326,-2,False
202601306775461,XC,2026-01-30,JAN,FRI,False,,NCL,0518,0518,DAR,0550,0548,-2,0552,0552,0,50,BHM,0828,0829,1,True
202601306775196,XC,2026-01-30,JAN,FRI,False,,NCL,0623,0623,DAR,0652,0653,1,0654,0655,1,50,BHM,0928,0928,0,False
202601306775192,XC,2026-01-30,JAN,FRI,False,,NCL,0640,0640,DAR,0709,0712,3,0710,0715,5,50,BHM,1004,1004,0,False
202601306775082,XC,2026-01-30,JAN,FRI,False,,EDB,0602,0602,DAR,0810,0808,-2,0811,0810,-1,190,BHM,1106,1106,0,False
202601306775198,XC,2026-01-30,JAN,FRI,False,,NCL,0835,0836,DAR,0904,0905,1,0906,0907,1,50,BHM,1127,1126,-1,False
202601306775118,XC,2026-01-30,JAN,FRI,False,904,GLC,0648,0647,DAR,1010,1010,0,1011,1013,2,228,BHM,1306,1313,7,True
202601306775200,XC,2026-01-30,JAN,FRI,False,,NCL,1033,1033,DAR,1104,1104,0,1105,1107,2,50,BHM,1328,1331,3,True
202601306775088,XC,2026-01-30,JAN,FRI,False,,EDB,1005,1005,DAR,1210,1209,-1,1213,1213,0,190,BHM,1506,1505,-1,False
202601306775202,XC,2026-01-30,JAN,FRI,False,,NCL,1233,1234,DAR,1303,1303,0,1305,1305,0,50,BHM,1528,1529,1,True
202601306775091,XC,2026-01-30,JAN,FRI,False,,EDB,1205,1204,DAR,1410,1409,-1,1412,1411,-1,190,BHM,1706,1704,-2,False
202601306775204,XC,2026-01-30,JAN,FRI,False,,NCL,1434,1434,DAR,1504,1503,-1,1506,1506,0,50,BHM,1727,1729,2,True
202601306775096,XC,2026-01-30,JAN,FRI,False,,EDB,1404,1406,DAR,1610,1609,-1,1611,1611,0,190,BHM,1907,1910,3,True
202601306775190,XC,2026-01-30,JAN,FRI,False,904,NCL,1634,1636,DAR,1704,1714,10,1705,1716,11,50,BHM,1931,1936,5,True
202601306775102,XC,2026-01-30,JAN,FRI,False,,EDB,1605,1605,DAR,1810,1809,-1,1812,1812,0,190,BHM,2107,2104,-3,False
202601306775105,XC,2026-01-30,JAN,FRI,False,,EDB,1704,1703,DAR,1910,1910,0,1912,1912,0,190,BHM,2209,2228,19,True
202601306775079,XC,2026-01-30,JAN,FRI,False,,EDB,1804,1803,DAR,2010,2008,-2,2011,2011,0,190,BHM,2328,2328,0,False
202601316775197,XC,2026-01-31,JAN,SAT,False,,NCL,0622,0622,DAR,0651,0651,0,0653,0654,1,50,BHM,0927,0925,-2,False
202601316775193,XC,2026-01-31,JAN,SAT,False,574,NCL,0640,0643,DAR,0709,0711,2,0710,0713,3,50,BHM,1006,1007,1,True
202601316775083,XC,2026-01-31,JAN,SAT,True,777,EDB,0602,,DAR,0810,,,0811,,,190,BHM,1106,,,
202601316775199,XC,2026-01-31,JAN,SAT,False,777,NCL,0835,0834,DAR,0904,0903,-1,0906,0905,-1,50,BHM,1127,1201,34,True
202601316775119,XC,2026-01-31,JAN,SAT,False,777,GLC,0648,0648,DAR,1010,1008,-2,1011,1011,0,228,BHM,1306,1306,0,False
202601316775201,XC,2026-01-31,JAN,SAT,False,,NCL,1035,1035,DAR,1104,1104,0,1106,1108,2,50,BHM,1328,1334,6,True
202601316775089,XC,2026-01-31,JAN,SAT,False,777,EDB,1005,1004,DAR,1210,1209,-1,1211,1211,0,190,BHM,1505,1505,0,False
202601316775203,XC,2026-01-31,JAN,SAT,False,904,NCL,1234,1233,DAR,1304,1302,-2,1306,1306,0,50,BHM,1527,1531,4,True
202601316775092,XC,2026-01-31,JAN,SAT,False,,EDB,1205,1206,DAR,1410,1410,0,1412,1412,0,190,BHM,1706,1704,-2,False
202601316775205,XC,2026-01-31,JAN,SAT,False,,NCL,1433,1433,DAR,1503,1504,1,1505,1506,1,50,BHM,1727,1730,3,True
202601316775097,XC,2026-01-31,JAN,SAT,False,,EDB,1404,1404,DAR,1610,1610,0,1612,1612,0,190,BHM,1905,1907,2,True
202601316775191,XC,2026-01-31,JAN,SAT,False,886,NCL,1633,1633,DAR,1703,1702,-1,1704,1705,1,50,BHM,1925,1957,32,True
202601316775103,XC,2026-01-31,JAN,SAT,False,,EDB,1605,1605,DAR,1809,1808,-1,1811,1811,0,190,BHM,2106,2121,15,True
202601316775081,XC,2026-01-31,JAN,SAT,False,,EDB,1705,1706,DAR,1910,1909,-1,1911,1911,0,190,BHM,2232,2237,5,True
202601316775080,XC,2026-01-31,JAN,SAT,False,,EDB,1804,1803,DAR,2010,2008,-2,2011,2011,0,190,BHM,2307,2306,-1,False
202602016775195,XC,2026-02-01,FEB,SUN,False,573,NCL,0936,0936,DAR,1005,1006,1,1006,1007,1,50,BHM,1305,1328,23,True
202602016775086,XC,2026-02-01,FEB,SUN,False,,EDB,0908,0907,DAR,1109,1109,0,1111,1111,0,190,BHM,1404,1412,8,True
202602016775087,XC,2026-02-01,FEB,SUN,False,,EDB,1008,1008,DAR,1209,1209,0,1210,1213,3,190,BHM,1506,1509,3,True
202602016775090,XC,2026-02-01,FEB,SUN,False,,EDB,1107,1106,DAR,1309,1309,0,1310,1312,2,190,BHM,1604,1609,5,True
202602016775122,XC,2026-02-01,FEB,SUN,False,,GLC,1055,,DAR,1410,1408,-2,1411,1410,-1,228,BHM,1706,1713,7,True
202602016775093,XC,2026-02-01,FEB,SUN,False,,EDB,1305,1304,DAR,1509,1507,-2,1511,1510,-1,190,BHM,1804,1809,5,True
202602016775064,XC,2026-02-01,FEB,SUN,False,,DEE,1222,1222,DAR,1609,1608,-1,1610,1610,0,,BHM,1904,1911,7,True
202602016775099,XC,2026-02-01,FEB,SUN,True,526,EDB,1505,,DAR,1710,,,1712,,,190,BHM,2004,,,
202602016775101,XC,2026-02-01,FEB,SUN,False,,EDB,1607,1607,DAR,1811,1810,-1,1812,1812,0,190,BHM,2106,2107,1,True
202602016775104,XC,2026-02-01,FEB,SUN,False,,EDB,1705,1704,DAR,1909,1910,1,1911,1912,1,190,BHM,2208,2213,5,True
202602016775078,XC,2026-02-01,FEB,SUN,False,,EDB,1805,1805,DAR,2007,2009,2,2009,2011,2,190,BHM,2309,2314,5,True
202602026775192,XC,2026-02-02,FEB,MON,False,,NCL,0640,0640,DAR,0709,0710,1,0710,0713,3,50,BHM,1008,1011,3,True
202602026775082,XC,2026-02-02,FEB,MON,False,894,EDB,0602,0602,DAR,0810,0810,0,0811,0812,1,190,BHM,1106,1116,10,True
202602026775118,XC,2026-02-02,FEB,MON,False,,GLC,0648,0647,DAR,1010,1008,-2,1011,1011,0,228,BHM,1306,1307,1,True
202602026775088,XC,2026-02-02,FEB,MON,False,,EDB,1005,1004,DAR,1210,1209,-1,1213,1212,-1,190,BHM,1506,1505,-1,False
202602026775091,XC,2026-02-02,FEB,MON,False,,EDB,1205,1204,DAR,1410,1411,1,1412,1413,1,190,BHM,1706,1706,0,False
202602026775094,XC,2026-02-02,FEB,MON,False,907,EDB,1305,1304,DAR,1510,1511,1,1512,1513,1,190,BHM,1807,1826,19,True
202602026775096,XC,2026-02-02,FEB,MON,False,904,EDB,1404,1403,DAR,1610,1609,-1,1611,1613,2,190,BHM,1907,1917,10,True
202602026775102,XC,2026-02-02,FEB,MON,False,904,EDB,1605,1604,DAR,1810,1810,0,1812,1813,1,190,BHM,2107,2117,10,True
202602026775079,XC,2026-02-02,FEB,MON,False,,EDB,1804,1803,DAR,2010,2007,-3,2011,2010,-1,190,BHM,2328,2326,-2,False
202602036775192,XC,2026-02-03,FEB,TUE,False,576,NCL,0640,0640,DAR,0709,0708,-1,0710,0710,0,50,BHM,1008,1014,6,True
202602036775082,XC,2026-02-03,FEB,TUE,False,887,EDB,0602,0601,DAR,0810,0808,-2,0811,0811,0,190,BHM,1106,1104,-2,False
202602036775118,XC,2026-02-03,FEB,TUE,False,911,GLC,0648,0647,DAR,1010,1008,-2,1011,1011,0,228,BHM,1306,1332,26,True
202602036775088,XC,2026-02-03,FEB,TUE,False,904,EDB,1005,1004,DAR,1210,1211,1,1213,1212,-1,190,BHM,1506,1518,12,True
202602036775091,XC,2026-02-03,FEB,TUE,False,894,EDB,1205,1204,DAR,1410,1409,-1,1412,1411,-1,190,BHM,1706,1720,14,True
202602036775094,XC,2026-02-03,FEB,TUE,False,,EDB,1305,1304,DAR,1510,1509,-1,1512,1512,0,190,BHM,1807,1809,2,True
202602036775096,XC,2026-02-03,FEB,TUE,False,904,EDB,1404,1405,DAR,1610,1610,0,1611,1612,1,190,BHM,1907,1918,11,True
202602036775102,XC,2026-02-03,FEB,TUE,False,,EDB,1605,1604,DAR,1810,1809,-1,1812,1812,0,190,BHM,2107,2107,0,False
202602036775079,XC,2026-02-03,FEB,TUE,False,777,EDB,1804,1804,DAR,2010,2045,35,2011,2046,35,190,BHM,2328,2341,13,True
202602046775192,XC,2026-02-04,FEB,WED,False,,NCL,0640,0640,DAR,0709,0711,2,0710,0713,3,50,BHM,1008,1011,3,True
202602046775082,XC,2026-02-04,FEB,WED,False,573,EDB,0602,0602,DAR,0810,0816,6,0811,0820,9,190,BHM,1106,1128,22,True
202602046775118,XC,2026-02-04,FEB,WED,False,,GLC,0648,0647,DAR,1010,1008,-2,1011,1011,0,228,BHM,1306,1304,-2,False
202602046775088,XC,2026-02-04,FEB,WED,False,904,EDB,1005,1012,DAR,1210,1223,13,1213,1225,12,190,BHM,1506,1527,21,True
202602046775091,XC,2026-02-04,FEB,WED,False,895,EDB,1205,1204,DAR,1410,1409,-1,1412,1412,0,190,BHM,1706,1709,3,True
202602046775094,XC,2026-02-04,FEB,WED,False,,EDB,1305,1305,DAR,1510,1509,-1,1512,1512,0,190,BHM,1807,1811,4,True
202602046775096,XC,2026-02-04,FEB,WED,False,895,EDB,1404,1403,DAR,1610,1611,1,1611,1614,3,190,BHM,1907,1910,3,True
202602046775102,XC,2026-02-04,FEB,WED,False,909,EDB,1605,1604,DAR,1810,1810,0,1812,1812,0,190,BHM,2107,2133,26,True
202602046775079,XC,2026-02-04,FEB,WED,False,,EDB,1804,1804,DAR,2010,2009,-1,2011,2011,0,190,BHM,2328,2328,0,False
202602056775192,XC,2026-02-05,FEB,THU,False,904,NCL,0640,0640,DAR,0709,0709,0,0710,0711,1,50,BHM,1008,1013,5,True
202602056775082,XC,2026-02-05,FEB,THU,False,895,EDB,0602,0601,DAR,0810,0812,2,0811,0815,4,190,BHM,1106,1108,2,True
202602056775118,XC,2026-02-05,FEB,THU,False,895,GLC,0648,0647,DAR,1010,1011,1,1011,1013,2,228,BHM,1306,1330,24,True
202602056775088,XC,2026-02-05,FEB,THU,False,696,EDB,1005,1004,DAR,1210,1215,5,1213,1218,5,190,BHM,1506,1532,26,True
202602056775091,XC,2026-02-05,FEB,THU,False,896,EDB,1205,1204,DAR,1410,1409,-1,1412,1411,-1,190,BHM,1706,1718,12,True
202602056775094,XC,2026-02-05,FEB,THU,False,904,EDB,1305,1304,DAR,1510,1509,-1,1512,1512,0,190,BHM,1807,1829,22,True
202602056775096,XC,2026-02-05,FEB,THU,False,,EDB,1404,1403,DAR,1610,1609,-1,1611,1611,0,190,BHM,1907,1912,5,True
202602056775102,XC,2026-02-05,FEB,THU,False,832,EDB,1605,1604,DAR,1810,1809,-1,1812,1812,0,190,BHM,2107,2135,28,True
202602056775079,XC,2026-02-05,FEB,THU,False,,EDB,1804,1804,DAR,2010,2009,-1,2011,2011,0,190,BHM,2328,2326,-2,False
202602066775192,XC,2026-02-06,FEB,FRI,False,895,NCL,0640,0640,DAR,0709,0709,0,0710,0710,0,50,BHM,1008,1016,8,True
202602066775082,XC,2026-02-06,FEB,FRI,False,,EDB,0602,0601,DAR,0810,0810,0,0811,0812,1,190,BHM,1106,1108,2,True
202602066775118,XC,2026-02-06,FEB,FRI,False,776,GLC,0648,0648,DAR,1010,1008,-2,1011,1010,-1,228,BHM,1306,1305,-1,False
202602066775088,XC,2026-02-06,FEB,FRI,False,,EDB,1005,1006,DAR,1210,1209,-1,1213,1215,2,190,BHM,1506,1515,9,True
202602066775091,XC,2026-02-06,FEB,FRI,False,,EDB,1205,1204,DAR,1410,1410,0,1412,1412,0,190,BHM,1706,1710,4,True
202602066775094,XC,2026-02-06,FEB,FRI,True,526,EDB,1305,,DAR,1510,,,1512,,,190,BHM,1807,,,
202602066775096,XC,2026-02-06,FEB,FRI,False,904,EDB,1404,1403,DAR,1610,1609,-1,1611,1611,0,190,BHM,1907,1919,12,True
202602066775102,XC,2026-02-06,FEB,FRI,True,526,EDB,1605,,DAR,1810,,,1812,,,190,BHM,2107,,,
202602066775079,XC,2026-02-06,FEB,FRI,True,526,EDB,1804,,DAR,2010,,,2011,,,190,BHM,2328,,,
202602076775197,XC,2026-02-07,FEB,SAT,False,,NCL,0622,0621,DAR,0651,0655,4,0653,0657,4,50,BHM,0927,0925,-2,False
202602076775193,XC,2026-02-07,FEB,SAT,False,,NCL,0640,0640,DAR,0709,0709,0,0710,0711,1,50,BHM,1006,1010,4,True
202602076775083,XC,2026-02-07,FEB,SAT,False,,EDB,0602,0601,DAR,0810,0810,0,0811,0812,1,190,BHM,1106,1105,-1,False
202602076775199,XC,2026-02-07,FEB,SAT,False,,NCL,0835,0835,DAR,0904,0905,1,0906,0908,2,50,BHM,1127,1132,5,True
202602076775119,XC,2026-02-07,FEB,SAT,False,,GLC,0648,0648,DAR,1010,1008,-2,1011,1010,-1,228,BHM,1306,1313,7,True
202602076775201,XC,2026-02-07,FEB,SAT,False,,NCL,1035,1035,DAR,1104,1104,0,1106,1107,1,50,BHM,1328,1328,0,False
202602076775089,XC,2026-02-07,FEB,SAT,False,,EDB,1005,1004,DAR,1210,1209,-1,1211,1211,0,190,BHM,1505,1506,1,True
202602076775203,XC,2026-02-07,FEB,SAT,False,,NCL,1234,1233,DAR,1304,1303,-1,1306,1306,0,50,BHM,1527,1528,1,True
202602076775092,XC,2026-02-07,FEB,SAT,False,,EDB,1205,1205,DAR,1410,1409,-1,1412,1413,1,190,BHM,1706,1704,-2,False
202602076775205,XC,2026-02-07,FEB,SAT,False,,NCL,1433,1433,DAR,1503,1502,-1,1505,1505,0,50,BHM,1727,1726,-1,False
202602076775097,XC,2026-02-07,FEB,SAT,False,,EDB,1404,1403,DAR,1610,1609,-1,1612,1611,-1,190,BHM,1905,1909,4,True
202602076775191,XC,2026-02-07,FEB,SAT,False,,NCL,1633,1634,DAR,1703,1704,1,1704,1706,2,50,BHM,1925,1928,3,True
202602076775103,XC,2026-02-07,FEB,SAT,False,,EDB,1605,1605,DAR,1809,1808,-1,1811,1811,0,190,BHM,2106,2106,0,False
202602076775188,XC,2026-02-07,FEB,SAT,False,,NCL,1833,1835,DAR,1903,1906,3,1905,1908,3,50,BHM,2126,2126,0,False
202602076775080,XC,2026-02-07,FEB,SAT,False,,EDB,1804,1803,DAR,2010,2008,-2,2011,2011,0,190,BHM,2307,2310,3,True
202602086775195,XC,2026-02-08,FEB,SUN,True,526,NCL,0936,,DAR,1005,,,1006,,,50,BHM,1305,,,
202602086775086,XC,2026-02-08,FEB,SUN,False,895,EDB,0908,0909,DAR,1109,1108,-1,1111,1110,-1,190,BHM,1404,1416,12,True
202602086775087,XC,2026-02-08,FEB,SUN,False,576,EDB,1008,1008,DAR,1209,1207,-2,1210,1209,-1,190,BHM,1506,1541,35,True
202602086775090,XC,2026-02-08,FEB,SUN,False,,EDB,1107,1107,DAR,1309,1308,-1,1310,1309,-1,190,BHM,1604,1608,4,True
202602086775122,XC,2026-02-08,FEB,SUN,False,,GLC,1055,1054,DAR,1410,1409,-1,1411,1411,0,228,BHM,1706,1716,10,True
202602086775093,XC,2026-02-08,FEB,SUN,False,895,EDB,1305,1304,DAR,1509,1508,-1,1511,1510,-1,190,BHM,1804,1815,11,True
202602086775064,XC,2026-02-08,FEB,SUN,False,,DEE,1222,1221,DAR,1609,1607,-2,1610,1610,0,,BHM,1904,1908,4,True
202602086775099,XC,2026-02-08,FEB,SUN,False,,EDB,1505,1505,DAR,1710,1708,-2,1712,1712,0,190,BHM,2004,2006,2,True
202602086775101,XC,2026-02-08,FEB,SUN,False,526,EDB,1607,1606,DAR,1811,1810,-1,1812,1812,0,190,BHM,2106,2126,20,True
202602086775104,XC,2026-02-08,FEB,SUN,False,,EDB,1705,1705,DAR,1909,1908,-1,1911,1911,0,190,BHM,2208,2208,0,False
202602086775078,XC,2026-02-08,FEB,SUN,False,832,EDB,1805,1805,DAR,2007,2007,0,2009,2009,0,190,BHM,2309,2330,21,True
202602096775461,XC,2026-02-09,FEB,MON,False,,NCL,0518,0518,DAR,0550,0549,-1,0552,0551,-1,50,BHM,0828,0831,3,True
202602096775196,XC,2026-02-09,FEB,MON,False,,NCL,0623,0623,DAR,0652,0651,-1,0654,0654,0,50,BHM,0928,0927,-1,False
202602096775192,XC,2026-02-09,FEB,MON,False,,NCL,0640,0640,DAR,0709,0708,-1,0710,0711,1,50,BHM,1004,1004,0,False
202602096775082,XC,2026-02-09,FEB,MON,False,535,EDB,0602,0601,DAR,0810,0808,-2,0811,0810,-1,190,BHM,1106,1105,-1,False
202602096775198,XC,2026-02-09,FEB,MON,False,,NCL,0835,0834,DAR,0904,0905,1,0906,0907,1,50,BHM,1127,1130,3,True
202602096775118,XC,2026-02-09,FEB,MON,False,,GLC,0648,0647,DAR,1010,1008,-2,1011,1010,-1,228,BHM,1306,1308,2,True
202602096775200,XC,2026-02-09,FEB,MON,False,,NCL,1033,1035,DAR,1104,1105,1,1105,1107,2,50,BHM,1328,1329,1,True
202602096775088,XC,2026-02-09,FEB,MON,False,,EDB,1005,1004,DAR,1210,1209,-1,1213,1213,0,190,BHM,1506,1511,5,True
202602096775202,XC,2026-02-09,FEB,MON,False,,NCL,1233,1233,DAR,1303,1302,-1,1305,1305,0,50,BHM,1528,1535,7,True
202602096775091,XC,2026-02-09,FEB,MON,False,,EDB,1205,1204,DAR,1410,1410,0,1412,1412,0,190,BHM,1706,1715,9,True
202602096775204,XC,2026-02-09,FEB,MON,False,,NCL,1434,1436,DAR,1504,1504,0,1506,1507,1,50,BHM,1727,1728,1,True
202602096775096,XC,2026-02-09,FEB,MON,False,,EDB,1404,1404,DAR,1610,1613,3,1611,1615,4,190,BHM,1907,1911,4,True
202602096775190,XC,2026-02-09,FEB,MON,False,,NCL,1634,1634,DAR,1704,1702,-2,1705,1705,0,50,BHM,1931,1932,1,True
202602096775102,XC,2026-02-09,FEB,MON,False,,EDB,1605,1605,DAR,1810,1810,0,1812,1812,0,190,BHM,2107,2107,0,False
202602096775187,XC,2026-02-09,FEB,MON,False,,NCL,1833,1835,DAR,1904,1905,1,1906,1906,0,50,BHM,2126,2137,11,True
202602096775079,XC,2026-02-09,FEB,MON,False,,EDB,1804,1803,DAR,2010,2008,-2,2011,2010,-1,190,BHM,2328,2332,4,True
202602106775461,XC,2026-02-10,FEB,TUE,False,,NCL,0518,0518,DAR,0550,0548,-2,0552,0552,0,50,BHM,0828,0830,2,True
202602106775196,XC,2026-02-10,FEB,TUE,False,,NCL,0623,0623,DAR,0652,0653,1,0654,0654,0,50,BHM,0928,0925,-3,False
202602106775192,XC,2026-02-10,FEB,TUE,False,,NCL,0640,0640,DAR,0709,0710,1,0710,0712,2,50,BHM,1004,1004,0,False
202602106775082,XC,2026-02-10,FEB,TUE,False,904,EDB,0602,0601,DAR,0810,0810,0,0811,0811,0,190,BHM,1106,1120,14,True
202602106775198,XC,2026-02-10,FEB,TUE,False,,NCL,0835,0835,DAR,0904,0904,0,0906,0906,0,50,BHM,1127,1129,2,True
202602106775118,XC,2026-02-10,FEB,TUE,False,,GLC,0648,0647,DAR,1010,1008,-2,1011,1011,0,228,BHM,1306,1306,0,False
202602106775200,XC,2026-02-10,FEB,TUE,False,,NCL,1033,1035,DAR,1104,1105,1,1105,1107,2,50,BHM,1328,1329,1,True
202602106775088,XC,2026-02-10,FEB,TUE,False,,EDB,1005,1004,DAR,1210,1209,-1,1213,1213,0,190,BHM,1506,1511,5,True
202602106775202,XC,2026-02-10,FEB,TUE,False,,NCL,1233,1232,DAR,1303,1302,-1,1305,1304,-1,50,BHM,1528,1528,0,False
202602106775091,XC,2026-02-10,FEB,TUE,False,543,EDB,1205,1204,DAR,1410,1415,5,1412,1416,4,190,BHM,1706,1715,9,True
202602106775204,XC,2026-02-10,FEB,TUE,False,871,NCL,1434,1433,DAR,1504,1503,-1,1506,1506,0,50,BHM,1727,1759,32,True
202602106775096,XC,2026-02-10,FEB,TUE,False,871,EDB,1404,1403,DAR,1610,1608,-2,1611,1611,0,190,BHM,1907,1923,16,True
202602106775190,XC,2026-02-10,FEB,TUE,False,,NCL,1634,1633,DAR,1704,1703,-1,1705,1705,0,50,BHM,1931,1937,6,True
202602106775102,XC,2026-02-10,FEB,TUE,False,,EDB,1605,1605,DAR,1810,1809,-1,1812,1812,0,190,BHM,2107,2104,-3,False
202602106775187,XC,2026-02-10,FEB,TUE,False,,NCL,1833,1835,DAR,1904,1904,0,1906,1906,0,50,BHM,2126,2127,1,True
202602106775079,XC,2026-02-10,FEB,TUE,False,,EDB,1804,1803,DAR,2010,2020,10,2011,2022,11,190,BHM,2328,2327,-1,False
202602116775461,XC,2026-02-11,FEB,WED,False,,NCL,0518,0518,DAR,0550,0548,-2,0552,0552,0,50,BHM,0828,0830,2,True
202602116775196,XC,2026-02-11,FEB,WED,False,,NCL,0623,0623,DAR,0652,0652,0,0654,0654,0,50,BHM,0928,0926,-2,False
202602116775192,XC,2026-02-11,FEB,WED,False,895,NCL,0640,0640,DAR,0709,0709,0,0710,0711,1,50,BHM,1004,1012,8,True
202602116775082,XC,2026-02-11,FEB,WED,False,519,EDB,0602,0602,DAR,0810,0808,-2,0811,0810,-1,190,BHM,1106,1128,22,True
202602116775198,XC,2026-02-11,FEB,WED,False,,NCL,0835,0834,DAR,0904,0902,-2,0906,0906,0,50,BHM,1127,1130,3,True
202602116775118,XC,2026-02-11,FEB,WED,False,,GLC,0648,0647,DAR,1010,1010,0,1011,1011,0,228,BHM,1306,1324,18,True
202602116775200,XC,2026-02-11,FEB,WED,False,,NCL,1033,1034,DAR,1104,1103,-1,1105,1105,0,50,BHM,1328,1357,29,True
202602116775088,XC,2026-02-11,FEB,WED,False,,EDB,1005,1004,DAR,1210,1209,-1,1213,1213,0,190,BHM,1506,1509,3,True
202602116775202,XC,2026-02-11,FEB,WED,False,,NCL,1233,1235,DAR,1303,1305,2,1305,1308,3,50,BHM,1528,1530,2,True
202602116775091,XC,2026-02-11,FEB,WED,False,,EDB,1205,1205,DAR,1410,1409,-1,1412,1412,0,190,BHM,1706,1714,8,True
202602116775204,XC,2026-02-11,FEB,WED,False,,NCL,1434,1437,DAR,1504,1508,4,1506,1510,4,50,BHM,1727,1730,3,True
202602116775096,XC,2026-02-11,FEB,WED,False,,EDB,1404,1403,DAR,1610,1609,-1,1611,1611,0,190,BHM,1907,1909,2,True
202602116775190,XC,2026-02-11,FEB,WED,False,,NCL,1634,1637,DAR,1704,1707,3,1705,1709,4,50,BHM,1931,1937,6,True
202602116775102,XC,2026-02-11,FEB,WED,False,,EDB,1605,1605,DAR,1810,1809,-1,1812,1812,0,190,BHM,2107,2132,25,True
202602116775187,XC,2026-02-11,FEB,WED,False,,NCL,1833,1836,DAR,1904,1904,0,1906,1907,1,50,BHM,2126,2141,15,True
202602116775079,XC,2026-02-11,FEB,WED,False,547,EDB,1804,1805,DAR,2010,2030,20,2011,2031,20,190,BHM,2328,2353,25,True
202602126775461,XC,2026-02-12,FEB,THU,False,,NCL,0518,0518,DAR,0550,0547,-3,0552,0551,-1,50,BHM,0828,0829,1,True
202602126775196,XC,2026-02-12,FEB,THU,False,,NCL,0623,0623,DAR,0652,0651,-1,0654,0654,0,50,BHM,0928,0931,3,True
202602126775192,XC,2026-02-12,FEB,THU,False,,NCL,0640,0640,DAR,0709,0708,-1,0710,0710,0,50,BHM,1004,1006,2,True
202602126775082,XC,2026-02-12,FEB,THU,False,574,EDB,0602,0602,DAR,0810,0824,14,0811,0825,14,190,BHM,1106,1117,11,True
202602126775198,XC,2026-02-12,FEB,THU,False,,NCL,0835,0835,DAR,0904,0905,1,0906,0909,3,50,BHM,1127,1129,2,True
202602126775118,XC,2026-02-12,FEB,THU,False,574,GLC,0648,0647,DAR,1010,1034,24,1011,1037,26,228,BHM,1306,1328,22,True
202602126775200,XC,2026-02-12,FEB,THU,False,543,NCL,1033,1033,DAR,1104,1101,-3,1105,1105,0,50,BHM,1328,1334,6,True
202602126775088,XC,2026-02-12,FEB,THU,False,579,EDB,1005,1004,DAR,1210,1216,6,1213,1218,5,190,BHM,1506,1529,23,True
202602126775202,XC,2026-02-12,FEB,THU,False,,NCL,1233,1233,DAR,1303,1304,1,1305,1306,1,50,BHM,1528,1538,10,True
202602126775091,XC,2026-02-12,FEB,THU,False,,EDB,1205,1205,DAR,1410,1408,-2,1412,1412,0,190,BHM,1706,1704,-2,False
202602126775204,XC,2026-02-12,FEB,THU,False,,NCL,1434,1433,DAR,1504,1508,4,1506,1509,3,50,BHM,1727,1729,2,True
202602126775096,XC,2026-02-12,FEB,THU,False,,EDB,1404,1403,DAR,1610,1610,0,1611,1612,1,190,BHM,1907,1905,-2,False
202602126775190,XC,2026-02-12,FEB,THU,False,,NCL,1634,1633,DAR,1704,1706,2,1705,1708,3,50,BHM,1931,1928,-3,False
202602126775102,XC,2026-02-12,FEB,THU,False,,EDB,1605,1604,DAR,1810,1809,-1,1812,1814,2,190,BHM,2107,2106,-1,False
202602126775187,XC,2026-02-12,FEB,THU,False,,NCL,1833,1833,DAR,1904,1904,0,1906,1906,0,50,BHM,2126,2133,7,True
202602126775079,XC,2026-02-12,FEB,THU,False,896,EDB,1804,1804,DAR,2010,2115,65,2011,2117,66,190,BHM,2328,0001,-1407,False
202602136775461,XC,2026-02-13,FEB,FRI,False,,NCL,0518,0518,DAR,0550,0548,-2,0552,0552,0,50,BHM,0828,0828,0,False
202602136775196,XC,2026-02-13,FEB,FRI,False,,NCL,0623,0624,DAR,0652,0654,2,0654,0655,1,50,BHM,0928,0929,1,True
202602136775192,XC,2026-02-13,FEB,FRI,False,,NCL,0640,0640,DAR,0709,0708,-1,0710,0710,0,50,BHM,1004,1003,-1,False
202602136775082,XC,2026-02-13,FEB,FRI,False,,EDB,0602,0602,DAR,0810,0809,-1,0811,0810,-1,190,BHM,1106,1105,-1,False
202602136775198,XC,2026-02-13,FEB,FRI,False,,NCL,0835,0834,DAR,0904,0903,-1,0906,0906,0,50,BHM,1127,1126,-1,False
202602136775118,XC,2026-02-13,FEB,FRI,False,,GLC,0648,0647,DAR,1010,1013,3,1011,1015,4,228,BHM,1306,1326,20,True
202602136775200,XC,2026-02-13,FEB,FRI,False,,NCL,1033,1035,DAR,1104,1103,-1,1105,1105,0,50,BHM,1328,1328,0,False
202602136775088,XC,2026-02-13,FEB,FRI,False,886,EDB,1005,1004,DAR,1210,1209,-1,1213,1213,0,190,BHM,1506,1528,22,True
202602136775202,XC,2026-02-13,FEB,FRI,False,,NCL,1233,1232,DAR,1303,1303,0,1305,1305,0,50,BHM,1528,1532,4,True
202602136775091,XC,2026-02-13,FEB,FRI,False,,EDB,1205,1204,DAR,1410,1409,-1,1412,1411,-1,190,BHM,1706,1713,7,True
202602136775204,XC,2026-02-13,FEB,FRI,False,,NCL,1434,1433,DAR,1504,1503,-1,1506,1506,0,50,BHM,1727,1730,3,True
202602136775096,XC,2026-02-13,FEB,FRI,False,,EDB,1404,1403,DAR,1610,1609,-1,1611,1611,0,190,BHM,1907,1914,7,True
202602136775190,XC,2026-02-13,FEB,FRI,False,896,NCL,1634,1634,DAR,1704,1710,6,1705,1712,7,50,BHM,1931,1937,6,True
202602136775102,XC,2026-02-13,FEB,FRI,False,886,EDB,1605,1605,DAR,1810,1817,7,1812,1819,7,190,BHM,2107,2110,3,True
202602136775187,XC,2026-02-13,FEB,FRI,False,,NCL,1833,1835,DAR,1904,1908,4,1906,1910,4,50,BHM,2126,2136,10,True
202602136775079,XC,2026-02-13,FEB,FRI,False,895,EDB,1804,1803,DAR,2010,2009,-1,2011,2012,1,190,BHM,2328,2326,-2,False
202602146775197,XC,2026-02-14,FEB,SAT,False,896,NCL,0622,0622,DAR,0651,0651,0,0653,0653,0,50,BHM,0927,1003,36,True
202602146775193,XC,2026-02-14,FEB,SAT,False,,NCL,0640,0640,DAR,0709,0709,0,0710,0711,1,50,BHM,1006,1014,8,True
202602146775083,XC,2026-02-14,FEB,SAT,False,832,EDB,0602,0602,DAR,0810,0808,-2,0811,0811,0,190,BHM,1106,1129,23,True
202602146775085,XC,2026-02-14,FEB,SAT,False,,EDB,0703,0703,DAR,0910,0909,-1,0912,0912,0,190,BHM,1207,1206,-1,False
202602146775119,XC,2026-02-14,FEB,SAT,False,896,GLC,0648,0659,DAR,1010,1009,-1,1011,1011,0,228,BHM,1306,1305,-1,False
202602146775120,XC,2026-02-14,FEB,SAT,False,,GLC,0748,0748,DAR,1110,1109,-1,1111,1111,0,228,BHM,1404,1409,5,True
202602146775089,XC,2026-02-14,FEB,SAT,False,,EDB,1005,1004,DAR,1210,1208,-2,1211,1211,0,190,BHM,1505,1506,1,True
202602146775063,XC,2026-02-14,FEB,SAT,False,,DEE,0933,0933,DAR,1310,1309,-1,1311,1314,3,,BHM,1604,1614,10,True
202602146775092,XC,2026-02-14,FEB,SAT,False,,EDB,1205,1205,DAR,1410,1415,5,1412,1418,6,190,BHM,1706,1708,2,True
202602146775095,XC,2026-02-14,FEB,SAT,False,896,EDB,1305,1318,DAR,1510,1526,16,1512,1528,16,190,BHM,1804,1804,0,False
202602146775097,XC,2026-02-14,FEB,SAT,False,,EDB,1404,1405,DAR,1610,1609,-1,1612,1612,0,190,BHM,1905,1906,1,True
202602146775100,XC,2026-02-14,FEB,SAT,False,896,EDB,1504,1512,DAR,1708,1721,13,1711,1723,12,190,BHM,2005,2003,-2,False
202602146775103,XC,2026-02-14,FEB,SAT,False,,EDB,1605,1605,DAR,1809,1810,1,1811,1812,1,190,BHM,2106,2121,15,True
202602146775081,XC,2026-02-14,FEB,SAT,False,,EDB,1705,1705,DAR,1910,1909,-1,1911,1912,1,190,BHM,2232,2233,1,True
202602146775080,XC,2026-02-14,FEB,SAT,False,,EDB,1804,1804,DAR,2010,2030,20,2011,2032,21,190,BHM,2307,2306,-1,False
202602156775195,XC,2026-02-15,FEB,SUN,False,,NCL,0936,0936,DAR,1005,1006,1,1006,1008,2,50,BHM,1305,1310,5,True
202602156775086,XC,2026-02-15,FEB,SUN,False,,EDB,0908,0908,DAR,1109,1112,3,1111,1114,3,190,BHM,1404,1411,7,True
202602156775087,XC,2026-02-15,FEB,SUN,False,,EDB,1008,1008,DAR,1209,1212,3,1210,1215,5,190,BHM,1506,1513,7,True
202602156775090,XC,2026-02-15,FEB,SUN,False,,EDB,1107,1106,DAR,1309,1309,0,1310,1311,1,190,BHM,1604,1603,-1,False
202602156775122,XC,2026-02-15,FEB,SUN,False,,GLC,1055,1055,DAR,1410,1410,0,1411,1412,1,228,BHM,1706,1718,12,True
202602156775093,XC,2026-02-15,FEB,SUN,False,909,EDB,1305,1305,DAR,1509,1508,-1,1511,1510,-1,190,BHM,1804,1813,9,True
202602156775064,XC,2026-02-15,FEB,SUN,False,892,DEE,1222,1223,DAR,1609,1612,3,1610,1615,5,,BHM,1904,1907,3,True
202602156775099,XC,2026-02-15,FEB,SUN,False,892,EDB,1505,1505,DAR,1710,1713,3,1712,1717,5,190,BHM,2004,2022,18,True
202602156775101,XC,2026-02-15,FEB,SUN,False,528,EDB,1607,1607,DAR,1811,1809,-2,1812,1812,0,190,BHM,2106,2117,11,True
202602156775104,XC,2026-02-15,FEB,SUN,False,,EDB,1705,1705,DAR,1909,1909,0,1911,1912,1,190,BHM,2208,2216,8,True
202602156775078,XC,2026-02-15,FEB,SUN,False,,EDB,1805,1805,DAR,2007,2007,0,2009,2010,1,190,BHM,2309,2308,-1,False
202602166775461,XC,2026-02-16,FEB,MON,False,,NCL,0518,0518,DAR,0550,0548,-2,0552,0552,0,50,BHM,0828,0832,4,True
202602166775196,XC,2026-02-16,FEB,MON,False,,NCL,0623,0623,DAR,0652,0653,1,0654,0655,1,50,BHM,0928,0929,1,True
202602166775192,XC,2026-02-16,FEB,MON,False,887,NCL,0640,0640,DAR,0709,0709,0,0710,0711,1,50,BHM,1004,1005,1,True
202602166775082,XC,2026-02-16,FEB,MON,False,895,EDB,0602,0603,DAR,0810,0808,-2,0811,0811,0,190,BHM,1106,1120,14,True
202602166775198,XC,2026-02-16,FEB,MON,False,705,NCL,0835,0834,DAR,0904,0904,0,0906,0906,0,50,BHM,1127,1134,7,True
202602166775118,XC,2026-02-16,FEB,MON,True,777,GLC,0648,,DAR,1010,,,1011,,,228,BHM,1306,,,
202602166775200,XC,2026-02-16,FEB,MON,True,637,NCL,1033,,DAR,1104,,,1105,,,50,BHM,,,,
202602166775088,XC,2026-02-16,FEB,MON,False,,EDB,1005,1004,DAR,1210,1209,-1,1213,1213,0,190,BHM,1506,1506,0,False
202602166775202,XC,2026-02-16,FEB,MON,False,,NCL,1233,1232,DAR,1303,1303,0,1305,1305,0,50,BHM,1528,1530,2,True
202602166775091,XC,2026-02-16,FEB,MON,False,,EDB,1205,1204,DAR,1410,1409,-1,1412,1411,-1,190,BHM,1706,1707,1,True
202602166775204,XC,2026-02-16,FEB,MON,False,886,NCL,1434,1434,DAR,1504,1503,-1,1506,1506,0,50,BHM,1727,1726,-1,False
202602166775096,XC,2026-02-16,FEB,MON,False,,EDB,1404,1403,DAR,1610,1609,-1,1611,1611,0,190,BHM,1907,1915,8,True
202602166775190,XC,2026-02-16,FEB,MON,False,,NCL,1634,1633,DAR,1704,1703,-1,1705,1705,0,50,BHM,1931,1933,2,True
202602166775102,XC,2026-02-16,FEB,MON,False,,EDB,1605,1605,DAR,1810,1809,-1,1812,1812,0,190,BHM,2107,2104,-3,False
202602166775187,XC,2026-02-16,FEB,MON,False,,NCL,1833,1834,DAR,1904,1903,-1,1906,1906,0,50,BHM,2126,2132,6,True
202602166775079,XC,2026-02-16,FEB,MON,False,,EDB,1804,1804,DAR,2010,2011,1,2011,2013,2,190,BHM,2328,2327,-1,False
202602176775461,XC,2026-02-17,FEB,TUE,False,,NCL,0518,0518,DAR,0550,0548,-2,0552,0552,0,50,BHM,0828,0829,1,True
202602176775196,XC,2026-02-17,FEB,TUE,False,,NCL,0623,0623,DAR,0652,0653,1,0654,0655,1,50,BHM,0928,0928,0,False
202602176775192,XC,2026-02-17,FEB,TUE,False,,NCL,0640,0640,DAR,0709,0708,-1,0710,0710,0,50,BHM,1004,1004,0,False
202602176775082,XC,2026-02-17,FEB,TUE,False,,EDB,0602,0602,DAR,0810,0808,-2,0811,0810,-1,190,BHM,1106,1105,-1,False
202602176775198,XC,2026-02-17,FEB,TUE,False,,NCL,0835,0835,DAR,0904,0903,-1,0906,0906,0,50,BHM,1127,1126,-1,False
202602176775118,XC,2026-02-17,FEB,TUE,False,,GLC,0648,0647,DAR,1010,1009,-1,1011,1013,2,228,BHM,1306,1309,3,True
202602176775200,XC,2026-02-17,FEB,TUE,False,,NCL,1033,1033,DAR,1104,1102,-2,1105,1108,3,50,BHM,1328,1328,0,False
202602176775088,XC,2026-02-17,FEB,TUE,False,,EDB,1005,1004,DAR,1210,1210,0,1213,1213,0,190,BHM,1506,1506,0,False
202602176775202,XC,2026-02-17,FEB,TUE,False,,NCL,1233,1233,DAR,1303,1303,0,1305,1305,0,50,BHM,1528,1527,-1,False
202602176775091,XC,2026-02-17,FEB,TUE,False,,EDB,1205,1204,DAR,1410,1409,-1,1412,1411,-1,190,BHM,1706,1706,0,False
202602176775204,XC,2026-02-17,FEB,TUE,False,553,NCL,1434,1434,DAR,1504,1503,-1,1506,1505,-1,50,BHM,1727,1800,33,True
202602176775096,XC,2026-02-17,FEB,TUE,False,887,EDB,1404,1403,DAR,1610,1618,8,1611,1621,10,190,BHM,1907,1927,20,True
202602176775190,XC,2026-02-17,FEB,TUE,False,,NCL,1634,1636,DAR,1704,1706,2,1705,1708,3,50,BHM,1931,1935,4,True
202602176775102,XC,2026-02-17,FEB,TUE,False,,EDB,1605,1604,DAR,1810,1809,-1,1812,1812,0,190,BHM,2107,2107,0,False
202602176775187,XC,2026-02-17,FEB,TUE,False,,NCL,1833,1836,DAR,1904,1905,1,1906,1907,1,50,BHM,2126,2144,18,True
202602176775079,XC,2026-02-17,FEB,TUE,False,,EDB,1804,1804,DAR,2010,2008,-2,2011,2010,-1,190,BHM,2328,2327,-1,False
202602186775461,XC,2026-02-18,FEB,WED,False,,NCL,0518,0517,DAR,0550,0548,-2,0552,0551,-1,50,BHM,0828,0827,-1,False
202602186775196,XC,2026-02-18,FEB,WED,False,,NCL,0623,0623,DAR,0652,0651,-1,0654,0654,0,50,BHM,0928,0931,3,True
202602186775192,XC,2026-02-18,FEB,WED,False,,NCL,0640,0640,DAR,0709,0708,-1,0710,0710,0,50,BHM,1004,1006,2,True
202602186775082,XC,2026-02-18,FEB,WED,False,,EDB,0602,0602,DAR,0810,0813,3,0811,0815,4,190,BHM,1106,1112,6,True
202602186775198,XC,2026-02-18,FEB,WED,False,,NCL,0835,0834,DAR,0904,0902,-2,0906,0906,0,50,BHM,1127,1131,4,True
202602186775118,XC,2026-02-18,FEB,WED,False,,GLC,0648,0647,DAR,1010,1008,-2,1011,1011,0,228,BHM,1306,1305,-1,False
202602186775200,XC,2026-02-18,FEB,WED,False,911,NCL,1033,1035,DAR,1104,1105,1,1105,1107,2,50,BHM,1328,1338,10,True
202602186775088,XC,2026-02-18,FEB,WED,False,,EDB,1005,1004,DAR,1210,1210,0,1213,1213,0,190,BHM,1506,1509,3,True
202602186775202,XC,2026-02-18,FEB,WED,False,,NCL,1233,1232,DAR,1303,1302,-1,1305,1305,0,50,BHM,1528,1530,2,True
202602186775091,XC,2026-02-18,FEB,WED,False,,EDB,1205,1204,DAR,1410,1410,0,1412,1412,0,190,BHM,1706,1709,3,True
202602186775204,XC,2026-02-18,FEB,WED,False,,NCL,1434,1433,DAR,1504,1503,-1,1506,1505,-1,50,BHM,1727,1730,3,True
202602186775096,XC,2026-02-18,FEB,WED,False,,EDB,1404,1405,DAR,1610,1613,3,1611,1615,4,190,BHM,1907,1906,-1,False
202602186775190,XC,2026-02-18,FEB,WED,False,,NCL,1634,1634,DAR,1704,1703,-1,1705,1705,0,50,BHM,1931,1926,-5,False
202602186775102,XC,2026-02-18,FEB,WED,False,,EDB,1605,1605,DAR,1810,1809,-1,1812,1811,-1,190,BHM,2107,2107,0,False
202602186775187,XC,2026-02-18,FEB,WED,False,,NCL,1833,1833,DAR,1904,1903,-1,1906,1905,-1,50,BHM,2126,2128,2,True
202602186775079,XC,2026-02-18,FEB,WED,False,,EDB,1804,1803,DAR,2010,2009,-1,2011,2011,0,190,BHM,2328,2332,4,True
202602196775461,XC,2026-02-19,FEB,THU,False,895,NCL,0518,0517,DAR,0550,0548,-2,0552,0551,-1,50,BHM,0828,0836,8,True
202602196775196,XC,2026-02-19,FEB,THU,False,,NCL,0623,0624,DAR,0652,0655,3,0654,0656,2,50,BHM,0928,0927,-1,False
202602196775192,XC,2026-02-19,FEB,THU,False,,NCL,0640,0640,DAR,0709,0709,0,0710,0711,1,50,BHM,1004,1003,-1,False
202602196775082,XC,2026-02-19,FEB,THU,False,,EDB,0602,0602,DAR,0810,0808,-2,0811,0811,0,190,BHM,1106,1106,0,False
202602196775198,XC,2026-02-19,FEB,THU,False,,NCL,0835,0834,DAR,0904,0903,-1,0906,0905,-1,50,BHM,1127,1129,2,True
202602196775118,XC,2026-02-19,FEB,THU,False,,GLC,0648,0647,DAR,1010,1008,-2,1011,1011,0,228,BHM,1306,1307,1,True
202602196775200,XC,2026-02-19,FEB,THU,False,,NCL,1033,1033,DAR,1104,1103,-1,1105,1106,1,50,BHM,1328,1328,0,False
202602196775088,XC,2026-02-19,FEB,THU,False,576,EDB,1005,1004,DAR,1210,1210,0,1213,1213,0,190,BHM,1506,1523,17,True
202602196775202,XC,2026-02-19,FEB,THU,False,,NCL,1233,1233,DAR,1303,1302,-1,1305,1305,0,50,BHM,1528,1529,1,True
202602196775091,XC,2026-02-19,FEB,THU,False,,EDB,1205,1204,DAR,1410,1409,-1,1412,1411,-1,190,BHM,1706,1708,2,True
202602196775204,XC,2026-02-19,FEB,THU,False,,NCL,1434,1433,DAR,1504,1503,-1,1506,1505,-1,50,BHM,1727,1737,10,True
202602196775096,XC,2026-02-19,FEB,THU,False,,EDB,1404,1403,DAR,1610,1609,-1,1611,1611,0,190,BHM,1907,1907,0,False
202602196775190,XC,2026-02-19,FEB,THU,False,,NCL,1634,1633,DAR,1704,1703,-1,1705,1705,0,50,BHM,1931,1932,1,True
202602196775102,XC,2026-02-19,FEB,THU,False,,EDB,1605,1605,DAR,1810,1809,-1,1812,1812,0,190,BHM,2107,2106,-1,False
202602196775187,XC,2026-02-19,FEB,THU,False,,NCL,1833,1833,DAR,1904,1902,-2,1906,1906,0,50,BHM,2126,2127,1,True
202602196775079,XC,2026-02-19,FEB,THU,False,,EDB,1804,1803,DAR,2010,2011,1,2011,2013,2,190,BHM,2328,2331,3,True
202602206775461,XC,2026-02-20,FEB,FRI,False,,NCL,0518,0518,DAR,0550,0548,-2,0552,0551,-1,50,BHM,0828,0831,3,True
202602206775196,XC,2026-02-20,FEB,FRI,False,,NCL,0623,0622,DAR,0652,0653,1,0654,0655,1,50,BHM,0928,0927,-1,False
202602206775192,XC,2026-02-20,FEB,FRI,False,,NCL,0640,0639,DAR,0709,0707,-2,0710,0709,-1,50,BHM,1004,1005,1,True
202602206775082,XC,2026-02-20,FEB,FRI,False,,EDB,0602,0602,DAR,0810,0809,-1,0811,0812,1,190,BHM,1106,1107,1,True
202602206775198,XC,2026-02-20,FEB,FRI,False,,NCL,0835,0835,DAR,0904,0905,1,0906,0906,0,50,BHM,1127,1127,0,False
202602206775118,XC,2026-02-20,FEB,FRI,False,,GLC,0648,0647,DAR,1010,1008,-2,1011,1010,-1,228,BHM,1306,1309,3,True
202602206775200,XC,2026-02-20,FEB,FRI,False,,NCL,1033,1033,DAR,1104,1104,0,1105,1106,1,50,BHM,1328,1329,1,True
202602206775088,XC,2026-02-20,FEB,FRI,False,,EDB,1005,1004,DAR,1210,1209,-1,1213,1213,0,190,BHM,1506,1520,14,True
202602206775202,XC,2026-02-20,FEB,FRI,False,,NCL,1233,1232,DAR,1303,1301,-2,1305,1305,0,50,BHM,1528,1532,4,True
202602206775091,XC,2026-02-20,FEB,FRI,False,,EDB,1205,1204,DAR,1410,1409,-1,1412,1411,-1,190,BHM,1706,1714,8,True
202602206775204,XC,2026-02-20,FEB,FRI,False,,NCL,1434,1436,DAR,1504,1506,2,1506,1507,1,50,BHM,1727,1732,5,True
202602206775096,XC,2026-02-20,FEB,FRI,False,,EDB,1404,1403,DAR,1610,1610,0,1611,1612,1,190,BHM,1907,1917,10,True
202602206775190,XC,2026-02-20,FEB,FRI,False,,NCL,1634,1633,DAR,1704,1703,-1,1705,1706,1,50,BHM,1931,1938,7,True
202602206775102,XC,2026-02-20,FEB,FRI,False,,EDB,1605,1605,DAR,1810,1809,-1,1812,1811,-1,190,BHM,2107,2110,3,True
202602206775187,XC,2026-02-20,FEB,FRI,False,,NCL,1833,1835,DAR,1904,1908,4,1906,1909,3,50,BHM,2126,2147,21,True
202602206775079,XC,2026-02-20,FEB,FRI,False,,EDB,1804,1804,DAR,2010,2008,-2,2011,2011,0,190,BHM,2328,2336,8,True
202602216775197,XC,2026-02-21,FEB,SAT,False,,NCL,0622,0621,DAR,0651,0652,1,0653,0655,2,50,BHM,0927,0923,-4,False
202602216775193,XC,2026-02-21,FEB,SAT,False,,NCL,0640,0640,DAR,0709,0710,1,0710,0712,2,50,BHM,1006,1009,3,True
202602216775083,XC,2026-02-21,FEB,SAT,False,,EDB,0602,0602,DAR,0810,0808,-2,0811,0811,0,190,BHM,1106,1108,2,True
202602216775085,XC,2026-02-21,FEB,SAT,False,,EDB,0703,0703,DAR,0910,0909,-1,0912,0912,0,190,BHM,1207,1207,0,False
202602216775119,XC,2026-02-21,FEB,SAT,False,,GLC,0648,0648,DAR,1010,1010,0,1011,1013,2,228,BHM,1306,1305,-1,False
202602216775120,XC,2026-02-21,FEB,SAT,False,,GLC,0748,0748,DAR,1110,1111,1,1111,1114,3,228,BHM,1404,1408,4,True
202602216775089,XC,2026-02-21,FEB,SAT,False,895,EDB,1005,1004,DAR,1210,1210,0,1211,1212,1,190,BHM,1505,1515,10,True
202602216775063,XC,2026-02-21,FEB,SAT,False,,DEE,0933,0933,DAR,1310,1308,-2,1311,1311,0,,BHM,1604,1603,-1,False
202602216775092,XC,2026-02-21,FEB,SAT,False,,EDB,1205,1204,DAR,1410,1411,1,1412,1413,1,190,BHM,1706,1708,2,True
202602216775095,XC,2026-02-21,FEB,SAT,False,,EDB,1305,1304,DAR,1510,1510,0,1512,1513,1,190,BHM,1804,1804,0,False
202602216775097,XC,2026-02-21,FEB,SAT,False,,EDB,1404,1406,DAR,1610,1613,3,1612,1616,4,190,BHM,1905,1909,4,True
202602216775100,XC,2026-02-21,FEB,SAT,False,,EDB,1504,1521,DAR,1708,1729,21,1711,1732,21,190,BHM,2005,2004,-1,False
202602216775081,XC,2026-02-21,FEB,SAT,False,,EDB,1705,1704,DAR,1910,1909,-1,1911,1912,1,190,BHM,2232,2242,10,True
202602216775080,XC,2026-02-21,FEB,SAT,False,,EDB,1804,1804,DAR,2010,2011,1,2011,2013,2,190,BHM,2307,2308,1,True
202602226775195,XC,2026-02-22,FEB,SUN,False,,NCL,0936,0936,DAR,1005,1011,6,1006,1014,8,50,BHM,1305,1307,2,True
202602226775086,XC,2026-02-22,FEB,SUN,False,,EDB,0908,0908,DAR,1109,1112,3,1111,1115,4,190,BHM,1404,1410,6,True
202602226775087,XC,2026-02-22,FEB,SUN,False,,EDB,1008,1007,DAR,1209,1209,0,1210,1212,2,190,BHM,1506,1508,2,True
202602226775090,XC,2026-02-22,FEB,SUN,False,,EDB,1107,1107,DAR,1309,1311,2,1310,1315,5,190,BHM,1604,1608,4,True
202602226775122,XC,2026-02-22,FEB,SUN,False,,GLC,1055,1055,DAR,1410,1410,0,1411,1413,2,228,BHM,1706,1708,2,True
202602226775093,XC,2026-02-22,FEB,SUN,False,,EDB,1305,1304,DAR,1509,1509,0,1511,1513,2,190,BHM,1804,1803,-1,False
202602226775064,XC,2026-02-22,FEB,SUN,False,,DEE,1222,1223,DAR,1609,1612,3,1610,1615,5,,BHM,1904,1913,9,True
202602226775099,XC,2026-02-22,FEB,SUN,False,,EDB,1505,1505,DAR,1710,1710,0,1712,1712,0,190,BHM,2004,2010,6,True
202602226775101,XC,2026-02-22,FEB,SUN,False,886,EDB,1607,1607,DAR,1811,1824,13,1812,1826,14,190,BHM,2106,2107,1,True
202602226775104,XC,2026-02-22,FEB,SUN,False,,EDB,1705,1705,DAR,1909,1918,9,1911,1920,9,190,BHM,2208,2207,-1,False
202602226775078,XC,2026-02-22,FEB,SUN,False,,EDB,1805,1805,DAR,2007,2009,2,2009,2011,2,190,BHM,2309,2307,-2,False
202602236775461,XC,2026-02-23,FEB,MON,False,,NCL,0518,0518,DAR,0550,0549,-1,0552,0552,0,50,BHM,0828,0828,0,False
202602236775196,XC,2026-02-23,FEB,MON,False,,NCL,0623,0622,DAR,0652,0700,8,0654,0701,7,50,BHM,0928,0925,-3,False
202602236775192,XC,2026-02-23,FEB,MON,False,,NCL,0640,0640,DAR,0709,0716,7,0710,0718,8,50,BHM,1004,1004,0,False
202602236775082,XC,2026-02-23,FEB,MON,False,,EDB,0602,0601,DAR,0810,0810,0,0811,0812,1,190,BHM,1106,1104,-2,False
202602236775198,XC,2026-02-23,FEB,MON,False,,NCL,0835,0834,DAR,0904,0904,0,0906,0906,0,50,BHM,1127,1127,0,False
202602236775118,XC,2026-02-23,FEB,MON,False,,GLC,0648,0647,DAR,1010,1008,-2,1011,1010,-1,228,BHM,1306,1311,5,True
202602236775200,XC,2026-02-23,FEB,MON,False,,NCL,1033,1033,DAR,1104,1102,-2,1105,1107,2,50,BHM,1328,1330,2,True
202602236775088,XC,2026-02-23,FEB,MON,False,,EDB,1005,1004,DAR,1210,1209,-1,1213,1212,-1,190,BHM,1506,1508,2,True
202602236775202,XC,2026-02-23,FEB,MON,False,,NCL,1233,1234,DAR,1303,1303,0,1305,1306,1,50,BHM,1528,1528,0,False
202602236775091,XC,2026-02-23,FEB,MON,False,,EDB,1205,1204,DAR,1410,1409,-1,1412,1412,0,190,BHM,1706,1707,1,True
202602236775204,XC,2026-02-23,FEB,MON,True,880,NCL,1434,,DAR,1504,,,1506,,,50,BHM,1727,,,
202602236775096,XC,2026-02-23,FEB,MON,False,672,EDB,1404,1412,DAR,1610,1612,2,1611,1614,3,190,BHM,1907,1931,24,True
202602236775190,XC,2026-02-23,FEB,MON,False,880,NCL,1634,1634,DAR,1704,1703,-1,1705,1705,0,50,BHM,1931,2008,37,True
202602236775102,XC,2026-02-23,FEB,MON,False,887,EDB,1605,1605,DAR,1810,1809,-1,1812,1812,0,190,BHM,2107,2105,-2,False
202602236775187,XC,2026-02-23,FEB,MON,False,880,NCL,1833,1835,DAR,1904,1906,2,1906,1908,2,50,BHM,2126,2132,6,True
202602236775079,XC,2026-02-23,FEB,MON,False,,EDB,1804,1803,DAR,2010,2008,-2,2011,2011,0,190,BHM,2328,2329,1,True
202602246775461,XC,2026-02-24,FEB,TUE,False,,NCL,0518,0517,DAR,0550,0548,-2,0552,0552,0,50,BHM,0828,0835,7,True
202602246775196,XC,2026-02-24,FEB,TUE,False,,NCL,0623,0624,DAR,0652,0653,1,0654,0654,0,50,BHM,0928,0925,-3,False
202602246775192,XC,2026-02-24,FEB,TUE,False,,NCL,0640,0640,DAR,0709,0709,0,0710,0710,0,50,BHM,1004,1005,1,True
202602246775082,XC,2026-02-24,FEB,TUE,False,,EDB,0602,0602,DAR,0810,0808,-2,0811,0811,0,190,BHM,1106,1105,-1,False
202602246775198,XC,2026-02-24,FEB,TUE,False,,NCL,0835,0837,DAR,0904,0905,1,0906,0908,2,50,BHM,1127,1126,-1,False
202602246775118,XC,2026-02-24,FEB,TUE,False,576,GLC,0648,0648,DAR,1010,1008,-2,1011,1013,2,228,BHM,1306,1322,16,True
202602246775200,XC,2026-02-24,FEB,TUE,False,,NCL,1033,1040,DAR,1104,1108,4,1105,1110,5,50,BHM,1328,1335,7,True
202602246775088,XC,2026-02-24,FEB,TUE,False,,EDB,1005,1008,DAR,1210,1213,3,1213,1215,2,190,BHM,1506,1505,-1,False
202602246775202,XC,2026-02-24,FEB,TUE,False,,NCL,1233,1234,DAR,1303,1302,-1,1305,1304,-1,50,BHM,1528,1528,0,False
202602246775091,XC,2026-02-24,FEB,TUE,False,,EDB,1205,1205,DAR,1410,1411,1,1412,1412,0,190,BHM,1706,1714,8,True
202602246775204,XC,2026-02-24,FEB,TUE,False,,NCL,1434,1433,DAR,1504,1503,-1,1506,1506,0,50,BHM,1727,1729,2,True
202602246775096,XC,2026-02-24,FEB,TUE,True,774,EDB,1404,,DAR,1610,,,1611,,,190,BHM,1907,,,
202602246775190,XC,2026-02-24,FEB,TUE,True,774,NCL,1634,,DAR,1704,,,1705,,,50,BHM,1931,,,
202602246775102,XC,2026-02-24,FEB,TUE,False,895,EDB,1605,1605,DAR,1810,1813,3,1812,1815,3,190,BHM,2107,2130,23,True
202602246775187,XC,2026-02-24,FEB,TUE,True,774,NCL,1833,,DAR,1904,,,1906,,,50,BHM,2126,,,
202602246775079,XC,2026-02-24,FEB,TUE,False,,EDB,1804,1804,DAR,2010,2008,-2,2011,2011,0,190,BHM,2328,2328,0,False
202602256775461,XC,2026-02-25,FEB,WED,False,,NCL,0518,0517,DAR,0550,0548,-2,0552,0552,0,50,BHM,0828,0833,5,True
202602256775196,XC,2026-02-25,FEB,WED,False,,NCL,0623,0623,DAR,0652,0652,0,0654,0655,1,50,BHM,0928,0927,-1,False
202602256775192,XC,2026-02-25,FEB,WED,False,,NCL,0640,0640,DAR,0709,0708,-1,0710,0711,1,50,BHM,1004,1007,3,True
202602256775082,XC,2026-02-25,FEB,WED,False,,EDB,0602,0601,DAR,0810,0810,0,0811,0812,1,190,BHM,1106,1109,3,True
202602256775198,XC,2026-02-25,FEB,WED,False,,NCL,0835,0835,DAR,0904,0904,0,0906,0906,0,50,BHM,1127,1127,0,False
202602256775118,XC,2026-02-25,FEB,WED,False,,GLC,0648,0647,DAR,1010,1008,-2,1011,1011,0,228,BHM,1306,1305,-1,False
202602256775200,XC,2026-02-25,FEB,WED,False,,NCL,1033,1035,DAR,1104,1105,1,1105,1107,2,50,BHM,1328,1330,2,True
202602256775088,XC,2026-02-25,FEB,WED,False,574,EDB,1005,1021,DAR,1210,1226,16,1213,1229,16,190,BHM,1506,1527,21,True
202602256775202,XC,2026-02-25,FEB,WED,False,,NCL,1233,1234,DAR,1303,1303,0,1305,1304,-1,50,BHM,1528,1532,4,True
202602256775091,XC,2026-02-25,FEB,WED,False,,EDB,1205,1207,DAR,1410,1408,-2,1412,1411,-1,190,BHM,1706,1709,3,True
202602256775204,XC,2026-02-25,FEB,WED,False,,NCL,1434,1434,DAR,1504,1503,-1,1506,1506,0,50,BHM,1727,1728,1,True
202602256775096,XC,2026-02-25,FEB,WED,False,,EDB,1404,1403,DAR,1610,1609,-1,1611,1611,0,190,BHM,1907,1909,2,True
202602256775190,XC,2026-02-25,FEB,WED,False,,NCL,1634,1636,DAR,1704,1704,0,1705,1706,1,50,BHM,1931,1930,-1,False
202602256775102,XC,2026-02-25,FEB,WED,False,,EDB,1605,1605,DAR,1810,1809,-1,1812,1812,0,190,BHM,2107,2104,-3,False
202602256775187,XC,2026-02-25,FEB,WED,False,,NCL,1833,1837,DAR,1904,1904,0,1906,1906,0,50,BHM,2126,2127,1,True
202602256775079,XC,2026-02-25,FEB,WED,False,,EDB,1804,1804,DAR,2010,2013,3,2011,2014,3,190,BHM,2328,2326,-2,False
202602266775461,XC,2026-02-26,FEB,THU,False,,NCL,0518,0519,DAR,0550,0548,-2,0552,0551,-1,50,BHM,0828,0830,2,True
202602266775196,XC,2026-02-26,FEB,THU,False,,NCL,0623,0623,DAR,0652,0651,-1,0654,0654,0,50,BHM,0928,0934,6,True
202602266775192,XC,2026-02-26,FEB,THU,False,,NCL,0640,0640,DAR,0709,0708,-1,0710,0710,0,50,BHM,1004,1020,16,True
202602266775082,XC,2026-02-26,FEB,THU,False,,EDB,0602,0602,DAR,0810,0809,-1,0811,0811,0,190,BHM,1106,1113,7,True
202602266775198,XC,2026-02-26,FEB,THU,False,871,NCL,0835,0834,DAR,0904,0903,-1,0906,0905,-1,50,BHM,1127,1140,13,True
202602266775118,XC,2026-02-26,FEB,THU,False,,GLC,0648,0647,DAR,1010,1008,-2,1011,1011,0,228,BHM,1306,1311,5,True
202602266775200,XC,2026-02-26,FEB,THU,False,,NCL,1033,1034,DAR,1104,1104,0,1105,1107,2,50,BHM,1328,1332,4,True
202602266775088,XC,2026-02-26,FEB,THU,False,,EDB,1005,1005,DAR,1210,1212,2,1213,1214,1,190,BHM,1506,1507,1,True
202602266775202,XC,2026-02-26,FEB,THU,False,,NCL,1233,1232,DAR,1303,1302,-1,1305,1304,-1,50,BHM,1528,1531,3,True
202602266775091,XC,2026-02-26,FEB,THU,False,,EDB,1205,1204,DAR,1410,1412,2,1412,1414,2,190,BHM,1706,1706,0,False
202602266775204,XC,2026-02-26,FEB,THU,False,,NCL,1434,1433,DAR,1504,1503,-1,1506,1506,0,50,BHM,1727,1731,4,True
202602266775096,XC,2026-02-26,FEB,THU,False,,EDB,1404,1403,DAR,1610,1613,3,1611,1615,4,190,BHM,1907,1909,2,True
202602266775190,XC,2026-02-26,FEB,THU,True,705,NCL,1634,,DAR,1704,,,1705,,,50,BHM,1931,,,
202602266775102,XC,2026-02-26,FEB,THU,False,,EDB,1605,1606,DAR,1810,1810,0,1812,1812,0,190,BHM,2107,2107,0,False
202602266775187,XC,2026-02-26,FEB,THU,False,576,NCL,1833,1834,DAR,1904,1902,-2,1906,1906,0,50,BHM,2126,2132,6,True
202602266775079,XC,2026-02-26,FEB,THU,False,,EDB,1804,1804,DAR,2010,2008,-2,2011,2010,-1,190,BHM,2328,2328,0,False
202602276775461,XC,2026-02-27,FEB,FRI,False,,NCL,0518,0518,DAR,0550,0548,-2,0552,0552,0,50,BHM,0828,0828,0,False
202602276775196,XC,2026-02-27,FEB,FRI,False,,NCL,0623,0623,DAR,0652,0652,0,0654,0653,-1,50,BHM,0928,0925,-3,False
202602276775192,XC,2026-02-27,FEB,FRI,False,,NCL,0640,0640,DAR,0709,0708,-1,0710,0709,-1,50,BHM,1004,1004,0,False
202602276775082,XC,2026-02-27,FEB,FRI,False,,EDB,0602,0602,DAR,0810,0809,-1,0811,0811,0,190,BHM,1106,1106,0,False
202602276775198,XC,2026-02-27,FEB,FRI,False,,NCL,0835,0836,DAR,0904,0904,0,0906,0905,-1,50,BHM,1127,1125,-2,False
202602276775118,XC,2026-02-27,FEB,FRI,False,,GLC,0648,0647,DAR,1010,1008,-2,1011,1011,0,228,BHM,1306,1318,12,True
202602276775200,XC,2026-02-27,FEB,FRI,False,,NCL,1033,1033,DAR,1104,1104,0,1105,1107,2,50,BHM,1328,1330,2,True
202602276775088,XC,2026-02-27,FEB,FRI,False,,EDB,1005,1004,DAR,1210,1209,-1,1213,1212,-1,190,BHM,1506,1507,1,True
202602276775202,XC,2026-02-27,FEB,FRI,False,871,NCL,1233,1236,DAR,1303,1305,2,1305,1307,2,50,BHM,1528,1540,12,True
202602276775091,XC,2026-02-27,FEB,FRI,False,,EDB,1205,1204,DAR,1410,1409,-1,1412,1412,0,190,BHM,1706,1707,1,True
202602276775094,XC,2026-02-27,FEB,FRI,False,,EDB,1305,1304,DAR,1510,1510,0,1512,1512,0,190,BHM,1807,1815,8,True
202602276775096,XC,2026-02-27,FEB,FRI,False,526,EDB,1404,1403,DAR,1610,1608,-2,1611,1611,0,190,BHM,1907,1928,21,True
202602276775190,XC,2026-02-27,FEB,FRI,False,,NCL,1634,1633,DAR,1704,1703,-1,1705,1705,0,50,BHM,1931,1933,2,True
202602276775102,XC,2026-02-27,FEB,FRI,False,,EDB,1605,1604,DAR,1810,1808,-2,1812,1812,0,190,BHM,2107,2105,-2,False
202602276775187,XC,2026-02-27,FEB,FRI,False,,NCL,1833,1836,DAR,1904,1904,0,1906,1906,0,50,BHM,2126,2127,1,True
202602276775079,XC,2026-02-27,FEB,FRI,False,,EDB,1804,1804,DAR,2010,2008,-2,2011,2010,-1,190,BHM,2328,2326,-2,False
202602286775197,XC,2026-02-28,FEB,SAT,False,,NCL,0622,0621,DAR,0651,0651,0,0653,0652,-1,50,BHM,0927,0926,-1,False
202602286775193,XC,2026-02-28,FEB,SAT,False,,NCL,0640,0640,DAR,0709,0709,0,0710,0711,1,50,BHM,1006,1005,-1,False
202602286775083,XC,2026-02-28,FEB,SAT,False,,EDB,0602,0601,DAR,0810,0809,-1,0811,0811,0,190,BHM,1106,1108,2,True
202602286775085,XC,2026-02-28,FEB,SAT,False,,EDB,0703,0703,DAR,0910,0909,-1,0912,0912,0,190,BHM,1207,1206,-1,False
202602286775119,XC,2026-02-28,FEB,SAT,False,,GLC,0648,0648,DAR,1010,1008,-2,1011,1011,0,228,BHM,1306,1307,1,True
202602286775120,XC,2026-02-28,FEB,SAT,False,,GLC,0748,0748,DAR,1110,1109,-1,1111,1111,0,228,BHM,1404,1405,1,True
202602286775089,XC,2026-02-28,FEB,SAT,False,,EDB,1005,1004,DAR,1210,1207,-3,1211,1210,-1,190,BHM,1505,1505,0,False
202602286775063,XC,2026-02-28,FEB,SAT,False,,DEE,0933,0933,DAR,1310,1308,-2,1311,1311,0,,BHM,1604,1604,0,False
202602286775092,XC,2026-02-28,FEB,SAT,False,,EDB,1205,1205,DAR,1410,1410,0,1412,1412,0,190,BHM,1706,1710,4,True
202602286775095,XC,2026-02-28,FEB,SAT,False,,EDB,1305,1306,DAR,1510,1509,-1,1512,1512,0,190,BHM,1804,1803,-1,False
202602286775097,XC,2026-02-28,FEB,SAT,False,,EDB,1404,1404,DAR,1610,1609,-1,1612,1612,0,190,BHM,1905,1909,4,True
202602286775100,XC,2026-02-28,FEB,SAT,False,704,EDB,1504,1503,DAR,1708,1711,3,1711,1716,5,190,BHM,2005,2032,27,True
202602286775103,XC,2026-02-28,FEB,SAT,False,576,EDB,1605,1605,DAR,1809,1858,49,1811,1900,49,190,BHM,2106,2135,29,True
202602286775081,XC,2026-02-28,FEB,SAT,False,,EDB,1705,1704,DAR,1910,1913,3,1911,1916,5,190,BHM,2232,2233,1,True
202602286775080,XC,2026-02-28,FEB,SAT,False,576,EDB,1804,1804,DAR,2010,2048,38,2011,2051,40,190,BHM,2307,2337,30,True
202603016775195,XC,2026-03-01,MAR,SUN,False,,NCL,0936,0936,DAR,1005,1006,1,1006,1008,2,50,BHM,1305,1307,2,True
202603016775086,XC,2026-03-01,MAR,SUN,False,,EDB,0908,0908,DAR,1109,1110,1,1111,1112,1,190,BHM,1404,1404,0,False
202603016775087,XC,2026-03-01,MAR,SUN,False,908,EDB,1008,1008,DAR,1209,1209,0,1210,1212,2,190,BHM,1506,1517,11,True
202603016775090,XC,2026-03-01,MAR,SUN,False,,EDB,1107,1106,DAR,1309,1311,2,1310,1313,3,190,BHM,1604,1608,4,True
202603016775122,XC,2026-03-01,MAR,SUN,False,,GLC,1055,,DAR,1410,1410,0,1411,1412,1,228,BHM,1706,1710,4,True
202603016775093,XC,2026-03-01,MAR,SUN,False,,EDB,1305,1304,DAR,1509,1513,4,1511,1515,4,190,BHM,1804,1806,2,True
202603016775064,XC,2026-03-01,MAR,SUN,False,526,DEE,1222,,DAR,1609,1606,-3,1610,1610,0,,BHM,1904,1915,11,True
202603016775099,XC,2026-03-01,MAR,SUN,False,574,EDB,1505,1504,DAR,1710,1711,1,1712,1713,1,190,BHM,2004,2013,9,True
202603016775101,XC,2026-03-01,MAR,SUN,True,526,EDB,1607,,DAR,1811,,,1812,,,190,BHM,2106,,,
202603016775104,XC,2026-03-01,MAR,SUN,False,,EDB,1705,1705,DAR,1909,1908,-1,1911,1911,0,190,BHM,2208,2207,-1,False
202603016775078,XC,2026-03-01,MAR,SUN,True,526,EDB,1805,,DAR,2007,,,2009,,,190,BHM,2309,,,
202603026775461,XC,2026-03-02,MAR,MON,False,,NCL,0518,0518,DAR,0550,0549,-1,0552,0551,-1,50,BHM,0828,0835,7,True
202603026775196,XC,2026-03-02,MAR,MON,False,,NCL,0623,0623,DAR,0652,0652,0,0654,0654,0,50,BHM,0928,0927,-1,False
202603026775192,XC,2026-03-02,MAR,MON,False,,NCL,0640,0640,DAR,0709,0711,2,0710,0713,3,50,BHM,1004,1009,5,True
202603026775082,XC,2026-03-02,MAR,MON,False,,EDB,0602,0602,DAR,0810,0808,-2,0811,0811,0,190,BHM,1106,1105,-1,False
202603026775198,XC,2026-03-02,MAR,MON,False,547,NCL,0835,0835,DAR,0904,0905,1,0906,0907,1,50,BHM,1127,1140,13,True
202603026775118,XC,2026-03-02,MAR,MON,False,,GLC,0648,0647,DAR,1010,1009,-1,1011,1011,0,228,BHM,1306,1305,-1,False
202603026775200,XC,2026-03-02,MAR,MON,False,,NCL,1033,1034,DAR,1104,1106,2,1105,1108,3,50,BHM,1328,1330,2,True
202603026775088,XC,2026-03-02,MAR,MON,False,,EDB,1005,1004,DAR,1210,1211,1,1213,1212,-1,190,BHM,1506,1506,0,False
202603026775202,XC,2026-03-02,MAR,MON,False,,NCL,1233,1234,DAR,1303,1304,1,1305,1306,1,50,BHM,1528,1529,1,True
202603026775091,XC,2026-03-02,MAR,MON,False,,EDB,1205,1204,DAR,1410,1412,2,1412,1413,1,190,BHM,1706,1706,0,False
202603026775204,XC,2026-03-02,MAR,MON,False,,NCL,1434,1434,DAR,1504,1503,-1,1506,1506,0,50,BHM,1727,1729,2,True
202603026775096,XC,2026-03-02,MAR,MON,False,,EDB,1404,1403,DAR,1610,1608,-2,1611,1610,-1,190,BHM,1907,1910,3,True
202603026775190,XC,2026-03-02,MAR,MON,False,,NCL,1634,1634,DAR,1704,1704,0,1705,1705,0,50,BHM,1931,1927,-4,False
202603026775102,XC,2026-03-02,MAR,MON,False,,EDB,1605,1605,DAR,1810,1808,-2,1812,1811,-1,190,BHM,2107,2105,-2,False
202603026775187,XC,2026-03-02,MAR,MON,False,648,NCL,1833,,DAR,,,,1906,1906,0,50,BHM,2126,2143,17,True
202603026775079,XC,2026-03-02,MAR,MON,False,832,EDB,1804,1803,DAR,2010,2008,-2,2011,2011,0,190,BHM,2328,2327,-1,False
202603036775461,XC,2026-03-03,MAR,TUE,False,,NCL,0518,0518,DAR,0550,0550,0,0552,0552,0,50,BHM,0828,0830,2,True
202603036775196,XC,2026-03-03,MAR,TUE,False,,NCL,0623,0623,DAR,0652,0653,1,0654,0655,1,50,BHM,0928,0927,-1,False
202603036775192,XC,2026-03-03,MAR,TUE,False,,NCL,0640,0640,DAR,0709,0710,1,0710,0711,1,50,BHM,1004,1011,7,True
202603036775082,XC,2026-03-03,MAR,TUE,False,,EDB,0602,0602,DAR,0810,0809,-1,0811,0812,1,190,BHM,1106,1108,2,True
202603036775198,XC,2026-03-03,MAR,TUE,False,895,NCL,0835,0836,DAR,0904,0905,1,0906,0906,0,50,BHM,1127,1140,13,True
202603036775118,XC,2026-03-03,MAR,TUE,False,,GLC,0648,0647,DAR,1010,1009,-1,1011,1011,0,228,BHM,1306,1307,1,True
202603036775200,XC,2026-03-03,MAR,TUE,False,,NCL,1033,1033,DAR,1104,1102,-2,1105,1105,0,50,BHM,1328,1327,-1,False
202603036775088,XC,2026-03-03,MAR,TUE,False,,EDB,1005,1004,DAR,1210,1209,-1,1213,1212,-1,190,BHM,1506,1520,14,True
202603036775202,XC,2026-03-03,MAR,TUE,False,,NCL,1233,1232,DAR,1303,1301,-2,1305,1305,0,50,BHM,1528,1532,4,True
202603036775091,XC,2026-03-03,MAR,TUE,False,,EDB,1205,1205,DAR,1410,1409,-1,1412,1411,-1,190,BHM,1706,1715,9,True
202603036775204,XC,2026-03-03,MAR,TUE,True,824,NCL,1434,,DAR,1504,,,1506,,,50,BHM,1727,,,
202603036775096,XC,2026-03-03,MAR,TUE,False,871,EDB,1404,1403,DAR,1610,1610,0,1611,1612,1,190,BHM,1907,1926,19,True
202603036775190,XC,2026-03-03,MAR,TUE,False,579,NCL,1634,1635,DAR,1704,1703,-1,1705,1705,0,50,BHM,1931,2000,29,True
202603036775102,XC,2026-03-03,MAR,TUE,False,886,EDB,1605,1618,DAR,1810,1825,15,1812,1827,15,190,BHM,2107,2117,10,True
202603036775187,XC,2026-03-03,MAR,TUE,False,,NCL,1833,1835,DAR,1904,1906,2,1906,1907,1,50,BHM,2126,2135,9,True
202603036775079,XC,2026-03-03,MAR,TUE,False,,EDB,1804,1803,DAR,2010,2008,-2,2011,2011,0,190,BHM,2328,2325,-3,False
202603046775461,XC,2026-03-04,MAR,WED,False,,NCL,0518,0518,DAR,0550,0555,5,0552,0557,5,50,BHM,0828,0829,1,True
202603046775196,XC,2026-03-04,MAR,WED,False,,NCL,0623,0623,DAR,0652,0652,0,0654,0654,0,50,BHM,0928,0927,-1,False
202603046775192,XC,2026-03-04,MAR,WED,False,,NCL,0640,0639,DAR,0709,0708,-1,0710,0709,-1,50,BHM,1004,1005,1,True
202603046775082,XC,2026-03-04,MAR,WED,False,,EDB,0602,0602,DAR,0810,0808,-2,0811,0811,0,190,BHM,1106,1107,1,True
202603046775198,XC,2026-03-04,MAR,WED,False,,NCL,0835,0835,DAR,0904,0903,-1,0906,0906,0,50,BHM,1127,1129,2,True
202603046775118,XC,2026-03-04,MAR,WED,False,,GLC,0648,0647,DAR,1010,1009,-1,1011,1011,0,228,BHM,1306,1308,2,True
202603046775200,XC,2026-03-04,MAR,WED,False,,NCL,1033,1033,DAR,1104,1103,-1,1105,1105,0,50,BHM,1328,1332,4,True
202603046775088,XC,2026-03-04,MAR,WED,False,,EDB,1005,1005,DAR,1210,1209,-1,1213,1213,0,190,BHM,1506,1505,-1,False
202603046775202,XC,2026-03-04,MAR,WED,False,,NCL,1233,1232,DAR,1303,1301,-2,1305,1305,0,50,BHM,1528,1527,-1,False
202603046775091,XC,2026-03-04,MAR,WED,False,,EDB,1205,1204,DAR,1410,1409,-1,1412,1412,0,190,BHM,1706,1704,-2,False
202603046775204,XC,2026-03-04,MAR,WED,False,,NCL,1434,1433,DAR,1504,1503,-1,1506,1506,0,50,BHM,1727,1725,-2,False
202603046775096,XC,2026-03-04,MAR,WED,False,,EDB,1404,1403,DAR,1610,1610,0,1611,1612,1,190,BHM,1907,1907,0,False
202603046775190,XC,2026-03-04,MAR,WED,False,,NCL,1634,1633,DAR,1704,1704,0,1705,1706,1,50,BHM,1931,1933,2,True
202603046775102,XC,2026-03-04,MAR,WED,False,880,EDB,1605,1604,DAR,1810,1809,-1,1812,1812,0,190,BHM,2107,2113,6,True
202603046775187,XC,2026-03-04,MAR,WED,False,880,NCL,1833,1837,DAR,1904,1906,2,1906,1908,2,50,BHM,2126,2134,8,True
202603046775079,XC,2026-03-04,MAR,WED,False,880,EDB,1804,1803,DAR,2010,2007,-3,2011,2010,-1,190,BHM,2328,2326,-2,False
202603056775461,XC,2026-03-05,MAR,THU,False,832,NCL,0518,0517,DAR,0550,0548,-2,0552,0551,-1,50,BHM,0828,0852,24,True
202603056775196,XC,2026-03-05,MAR,THU,False,,NCL,0623,0623,DAR,0652,0652,0,0654,0654,0,50,BHM,0928,0931,3,True
202603056775192,XC,2026-03-05,MAR,THU,False,,NCL,0640,0640,DAR,0709,0709,0,0710,0711,1,50,BHM,1004,1003,-1,False
202603056775082,XC,2026-03-05,MAR,THU,False,,EDB,0602,0601,DAR,0810,0808,-2,0811,0811,0,190,BHM,1106,1105,-1,False
202603056775198,XC,2026-03-05,MAR,THU,False,,NCL,0835,0835,DAR,0904,0904,0,0906,0906,0,50,BHM,1127,1131,4,True
202603056775118,XC,2026-03-05,MAR,THU,False,,GLC,0648,0647,DAR,1010,1008,-2,1011,1011,0,228,BHM,1306,1308,2,True
202603056775200,XC,2026-03-05,MAR,THU,False,,NCL,1033,1033,DAR,1104,1105,1,1105,1108,3,50,BHM,1328,1336,8,True
202603056775088,XC,2026-03-05,MAR,THU,False,547,EDB,1005,1005,DAR,1210,1211,1,1213,1213,0,190,BHM,1506,1524,18,True
202603056775202,XC,2026-03-05,MAR,THU,False,,NCL,1233,1233,DAR,1303,1303,0,1305,1306,1,50,BHM,1528,1528,0,False
202603056775091,XC,2026-03-05,MAR,THU,False,,EDB,1205,1204,DAR,1410,1409,-1,1412,1412,0,190,BHM,1706,1706,0,False
202603056775204,XC,2026-03-05,MAR,THU,False,,NCL,1434,1436,DAR,1504,1506,2,1506,1508,2,50,BHM,1727,1734,7,True
202603056775096,XC,2026-03-05,MAR,THU,False,,EDB,1404,1403,DAR,1610,1608,-2,1611,1612,1,190,BHM,1907,1905,-2,False
202603056775190,XC,2026-03-05,MAR,THU,False,,NCL,1634,1634,DAR,1704,1703,-1,1705,1706,1,50,BHM,1931,1927,-4,False
202603056775102,XC,2026-03-05,MAR,THU,False,,EDB,1605,1605,DAR,1810,1810,0,1812,1812,0,190,BHM,2107,2105,-2,False
202603056775187,XC,2026-03-05,MAR,THU,False,,NCL,1833,1834,DAR,1904,1904,0,1906,1906,0,50,BHM,2126,2133,7,True
202603056775079,XC,2026-03-05,MAR,THU,False,,EDB,1804,1803,DAR,2010,2009,-1,2011,2011,0,190,BHM,2328,2336,8,True
202603066775461,XC,2026-03-06,MAR,FRI,False,,NCL,0518,0518,DAR,0550,0549,-1,0552,0552,0,50,BHM,0828,0835,7,True
202603066775196,XC,2026-03-06,MAR,FRI,False,,NCL,0623,0625,DAR,0652,0654,2,0654,0655,1,50,BHM,0928,0934,6,True
202603066775192,XC,2026-03-06,MAR,FRI,False,,NCL,0640,0640,DAR,0709,0708,-1,0710,0710,0,50,BHM,1004,1009,5,True
202603066775082,XC,2026-03-06,MAR,FRI,False,,EDB,0602,0602,DAR,0810,0808,-2,0811,0810,-1,190,BHM,1106,1110,4,True
202603066775198,XC,2026-03-06,MAR,FRI,False,,NCL,0835,0834,DAR,0904,0905,1,0906,0906,0,50,BHM,1127,1125,-2,False
202603066775118,XC,2026-03-06,MAR,FRI,False,,GLC,0648,0647,DAR,1010,1008,-2,1011,1010,-1,228,BHM,1306,1309,3,True
202603066775200,XC,2026-03-06,MAR,FRI,False,904,NCL,1033,1033,DAR,1104,1110,6,1105,1113,8,50,BHM,1328,1331,3,True
202603066775088,XC,2026-03-06,MAR,FRI,False,536,EDB,1005,1004,DAR,1210,1210,0,1213,1213,0,190,BHM,1506,1520,14,True
202603066775202,XC,2026-03-06,MAR,FRI,False,,NCL,1233,1233,DAR,1303,1302,-1,1305,1305,0,50,BHM,1528,1529,1,True
202603066775091,XC,2026-03-06,MAR,FRI,False,,EDB,1205,1204,DAR,1410,1409,-1,1412,1411,-1,190,BHM,1706,1705,-1,False
202603066775204,XC,2026-03-06,MAR,FRI,False,,NCL,1434,1433,DAR,1504,1503,-1,1506,1506,0,50,BHM,1727,1730,3,True
202603066775096,XC,2026-03-06,MAR,FRI,False,,EDB,1404,1403,DAR,1610,1608,-2,1611,1611,0,190,BHM,1907,1905,-2,False
202603066775190,XC,2026-03-06,MAR,FRI,False,913,NCL,1634,1647,DAR,1704,1718,14,1705,1721,16,50,BHM,1931,1959,28,True
202603066775102,XC,2026-03-06,MAR,FRI,False,,EDB,1605,1604,DAR,1810,1809,-1,1812,1811,-1,190,BHM,2107,2104,-3,False
202603066775187,XC,2026-03-06,MAR,FRI,False,,NCL,1833,1833,DAR,1904,1901,-3,1906,1906,0,50,BHM,2126,2130,4,True
202603066775079,XC,2026-03-06,MAR,FRI,False,,EDB,1804,1804,DAR,2010,2009,-1,2011,2012,1,190,BHM,2328,2327,-1,False
202603096775461,XC,2026-03-09,MAR,MON,False,,NCL,0518,0517,DAR,0550,0550,0,0552,0552,0,50,BHM,0828,0835,7,True
202603096775196,XC,2026-03-09,MAR,MON,False,,NCL,0623,0623,DAR,0652,0654,2,0654,0656,2,50,BHM,0928,0934,6,True
202603096775192,XC,2026-03-09,MAR,MON,False,,NCL,0640,0640,DAR,0709,0709,0,0710,0711,1,50,BHM,1004,1003,-1,False
202603096775082,XC,2026-03-09,MAR,MON,False,,EDB,0602,0602,DAR,0810,0810,0,0811,0812,1,190,BHM,1106,1104,-2,False
202603096775198,XC,2026-03-09,MAR,MON,False,,NCL,0835,0836,DAR,0904,0905,1,0906,0907,1,50,BHM,1127,1131,4,True
202603096775118,XC,2026-03-09,MAR,MON,False,574,GLC,0648,,DAR,1010,1019,9,1011,1022,11,228,BHM,1306,1313,7,True
202603096775200,XC,2026-03-09,MAR,MON,False,547,NCL,1033,1035,DAR,1104,1106,2,1105,1108,3,50,BHM,1328,1342,14,True
202603096775088,XC,2026-03-09,MAR,MON,False,,EDB,1005,1004,DAR,1210,1210,0,1213,1213,0,190,BHM,1506,1512,6,True
202603096775202,XC,2026-03-09,MAR,MON,False,,NCL,1233,1233,DAR,1303,1303,0,1305,1306,1,50,BHM,1528,1527,-1,False
202603096775091,XC,2026-03-09,MAR,MON,False,904,EDB,1205,1204,DAR,1410,1410,0,1412,1411,-1,190,BHM,1706,1714,8,True
202603096775204,XC,2026-03-09,MAR,MON,False,904,NCL,1434,1437,DAR,1504,1510,6,1506,1512,6,50,BHM,1727,1748,21,True
202603096775096,XC,2026-03-09,MAR,MON,False,,EDB,1404,1403,DAR,1610,1608,-2,1611,1610,-1,190,BHM,1907,1906,-1,False
202603096775190,XC,2026-03-09,MAR,MON,False,,NCL,1634,1633,DAR,1704,1702,-2,1705,1704,-1,50,BHM,1931,1932,1,True
202603096775102,XC,2026-03-09,MAR,MON,False,,EDB,1605,1605,DAR,1810,1809,-1,1812,1812,0,190,BHM,2107,2105,-2,False
202603096775187,XC,2026-03-09,MAR,MON,False,,NCL,1833,1833,DAR,1904,1902,-2,1906,1906,0,50,BHM,2126,2124,-2,False
202603096775079,XC,2026-03-09,MAR,MON,False,904,EDB,1804,1804,DAR,2010,2021,11,2011,2023,12,190,BHM,2328,2326,-2,False
202603106775461,XC,2026-03-10,MAR,TUE,False,,NCL,0518,0517,DAR,0550,0549,-1,0552,0553,1,50,BHM,0828,0834,6,True
202603106775196,XC,2026-03-10,MAR,TUE,False,,NCL,0623,0624,DAR,0652,0653,1,0654,0655,1,50,BHM,0928,0931,3,True
202603106775192,XC,2026-03-10,MAR,TUE,False,576,NCL,0640,0640,DAR,0709,0709,0,0710,0710,0,50,BHM,1004,1003,-1,False
202603106775082,XC,2026-03-10,MAR,TUE,False,904,EDB,0602,0602,DAR,0810,0809,-1,0811,0811,0,190,BHM,1106,1107,1,True
202603106775198,XC,2026-03-10,MAR,TUE,False,,NCL,0835,0836,DAR,0904,0903,-1,0906,0906,0,50,BHM,1127,1126,-1,False
202603106775118,XC,2026-03-10,MAR,TUE,False,887,GLC,0648,,DAR,1010,1016,6,1011,1019,8,228,BHM,1306,1319,13,True
202603106775200,XC,2026-03-10,MAR,TUE,False,,NCL,1033,1035,DAR,1104,1106,2,1105,1108,3,50,BHM,1328,1331,3,True
202603106775088,XC,2026-03-10,MAR,TUE,False,,EDB,1005,1004,DAR,1210,1208,-2,1213,1213,0,190,BHM,1506,1507,1,True
202603106775202,XC,2026-03-10,MAR,TUE,False,,NCL,1233,1233,DAR,1303,1300,-3,1305,1305,0,50,BHM,1528,1532,4,True
202603106775091,XC,2026-03-10,MAR,TUE,False,,EDB,1205,1204,DAR,1410,1413,3,1412,1416,4,190,BHM,1706,1707,1,True
202603106775204,XC,2026-03-10,MAR,TUE,False,576,NCL,1434,1434,DAR,1504,1501,-3,1506,1506,0,50,BHM,1727,1802,35,True
202603106775096,XC,2026-03-10,MAR,TUE,False,,EDB,1404,1404,DAR,1610,1607,-3,1611,1610,-1,190,BHM,1907,1906,-1,False
202603106775190,XC,2026-03-10,MAR,TUE,False,,NCL,1634,1634,DAR,1704,1702,-2,1705,1705,0,50,BHM,1931,1931,0,False
202603106775102,XC,2026-03-10,MAR,TUE,False,,EDB,1605,1604,DAR,1810,1808,-2,1812,1812,0,190,BHM,2107,2105,-2,False
202603106775187,XC,2026-03-10,MAR,TUE,False,,NCL,1833,1838,DAR,1904,1906,2,1906,1908,2,50,BHM,2126,2133,7,True
202603106775079,XC,2026-03-10,MAR,TUE,False,650,EDB,1804,1814,DAR,2010,2020,10,2011,2023,12,190,BHM,2328,2327,-1,False
202603116775461,XC,2026-03-11,MAR,WED,False,,NCL,0518,0518,DAR,0550,0547,-3,0552,0552,0,50,BHM,0828,0831,3,True
202603116775196,XC,2026-03-11,MAR,WED,False,,NCL,0623,0623,DAR,0652,0651,-1,0654,0654,0,50,BHM,0928,0927,-1,False
202603116775192,XC,2026-03-11,MAR,WED,False,,NCL,0640,0640,DAR,0709,0707,-2,0710,0710,0,50,BHM,1004,1002,-2,False
202603116775082,XC,2026-03-11,MAR,WED,False,,EDB,0602,0601,DAR,0810,0808,-2,0811,0811,0,190,BHM,1106,1106,0,False
202603116775198,XC,2026-03-11,MAR,WED,True,507,NCL,0835,,DAR,0904,,,0906,,,50,BHM,1127,,,
202603116775118,XC,2026-03-11,MAR,WED,False,,GLC,0648,,DAR,1010,1007,-3,1011,1011,0,228,BHM,1306,1311,5,True
202603116775200,XC,2026-03-11,MAR,WED,False,,NCL,1033,1033,DAR,1104,1101,-3,1105,1105,0,50,BHM,1328,1331,3,True
202603116775088,XC,2026-03-11,MAR,WED,False,,EDB,1005,1004,DAR,1210,1208,-2,1213,1213,0,190,BHM,1506,1506,0,False
202603116775202,XC,2026-03-11,MAR,WED,False,,NCL,1233,1233,DAR,1303,1300,-3,1305,1304,-1,50,BHM,1528,1527,-1,False
202603116775091,XC,2026-03-11,MAR,WED,False,,EDB,1205,1204,DAR,1410,1408,-2,1412,1413,1,190,BHM,1706,1705,-1,False
202603116775204,XC,2026-03-11,MAR,WED,False,904,NCL,1434,1434,DAR,1504,1508,4,1506,1511,5,50,BHM,1727,1733,6,True
202603116775096,XC,2026-03-11,MAR,WED,False,904,EDB,1404,1403,DAR,1610,1607,-3,1611,1610,-1,190,BHM,1907,1907,0,False
202603116775190,XC,2026-03-11,MAR,WED,False,,NCL,1634,1634,DAR,1704,1703,-1,1705,1706,1,50,BHM,1931,1933,2,True
202603116775102,XC,2026-03-11,MAR,WED,False,,EDB,1605,1605,DAR,1810,1808,-2,1812,1812,0,190,BHM,2107,2106,-1,False
202603116775187,XC,2026-03-11,MAR,WED,False,910,NCL,1833,1834,DAR,1904,1903,-1,1906,1906,0,50,BHM,2126,2211,45,True
202603116775079,XC,2026-03-11,MAR,WED,False,,EDB,1804,1803,DAR,2010,2009,-1,2011,2011,0,190,BHM,2328,2336,8,True
202603126775461,XC,2026-03-12,MAR,THU,False,,NCL,0518,0517,DAR,0550,0553,3,0552,0557,5,50,BHM,0828,0829,1,True
202603126775196,XC,2026-03-12,MAR,THU,False,,NCL,0623,0623,DAR,0652,0652,0,0654,0655,1,50,BHM,0928,0926,-2,False
202603126775192,XC,2026-03-12,MAR,THU,False,,NCL,0640,0640,DAR,0709,0708,-1,0710,0712,2,50,BHM,1004,1011,7,True
202603126775082,XC,2026-03-12,MAR,THU,False,574,EDB,0602,0602,DAR,0810,0811,1,0811,0814,3,190,BHM,1106,1105,-1,False
202603126775198,XC,2026-03-12,MAR,THU,False,,NCL,0835,0835,DAR,0904,0903,-1,0906,0906,0,50,BHM,1127,1127,0,False
202603126775118,XC,2026-03-12,MAR,THU,False,832,GLC,0648,,DAR,1010,1012,2,1011,1015,4,228,BHM,1306,1319,13,True
202603126775200,XC,2026-03-12,MAR,THU,False,656,NCL,1033,1035,DAR,1104,1104,0,1105,1107,2,50,BHM,1328,1333,5,True
202603126775088,XC,2026-03-12,MAR,THU,False,832,EDB,1005,1004,DAR,1210,1209,-1,1213,1213,0,190,BHM,1506,1533,27,True
202603126775202,XC,2026-03-12,MAR,THU,False,904,NCL,1233,1233,DAR,1303,1306,3,1305,1309,4,50,BHM,1528,1536,8,True
202603126775091,XC,2026-03-12,MAR,THU,False,,EDB,1205,1204,DAR,1410,1409,-1,1412,1412,0,190,BHM,1706,1706,0,False
202603126775204,XC,2026-03-12,MAR,THU,False,904,NCL,1434,1436,DAR,1504,1504,0,1506,1506,0,50,BHM,1727,1749,22,True
202603126775096,XC,2026-03-12,MAR,THU,False,908,EDB,1404,1403,DAR,1610,1607,-3,1611,1611,0,190,BHM,1907,1911,4,True
202603126775190,XC,2026-03-12,MAR,THU,False,,NCL,1634,1635,DAR,1704,1703,-1,1705,1706,1,50,BHM,1931,1937,6,True
202603126775102,XC,2026-03-12,MAR,THU,False,,EDB,1605,1606,DAR,1810,1809,-1,1812,1812,0,190,BHM,2107,2135,28,True
202603126775187,XC,2026-03-12,MAR,THU,False,832,NCL,1833,1832,DAR,1904,1902,-2,1906,1907,1,50,BHM,2126,2209,43,True
202603126775079,XC,2026-03-12,MAR,THU,False,,EDB,1804,1804,DAR,2010,2007,-3,2011,2010,-1,190,BHM,2328,2327,-1,False
202603136775461,XC,2026-03-13,MAR,FRI,False,,NCL,0518,0518,DAR,0550,0547,-3,0552,0552,0,50,BHM,0828,0830,2,True
202603136775196,XC,2026-03-13,MAR,FRI,False,,NCL,0623,0623,DAR,0652,0650,-2,0654,0654,0,50,BHM,0928,0927,-1,False
202603136775192,XC,2026-03-13,MAR,FRI,False,,NCL,0640,0640,DAR,0709,0707,-2,0710,0710,0,50,BHM,1004,1004,0,False
202603136775082,XC,2026-03-13,MAR,FRI,False,,EDB,0602,0602,DAR,0810,0808,-2,0811,0810,-1,190,BHM,1106,1112,6,True
202603136775198,XC,2026-03-13,MAR,FRI,False,,NCL,0835,0835,DAR,0904,0903,-1,0906,0907,1,50,BHM,1127,1130,3,True
202603136775118,XC,2026-03-13,MAR,FRI,False,,EDB,0808,0807,DAR,1010,1006,-4,1011,1011,0,190,BHM,1306,1307,1,True
202603136775200,XC,2026-03-13,MAR,FRI,False,,NCL,1033,1033,DAR,1104,1102,-2,1105,1107,2,50,BHM,1328,1333,5,True
202603136775088,XC,2026-03-13,MAR,FRI,False,,EDB,1005,1004,DAR,1210,1209,-1,1213,1213,0,190,BHM,1506,1509,3,True
202603136775202,XC,2026-03-13,MAR,FRI,False,,NCL,1233,1233,DAR,1303,1302,-1,1305,1306,1,50,BHM,1528,1525,-3,False
202603136775091,XC,2026-03-13,MAR,FRI,False,,EDB,1205,1204,DAR,1410,1407,-3,1412,1411,-1,190,BHM,1706,1711,5,True
202603136775204,XC,2026-03-13,MAR,FRI,False,895,NCL,1434,1444,DAR,1504,1515,11,1506,1518,12,50,BHM,1727,1748,21,True
202603136775096,XC,2026-03-13,MAR,FRI,False,,EDB,1404,1403,DAR,1610,1608,-2,1611,1611,0,190,BHM,1907,1904,-3,False
202603136775190,XC,2026-03-13,MAR,FRI,True,526,NCL,1634,,DAR,1704,,,1705,,,50,BHM,1931,,,
202603136775102,XC,2026-03-13,MAR,FRI,False,,EDB,1605,1608,DAR,1810,1808,-2,1812,1811,-1,190,BHM,2107,2108,1,True
202603136775187,XC,2026-03-13,MAR,FRI,False,,NCL,1833,1835,DAR,1904,1905,1,1906,1908,2,50,BHM,2126,2138,12,True
202603136775079,XC,2026-03-13,MAR,FRI,False,,EDB,1804,1803,DAR,2010,2007,-3,2011,2010,-1,190,BHM,2328,2332,4,True
202603166775461,XC,2026-03-16,MAR,MON,False,,NCL,0518,0518,DAR,0550,0549,-1,0552,0552,0,50,BHM,0828,0828,0,False
202603166775196,XC,2026-03-16,MAR,MON,False,574,NCL,0623,0631,DAR,0652,0700,8,0654,0703,9,50,BHM,0928,0929,1,True
202603166775192,XC,2026-03-16,MAR,MON,False,,NCL,0640,0640,DAR,0709,0708,-1,0710,0712,2,50,BHM,1004,1004,0,False
202603166775082,XC,2026-03-16,MAR,MON,False,,EDB,0602,0602,DAR,0810,0814,4,0811,0818,7,190,BHM,1106,1120,14,True
202603166775198,XC,2026-03-16,MAR,MON,False,,NCL,0835,0835,DAR,0904,0902,-2,0906,0906,0,50,BHM,1127,1131,4,True
202603166775118,XC,2026-03-16,MAR,MON,False,,EDB,0808,0807,DAR,1010,1007,-3,1011,1011,0,190,BHM,1306,1308,2,True
202603166775200,XC,2026-03-16,MAR,MON,True,574,NCL,1033,,DAR,1104,,,1105,,,50,BHM,1328,,,
202603166775088,XC,2026-03-16,MAR,MON,False,,EDB,1005,1004,DAR,1210,1208,-2,1213,1213,0,190,BHM,1506,1518,12,True
202603166775202,XC,2026-03-16,MAR,MON,False,574,NCL,1233,1235,DAR,1303,1305,2,1305,1310,5,50,BHM,1528,1558,30,True
202603166775091,XC,2026-03-16,MAR,MON,False,,EDB,1205,1204,DAR,1410,1407,-3,1412,1411,-1,190,BHM,1706,1708,2,True
202603166775204,XC,2026-03-16,MAR,MON,False,,NCL,1434,1434,DAR,1504,1504,0,1506,1507,1,50,BHM,1727,1726,-1,False
202603166775096,XC,2026-03-16,MAR,MON,False,573,EDB,1404,1404,DAR,1610,1609,-1,1611,1612,1,190,BHM,1907,1954,47,True
202603166775190,XC,2026-03-16,MAR,MON,False,573,NCL,1634,1634,DAR,1704,1702,-2,1705,1707,2,50,BHM,1931,2003,32,True
202603166775102,XC,2026-03-16,MAR,MON,False,,EDB,1605,1605,DAR,1810,1810,0,1812,1814,2,190,BHM,2107,2110,3,True
202603166775187,XC,2026-03-16,MAR,MON,False,,NCL,1833,1841,DAR,1904,1910,6,1906,1913,7,50,BHM,2126,2133,7,True
202603166775079,XC,2026-03-16,MAR,MON,False,,EDB,1804,1803,DAR,2010,2007,-3,2011,2010,-1,190,BHM,2328,2325,-3,False
202603176775461,XC,2026-03-17,MAR,TUE,False,,NCL,0518,0518,DAR,0550,0547,-3,0552,0552,0,50,BHM,0828,0831,3,True
202603176775196,XC,2026-03-17,MAR,TUE,False,,NCL,0623,0625,DAR,0652,0652,0,0654,0655,1,50,BHM,0928,0927,-1,False
202603176775192,XC,2026-03-17,MAR,TUE,False,,NCL,0640,0640,DAR,0709,0709,0,0710,0712,2,50,BHM,1004,1004,0,False
202603176775082,XC,2026-03-17,MAR,TUE,False,576,EDB,0602,0601,DAR,0810,0817,7,0811,0820,9,190,BHM,1106,1128,22,True
202603176775198,XC,2026-03-17,MAR,TUE,False,,NCL,0835,0836,DAR,0904,0905,1,0906,0907,1,50,BHM,1127,1132,5,True
202603176775118,XC,2026-03-17,MAR,TUE,False,,EDB,0808,0807,DAR,1010,1014,4,1011,1018,7,190,BHM,1306,1310,4,True
202603176775200,XC,2026-03-17,MAR,TUE,False,,NCL,1033,1033,DAR,1104,1102,-2,1105,1105,0,50,BHM,1328,1329,1,True
202603176775088,XC,2026-03-17,MAR,TUE,False,,EDB,1005,1004,DAR,1210,1210,0,1213,1214,1,190,BHM,1506,1518,12,True
202603176775202,XC,2026-03-17,MAR,TUE,False,896,NCL,1233,1233,DAR,1303,1304,1,1305,1306,1,50,BHM,1528,1538,10,True
202603176775091,XC,2026-03-17,MAR,TUE,False,,EDB,1205,1204,DAR,1410,1409,-1,1412,1412,0,190,BHM,1706,1711,5,True
202603176775204,XC,2026-03-17,MAR,TUE,False,895,NCL,1434,1435,DAR,1504,1502,-2,1506,1507,1,50,BHM,1727,1759,32,True
202603176775096,XC,2026-03-17,MAR,TUE,False,896,EDB,1404,1403,DAR,1610,1614,4,1611,1617,6,190,BHM,1907,1922,15,True
202603176775190,XC,2026-03-17,MAR,TUE,False,896,NCL,1634,1635,DAR,1704,1704,0,1705,1709,4,50,BHM,1931,1940,9,True
202603176775102,XC,2026-03-17,MAR,TUE,False,895,EDB,1605,1605,DAR,1810,1825,15,1812,1830,18,190,BHM,2107,2128,21,True
202603176775187,XC,2026-03-17,MAR,TUE,False,,NCL,1833,1833,DAR,1904,1902,-2,1906,1905,-1,50,BHM,2126,2133,7,True
202603176775079,XC,2026-03-17,MAR,TUE,False,,EDB,1804,1804,DAR,2010,2017,7,2011,2021,10,190,BHM,2328,2325,-3,False
202603186775461,XC,2026-03-18,MAR,WED,False,,NCL,0518,0518,DAR,0550,0547,-3,0552,0552,0,50,BHM,0828,0831,3,True
202603186775196,XC,2026-03-18,MAR,WED,False,,NCL,0623,0623,DAR,0652,0651,-1,0654,0654,0,50,BHM,0928,0927,-1,False
202603186775192,XC,2026-03-18,MAR,WED,False,,NCL,0640,0640,DAR,0709,0708,-1,0710,0711,1,50,BHM,1004,1005,1,True
202603186775082,XC,2026-03-18,MAR,WED,False,895,EDB,0602,0602,DAR,0810,0807,-3,0811,0810,-1,190,BHM,1106,1112,6,True
202603186775198,XC,2026-03-18,MAR,WED,False,,NCL,0835,0842,DAR,0904,0908,4,0906,0911,5,50,BHM,1127,1136,9,True
202603186775118,XC,2026-03-18,MAR,WED,False,,EDB,0808,0807,DAR,1010,1007,-3,1011,1010,-1,190,BHM,1306,1310,4,True
202603186775200,XC,2026-03-18,MAR,WED,False,,NCL,1033,1035,DAR,1104,1104,0,1105,1107,2,50,BHM,1328,1333,5,True
202603186775088,XC,2026-03-18,MAR,WED,False,,EDB,1005,1004,DAR,1210,1208,-2,1213,1213,0,190,BHM,1506,1508,2,True
202603186775202,XC,2026-03-18,MAR,WED,False,,NCL,1233,1235,DAR,1303,1305,2,1305,1309,4,50,BHM,1528,1530,2,True
202603186775091,XC,2026-03-18,MAR,WED,False,,EDB,1205,1204,DAR,1410,1408,-2,1412,1411,-1,190,BHM,1706,1710,4,True
202603186775204,XC,2026-03-18,MAR,WED,False,,NCL,1434,1434,DAR,1504,1502,-2,1506,1506,0,50,BHM,1727,1729,2,True
202603186775096,XC,2026-03-18,MAR,WED,False,576,EDB,1404,1403,DAR,1610,1609,-1,1611,1612,1,190,BHM,1907,1950,43,True
202603186775190,XC,2026-03-18,MAR,WED,False,576,NCL,1634,1634,DAR,1704,1725,21,1705,1730,25,50,BHM,1931,2006,35,True
202603186775102,XC,2026-03-18,MAR,WED,False,,EDB,1605,1604,DAR,1810,1808,-2,1812,1811,-1,190,BHM,2107,2108,1,True
202603186775187,XC,2026-03-18,MAR,WED,False,887,NCL,1833,1847,DAR,1904,1920,16,1906,1927,21,50,BHM,2126,2208,42,True
202603186775079,XC,2026-03-18,MAR,WED,False,,EDB,1804,1804,DAR,2010,2010,0,2011,2013,2,190,BHM,2328,2335,7,True
202603196775461,XC,2026-03-19,MAR,THU,False,,NCL,0518,0518,DAR,0550,0546,-4,0552,0551,-1,50,BHM,0828,0828,0,False
202603196775196,XC,2026-03-19,MAR,THU,False,,NCL,0623,0623,DAR,0652,0651,-1,0654,0654,0,50,BHM,0928,0925,-3,False
202603196775192,XC,2026-03-19,MAR,THU,False,,NCL,0640,0640,DAR,0709,0707,-2,0710,0710,0,50,BHM,1004,1006,2,True
202603196775082,XC,2026-03-19,MAR,THU,False,904,EDB,0602,0601,DAR,0810,0807,-3,0811,0811,0,190,BHM,1106,1119,13,True
202603196775198,XC,2026-03-19,MAR,THU,False,,NCL,0835,0834,DAR,0904,0903,-1,0906,0906,0,50,BHM,1127,1129,2,True
202603196775118,XC,2026-03-19,MAR,THU,False,579,EDB,0808,0822,DAR,1010,1038,28,1011,1043,32,190,BHM,1306,1400,54,True
202603196775200,XC,2026-03-19,MAR,THU,False,,NCL,1033,1035,DAR,1104,1103,-1,1105,1107,2,50,BHM,1328,1328,0,False
202603196775088,XC,2026-03-19,MAR,THU,False,,EDB,1005,1004,DAR,1210,1208,-2,1213,1213,0,190,BHM,1506,1509,3,True
202603196775202,XC,2026-03-19,MAR,THU,False,,NCL,1233,1233,DAR,1303,1301,-2,1305,1305,0,50,BHM,1528,1530,2,True
202603196775091,XC,2026-03-19,MAR,THU,False,,EDB,1205,1205,DAR,1410,1407,-3,1412,1411,-1,190,BHM,1706,1704,-2,False
202603196775204,XC,2026-03-19,MAR,THU,False,,NCL,1434,1434,DAR,1504,1503,-1,1506,1506,0,50,BHM,1727,1730,3,True
202603196775096,XC,2026-03-19,MAR,THU,False,,EDB,1404,1404,DAR,1610,1609,-1,1611,1613,2,190,BHM,1907,1921,14,True
202603196775190,XC,2026-03-19,MAR,THU,False,,NCL,1634,1635,DAR,1704,1701,-3,1705,1705,0,50,BHM,1931,1937,6,True
202603196775102,XC,2026-03-19,MAR,THU,False,,EDB,1605,1604,DAR,1810,1808,-2,1812,1812,0,190,BHM,2107,2111,4,True
202603196775187,XC,2026-03-19,MAR,THU,False,,NCL,1833,1836,DAR,1904,1903,-1,1906,1906,0,50,BHM,2126,2133,7,True
202603196775079,XC,2026-03-19,MAR,THU,False,910,EDB,1804,1804,DAR,2010,2036,26,2011,2039,28,190,BHM,2328,2338,10,True
202603206775461,XC,2026-03-20,MAR,FRI,True,528,NCL,0518,,DAR,0550,,,0552,,,50,BHM,0828,,,
202603206775196,XC,2026-03-20,MAR,FRI,False,,NCL,0623,0625,DAR,0652,0653,1,0654,0655,1,50,BHM,0928,0928,0,False
202603206775192,XC,2026-03-20,MAR,FRI,False,,NCL,0640,0640,DAR,0709,0707,-2,0710,0709,-1,50,BHM,1004,1003,-1,False
202603206775082,XC,2026-03-20,MAR,FRI,False,,EDB,0602,0601,DAR,0810,0808,-2,0811,0811,0,190,BHM,1106,1110,4,True
202603206775198,XC,2026-03-20,MAR,FRI,False,,NCL,0835,0836,DAR,0904,0904,0,0906,0907,1,50,BHM,1127,1131,4,True
202603206775118,XC,2026-03-20,MAR,FRI,False,,EDB,0808,0807,DAR,1010,1007,-3,1011,1013,2,190,BHM,1306,1306,0,False
202603206775200,XC,2026-03-20,MAR,FRI,False,,NCL,1033,1036,DAR,1104,1104,0,1105,1108,3,50,BHM,1328,1325,-3,False
202603206775088,XC,2026-03-20,MAR,FRI,False,886,EDB,1005,1004,DAR,1210,1208,-2,1213,1213,0,190,BHM,1506,1507,1,True
202603206775202,XC,2026-03-20,MAR,FRI,False,,NCL,1233,1234,DAR,1303,1305,2,1305,1308,3,50,BHM,1528,1530,2,True
202603206775091,XC,2026-03-20,MAR,FRI,False,,EDB,1205,1204,DAR,1410,1407,-3,1412,1411,-1,190,BHM,1706,1707,1,True
202603206775204,XC,2026-03-20,MAR,FRI,False,,NCL,1434,1436,DAR,1504,1505,1,1506,1509,3,50,BHM,1727,1732,5,True
202603206775096,XC,2026-03-20,MAR,FRI,False,,EDB,1404,1403,DAR,1610,1608,-2,1611,1611,0,190,BHM,1907,1908,1,True
202603206775190,XC,2026-03-20,MAR,FRI,False,,NCL,1634,1636,DAR,1704,1707,3,1705,1711,6,50,BHM,1931,1933,2,True
202603206775102,XC,2026-03-20,MAR,FRI,False,,EDB,1605,1606,DAR,1810,1808,-2,1812,1812,0,190,BHM,2107,2113,6,True
202603206775187,XC,2026-03-20,MAR,FRI,False,,NCL,1833,1835,DAR,1904,1902,-2,1906,1905,-1,50,BHM,2126,2125,-1,False
202603206775079,XC,2026-03-20,MAR,FRI,False,,EDB,1804,1804,DAR,2010,2006,-4,2011,2011,0,190,BHM,2328,2330,2,True
202603236775461,XC,2026-03-23,MAR,MON,False,,NCL,0518,0518,DAR,0550,0546,-4,0552,0552,0,50,BHM,0828,0832,4,True
202603236775196,XC,2026-03-23,MAR,MON,False,,NCL,0623,0623,DAR,0652,0651,-1,0654,0655,1,50,BHM,0928,0925,-3,False
202603236775192,XC,2026-03-23,MAR,MON,False,,NCL,0640,0639,DAR,0709,0708,-1,0710,0713,3,50,BHM,1004,1006,2,True
202603236775082,XC,2026-03-23,MAR,MON,False,,EDB,0602,0602,DAR,0810,0808,-2,0811,0811,0,190,BHM,1106,1111,5,True
202603236775198,XC,2026-03-23,MAR,MON,False,,NCL,0835,0835,DAR,0904,0903,-1,0906,0906,0,50,BHM,1127,1127,0,False
202603236775118,XC,2026-03-23,MAR,MON,False,,EDB,0808,0807,DAR,1010,1007,-3,1011,1010,-1,190,BHM,1306,1312,6,True
202603236775200,XC,2026-03-23,MAR,MON,False,,NCL,1033,1039,DAR,1104,1109,5,1105,1112,7,50,BHM,1328,1332,4,True
202603236775088,XC,2026-03-23,MAR,MON,False,,EDB,1005,1005,DAR,1210,1209,-1,1213,1213,0,190,BHM,1506,1506,0,False
202603236775202,XC,2026-03-23,MAR,MON,False,904,NCL,1233,1233,DAR,1303,1303,0,1305,1305,0,50,BHM,1528,1531,3,True
202603236775091,XC,2026-03-23,MAR,MON,False,,EDB,1205,1204,DAR,1410,1408,-2,1412,1411,-1,190,BHM,1706,1708,2,True
202603236775094,XC,2026-03-23,MAR,MON,False,904,EDB,1305,,DAR,1510,1510,0,1512,1513,1,190,BHM,1807,1806,-1,False
202603236775096,XC,2026-03-23,MAR,MON,False,895,EDB,1404,1403,DAR,1610,1608,-2,1611,1611,0,190,BHM,1907,1910,3,True
202603236775190,XC,2026-03-23,MAR,MON,False,895,NCL,1634,1634,DAR,1704,1706,2,1705,1709,4,50,BHM,1931,1935,4,True
202603236775102,XC,2026-03-23,MAR,MON,False,,EDB,1605,1604,DAR,1810,1807,-3,1812,1811,-1,190,BHM,2107,2106,-1,False
202603236775187,XC,2026-03-23,MAR,MON,False,,NCL,1833,1833,DAR,1904,2115,131,1906,2119,133,50,BHM,2126,2341,135,True
202603236775079,XC,2026-03-23,MAR,MON,False,777,EDB,1804,1803,DAR,2010,2130,80,2011,2132,81,190,BHM,2328,0008,-1400,False
202603246775461,XC,2026-03-24,MAR,TUE,False,,NCL,0518,0518,DAR,0550,0546,-4,0552,0551,-1,50,BHM,0828,0829,1,True
202603246775196,XC,2026-03-24,MAR,TUE,False,547,NCL,0623,0624,DAR,0652,0653,1,0654,0656,2,50,BHM,0928,0926,-2,False
202603246775192,XC,2026-03-24,MAR,TUE,False,,NCL,0640,0640,DAR,0709,0708,-1,0710,0711,1,50,BHM,1004,1003,-1,False
202603246775082,XC,2026-03-24,MAR,TUE,True,777,EDB,0602,,DAR,0810,,,0811,,,190,BHM,1106,,,
202603246775084,XC,2026-03-24,MAR,TUE,True,777,EDB,0703,,DAR,0910,,,0912,,,190,BHM,1204,,,
202603246775118,XC,2026-03-24,MAR,TUE,False,,EDB,0808,0807,DAR,1010,1007,-3,1011,1012,1,190,BHM,1306,1308,2,True
202603246775200,XC,2026-03-24,MAR,TUE,True,777,NCL,1033,,DAR,1104,,,1105,,,50,BHM,1328,,,
202603246775088,XC,2026-03-24,MAR,TUE,False,832,EDB,1005,1005,DAR,1210,1208,-2,1213,1212,-1,190,BHM,1506,1521,15,True
202603246775202,XC,2026-03-24,MAR,TUE,False,,NCL,1233,1233,DAR,1303,1300,-3,1305,1305,0,50,BHM,1528,1530,2,True
202603246775091,XC,2026-03-24,MAR,TUE,False,547,EDB,1205,1204,DAR,1410,1421,11,1412,1425,13,190,BHM,1706,1728,22,True
202603246775204,XC,2026-03-24,MAR,TUE,False,543,NCL,1434,1435,DAR,1504,1502,-2,1506,1506,0,50,BHM,1727,1741,14,True
202603246775096,XC,2026-03-24,MAR,TUE,False,,EDB,1404,1403,DAR,1610,1608,-2,1611,1610,-1,190,BHM,1907,1907,0,False
202603246775190,XC,2026-03-24,MAR,TUE,False,543,NCL,1634,1634,DAR,1704,1701,-3,1705,1705,0,50,BHM,1931,1941,10,True
202603246775102,XC,2026-03-24,MAR,TUE,False,655,EDB,1605,1604,DAR,1810,1808,-2,1812,1811,-1,190,BHM,2107,2144,37,True
202603246775187,XC,2026-03-24,MAR,TUE,False,655,NCL,1833,1834,DAR,1904,1903,-1,1906,1906,0,50,BHM,2126,2200,34,True
202603246775079,XC,2026-03-24,MAR,TUE,False,,EDB,1804,1804,DAR,2010,2007,-3,2011,2011,0,190,BHM,2328,2342,14,True
202603256775461,XC,2026-03-25,MAR,WED,False,832,NCL,0518,0518,DAR,0550,0547,-3,0552,0552,0,50,BHM,0828,0843,15,True
202603256775196,XC,2026-03-25,MAR,WED,False,832,NCL,0623,0624,DAR,0652,0652,0,0654,0656,2,50,BHM,0928,0946,18,True
202603256775192,XC,2026-03-25,MAR,WED,False,,NCL,0640,0640,DAR,0709,0707,-2,0710,0710,0,50,BHM,1004,1004,0,False
202603256775082,XC,2026-03-25,MAR,WED,False,,EDB,0602,0602,DAR,0810,0807,-3,0811,0810,-1,190,BHM,1106,1110,4,True
202603256775198,XC,2026-03-25,MAR,WED,False,832,NCL,0835,0835,DAR,0904,0903,-1,0906,0906,0,50,BHM,1127,1200,33,True
202603256775118,XC,2026-03-25,MAR,WED,False,,GLC,0648,0647,DAR,1010,1007,-3,1011,1010,-1,228,BHM,1306,1315,9,True
202603256775200,XC,2026-03-25,MAR,WED,False,,NCL,1033,1034,DAR,1104,1102,-2,1105,1107,2,50,BHM,1328,1329,1,True
202603256775088,XC,2026-03-25,MAR,WED,False,574,EDB,1005,1005,DAR,1210,1208,-2,1213,1212,-1,190,BHM,1506,1528,22,True
202603256775202,XC,2026-03-25,MAR,WED,False,,NCL,1233,1233,DAR,1303,1302,-1,1305,1305,0,50,BHM,1528,1532,4,True
202603256775091,XC,2026-03-25,MAR,WED,False,579,EDB,1205,1204,DAR,1410,1410,0,1412,1413,1,190,BHM,1706,1801,55,True
202603256775204,XC,2026-03-25,MAR,WED,False,895,NCL,1434,1434,DAR,1504,1508,4,1506,1511,5,50,BHM,1727,1803,36,True
202603256775096,XC,2026-03-25,MAR,WED,False,,EDB,1404,1403,DAR,1610,1607,-3,1611,1611,0,190,BHM,1907,1907,0,False
202603256775190,XC,2026-03-25,MAR,WED,False,,NCL,1634,1634,DAR,1704,1702,-2,1705,1705,0,50,BHM,1931,1932,1,True
202603256775102,XC,2026-03-25,MAR,WED,False,,EDB,1605,1605,DAR,1810,1808,-2,1812,1811,-1,190,BHM,2107,2106,-1,False
202603256775187,XC,2026-03-25,MAR,WED,False,,NCL,1833,1834,DAR,1904,1902,-2,1906,1906,0,50,BHM,2126,2129,3,True
202603256775079,XC,2026-03-25,MAR,WED,False,,EDB,1804,1803,DAR,2010,2007,-3,2011,2010,-1,190,BHM,2328,2331,3,True
202603266775461,XC,2026-03-26,MAR,THU,False,832,NCL,0518,0518,DAR,0550,0547,-3,0552,0552,0,50,BHM,0828,0925,57,True
202603266775196,XC,2026-03-26,MAR,THU,False,832,NCL,0623,0623,DAR,0652,0650,-2,0654,0654,0,50,BHM,0928,0959,31,True
202603266775192,XC,2026-03-26,MAR,THU,False,,NCL,0640,0640,DAR,0709,0707,-2,0710,0710,0,50,BHM,1004,1016,12,True
202603266775082,XC,2026-03-26,MAR,THU,False,538,EDB,0602,0602,DAR,0810,0806,-4,0811,0810,-1,190,BHM,1106,1117,11,True
202603266775198,XC,2026-03-26,MAR,THU,False,733,NCL,0835,0835,DAR,0904,0902,-2,0906,0906,0,50,BHM,1127,1134,7,True
202603266775118,XC,2026-03-26,MAR,THU,False,,GLC,0648,0647,DAR,1010,1008,-2,1011,1012,1,228,BHM,1306,1308,2,True
202603266775200,XC,2026-03-26,MAR,THU,False,536,NCL,1033,1034,DAR,1104,1101,-3,1105,1105,0,50,BHM,1328,1457,89,True
202603266775088,XC,2026-03-26,MAR,THU,False,904,EDB,1005,1005,DAR,1210,1208,-2,1213,1213,0,190,BHM,1506,1520,14,True
202603266775202,XC,2026-03-26,MAR,THU,False,,NCL,1233,1233,DAR,1303,1301,-2,1305,1305,0,50,BHM,1528,1535,7,True
202603266775091,XC,2026-03-26,MAR,THU,False,576,EDB,1205,1204,DAR,1410,1408,-2,1412,1413,1,190,BHM,1706,1712,6,True
202603266775204,XC,2026-03-26,MAR,THU,False,,NCL,1434,1436,DAR,1504,1503,-1,1506,1506,0,50,BHM,1727,1727,0,False
202603266775096,XC,2026-03-26,MAR,THU,False,776,EDB,1404,1404,DAR,1610,1608,-2,1611,1611,0,190,BHM,1907,1907,0,False
202603266775190,XC,2026-03-26,MAR,THU,False,910,NCL,1634,1634,DAR,1704,1702,-2,1705,1705,0,50,BHM,1931,1950,19,True
202603266775102,XC,2026-03-26,MAR,THU,False,,EDB,1605,1605,DAR,1810,1807,-3,1812,1812,0,190,BHM,2107,2107,0,False
202603266775187,XC,2026-03-26,MAR,THU,True,574,NCL,1833,,DAR,1904,,,1906,,,50,BHM,2126,,,
202603266775079,XC,2026-03-26,MAR,THU,False,887,EDB,1804,1804,DAR,2010,2006,-4,2011,2010,-1,190,BHM,2328,2328,0,False
202603276775461,XC,2026-03-27,MAR,FRI,False,,NCL,0518,0518,DAR,0550,0552,2,0552,0600,8,50,BHM,0828,0828,0,False
202603276775196,XC,2026-03-27,MAR,FRI,False,832,NCL,0623,0623,DAR,0652,0654,2,0654,0657,3,50,BHM,0928,0928,0,False
202603276775192,XC,2026-03-27,MAR,FRI,False,832,NCL,0640,0640,DAR,0709,0712,3,0710,0715,5,50,BHM,1004,1003,-1,False
202603276775082,XC,2026-03-27,MAR,FRI,False,832,EDB,0602,0602,DAR,0810,0820,10,0811,0825,14,190,BHM,1106,1120,14,True
202603276775198,XC,2026-03-27,MAR,FRI,True,832,NCL,0835,,DAR,0904,,,0906,,,50,BHM,1127,,,
202603276775118,XC,2026-03-27,MAR,FRI,False,904,GLC,0648,0648,DAR,1010,1007,-3,1011,1010,-1,228,BHM,1306,1308,2,True
202603276775200,XC,2026-03-27,MAR,FRI,False,895,NCL,1033,1033,DAR,1104,1101,-3,1105,1105,0,50,BHM,1328,1333,5,True
202603276775088,XC,2026-03-27,MAR,FRI,False,574,EDB,1005,1004,DAR,1210,1208,-2,1213,1213,0,190,BHM,1506,1526,20,True
202603276775202,XC,2026-03-27,MAR,FRI,False,,NCL,1233,1233,DAR,1303,1303,0,1305,1306,1,50,BHM,1528,1537,9,True
202603276775091,XC,2026-03-27,MAR,FRI,False,824,EDB,1205,1204,DAR,1410,1408,-2,1412,1412,0,190,BHM,1706,1734,28,True
202603276775204,XC,2026-03-27,MAR,FRI,False,824,NCL,1434,1436,DAR,1504,1503,-1,1506,1506,0,50,BHM,1727,1744,17,True
202603276775096,XC,2026-03-27,MAR,FRI,False,,EDB,1404,1404,DAR,1610,1608,-2,1611,1612,1,190,BHM,1907,1908,1,True
202603276775190,XC,2026-03-27,MAR,FRI,False,,NCL,1634,1634,DAR,1704,1701,-3,1705,1705,0,50,BHM,1931,1931,0,False
202603276775102,XC,2026-03-27,MAR,FRI,False,,EDB,1605,1604,DAR,1810,1807,-3,1812,1812,0,190,BHM,2107,2107,0,False
202603276775187,XC,2026-03-27,MAR,FRI,True,535,NCL,1833,,DAR,1904,,,1906,,,50,BHM,2126,,,
202603276775079,XC,2026-03-27,MAR,FRI,False,,EDB,1804,1804,DAR,2010,2010,0,2011,2013,2,190,BHM,2328,2326,-2,False
202603306775461,XC,2026-03-30,MAR,MON,False,654,NCL,0518,0518,DAR,0550,0547,-3,0552,0557,5,50,BHM,0828,0842,14,True
202603306775196,XC,2026-03-30,MAR,MON,False,,NCL,0623,0623,DAR,0652,0651,-1,0654,0656,2,50,BHM,0928,0929,1,True
202603306775192,XC,2026-03-30,MAR,MON,False,,NCL,0640,0640,DAR,0709,0708,-1,0710,0713,3,50,BHM,1004,1008,4,True
202603306775082,XC,2026-03-30,MAR,MON,False,,EDB,0602,0602,DAR,0810,0811,1,0811,0814,3,190,BHM,1106,1109,3,True
202603306775198,XC,2026-03-30,MAR,MON,False,,NCL,0835,0835,DAR,0904,0903,-1,0906,0907,1,50,BHM,1127,1130,3,True
202603306775118,XC,2026-03-30,MAR,MON,False,574,GLC,0648,0648,DAR,1010,1007,-3,1011,1010,-1,228,BHM,1306,1332,26,True
202603306775200,XC,2026-03-30,MAR,MON,False,552,NCL,1033,1035,DAR,1104,1103,-1,1105,1106,1,50,BHM,1328,1337,9,True
202603306775088,XC,2026-03-30,MAR,MON,False,886,EDB,1005,1004,DAR,1210,1208,-2,1213,1213,0,190,BHM,1506,1533,27,True
202603306775202,XC,2026-03-30,MAR,MON,False,573,NCL,1233,1233,DAR,1303,1301,-2,1305,1305,0,50,BHM,1528,1536,8,True
202603306775091,XC,2026-03-30,MAR,MON,False,,EDB,1205,1205,DAR,1410,1409,-1,1412,1412,0,190,BHM,1706,1711,5,True
202603306775204,XC,2026-03-30,MAR,MON,False,,NCL,1434,1436,DAR,1504,1506,2,1506,1510,4,50,BHM,1727,1728,1,True
202603306775096,XC,2026-03-30,MAR,MON,False,,EDB,1404,1403,DAR,1610,1611,1,1611,1614,3,190,BHM,1907,1904,-3,False
202603306775190,XC,2026-03-30,MAR,MON,False,,NCL,1634,1634,DAR,1704,1702,-2,1705,1705,0,50,BHM,1931,1926,-5,False
202603306775102,XC,2026-03-30,MAR,MON,False,,EDB,1605,1611,DAR,1810,1810,0,1812,1813,1,190,BHM,2107,2106,-1,False
202603306775187,XC,2026-03-30,MAR,MON,False,,NCL,1833,1837,DAR,1904,1906,2,1906,1909,3,50,BHM,2126,2126,0,False
202603306775079,XC,2026-03-30,MAR,MON,False,,EDB,1804,1804,DAR,2010,2007,-3,2011,2010,-1,190,BHM,2328,2332,4,True
202603316775461,XC,2026-03-31,MAR,TUE,False,,NCL,0518,0518,DAR,0550,0547,-3,0552,0552,0,50,BHM,0828,0830,2,True
202603316775196,XC,2026-03-31,MAR,TUE,False,,NCL,0623,0623,DAR,0652,0650,-2,0654,0654,0,50,BHM,0928,0925,-3,False
202603316775192,XC,2026-03-31,MAR,TUE,False,832,NCL,0640,0640,DAR,0709,0707,-2,0710,0710,0,50,BHM,1004,1006,2,True
202603316775082,XC,2026-03-31,MAR,TUE,False,,EDB,0602,0602,DAR,0810,0808,-2,0811,0811,0,190,BHM,1106,1107,1,True
202603316775198,XC,2026-03-31,MAR,TUE,False,,NCL,0835,0835,DAR,0904,0902,-2,0906,0906,0,50,BHM,1127,1125,-2,False
202603316775118,XC,2026-03-31,MAR,TUE,False,,GLC,0648,0647,DAR,1010,1007,-3,1011,1011,0,228,BHM,1306,1311,5,True
202603316775200,XC,2026-03-31,MAR,TUE,False,705,NCL,1033,1033,DAR,1104,1100,-4,1105,1105,0,50,BHM,1328,1400,32,True
202603316775088,XC,2026-03-31,MAR,TUE,False,,EDB,1005,1004,DAR,1210,1208,-2,1213,1213,0,190,BHM,1506,1507,1,True
202603316775202,XC,2026-03-31,MAR,TUE,False,,NCL,1233,1233,DAR,1303,1301,-2,1305,1305,0,50,BHM,1528,1529,1,True
202603316775091,XC,2026-03-31,MAR,TUE,False,,EDB,1205,1204,DAR,1410,1408,-2,1412,1412,0,190,BHM,1706,1705,-1,False
202603316775204,XC,2026-03-31,MAR,TUE,False,,NCL,1434,1434,DAR,1504,1502,-2,1506,1506,0,50,BHM,1727,1731,4,True
202603316775096,XC,2026-03-31,MAR,TUE,False,,EDB,1404,1403,DAR,1610,1607,-3,1611,1610,-1,190,BHM,1907,1906,-1,False
202603316775190,XC,2026-03-31,MAR,TUE,False,,NCL,1634,1634,DAR,1704,1708,4,1705,1711,6,50,BHM,1931,1930,-1,False
202603316775102,XC,2026-03-31,MAR,TUE,False,,EDB,1605,1605,DAR,1810,1808,-2,1812,1812,0,190,BHM,2107,2108,1,True
202603316775187,XC,2026-03-31,MAR,TUE,False,,NCL,1833,1833,DAR,1904,1905,1,1906,1907,1,50,BHM,2126,2129,3,True
202603316775079,XC,2026-03-31,MAR,TUE,False,,EDB,1804,1804,DAR,2010,2007,-3,2011,2010,-1,190,BHM,2328,2326,-2,False
202604016775461,XC,2026-04-01,APR,WED,False,,NCL,0518,0518,DAR,0550,0548,-2,0552,0552,0,50,BHM,0828,0828,0,False
202604016775196,XC,2026-04-01,APR,WED,False,896,NCL,0623,0623,DAR,0652,0652,0,0654,0655,1,50,BHM,0928,0942,14,True
202604016775192,XC,2026-04-01,APR,WED,False,,NCL,0640,0640,DAR,0709,0707,-2,0710,0710,0,50,BHM,1004,1005,1,True
202604016775082,XC,2026-04-01,APR,WED,False,,EDB,0602,0602,DAR,0810,0807,-3,0811,0810,-1,190,BHM,1106,1105,-1,False
202604016775198,XC,2026-04-01,APR,WED,False,,NCL,0835,0835,DAR,0904,0903,-1,0906,0906,0,50,BHM,1127,1131,4,True
202604016775118,XC,2026-04-01,APR,WED,False,579,GLC,0648,0649,DAR,1010,1007,-3,1011,1011,0,228,BHM,1306,1317,11,True
202604016775200,XC,2026-04-01,APR,WED,False,,NCL,1033,1033,DAR,1104,1101,-3,1105,1104,-1,50,BHM,1328,1332,4,True
202604016775088,XC,2026-04-01,APR,WED,False,,EDB,1005,1004,DAR,1210,1208,-2,1213,1213,0,190,BHM,1506,1506,0,False
202604016775202,XC,2026-04-01,APR,WED,False,,NCL,1233,1236,DAR,1303,1306,3,1305,1309,4,50,BHM,1528,1537,9,True
202604016775091,XC,2026-04-01,APR,WED,False,,EDB,1205,1204,DAR,1410,1408,-2,1412,1411,-1,190,BHM,1706,1705,-1,False
202604016775204,XC,2026-04-01,APR,WED,False,,NCL,1434,1434,DAR,1504,1503,-1,1506,1506,0,50,BHM,1727,1728,1,True
202604016775096,XC,2026-04-01,APR,WED,False,705,EDB,1404,1403,DAR,1610,1608,-2,1611,1612,1,190,BHM,1907,1909,2,True
202604016775190,XC,2026-04-01,APR,WED,False,,NCL,1634,1634,DAR,1704,1702,-2,1705,1704,-1,50,BHM,1931,1933,2,True
202604016775102,XC,2026-04-01,APR,WED,False,777,EDB,1605,1605,DAR,1810,1807,-3,1812,1812,0,190,BHM,2107,2129,22,True
202604016775187,XC,2026-04-01,APR,WED,False,,NCL,1833,1836,DAR,1904,1905,1,1906,1906,0,50,BHM,2126,2134,8,True
202604016775079,XC,2026-04-01,APR,WED,False,777,EDB,1804,1803,DAR,2010,2007,-3,2011,2011,0,190,BHM,2328,2327,-1,False
202604026775461,XC,2026-04-02,APR,THU,False,,NCL,0518,0518,DAR,0550,0549,-1,0552,0552,0,50,BHM,0828,0829,1,True
202604026775196,XC,2026-04-02,APR,THU,False,,NCL,0623,0623,DAR,0652,0650,-2,0654,0654,0,50,BHM,0928,0930,2,True
202604026775192,XC,2026-04-02,APR,THU,False,,NCL,0640,0640,DAR,0709,0708,-1,0710,0711,1,50,BHM,1004,1004,0,False
202604026775082,XC,2026-04-02,APR,THU,False,,EDB,0602,0602,DAR,0810,0807,-3,0811,0812,1,190,BHM,1106,1107,1,True
202604026775198,XC,2026-04-02,APR,THU,False,,NCL,0835,0836,DAR,0904,0903,-1,0906,0906,0,50,BHM,1127,1127,0,False
202604026775118,XC,2026-04-02,APR,THU,False,904,GLC,0648,0648,DAR,1010,1008,-2,1011,1013,2,228,BHM,1306,1318,12,True
202604026775200,XC,2026-04-02,APR,THU,False,,NCL,1033,1033,DAR,1104,1103,-1,1105,1106,1,50,BHM,1328,1330,2,True
202604026775088,XC,2026-04-02,APR,THU,False,,EDB,1005,1005,DAR,1210,1208,-2,1213,1213,0,190,BHM,1506,1512,6,True
202604026775202,XC,2026-04-02,APR,THU,False,,NCL,1233,1234,DAR,1303,1311,8,1305,1315,10,50,BHM,1528,1534,6,True
202604026775091,XC,2026-04-02,APR,THU,False,576,EDB,1205,1204,DAR,1410,1418,8,1412,1421,9,190,BHM,1706,1712,6,True
202604026775204,XC,2026-04-02,APR,THU,False,,NCL,1434,1434,DAR,1504,1502,-2,1506,1506,0,50,BHM,1727,1729,2,True
202604026775096,XC,2026-04-02,APR,THU,False,910,EDB,1404,1415,DAR,1610,1619,9,1611,1622,11,190,BHM,1907,1934,27,True
202604026775190,XC,2026-04-02,APR,THU,False,,NCL,1634,1634,DAR,1704,1701,-3,1705,1705,0,50,BHM,1931,1925,-6,False
202604026775102,XC,2026-04-02,APR,THU,False,,EDB,1605,1605,DAR,1810,1807,-3,1812,1812,0,190,BHM,2107,2106,-1,False
202604026775187,XC,2026-04-02,APR,THU,True,504,NCL,1833,,DAR,1904,,,1906,,,50,BHM,2126,,,
202604026775079,XC,2026-04-02,APR,THU,False,,EDB,1804,1804,DAR,2010,2025,15,2011,2029,18,190,BHM,2328,2325,-3,False
202604036775461,XC,2026-04-03,APR,FRI,False,,NCL,0518,0518,DAR,0550,0547,-3,0552,0551,-1,50,BHM,0828,0828,0,False
202604036775196,XC,2026-04-03,APR,FRI,False,,NCL,0623,0623,DAR,0652,0650,-2,0654,0654,0,50,BHM,0928,0925,-3,False
202604036775192,XC,2026-04-03,APR,FRI,False,,NCL,0640,0640,DAR,0709,0708,-1,0710,0711,1,50,BHM,1004,1003,-1,False
202604036775082,XC,2026-04-03,APR,FRI,False,,EDB,0602,0602,DAR,0810,0807,-3,0811,0811,0,190,BHM,1106,1106,0,False
202604036775198,XC,2026-04-03,APR,FRI,False,705,NCL,0835,0835,DAR,0904,0901,-3,0906,0905,-1,50,BHM,1127,1144,17,True
202604036775118,XC,2026-04-03,APR,FRI,False,,GLC,0648,0647,DAR,1010,1011,1,1011,1015,4,228,BHM,1306,1304,-2,False
202604036775200,XC,2026-04-03,APR,FRI,False,,NCL,1033,1037,DAR,1104,1105,1,1105,1109,4,50,BHM,1328,1333,5,True
202604036775088,XC,2026-04-03,APR,FRI,False,501,EDB,1005,1004,DAR,1210,1225,15,1213,1228,15,190,BHM,1506,1516,10,True
202604036774726,XC,2026-04-03,APR,FRI,False,501,ABD,0820,0820,DAR,1310,1359,49,1311,1402,51,293,BHM,1604,1632,28,True
202604036775091,XC,2026-04-03,APR,FRI,False,586,EDB,1205,1205,DAR,1410,1418,8,1412,1421,9,190,BHM,1706,1736,30,True
202604036775204,XC,2026-04-03,APR,FRI,False,,NCL,1434,1434,DAR,1504,1504,0,1506,1506,0,50,BHM,1727,1738,11,True
202604036775096,XC,2026-04-03,APR,FRI,False,,EDB,1404,1404,DAR,1610,1607,-3,1611,1611,0,190,BHM,1907,1905,-2,False
202604036775190,XC,2026-04-03,APR,FRI,False,,NCL,1634,1638,DAR,1704,1706,2,1705,1709,4,50,BHM,1931,1932,1,True
202604036775102,XC,2026-04-03,APR,FRI,False,,EDB,1605,1606,DAR,1810,1808,-2,1812,1812,0,190,BHM,2107,2108,1,True
202604036775187,XC,2026-04-03,APR,FRI,True,911,NCL,1833,,DAR,1904,,,1906,,,50,BHM,2126,,,
202604036775079,XC,2026-04-03,APR,FRI,False,,EDB,1804,1803,DAR,2010,2018,8,2011,2021,10,190,BHM,2328,2327,-1,False
202604046775197,XC,2026-04-04,APR,SAT,False,,NCL,0622,0622,DAR,0651,0655,4,0653,0658,5,50,BHM,0927,0931,4,True
202604046775193,XC,2026-04-04,APR,SAT,False,,NCL,0640,0640,DAR,0709,0707,-2,0710,0710,0,50,BHM,1006,1005,-1,False
202604046775083,XC,2026-04-04,APR,SAT,False,,EDB,0602,0601,DAR,0810,0808,-2,0811,0811,0,190,BHM,1106,1107,1,True
202604046775085,XC,2026-04-04,APR,SAT,False,,EDB,0703,0703,DAR,0910,0915,5,0912,0918,6,190,BHM,1207,1204,-3,False
202604046775119,XC,2026-04-04,APR,SAT,False,,EDB,0808,0807,DAR,1010,1009,-1,1011,1014,3,190,BHM,1306,1307,1,True
202604046775120,XC,2026-04-04,APR,SAT,False,,EDB,0905,0904,DAR,1110,1110,0,1111,1115,4,190,BHM,1404,1406,2,True
202604046775089,XC,2026-04-04,APR,SAT,False,,EDB,1005,1014,DAR,1210,1211,1,1211,1214,3,190,BHM,1505,1505,0,False
202604046775063,XC,2026-04-04,APR,SAT,False,,DEE,0933,0933,DAR,1310,1310,0,1311,1314,3,,BHM,1604,1606,2,True
202604046775092,XC,2026-04-04,APR,SAT,False,,EDB,1206,1206,DAR,1410,1412,2,1412,1415,3,190,BHM,1706,1706,0,False
202604046775095,XC,2026-04-04,APR,SAT,False,,EDB,1305,1304,DAR,1510,1508,-2,1512,1512,0,190,BHM,1804,1810,6,True
202604046775097,XC,2026-04-04,APR,SAT,False,,EDB,1404,1403,DAR,1610,1609,-1,1612,1613,1,190,BHM,1905,1909,4,True
202604046775100,XC,2026-04-04,APR,SAT,False,,EDB,1504,1503,DAR,1708,1706,-2,1711,1710,-1,190,BHM,2005,2003,-2,False
202604046775103,XC,2026-04-04,APR,SAT,False,576,EDB,1605,1607,DAR,1809,1823,14,1811,1826,15,190,BHM,2106,2108,2,True
202604046775081,XC,2026-04-04,APR,SAT,False,,EDB,1705,1704,DAR,1910,1908,-2,1911,1912,1,190,BHM,2232,2233,1,True
202604046775080,XC,2026-04-04,APR,SAT,False,,EDB,1804,1803,DAR,2010,2013,3,2011,2016,5,190,BHM,2307,2307,0,False
202604056775195,XC,2026-04-05,APR,SUN,False,,NCL,0936,0938,DAR,1005,1011,6,1006,1015,9,50,BHM,1305,1312,7,True
202604056775086,XC,2026-04-05,APR,SUN,False,810,EDB,0908,0908,DAR,1109,1139,30,1111,1143,32,190,BHM,1404,1414,10,True
202604056775087,XC,2026-04-05,APR,SUN,False,526,EDB,1008,1013,DAR,1209,1222,13,1210,1225,15,190,BHM,1506,1507,1,True
202604056775090,XC,2026-04-05,APR,SUN,False,,EDB,1107,1107,DAR,1309,1307,-2,1310,1311,1,190,BHM,1604,1603,-1,False
202604056775122,XC,2026-04-05,APR,SUN,False,,EDB,1205,,DAR,1410,1429,19,1411,1432,21,190,BHM,1706,1705,-1,False
202604056775093,XC,2026-04-05,APR,SUN,False,,EDB,1305,1305,DAR,1509,1511,2,1511,1514,3,190,BHM,1804,1803,-1,False
202604056775064,XC,2026-04-05,APR,SUN,False,,DEE,1222,,DAR,1609,1613,4,1610,1616,6,,BHM,1904,1908,4,True
202604056775099,XC,2026-04-05,APR,SUN,False,,EDB,1505,1504,DAR,1710,1708,-2,1712,1712,0,190,BHM,2004,2004,0,False
202604056775101,XC,2026-04-05,APR,SUN,False,895,EDB,1607,1607,DAR,1811,1810,-1,1812,1813,1,190,BHM,2106,2106,0,False
202604056775104,XC,2026-04-05,APR,SUN,False,,EDB,1705,1705,DAR,1909,1914,5,1911,1917,6,190,BHM,2208,2210,2,True
202604056775078,XC,2026-04-05,APR,SUN,False,705,EDB,1805,1809,DAR,2007,2026,19,2009,2031,22,190,BHM,2309,2309,0,False
202604066775461,XC,2026-04-06,APR,MON,False,,NCL,0518,0518,DAR,0550,0547,-3,0552,0552,0,50,BHM,0828,0827,-1,False
202604066775196,XC,2026-04-06,APR,MON,False,,NCL,0623,0623,DAR,0652,0650,-2,0654,0654,0,50,BHM,0928,0929,1,True
202604066775192,XC,2026-04-06,APR,MON,False,,NCL,0640,0640,DAR,0709,0708,-1,0710,0711,1,50,BHM,1004,1003,-1,False
202604066775082,XC,2026-04-06,APR,MON,False,,EDB,0602,0602,DAR,0810,0807,-3,0811,0810,-1,190,BHM,1106,1104,-2,False
202604066775198,XC,2026-04-06,APR,MON,False,,NCL,0835,0835,DAR,0904,0903,-1,0906,0908,2,50,BHM,1127,1128,1,True
202604066775118,XC,2026-04-06,APR,MON,False,,EDB,0808,0807,DAR,1010,1006,-4,1011,1010,-1,190,BHM,1306,1307,1,True
202604066775200,XC,2026-04-06,APR,MON,False,,NCL,1033,1035,DAR,1104,1104,0,1105,1108,3,50,BHM,1328,1335,7,True
202604066775088,XC,2026-04-06,APR,MON,False,,EDB,1005,1004,DAR,1210,1208,-2,1213,1213,0,190,BHM,1506,1517,11,True
202604066774726,XC,2026-04-06,APR,MON,False,,ABD,0820,0821,DAR,1310,1307,-3,1311,1312,1,293,BHM,1604,1603,-1,False
202604066775091,XC,2026-04-06,APR,MON,False,,EDB,1205,1204,DAR,1410,1410,0,1412,1413,1,190,BHM,1706,1711,5,True
202604066775204,XC,2026-04-06,APR,MON,False,832,NCL,1434,1438,DAR,1504,1508,4,1506,1512,6,50,BHM,1727,1737,10,True
202604066775096,XC,2026-04-06,APR,MON,False,,EDB,1404,1404,DAR,1610,1609,-1,1611,1612,1,190,BHM,1907,1908,1,True
202604066775190,XC,2026-04-06,APR,MON,False,,NCL,1634,1634,DAR,1704,1704,0,1705,1708,3,50,BHM,1931,1930,-1,False
202604066775102,XC,2026-04-06,APR,MON,False,776,EDB,1605,1606,DAR,1810,1809,-1,1812,1812,0,190,BHM,2107,2126,19,True
202604066775187,XC,2026-04-06,APR,MON,False,,NCL,1833,1834,DAR,1904,1907,3,1906,1909,3,50,BHM,2126,2134,8,True
202604066775079,XC,2026-04-06,APR,MON,False,,EDB,1804,1804,DAR,2010,2007,-3,2011,2010,-1,190,BHM,2328,2325,-3,False
202604086775461,XC,2026-04-08,APR,WED,True,526,NCL,0518,,DAR,0550,,,0552,,,50,BHM,0828,,,
202604086775196,XC,2026-04-08,APR,WED,False,,NCL,0623,0623,DAR,0652,0649,-3,0654,0654,0,50,BHM,0928,0925,-3,False
202604086775192,XC,2026-04-08,APR,WED,False,,NCL,0640,0640,DAR,0709,0707,-2,0710,0710,0,50,BHM,1004,1003,-1,False
202604086775082,XC,2026-04-08,APR,WED,False,,EDB,0602,0601,DAR,0810,0808,-2,0811,0811,0,190,BHM,1106,1106,0,False
202604086775198,XC,2026-04-08,APR,WED,True,574,NCL,0835,,DAR,0904,,,0906,,,50,BHM,1127,,,
202604086775118,XC,2026-04-08,APR,WED,False,574,GLC,0648,0647,DAR,1010,1007,-3,1011,1012,1,228,BHM,1306,1306,0,False
202604086775200,XC,2026-04-08,APR,WED,False,,NCL,1033,1034,DAR,1104,1105,1,1105,1108,3,50,BHM,1328,1332,4,True
202604086775088,XC,2026-04-08,APR,WED,False,,EDB,1005,1005,DAR,1210,1208,-2,1213,1213,0,190,BHM,1506,1507,1,True
202604086775202,XC,2026-04-08,APR,WED,False,,NCL,1233,1234,DAR,1303,1303,0,1305,1307,2,50,BHM,1528,1530,2,True
202604086775091,XC,2026-04-08,APR,WED,False,576,EDB,1205,1204,DAR,1410,1409,-1,1412,1413,1,190,BHM,1706,1712,6,True
202604086775204,XC,2026-04-08,APR,WED,False,832,NCL,1434,1434,DAR,1504,1506,2,1506,1509,3,50,BHM,1727,1733,6,True
202604086775096,XC,2026-04-08,APR,WED,False,895,EDB,1404,1404,DAR,1610,1609,-1,1611,1612,1,190,BHM,1907,1927,20,True
202604086775190,XC,2026-04-08,APR,WED,False,,NCL,1634,1634,DAR,1704,1702,-2,1705,1706,1,50,BHM,1931,1929,-2,False
202604086775102,XC,2026-04-08,APR,WED,False,,EDB,1605,1605,DAR,1810,1808,-2,1812,1811,-1,190,BHM,2107,2105,-2,False
202604086775187,XC,2026-04-08,APR,WED,False,,NCL,1833,1834,DAR,1904,1908,4,1906,1911,5,50,BHM,2126,2127,1,True
202604086775079,XC,2026-04-08,APR,WED,False,904,EDB,1804,1804,DAR,2010,2006,-4,2011,2011,0,190,BHM,2328,2331,3,True
202604096775461,XC,2026-04-09,APR,THU,False,501,NCL,0518,0518,DAR,0550,0547,-3,0552,0551,-1,50,BHM,0828,0855,27,True
202604096775196,XC,2026-04-09,APR,THU,False,,NCL,0623,0623,DAR,0652,0650,-2,0654,0654,0,50,BHM,0928,0928,0,False
202604096775192,XC,2026-04-09,APR,THU,False,895,NCL,0640,0640,DAR,0709,0708,-1,0710,0710,0,50,BHM,1004,1009,5,True
202604096775082,XC,2026-04-09,APR,THU,False,,EDB,0602,0602,DAR,0810,0808,-2,0811,0812,1,190,BHM,1106,1106,0,False
202604096775198,XC,2026-04-09,APR,THU,False,,NCL,0835,0835,DAR,0904,0902,-2,0906,0906,0,50,BHM,1127,1129,2,True
202604096775118,XC,2026-04-09,APR,THU,False,,GLC,0648,0647,DAR,1010,1007,-3,1011,1011,0,228,BHM,1306,1315,9,True
202604096775200,XC,2026-04-09,APR,THU,False,576,NCL,1033,,DAR,1104,1124,20,1105,1126,21,50,BHM,1328,1342,14,True
202604096775088,XC,2026-04-09,APR,THU,False,,EDB,1005,1004,DAR,1210,1208,-2,1213,1213,0,190,BHM,1506,1508,2,True
202604096775202,XC,2026-04-09,APR,THU,False,,NCL,1233,1234,DAR,1303,1301,-2,1305,1306,1,50,BHM,1528,1530,2,True
202604096775091,XC,2026-04-09,APR,THU,False,,EDB,1205,1205,DAR,1410,1408,-2,1412,1412,0,190,BHM,1706,1709,3,True
202604096775204,XC,2026-04-09,APR,THU,False,,NCL,1434,1438,DAR,1504,1506,2,1506,1509,3,50,BHM,1727,1726,-1,False
202604096775096,XC,2026-04-09,APR,THU,False,,EDB,1404,1403,DAR,1610,1609,-1,1611,1613,2,190,BHM,1907,1905,-2,False
202604096775190,XC,2026-04-09,APR,THU,False,,NCL,1634,1634,DAR,1704,1701,-3,1705,1705,0,50,BHM,1931,1929,-2,False
202604096775102,XC,2026-04-09,APR,THU,False,,EDB,1605,1605,DAR,1810,1808,-2,1812,1811,-1,190,BHM,2107,2107,0,False
202604096775187,XC,2026-04-09,APR,THU,True,507,NCL,1833,,DAR,1904,,,1906,,,50,BHM,2126,,,
202604096775079,XC,2026-04-09,APR,THU,False,,EDB,1804,1803,DAR,2010,2019,9,2011,2022,11,190,BHM,2328,2328,0,False
202604106775461,XC,2026-04-10,APR,FRI,False,,NCL,0518,0518,DAR,0550,0547,-3,0552,0552,0,50,BHM,0828,0829,1,True
202604106775196,XC,2026-04-10,APR,FRI,False,,NCL,0623,0630,DAR,0652,0659,7,0654,0702,8,50,BHM,0928,0930,2,True
202604106775192,XC,2026-04-10,APR,FRI,False,,NCL,0640,0640,DAR,0709,0706,-3,0710,0709,-1,50,BHM,1004,1004,0,False
202604106775082,XC,2026-04-10,APR,FRI,False,,EDB,0602,0602,DAR,0810,0807,-3,0811,0810,-1,190,BHM,1106,1107,1,True
202604106775198,XC,2026-04-10,APR,FRI,False,,NCL,0835,0835,DAR,0904,0902,-2,0906,0906,0,50,BHM,1127,1127,0,False
202604106775118,XC,2026-04-10,APR,FRI,False,,GLC,0648,0647,DAR,1010,1006,-4,1011,1010,-1,228,BHM,1306,1315,9,True
202604106775200,XC,2026-04-10,APR,FRI,False,,NCL,1033,1033,DAR,1104,1102,-2,1105,1105,0,50,BHM,1328,1330,2,True
202604106775088,XC,2026-04-10,APR,FRI,False,895,EDB,1005,1005,DAR,1210,1207,-3,1213,1213,0,190,BHM,1506,1509,3,True
202604106775202,XC,2026-04-10,APR,FRI,False,,NCL,1233,1232,DAR,1303,1303,0,1305,1305,0,50,BHM,1528,1527,-1,False
202604106775091,XC,2026-04-10,APR,FRI,False,576,EDB,1205,1204,DAR,1410,1410,0,1412,1413,1,190,BHM,1706,1722,16,True
202604106775204,XC,2026-04-10,APR,FRI,False,,NCL,1434,1434,DAR,1504,1501,-3,1506,1505,-1,50,BHM,1727,1733,6,True
202604106775096,XC,2026-04-10,APR,FRI,False,,EDB,1404,1404,DAR,1610,1608,-2,1611,1611,0,190,BHM,1907,1906,-1,False
202604106775190,XC,2026-04-10,APR,FRI,False,,NCL,1634,1634,DAR,1704,1705,1,1705,1708,3,50,BHM,1931,1932,1,True
202604106775102,XC,2026-04-10,APR,FRI,False,547,EDB,1605,1605,DAR,1810,1838,28,1812,1840,28,190,BHM,2107,2132,25,True
202604106775187,XC,2026-04-10,APR,FRI,False,904,NCL,1833,1837,DAR,1904,1910,6,1906,1913,7,50,BHM,2126,2200,34,True
202604106775079,XC,2026-04-10,APR,FRI,False,,EDB,1804,1805,DAR,2010,2006,-4,2011,2011,0,190,BHM,2328,2332,4,True
202604116775197,XC,2026-04-11,APR,SAT,False,,NCL,0622,0622,DAR,0651,0651,0,0653,0654,1,50,BHM,0927,0926,-1,False
202604116775193,XC,2026-04-11,APR,SAT,False,,NCL,0640,0640,DAR,0709,0708,-1,0710,0711,1,50,BHM,1006,1015,9,True
202604116775083,XC,2026-04-11,APR,SAT,False,650,EDB,0602,0602,DAR,0810,0808,-2,0811,0811,0,190,BHM,1106,1107,1,True
202604116775199,XC,2026-04-11,APR,SAT,False,,NCL,0835,0835,DAR,0904,0904,0,0906,0907,1,50,BHM,1127,1128,1,True
202604116775119,XC,2026-04-11,APR,SAT,False,895,GLC,0648,0648,DAR,1010,1029,19,1011,1032,21,228,BHM,1306,1409,63,True
202604116775201,XC,2026-04-11,APR,SAT,False,,NCL,1035,1038,DAR,1104,1107,3,1106,1111,5,50,BHM,1328,1346,18,True
202604116775089,XC,2026-04-11,APR,SAT,False,,EDB,1005,1005,DAR,1210,1207,-3,1211,1211,0,190,BHM,1505,1508,3,True
202604116775203,XC,2026-04-11,APR,SAT,False,,NCL,1234,1234,DAR,1304,1303,-1,1306,1306,0,50,BHM,1527,1526,-1,False
202604116775092,XC,2026-04-11,APR,SAT,False,,EDB,1205,1205,DAR,1410,1408,-2,1412,1412,0,190,BHM,1706,1705,-1,False
202604116775205,XC,2026-04-11,APR,SAT,False,,NCL,1433,1435,DAR,1503,1513,10,1505,1520,15,50,BHM,1727,1733,6,True
202604116775097,XC,2026-04-11,APR,SAT,False,,EDB,1404,1404,DAR,1613,1608,-5,1613,1613,0,190,BHM,1905,1915,10,True
202604116775191,XC,2026-04-11,APR,SAT,True,536,NCL,1633,,DAR,1703,,,1704,,,50,BHM,1925,,,
202604116775103,XC,2026-04-11,APR,SAT,False,,EDB,1605,1604,DAR,1809,1806,-3,1811,1811,0,190,BHM,2106,2113,7,True
202604116775188,XC,2026-04-11,APR,SAT,False,,NCL,1833,1833,DAR,1903,1901,-2,1905,1905,0,50,BHM,2126,2131,5,True
202604116775080,XC,2026-04-11,APR,SAT,False,,EDB,1804,1804,DAR,2010,2028,18,2011,2033,22,190,BHM,2307,2337,30,True
202604126775195,XC,2026-04-12,APR,SUN,False,,NCL,0936,0936,DAR,1005,1004,-1,1006,1006,0,50,BHM,1305,1306,1,True
202604126775086,XC,2026-04-12,APR,SUN,False,,EDB,0908,0908,DAR,1109,1107,-2,1111,1111,0,190,BHM,1404,1404,0,False
202604126775087,XC,2026-04-12,APR,SUN,False,,EDB,1008,1008,DAR,1209,1207,-2,1210,1210,0,190,BHM,1506,1513,7,True
202604126775090,XC,2026-04-12,APR,SUN,False,,EDB,1107,1107,DAR,1309,1307,-2,1310,1311,1,190,BHM,1604,1605,1,True
202604126775122,XC,2026-04-12,APR,SUN,False,,GLC,1055,,DAR,1410,1411,1,1411,1414,3,228,BHM,1706,1711,5,True
202604126775093,XC,2026-04-12,APR,SUN,False,,EDB,1305,1305,DAR,1509,1507,-2,1511,1511,0,190,BHM,1804,1806,2,True
202604126775064,XC,2026-04-12,APR,SUN,False,,DEE,1222,,DAR,1609,1607,-2,1610,1610,0,,BHM,1904,1909,5,True
202604126775099,XC,2026-04-12,APR,SUN,False,,EDB,1505,1505,DAR,1710,1709,-1,1712,1713,1,190,BHM,2004,2004,0,False
202604126775101,XC,2026-04-12,APR,SUN,False,,EDB,1607,,DAR,1811,1806,-5,1812,1812,0,190,BHM,2106,2105,-1,False
202604126775186,XC,2026-04-12,APR,SUN,False,,NCL,1833,1833,DAR,1902,1901,-1,1904,1904,0,50,BHM,2124,2127,3,True
202604126775078,XC,2026-04-12,APR,SUN,False,,EDB,1805,1805,DAR,2007,2005,-2,2009,2009,0,190,BHM,2309,2315,6,True
202604136775461,XC,2026-04-13,APR,MON,False,685,NCL,0518,0518,DAR,0550,0547,-3,0552,0551,-1,50,BHM,0828,0846,18,True
202604136775196,XC,2026-04-13,APR,MON,False,,NCL,0623,0623,DAR,0652,0651,-1,0654,0655,1,50,BHM,0928,0929,1,True
202604136775192,XC,2026-04-13,APR,MON,False,536,NCL,0640,0640,DAR,0709,0709,0,0710,0712,2,50,BHM,1004,1011,7,True
202604136775082,XC,2026-04-13,APR,MON,False,,EDB,0602,0601,DAR,0810,0807,-3,0811,0811,0,190,BHM,1106,1110,4,True
202604136775198,XC,2026-04-13,APR,MON,False,,NCL,0835,0834,DAR,0904,0903,-1,0906,0905,-1,50,BHM,1127,1127,0,False
202604136775118,XC,2026-04-13,APR,MON,False,,GLC,0648,0648,DAR,1010,1007,-3,1011,1011,0,228,BHM,1306,1306,0,False
202604136775200,XC,2026-04-13,APR,MON,False,,NCL,1033,1033,DAR,1104,1103,-1,1105,1105,0,50,BHM,1328,1330,2,True
202604136775088,XC,2026-04-13,APR,MON,False,,EDB,1005,1004,DAR,1210,1209,-1,1213,1213,0,190,BHM,1506,1512,6,True
202604136775202,XC,2026-04-13,APR,MON,False,,NCL,1233,1236,DAR,1303,1306,3,1305,1308,3,50,BHM,1528,1530,2,True
202604136775091,XC,2026-04-13,APR,MON,False,895,EDB,1205,1204,DAR,1410,1409,-1,1412,1412,0,190,BHM,1706,1708,2,True
202604136775204,XC,2026-04-13,APR,MON,False,,NCL,1434,1434,DAR,1504,1504,0,1506,1509,3,50,BHM,1727,1739,12,True
202604136775096,XC,2026-04-13,APR,MON,False,,EDB,1404,1404,DAR,1610,1607,-3,1611,1611,0,190,BHM,1907,1913,6,True
202604136775190,XC,2026-04-13,APR,MON,False,,NCL,1634,1635,DAR,1704,1705,1,1705,1709,4,50,BHM,1931,1937,6,True
202604136775102,XC,2026-04-13,APR,MON,False,,EDB,1605,1607,DAR,1810,1808,-2,1812,1812,0,190,BHM,2107,2109,2,True
202604136775187,XC,2026-04-13,APR,MON,False,904,NCL,1833,1834,DAR,1904,1903,-1,1906,1907,1,50,BHM,2126,2137,11,True
202604136775079,XC,2026-04-13,APR,MON,False,880,EDB,1804,1804,DAR,2010,2009,-1,2011,2013,2,190,BHM,2328,2327,-1,False
202604146775461,XC,2026-04-14,APR,TUE,False,,NCL,0518,0518,DAR,0550,0547,-3,0552,0551,-1,50,BHM,0828,0831,3,True
202604146775196,XC,2026-04-14,APR,TUE,False,,NCL,0623,0623,DAR,0652,0651,-1,0654,0654,0,50,BHM,0928,0928,0,False
202604146775192,XC,2026-04-14,APR,TUE,False,,NCL,0640,0640,DAR,0709,0708,-1,0710,0711,1,50,BHM,1004,1003,-1,False
202604146775082,XC,2026-04-14,APR,TUE,False,,EDB,0602,0602,DAR,0810,0809,-1,0811,0812,1,190,BHM,1106,1104,-2,False
202604146775198,XC,2026-04-14,APR,TUE,False,,NCL,0835,0835,DAR,0904,0903,-1,0906,0906,0,50,BHM,1127,1128,1,True
202604146775118,XC,2026-04-14,APR,TUE,False,895,GLC,0648,0648,DAR,1010,1007,-3,1011,1011,0,228,BHM,1306,1321,15,True
202604146775200,XC,2026-04-14,APR,TUE,False,,NCL,1033,1033,DAR,1104,1102,-2,1105,1106,1,50,BHM,1328,1334,6,True
202604146775088,XC,2026-04-14,APR,TUE,False,576,EDB,1005,1005,DAR,1210,1207,-3,1213,1213,0,190,BHM,1506,1528,22,True
202604146775202,XC,2026-04-14,APR,TUE,False,,NCL,1233,1233,DAR,1303,1306,3,1305,1310,5,50,BHM,1528,1530,2,True
202604146775091,XC,2026-04-14,APR,TUE,False,894,EDB,1205,1205,DAR,1410,1408,-2,1412,1411,-1,190,BHM,1706,1706,0,False
202604146775204,XC,2026-04-14,APR,TUE,False,576,NCL,1434,1434,DAR,1504,1502,-2,1506,1505,-1,50,BHM,1727,1728,1,True
202604146775096,XC,2026-04-14,APR,TUE,False,,EDB,1404,1403,DAR,1610,1608,-2,1611,1611,0,190,BHM,1907,1905,-2,False
202604146775190,XC,2026-04-14,APR,TUE,False,,NCL,1634,1638,DAR,1704,1708,4,1705,1711,6,50,BHM,1931,1935,4,True
202604146775102,XC,2026-04-14,APR,TUE,False,,EDB,1605,1605,DAR,1810,1808,-2,1812,1812,0,190,BHM,2107,2115,8,True
202604146775187,XC,2026-04-14,APR,TUE,False,576,NCL,1833,1846,DAR,1904,1912,8,1906,1915,9,50,BHM,2126,2148,22,True
202604146775079,XC,2026-04-14,APR,TUE,False,,EDB,1804,1804,DAR,2010,2008,-2,2011,2011,0,190,BHM,2328,2344,16,True
202604156775461,XC,2026-04-15,APR,WED,False,,NCL,0518,0518,DAR,0550,0548,-2,0552,0551,-1,50,BHM,0828,0830,2,True
202604156775196,XC,2026-04-15,APR,WED,False,,NCL,0623,0623,DAR,0652,0650,-2,0654,0654,0,50,BHM,0928,0925,-3,False
202604156775192,XC,2026-04-15,APR,WED,False,,NCL,0640,0640,DAR,0709,0708,-1,0710,0711,1,50,BHM,1004,1005,1,True
202604156775082,XC,2026-04-15,APR,WED,False,,EDB,0602,0602,DAR,0810,0808,-2,0811,0811,0,190,BHM,1106,1111,5,True
202604156775198,XC,2026-04-15,APR,WED,False,,NCL,0835,0836,DAR,0904,0902,-2,0906,0905,-1,50,BHM,1127,1126,-1,False
202604156775118,XC,2026-04-15,APR,WED,False,,GLC,0648,0648,DAR,1010,1007,-3,1011,1011,0,228,BHM,1306,1311,5,True
202604156775200,XC,2026-04-15,APR,WED,False,,NCL,1033,1034,DAR,1104,1103,-1,1105,1106,1,50,BHM,1328,1331,3,True
202604156775088,XC,2026-04-15,APR,WED,False,,EDB,1005,1004,DAR,1210,1208,-2,1213,1213,0,190,BHM,1506,1510,4,True
202604156775202,XC,2026-04-15,APR,WED,False,904,NCL,1233,1236,DAR,1303,1304,1,1305,1307,2,50,BHM,1528,1537,9,True
202604156775091,XC,2026-04-15,APR,WED,False,,EDB,1205,1206,DAR,1410,1411,1,1412,1414,2,190,BHM,1706,1707,1,True
202604156775204,XC,2026-04-15,APR,WED,False,895,NCL,1434,1434,DAR,1504,1514,10,1506,1517,11,50,BHM,1727,1735,8,True
202604156775096,XC,2026-04-15,APR,WED,False,,EDB,1404,1404,DAR,1610,1609,-1,1611,1612,1,190,BHM,1907,1916,9,True
202604156775190,XC,2026-04-15,APR,WED,False,,NCL,1634,1634,DAR,1704,1702,-2,1705,1705,0,50,BHM,1931,1933,2,True
202604156775102,XC,2026-04-15,APR,WED,False,895,EDB,1605,1605,DAR,1810,1807,-3,1812,1812,0,190,BHM,2107,2106,-1,False
202604156775187,XC,2026-04-15,APR,WED,False,547,NCL,1833,1835,DAR,1904,1905,1,1906,1908,2,50,BHM,2126,2136,10,True
202604156775079,XC,2026-04-15,APR,WED,False,,EDB,1804,1804,DAR,2010,2011,1,2011,2014,3,190,BHM,2328,2339,11,True
202604166775461,XC,2026-04-16,APR,THU,False,,NCL,0518,0518,DAR,0550,0546,-4,0552,0551,-1,50,BHM,0828,0829,1,True
202604166775196,XC,2026-04-16,APR,THU,False,,NCL,0623,0625,DAR,0652,0652,0,0654,0654,0,50,BHM,0928,0925,-3,False
202604166775192,XC,2026-04-16,APR,THU,False,,NCL,0640,0640,DAR,0709,0708,-1,0710,0712,2,50,BHM,1004,1006,2,True
202604166775082,XC,2026-04-16,APR,THU,False,,EDB,0602,0605,DAR,0810,0807,-3,0811,0811,0,190,BHM,1106,1105,-1,False
202604166775198,XC,2026-04-16,APR,THU,False,,NCL,0835,0835,DAR,0904,0903,-1,0906,0906,0,50,BHM,1127,1125,-2,False
202604166775118,XC,2026-04-16,APR,THU,False,,GLC,0648,0648,DAR,1010,1008,-2,1011,1012,1,228,BHM,1306,1309,3,True
202604166775200,XC,2026-04-16,APR,THU,False,,NCL,1033,1034,DAR,1104,1103,-1,1105,1106,1,50,BHM,1328,1330,2,True
202604166775088,XC,2026-04-16,APR,THU,False,,EDB,1005,1004,DAR,1210,1208,-2,1213,1213,0,190,BHM,1506,1511,5,True
202604166775202,XC,2026-04-16,APR,THU,False,,NCL,1233,1233,DAR,1303,1301,-2,1305,1305,0,50,BHM,1528,1529,1,True
202604166775091,XC,2026-04-16,APR,THU,False,579,EDB,1205,1206,DAR,1410,1408,-2,1412,1411,-1,190,BHM,1706,1713,7,True
202604166775204,XC,2026-04-16,APR,THU,False,871,NCL,1434,1436,DAR,1504,1510,6,1506,1513,7,50,BHM,1727,1741,14,True
202604166775096,XC,2026-04-16,APR,THU,False,,EDB,1404,1403,DAR,1610,1610,0,1611,1614,3,190,BHM,1907,1907,0,False
202604166775190,XC,2026-04-16,APR,THU,False,,NCL,1634,1634,DAR,1704,1704,0,1705,1707,2,50,BHM,1931,1935,4,True
202604166775102,XC,2026-04-16,APR,THU,False,,EDB,1605,1605,DAR,1810,1808,-2,1812,1812,0,190,BHM,2107,2109,2,True
202604166775187,XC,2026-04-16,APR,THU,False,,NCL,1833,1833,DAR,1904,1901,-3,1906,1905,-1,50,BHM,2126,2127,1,True
202604166775079,XC,2026-04-16,APR,THU,False,,EDB,1804,1804,DAR,2010,2013,3,2011,2017,6,190,BHM,2328,2329,1,True
202604176775461,XC,2026-04-17,APR,FRI,False,,NCL,0518,0518,DAR,0550,0547,-3,0552,0552,0,50,BHM,0828,0833,5,True
202604176775196,XC,2026-04-17,APR,FRI,False,,NCL,0623,0623,DAR,0652,0652,0,0654,0655,1,50,BHM,0928,0926,-2,False
202604176775192,XC,2026-04-17,APR,FRI,False,650,NCL,0640,0716,DAR,0709,0743,34,0710,0746,36,50,BHM,1004,1027,23,True
202604176775082,XC,2026-04-17,APR,FRI,True,526,EDB,0602,,DAR,0810,,,0811,,,190,BHM,1106,,,
202604176775198,XC,2026-04-17,APR,FRI,False,,NCL,0835,0835,DAR,0904,0904,0,0906,0907,1,50,BHM,1127,1127,0,False
202604176775118,XC,2026-04-17,APR,FRI,False,908,GLC,0648,0647,DAR,1010,1021,11,1011,1024,13,228,BHM,1306,1310,4,True
202604176775200,XC,2026-04-17,APR,FRI,False,576,NCL,1033,1041,DAR,1104,1112,8,1105,1115,10,50,BHM,1328,1403,35,True
202604176775088,XC,2026-04-17,APR,FRI,False,895,EDB,1005,1006,DAR,1210,1207,-3,1213,1213,0,190,BHM,1506,1518,12,True
202604176775202,XC,2026-04-17,APR,FRI,False,,NCL,1233,1233,DAR,1303,1301,-2,1305,1306,1,50,BHM,1528,1529,1,True
202604176775091,XC,2026-04-17,APR,FRI,False,,EDB,1205,1204,DAR,1410,1407,-3,1412,1412,0,190,BHM,1706,1713,7,True
202604176775204,XC,2026-04-17,APR,FRI,False,,NCL,1434,1435,DAR,1504,1504,0,1506,1507,1,50,BHM,1727,1741,14,True
202604176775096,XC,2026-04-17,APR,FRI,False,,EDB,1404,1403,DAR,1610,1609,-1,1611,1613,2,190,BHM,1907,1912,5,True
202604176775190,XC,2026-04-17,APR,FRI,False,,NCL,1634,1638,DAR,1704,1705,1,1705,1708,3,50,BHM,1931,1933,2,True
202604176775102,XC,2026-04-17,APR,FRI,False,,EDB,1605,,DAR,1810,1807,-3,1812,1811,-1,190,BHM,2107,2108,1,True
202604176775187,XC,2026-04-17,APR,FRI,False,,NCL,1833,1833,DAR,1904,1904,0,1906,1907,1,50,BHM,2126,2129,3,True
202604176775079,XC,2026-04-17,APR,FRI,False,,EDB,1804,1804,DAR,2010,2007,-3,2011,2010,-1,190,BHM,2328,2328,0,False
202604186775197,XC,2026-04-18,APR,SAT,False,,NCL,0622,0623,DAR,0651,0651,0,0653,0655,2,50,BHM,0927,0927,0,False
202604186775193,XC,2026-04-18,APR,SAT,False,576,NCL,0640,0640,DAR,0709,0709,0,0710,0712,2,50,BHM,1006,1007,1,True
202604186775083,XC,2026-04-18,APR,SAT,False,,EDB,0602,0602,DAR,0810,0808,-2,0811,0811,0,190,BHM,1106,1107,1,True
202604186775199,XC,2026-04-18,APR,SAT,False,,NCL,0835,0835,DAR,0904,0903,-1,0906,0906,0,50,BHM,1127,1128,1,True
202604186775119,XC,2026-04-18,APR,SAT,False,,GLC,0648,0648,DAR,1010,1009,-1,1011,1014,3,228,BHM,1306,1305,-1,False
202604186775201,XC,2026-04-18,APR,SAT,False,904,NCL,1035,1035,DAR,1104,1105,1,1106,1110,4,50,BHM,1328,1359,31,True
202604186775089,XC,2026-04-18,APR,SAT,False,,EDB,1005,1004,DAR,1210,1208,-2,1211,1213,2,190,BHM,1505,1516,11,True
202604186775203,XC,2026-04-18,APR,SAT,False,,NCL,1234,1236,DAR,1304,1306,2,1306,1309,3,50,BHM,1527,1527,0,False
202604186775092,XC,2026-04-18,APR,SAT,False,,EDB,1205,1205,DAR,1410,1408,-2,1412,1414,2,190,BHM,1706,1712,6,True
202604186775205,XC,2026-04-18,APR,SAT,False,,NCL,1433,1434,DAR,1503,1502,-1,1505,1508,3,50,BHM,1727,1732,5,True
202604186775097,XC,2026-04-18,APR,SAT,False,574,EDB,1404,1403,DAR,1613,1630,17,1613,1635,22,190,BHM,1905,1933,28,True
202604186775191,XC,2026-04-18,APR,SAT,False,,NCL,1633,1633,DAR,1703,1701,-2,1704,1704,0,50,BHM,1925,1939,14,True
202604186775103,XC,2026-04-18,APR,SAT,False,,EDB,1605,1605,DAR,1809,1807,-2,1811,1811,0,190,BHM,2106,2108,2,True
202604186775188,XC,2026-04-18,APR,SAT,False,,NCL,1833,1833,DAR,1903,1901,-2,1905,1908,3,50,BHM,2126,2129,3,True
202604186775080,XC,2026-04-18,APR,SAT,False,,EDB,1804,1803,DAR,2010,2010,0,2011,2018,7,190,BHM,2307,2308,1,True
202604196775195,XC,2026-04-19,APR,SUN,False,,NCL,0936,0937,DAR,1005,1005,0,1006,1008,2,50,BHM,1305,1313,8,True
202604196775086,XC,2026-04-19,APR,SUN,False,,EDB,0908,0910,DAR,1109,1107,-2,1111,1111,0,190,BHM,1404,1405,1,True
202604196775087,XC,2026-04-19,APR,SUN,False,,EDB,1008,1007,DAR,1209,1211,2,1210,1214,4,190,BHM,1506,1513,7,True
202604196775090,XC,2026-04-19,APR,SUN,False,,EDB,1107,1107,DAR,1309,1311,2,1310,1315,5,190,BHM,1604,1613,9,True
202604196775122,XC,2026-04-19,APR,SUN,False,,GLC,1055,1054,DAR,1410,1413,3,1411,1416,5,228,BHM,1706,1714,8,True
202604196775093,XC,2026-04-19,APR,SUN,False,,EDB,1305,1305,DAR,1509,1506,-3,1511,1510,-1,190,BHM,1804,1809,5,True
202604196775064,XC,2026-04-19,APR,SUN,False,,DEE,1222,,DAR,1609,1610,1,1610,1613,3,,BHM,1904,1910,6,True
202604196775099,XC,2026-04-19,APR,SUN,False,,EDB,1505,1504,DAR,1710,1712,2,1712,1716,4,190,BHM,2004,2003,-1,False
202604196775101,XC,2026-04-19,APR,SUN,False,,EDB,1607,1607,DAR,1811,1809,-2,1812,1813,1,190,BHM,2106,2105,-1,False
202604196775186,XC,2026-04-19,APR,SUN,False,,NCL,1833,1833,DAR,1902,1902,0,1904,1905,1,50,BHM,2124,2126,2,True
202604196775078,XC,2026-04-19,APR,SUN,False,887,EDB,1805,1805,DAR,2007,2015,8,2009,2019,10,190,BHM,2309,2307,-2,False
202604206775461,XC,2026-04-20,APR,MON,False,,NCL,0518,0518,DAR,0550,0547,-3,0552,0552,0,50,BHM,0828,0831,3,True
202604206775196,XC,2026-04-20,APR,MON,False,,NCL,0623,0623,DAR,0652,0651,-1,0654,0655,1,50,BHM,0928,0926,-2,False
202604206775192,XC,2026-04-20,APR,MON,False,,NCL,0640,0640,DAR,0709,0707,-2,0710,0712,2,50,BHM,1004,1003,-1,False
202604206775082,XC,2026-04-20,APR,MON,False,,EDB,0602,0601,DAR,0810,0808,-2,0811,0815,4,190,BHM,1106,1107,1,True
202604206775084,XC,2026-04-20,APR,MON,False,573,EDB,0703,0703,DAR,0910,0927,17,0912,0934,22,190,BHM,1204,1237,33,True
202604206775118,XC,2026-04-20,APR,MON,False,,GLC,0648,0648,DAR,1010,1009,-1,1011,1013,2,228,BHM,1306,1309,3,True
202604206775200,XC,2026-04-20,APR,MON,False,,NCL,1033,1033,DAR,1104,1102,-2,1105,1107,2,50,BHM,1328,1328,0,False
202604206775088,XC,2026-04-20,APR,MON,False,904,EDB,1005,1004,DAR,1210,1221,11,1213,1225,12,190,BHM,1506,1526,20,True
202604206775202,XC,2026-04-20,APR,MON,False,,NCL,1233,1233,DAR,1303,1301,-2,1305,1305,0,50,BHM,1528,1530,2,True
202604206775091,XC,2026-04-20,APR,MON,False,,EDB,1205,1204,DAR,1410,1412,2,1412,1415,3,190,BHM,1706,1708,2,True
202604206775204,XC,2026-04-20,APR,MON,False,,NCL,1434,1434,DAR,1504,1502,-2,1506,1506,0,50,BHM,1727,1727,0,False
202604206775096,XC,2026-04-20,APR,MON,False,547,EDB,1404,1403,DAR,1610,1623,13,1611,1627,16,190,BHM,1907,1928,21,True
202604206775190,XC,2026-04-20,APR,MON,False,576,NCL,1634,1634,DAR,1704,1701,-3,1705,1705,0,50,BHM,1931,1940,9,True
202604206775102,XC,2026-04-20,APR,MON,False,,EDB,1605,1604,DAR,1810,1808,-2,1812,1812,0,190,BHM,2107,2105,-2,False
202604206775187,XC,2026-04-20,APR,MON,False,,NCL,1833,1833,DAR,1904,1903,-1,1906,1906,0,50,BHM,2126,2129,3,True
202604206775079,XC,2026-04-20,APR,MON,False,,EDB,1804,1804,DAR,2010,2008,-2,2011,2011,0,190,BHM,2328,2327,-1,False
202604216775461,XC,2026-04-21,APR,TUE,False,,NCL,0518,0518,DAR,0550,0547,-3,0552,0552,0,50,BHM,0828,0832,4,True
202604216775196,XC,2026-04-21,APR,TUE,False,,NCL,0623,0623,DAR,0652,0652,0,0654,0655,1,50,BHM,0928,0932,4,True
202604216775192,XC,2026-04-21,APR,TUE,False,904,NCL,0640,0640,DAR,0709,0707,-2,0710,0712,2,50,BHM,1004,1007,3,True
202604216775082,XC,2026-04-21,APR,TUE,False,895,EDB,0602,0601,DAR,0810,0808,-2,0811,0812,1,190,BHM,1106,1117,11,True
202604216775198,XC,2026-04-21,APR,TUE,False,,NCL,0835,0835,DAR,0904,0903,-1,0906,0906,0,50,BHM,1127,1128,1,True
202604216775118,XC,2026-04-21,APR,TUE,False,,GLC,0648,0647,DAR,1010,1007,-3,1011,1010,-1,228,BHM,1306,1305,-1,False
202604216775200,XC,2026-04-21,APR,TUE,False,,NCL,1033,1033,DAR,1104,1103,-1,1105,1106,1,50,BHM,1328,1329,1,True
202604216775088,XC,2026-04-21,APR,TUE,False,887,EDB,1005,1004,DAR,1210,1207,-3,1213,1213,0,190,BHM,1506,1508,2,True
202604216775202,XC,2026-04-21,APR,TUE,False,,NCL,1233,1233,DAR,1303,1300,-3,1305,1305,0,50,BHM,1528,1532,4,True
202604216775091,XC,2026-04-21,APR,TUE,False,832,EDB,1205,1204,DAR,1410,1414,4,1412,1418,6,190,BHM,1706,1705,-1,False
202604216775204,XC,2026-04-21,APR,TUE,False,,NCL,1434,1434,DAR,1504,1502,-2,1506,1506,0,50,BHM,1727,1726,-1,False
202604216775096,XC,2026-04-21,APR,TUE,False,,EDB,1404,1403,DAR,1610,1608,-2,1611,1612,1,190,BHM,1907,1907,0,False
202604216775190,XC,2026-04-21,APR,TUE,False,,NCL,1634,1634,DAR,1704,1701,-3,1705,1706,1,50,BHM,1931,1931,0,False
202604216775102,XC,2026-04-21,APR,TUE,False,,EDB,1605,1605,DAR,1810,1808,-2,1812,1812,0,190,BHM,2107,2129,22,True
202604216775187,XC,2026-04-21,APR,TUE,False,,NCL,1833,1833,DAR,1904,1902,-2,1906,1907,1,50,BHM,2126,2134,8,True
202604216775079,XC,2026-04-21,APR,TUE,False,,EDB,1804,1804,DAR,2010,2007,-3,2011,2010,-1,190,BHM,2328,2326,-2,False
202604226775461,XC,2026-04-22,APR,WED,False,,NCL,0518,0517,DAR,0550,0548,-2,0552,0552,0,50,BHM,0828,0832,4,True
202604226775196,XC,2026-04-22,APR,WED,False,,NCL,0623,0623,DAR,0652,0650,-2,0654,0654,0,50,BHM,0928,0930,2,True
202604226775192,XC,2026-04-22,APR,WED,False,,NCL,0640,0640,DAR,0709,0707,-2,0710,0709,-1,50,BHM,1004,1006,2,True
202604226775082,XC,2026-04-22,APR,WED,False,,EDB,0602,0602,DAR,0810,0810,0,0811,0814,3,190,BHM,1106,1108,2,True
202604226775198,XC,2026-04-22,APR,WED,False,,NCL,0835,0835,DAR,0904,0904,0,0906,0907,1,50,BHM,1127,1127,0,False
202604226775118,XC,2026-04-22,APR,WED,False,,GLC,0648,0647,DAR,1010,1007,-3,1011,1012,1,228,BHM,1306,1313,7,True
202604226775200,XC,2026-04-22,APR,WED,False,,NCL,1033,1033,DAR,1104,1100,-4,1105,1105,0,50,BHM,1328,1333,5,True
202604226775088,XC,2026-04-22,APR,WED,False,,EDB,1005,1004,DAR,1210,1208,-2,1213,1213,0,190,BHM,1506,1508,2,True
202604226775202,XC,2026-04-22,APR,WED,False,,NCL,1233,1233,DAR,1303,1301,-2,1305,1305,0,50,BHM,1528,1528,0,False
202604226775091,XC,2026-04-22,APR,WED,False,,EDB,1205,1205,DAR,1410,1408,-2,1412,1412,0,190,BHM,1706,1713,7,True
202604226775204,XC,2026-04-22,APR,WED,False,,NCL,1434,1434,DAR,1504,1502,-2,1506,1506,0,50,BHM,1727,1728,1,True
202604226775096,XC,2026-04-22,APR,WED,False,576,EDB,1404,1403,DAR,1610,1615,5,1611,1618,7,190,BHM,1907,1922,15,True
202604226775190,XC,2026-04-22,APR,WED,False,,NCL,1634,1634,DAR,1704,1702,-2,1705,1705,0,50,BHM,1931,1935,4,True
202604226775102,XC,2026-04-22,APR,WED,False,,EDB,1605,1604,DAR,1810,1808,-2,1812,1811,-1,190,BHM,2107,2105,-2,False
202604226775187,XC,2026-04-22,APR,WED,False,,NCL,1833,1833,DAR,1904,1903,-1,1906,1906,0,50,BHM,2126,2130,4,True
202604226775079,XC,2026-04-22,APR,WED,False,,EDB,1804,1804,DAR,2010,2007,-3,2011,2011,0,190,BHM,2328,2327,-1,False
202604236775461,XC,2026-04-23,APR,THU,False,,NCL,0518,0518,DAR,0550,0547,-3,0552,0552,0,50,BHM,0828,0830,2,True
202604236775196,XC,2026-04-23,APR,THU,False,,NCL,0623,0624,DAR,0652,0650,-2,0654,0654,0,50,BHM,0928,0925,-3,False
202604236775192,XC,2026-04-23,APR,THU,False,,NCL,0640,0640,DAR,0709,0707,-2,0710,0711,1,50,BHM,1004,1004,0,False
202604236775082,XC,2026-04-23,APR,THU,False,832,EDB,0602,0602,DAR,0810,0815,5,0811,0820,9,190,BHM,1106,1105,-1,False
202604236775198,XC,2026-04-23,APR,THU,False,,NCL,0835,0838,DAR,0904,0908,4,0906,0911,5,50,BHM,1127,1133,6,True
202604236775118,XC,2026-04-23,APR,THU,False,,GLC,0648,0648,DAR,1010,1010,0,1011,1013,2,228,BHM,1306,1309,3,True
202604236775200,XC,2026-04-23,APR,THU,False,526,NCL,1033,1040,DAR,1104,1106,2,1105,1110,5,50,BHM,1328,1335,7,True
202604236775088,XC,2026-04-23,APR,THU,False,,EDB,1005,1004,DAR,1210,1209,-1,1213,1213,0,190,BHM,1506,1509,3,True
202604236775202,XC,2026-04-23,APR,THU,False,,NCL,1233,1233,DAR,1303,1301,-2,1305,1305,0,50,BHM,1528,1529,1,True
202604236775091,XC,2026-04-23,APR,THU,False,,EDB,1205,1204,DAR,1410,1407,-3,1412,1411,-1,190,BHM,1706,1708,2,True
202604236775204,XC,2026-04-23,APR,THU,False,776,NCL,1434,1434,DAR,1504,1504,0,1506,1508,2,50,BHM,1727,1755,28,True
202604236775096,XC,2026-04-23,APR,THU,False,,EDB,1404,1403,DAR,1610,1608,-2,1611,1611,0,190,BHM,1907,1911,4,True
202604236775190,XC,2026-04-23,APR,THU,False,,NCL,1634,1634,DAR,1704,1702,-2,1705,1707,2,50,BHM,1931,1931,0,False
202604236775102,XC,2026-04-23,APR,THU,False,,EDB,1605,1605,DAR,1810,1808,-2,1812,1812,0,190,BHM,2107,2108,1,True
202604236775187,XC,2026-04-23,APR,THU,False,,NCL,1833,1836,DAR,1904,1909,5,1906,1911,5,50,BHM,2126,2126,0,False
202604236775079,XC,2026-04-23,APR,THU,False,,EDB,1804,1803,DAR,2010,2007,-3,2011,2010,-1,190,BHM,2328,2326,-2,False
202604246775461,XC,2026-04-24,APR,FRI,False,,NCL,0518,0518,DAR,0550,0547,-3,0552,0552,0,50,BHM,0828,0832,4,True
202604246775196,XC,2026-04-24,APR,FRI,False,,NCL,0623,0623,DAR,0652,0649,-3,0654,0653,-1,50,BHM,0928,0932,4,True
202604246775192,XC,2026-04-24,APR,FRI,False,,NCL,0640,0640,DAR,0709,0708,-1,0710,0710,0,50,BHM,1004,1004,0,False
202604246775082,XC,2026-04-24,APR,FRI,False,,EDB,0602,0603,DAR,0810,0809,-1,0811,0812,1,190,BHM,1106,1126,20,True
202604246775198,XC,2026-04-24,APR,FRI,False,,NCL,0835,0835,DAR,0904,0902,-2,0906,0906,0,50,BHM,1127,1134,7,True
202604246775118,XC,2026-04-24,APR,FRI,False,,GLC,0648,0647,DAR,1010,1012,2,1011,1016,5,228,BHM,1306,1311,5,True
202604246775200,XC,2026-04-24,APR,FRI,False,,NCL,1033,1036,DAR,1104,1105,1,1105,1108,3,50,BHM,1328,1332,4,True
202604246775088,XC,2026-04-24,APR,FRI,False,,EDB,1005,1005,DAR,1210,1209,-1,1213,1213,0,190,BHM,1506,1507,1,True
202604246775202,XC,2026-04-24,APR,FRI,False,,NCL,1233,1233,DAR,1303,1303,0,1305,1307,2,50,BHM,1528,1526,-2,False
202604246775091,XC,2026-04-24,APR,FRI,False,,EDB,1205,1204,DAR,1410,1408,-2,1412,1411,-1,190,BHM,1706,1716,10,True
202604246775204,XC,2026-04-24,APR,FRI,False,911,NCL,1434,1436,DAR,1504,1503,-1,1506,1506,0,50,BHM,1727,1753,26,True
202604246775096,XC,2026-04-24,APR,FRI,False,,EDB,1404,1403,DAR,1610,1608,-2,1611,1611,0,190,BHM,1907,1909,2,True
202604246775190,XC,2026-04-24,APR,FRI,False,,NCL,1634,1634,DAR,1704,1702,-2,1705,1706,1,50,BHM,1931,1934,3,True
202604246775102,XC,2026-04-24,APR,FRI,False,908,EDB,1605,1605,DAR,1810,1807,-3,1812,1811,-1,190,BHM,2107,2118,11,True
202604246775187,XC,2026-04-24,APR,FRI,False,576,NCL,1833,1833,DAR,1904,1903,-1,1906,1907,1,50,BHM,2126,2149,23,True
202604246775079,XC,2026-04-24,APR,FRI,False,,EDB,1804,1804,DAR,2010,2007,-3,2011,2010,-1,190,BHM,2328,2328,0,False
202604256775197,XC,2026-04-25,APR,SAT,False,895,NCL,0622,0622,DAR,0651,0649,-2,0653,0653,0,50,BHM,0927,0929,2,True
202604256775193,XC,2026-04-25,APR,SAT,False,,NCL,0640,0640,DAR,0709,0707,-2,0710,0710,0,50,BHM,1006,1007,1,True
202604256775083,XC,2026-04-25,APR,SAT,False,574,EDB,0602,0602,DAR,0810,0820,10,0811,0823,12,190,BHM,1106,1131,25,True
202604256775199,XC,2026-04-25,APR,SAT,False,535,NCL,0835,0835,DAR,0904,0901,-3,0906,0906,0,50,BHM,1127,1137,10,True
202604256775119,XC,2026-04-25,APR,SAT,False,,GLC,0648,0648,DAR,1010,1009,-1,1011,1012,1,228,BHM,1306,1334,28,True
202604256775201,XC,2026-04-25,APR,SAT,False,832,NCL,1035,1035,DAR,1104,1104,0,1106,1107,1,50,BHM,1328,1355,27,True
202604256775089,XC,2026-04-25,APR,SAT,False,,EDB,1005,1005,DAR,1210,1207,-3,1211,1211,0,190,BHM,1505,1509,4,True
202604256775203,XC,2026-04-25,APR,SAT,False,,NCL,1234,1234,DAR,1304,1302,-2,1306,1306,0,50,BHM,1527,1525,-2,False
202604256775092,XC,2026-04-25,APR,SAT,False,536,EDB,1205,1205,DAR,1410,1409,-1,1412,1413,1,190,BHM,1706,1711,5,True
202604256775205,XC,2026-04-25,APR,SAT,True,507,NCL,1433,,DAR,1503,,,1505,,,50,BHM,1727,,,
202604256775097,XC,2026-04-25,APR,SAT,False,904,EDB,1404,1403,DAR,1610,1608,-2,1612,1612,0,190,BHM,1905,1927,22,True
202604256775191,XC,2026-04-25,APR,SAT,False,,NCL,1633,1633,DAR,1703,1703,0,1704,1706,2,50,BHM,1925,1953,28,True
202604256775103,XC,2026-04-25,APR,SAT,False,,EDB,1605,1605,DAR,1809,1807,-2,1811,1811,0,190,BHM,2106,2108,2,True
202604256775188,XC,2026-04-25,APR,SAT,False,,NCL,1833,1836,DAR,1903,1904,1,1905,1908,3,50,BHM,2126,2130,4,True
202604256775080,XC,2026-04-25,APR,SAT,False,,EDB,1804,1804,DAR,2010,2012,2,2011,2016,5,190,BHM,2307,2313,6,True
202604266775195,XC,2026-04-26,APR,SUN,False,,NCL,0936,0936,DAR,1005,1004,-1,1006,1007,1,50,BHM,1305,1305,0,False
202604266775086,XC,2026-04-26,APR,SUN,False,,EDB,0908,0908,DAR,1109,1108,-1,1111,1111,0,190,BHM,1404,1407,3,True
202604266775087,XC,2026-04-26,APR,SUN,True,526,EDB,1008,,DAR,1209,,,1210,,,190,BHM,1506,,,
202604266775090,XC,2026-04-26,APR,SUN,False,,EDB,1107,1106,DAR,1309,1312,3,1310,1315,5,190,BHM,1604,1608,4,True
202604266775122,XC,2026-04-26,APR,SUN,False,,GLC,1055,1055,DAR,1410,1409,-1,1411,1412,1,228,BHM,1706,1712,6,True
202604266775093,XC,2026-04-26,APR,SUN,False,,EDB,1305,1305,DAR,1509,1507,-2,1511,1511,0,190,BHM,1804,1804,0,False
202604266775064,XC,2026-04-26,APR,SUN,False,651,DEE,1222,,DAR,1609,1626,17,1610,1629,19,,BHM,1904,1926,22,True
202604266775099,XC,2026-04-26,APR,SUN,False,,EDB,1505,1505,DAR,1710,1708,-2,1712,1712,0,190,BHM,2004,2007,3,True
202604266775101,XC,2026-04-26,APR,SUN,False,,EDB,1607,1607,DAR,1811,1806,-5,1812,1812,0,190,BHM,2106,2106,0,False
202604266775104,XC,2026-04-26,APR,SUN,True,526,EDB,1705,,DAR,1909,,,1911,,,190,BHM,2208,,,
202604266775078,XC,2026-04-26,APR,SUN,False,,EDB,1805,1805,DAR,2007,2008,1,2009,2010,1,190,BHM,2309,2308,-1,False
202604276775461,XC,2026-04-27,APR,MON,False,,NCL,0518,0518,DAR,0550,0547,-3,0552,0552,0,50,BHM,0828,0829,1,True
202604276775196,XC,2026-04-27,APR,MON,False,,NCL,0623,0623,DAR,0652,0651,-1,0654,0654,0,50,BHM,0928,0928,0,False
202604276775192,XC,2026-04-27,APR,MON,False,,NCL,0640,0640,DAR,0709,0708,-1,0710,0711,1,50,BHM,1004,1002,-2,False
202604276775082,XC,2026-04-27,APR,MON,False,,EDB,0602,0602,DAR,0810,0807,-3,0811,0811,0,190,BHM,1106,1113,7,True
202604276775198,XC,2026-04-27,APR,MON,False,,NCL,0835,0835,DAR,0904,0902,-2,0906,0906,0,50,BHM,1127,1129,2,True
202604276775118,XC,2026-04-27,APR,MON,False,,GLC,0648,0648,DAR,1010,1008,-2,1011,1012,1,228,BHM,1306,1309,3,True
202604276775200,XC,2026-04-27,APR,MON,False,,NCL,1033,1033,DAR,1104,1101,-3,1105,1105,0,50,BHM,1328,1334,6,True
202604276775088,XC,2026-04-27,APR,MON,False,,EDB,1005,1004,DAR,1210,1208,-2,1213,1213,0,190,BHM,1506,1506,0,False
202604276775202,XC,2026-04-27,APR,MON,False,,NCL,1233,1233,DAR,1303,1303,0,1305,1309,4,50,BHM,1528,1525,-3,False
202604276775091,XC,2026-04-27,APR,MON,False,,EDB,1205,1204,DAR,1410,1407,-3,1412,1411,-1,190,BHM,1706,1708,2,True
202604276775204,XC,2026-04-27,APR,MON,False,,NCL,1434,1434,DAR,1504,1502,-2,1506,1506,0,50,BHM,1727,1733,6,True
202604276775096,XC,2026-04-27,APR,MON,False,,EDB,1404,1403,DAR,1612,1607,-5,1613,1611,-2,190,BHM,1907,1905,-2,False
202604276775190,XC,2026-04-27,APR,MON,False,,NCL,1634,1634,DAR,1704,1701,-3,1705,1705,0,50,BHM,1931,1936,5,True
202604276775102,XC,2026-04-27,APR,MON,False,,EDB,1605,1604,DAR,1811,1807,-4,1812,1812,0,190,BHM,2107,2107,0,False
202604276775187,XC,2026-04-27,APR,MON,False,,NCL,1833,1836,DAR,1904,1902,-2,1906,1906,0,50,BHM,2126,2138,12,True
202604276775079,XC,2026-04-27,APR,MON,False,887,EDB,1804,1804,DAR,2010,2007,-3,2011,2011,0,190,BHM,2328,2329,1,True
202604286775461,XC,2026-04-28,APR,TUE,False,,NCL,0518,0518,DAR,0550,0547,-3,0552,0552,0,50,BHM,0828,0834,6,True
202604286775196,XC,2026-04-28,APR,TUE,False,,NCL,0623,0624,DAR,0652,0651,-1,0654,0654,0,50,BHM,0928,0930,2,True
202604286775192,XC,2026-04-28,APR,TUE,False,,NCL,0640,0639,DAR,0709,0708,-1,0710,0711,1,50,BHM,1004,1004,0,False
202604286775082,XC,2026-04-28,APR,TUE,False,,EDB,0602,0602,DAR,0810,0808,-2,0811,0811,0,190,BHM,1106,1106,0,False
202604286775198,XC,2026-04-28,APR,TUE,False,,NCL,0835,0838,DAR,0904,0907,3,0906,0909,3,50,BHM,1127,1131,4,True
202604286775118,XC,2026-04-28,APR,TUE,False,896,GLC,0648,0739,DAR,1010,1100,50,1011,1103,52,228,BHM,1306,1336,30,True
202604286775200,XC,2026-04-28,APR,TUE,False,,NCL,1033,1035,DAR,1104,1106,2,1105,1109,4,50,BHM,1328,1327,-1,False
202604286775088,XC,2026-04-28,APR,TUE,False,,EDB,1005,1004,DAR,1210,1208,-2,1213,1213,0,190,BHM,1506,1510,4,True
202604286775202,XC,2026-04-28,APR,TUE,False,,NCL,1233,1233,DAR,1303,1302,-1,1305,1305,0,50,BHM,1528,1527,-1,False
202604286775091,XC,2026-04-28,APR,TUE,False,,EDB,1205,1204,DAR,1410,1407,-3,1412,1411,-1,190,BHM,1706,1711,5,True
202604286775204,XC,2026-04-28,APR,TUE,False,,NCL,1434,1435,DAR,1504,1503,-1,1506,1506,0,50,BHM,1727,1730,3,True
202604286775096,XC,2026-04-28,APR,TUE,False,,EDB,1404,1403,DAR,1612,1611,-1,1613,1616,3,190,BHM,1907,1906,-1,False
202604286775190,XC,2026-04-28,APR,TUE,False,,NCL,1634,1635,DAR,1704,1703,-1,1705,1706,1,50,BHM,1931,1931,0,False
202604286775102,XC,2026-04-28,APR,TUE,False,,EDB,1605,1605,DAR,1811,1809,-2,1812,1812,0,190,BHM,2107,2105,-2,False
202604286775187,XC,2026-04-28,APR,TUE,False,,NCL,1833,1833,DAR,1904,1903,-1,1906,1906,0,50,BHM,2126,2124,-2,False
202604286775079,XC,2026-04-28,APR,TUE,False,576,EDB,1804,1803,DAR,2010,2018,8,2011,2021,10,190,BHM,2328,0003,-1405,False
202604296775461,XC,2026-04-29,APR,WED,False,,NCL,0518,0518,DAR,0550,0546,-4,0552,0551,-1,50,BHM,0828,0828,0,False
202604296775196,XC,2026-04-29,APR,WED,False,,NCL,0623,0623,DAR,0652,0652,0,0654,0655,1,50,BHM,0928,0933,5,True
202604296775192,XC,2026-04-29,APR,WED,False,,NCL,0640,0640,DAR,0709,0707,-2,0710,0710,0,50,BHM,1004,1004,0,False
202604296775082,XC,2026-04-29,APR,WED,False,,EDB,0602,0602,DAR,0810,0808,-2,0811,0811,0,190,BHM,1106,1107,1,True
202604296775198,XC,2026-04-29,APR,WED,False,,NCL,0835,0835,DAR,0904,0903,-1,0906,0906,0,50,BHM,1127,1129,2,True
202604296775118,XC,2026-04-29,APR,WED,False,895,GLC,0648,0648,DAR,1010,1009,-1,1011,1014,3,228,BHM,1306,1316,10,True
202604296775200,XC,2026-04-29,APR,WED,False,,NCL,1033,1037,DAR,1104,1108,4,1105,1111,6,50,BHM,1328,1332,4,True
202604296775088,XC,2026-04-29,APR,WED,False,,EDB,1005,1004,DAR,1210,1208,-2,1213,1213,0,190,BHM,1506,1504,-2,False
202604296775202,XC,2026-04-29,APR,WED,False,,NCL,1233,1237,DAR,1303,1305,2,1305,1308,3,50,BHM,1528,1531,3,True
202604296775091,XC,2026-04-29,APR,WED,False,574,EDB,1205,1204,DAR,1410,1407,-3,1412,1411,-1,190,BHM,1706,1708,2,True
202604296775204,XC,2026-04-29,APR,WED,False,,NCL,1434,1435,DAR,1504,1505,1,1506,1508,2,50,BHM,1727,1735,8,True
202604296775096,XC,2026-04-29,APR,WED,False,,EDB,1404,1403,DAR,1612,1611,-1,1613,1615,2,190,BHM,1907,1907,0,False
202604296775190,XC,2026-04-29,APR,WED,False,,NCL,1634,1634,DAR,1704,1701,-3,1705,1704,-1,50,BHM,1931,1935,4,True
202604296775102,XC,2026-04-29,APR,WED,False,,EDB,1605,1605,DAR,1811,1807,-4,1812,1812,0,190,BHM,2107,2115,8,True
202604296775187,XC,2026-04-29,APR,WED,False,,NCL,1833,1835,DAR,1904,1903,-1,1906,1906,0,50,BHM,2126,2129,3,True
202604296775079,XC,2026-04-29,APR,WED,False,576,EDB,1804,1805,DAR,2010,2020,10,2011,2023,12,190,BHM,2328,2358,30,True
202604306775461,XC,2026-04-30,APR,THU,False,,NCL,0518,0518,DAR,0550,0546,-4,0552,0551,-1,50,BHM,0828,0831,3,True
202604306775196,XC,2026-04-30,APR,THU,False,,NCL,0623,0623,DAR,0652,0649,-3,0654,0653,-1,50,BHM,0928,0927,-1,False
202604306775192,XC,2026-04-30,APR,THU,False,,NCL,0640,0639,DAR,0709,0708,-1,0710,0710,0,50,BHM,1004,1008,4,True
202604306775082,XC,2026-04-30,APR,THU,False,,EDB,0602,0602,DAR,0810,0808,-2,0811,0811,0,190,BHM,1106,1113,7,True
202604306775198,XC,2026-04-30,APR,THU,False,896,NCL,0835,0836,DAR,0904,0904,0,0906,0907,1,50,BHM,1127,1158,31,True
202604306775118,XC,2026-04-30,APR,THU,False,,GLC,0648,0648,DAR,1010,1008,-2,1011,1012,1,228,BHM,1306,1313,7,True
202604306775200,XC,2026-04-30,APR,THU,False,,NCL,1033,1038,DAR,1104,1105,1,1105,1109,4,50,BHM,1328,1326,-2,False
202604306775088,XC,2026-04-30,APR,THU,False,886,EDB,1005,1004,DAR,1210,1208,-2,1213,1213,0,190,BHM,1506,1509,3,True
202604306775202,XC,2026-04-30,APR,THU,False,,NCL,1233,1233,DAR,1303,1300,-3,1305,1304,-1,50,BHM,1528,1527,-1,False
202604306775091,XC,2026-04-30,APR,THU,False,,EDB,1205,1204,DAR,1410,1408,-2,1412,1411,-1,190,BHM,1706,1712,6,True
202604306775204,XC,2026-04-30,APR,THU,False,,NCL,1434,1436,DAR,1504,1503,-1,1506,1506,0,50,BHM,1727,1730,3,True
202604306775096,XC,2026-04-30,APR,THU,False,,EDB,1404,1403,DAR,1612,1609,-3,1613,1613,0,190,BHM,1907,1911,4,True
202604306775190,XC,2026-04-30,APR,THU,False,,NCL,1634,1635,DAR,1704,1704,0,1705,1707,2,50,BHM,1931,1931,0,False
202604306775102,XC,2026-04-30,APR,THU,False,,EDB,1605,1605,DAR,1811,1809,-2,1812,1812,0,190,BHM,2107,2106,-1,False
202604306775187,XC,2026-04-30,APR,THU,True,574,NCL,1833,,DAR,1904,,,1906,,,50,BHM,2126,,,
202604306775079,XC,2026-04-30,APR,THU,False,,EDB,1804,1803,DAR,2010,2006,-4,2011,2010,-1,190,BHM,2328,2325,-3,False
202605016775461,XC,2026-05-01,MAY,FRI,False,,NCL,0518,0518,DAR,0550,0546,-4,0552,0551,-1,50,BHM,0828,0830,2,True
202605016775196,XC,2026-05-01,MAY,FRI,False,,NCL,0623,0625,DAR,0652,0652,0,0654,0654,0,50,BHM,0928,0925,-3,False
202605016775192,XC,2026-05-01,MAY,FRI,False,,NCL,0640,0639,DAR,0709,0707,-2,0710,0710,0,50,BHM,1004,1004,0,False
202605016775082,XC,2026-05-01,MAY,FRI,False,,EDB,0602,0602,DAR,0810,0807,-3,0811,0810,-1,190,BHM,1106,1105,-1,False
202605016775198,XC,2026-05-01,MAY,FRI,False,,NCL,0835,0835,DAR,0904,0902,-2,0906,0906,0,50,BHM,1127,1128,1,True
202605016775118,XC,2026-05-01,MAY,FRI,False,,GLC,0648,0648,DAR,1010,1007,-3,1011,1010,-1,228,BHM,1306,1308,2,True
202605016775200,XC,2026-05-01,MAY,FRI,False,,NCL,1033,1033,DAR,1104,1102,-2,1105,1105,0,50,BHM,1328,1332,4,True
202605016775088,XC,2026-05-01,MAY,FRI,False,,EDB,1005,1004,DAR,1210,1208,-2,1213,1213,0,190,BHM,1506,1517,11,True
202605016775202,XC,2026-05-01,MAY,FRI,False,896,NCL,1233,1233,DAR,1303,1305,2,1305,1308,3,50,BHM,1528,1603,35,True
202605016775091,XC,2026-05-01,MAY,FRI,False,896,EDB,1205,1204,DAR,1410,1408,-2,1412,1412,0,190,BHM,1706,1747,41,True
202605016775204,XC,2026-05-01,MAY,FRI,False,,NCL,1434,1434,DAR,1504,1505,1,1506,1511,5,50,BHM,1727,1731,4,True
202605016775096,XC,2026-05-01,MAY,FRI,False,895,EDB,1404,1403,DAR,1612,1628,16,1613,1631,18,190,BHM,1907,1937,30,True
202605016775190,XC,2026-05-01,MAY,FRI,True,811,NCL,1634,,DAR,1704,,,1705,,,50,BHM,1931,,,
202605016775102,XC,2026-05-01,MAY,FRI,False,811,EDB,1605,1605,DAR,1811,1839,28,1812,1843,31,190,BHM,2107,2140,33,True
202605016775187,XC,2026-05-01,MAY,FRI,False,811,NCL,1833,,DAR,,,,1906,1907,1,50,BHM,2126,2204,38,True
202605016775079,XC,2026-05-01,MAY,FRI,False,811,EDB,1804,1816,DAR,2010,2030,20,2011,2034,23,190,BHM,2328,2335,7,True
202605056775461,XC,2026-05-05,MAY,TUE,False,,NCL,0518,0518,DAR,0550,0547,-3,0552,0552,0,50,BHM,0828,0833,5,True
202605056775196,XC,2026-05-05,MAY,TUE,False,,NCL,0623,0623,DAR,0652,0650,-2,0654,0653,-1,50,BHM,0928,0926,-2,False
202605056775192,XC,2026-05-05,MAY,TUE,False,,NCL,0640,0640,DAR,0709,0708,-1,0710,0711,1,50,BHM,1004,1003,-1,False
202605056775082,XC,2026-05-05,MAY,TUE,False,,EDB,0602,0601,DAR,0810,0807,-3,0811,0810,-1,190,BHM,1106,1105,-1,False
202605056775198,XC,2026-05-05,MAY,TUE,False,,NCL,0835,0835,DAR,0904,0902,-2,0906,0906,0,50,BHM,1127,1129,2,True
202605056775118,XC,2026-05-05,MAY,TUE,False,,GLC,0648,0647,DAR,1010,1007,-3,1011,1012,1,228,BHM,1306,1309,3,True
202605056775200,XC,2026-05-05,MAY,TUE,False,,NCL,1033,1033,DAR,1104,1102,-2,1105,1106,1,50,BHM,1328,1332,4,True
202605056775088,XC,2026-05-05,MAY,TUE,False,904,EDB,1005,1004,DAR,1210,1208,-2,1213,1213,0,190,BHM,1506,1516,10,True
202605056775202,XC,2026-05-05,MAY,TUE,False,,NCL,1233,1233,DAR,1303,1301,-2,1305,1305,0,50,BHM,1528,1532,4,True
202605056775091,XC,2026-05-05,MAY,TUE,False,,EDB,1205,1204,DAR,1410,1409,-1,1412,1414,2,190,BHM,1706,1705,-1,False
202605056775204,XC,2026-05-05,MAY,TUE,False,,NCL,1434,1434,DAR,1504,1502,-2,1506,1506,0,50,BHM,1727,1730,3,True
202605056775096,XC,2026-05-05,MAY,TUE,False,,EDB,1404,1403,DAR,1610,1607,-3,1611,1610,-1,190,BHM,1907,1904,-3,False
202605056775190,XC,2026-05-05,MAY,TUE,False,,NCL,1634,1634,DAR,1704,1702,-2,1705,1706,1,50,BHM,1931,1932,1,True
202605056775102,XC,2026-05-05,MAY,TUE,False,,EDB,1605,1605,DAR,1810,1807,-3,1812,1811,-1,190,BHM,2107,2105,-2,False
202605056775187,XC,2026-05-05,MAY,TUE,True,574,NCL,1833,,DAR,,,,1906,,,50,BHM,2126,,,
202605056775079,XC,2026-05-05,MAY,TUE,False,,EDB,1804,1804,DAR,2010,2006,-4,2011,2010,-1,190,BHM,2328,2328,0,False
202605066775461,XC,2026-05-06,MAY,WED,False,,NCL,0518,0518,DAR,0550,0546,-4,0552,0551,-1,50,BHM,0828,0836,8,True
202605066775192,XC,2026-05-06,MAY,WED,False,895,NCL,0640,0642,DAR,0709,0711,2,0710,0714,4,50,BHM,1004,1024,20,True
202605066775082,XC,2026-05-06,MAY,WED,False,,EDB,0602,0602,DAR,0810,0808,-2,0811,0811,0,190,BHM,1106,1114,8,True
202605066775084,XC,2026-05-06,MAY,WED,False,,EDB,0703,0702,DAR,0910,0912,2,0912,0915,3,190,BHM,1204,1209,5,True
202605066775118,XC,2026-05-06,MAY,WED,False,,GLC,0648,0647,DAR,1010,1007,-3,1011,1011,0,228,BHM,1306,1305,-1,False
202605066775200,XC,2026-05-06,MAY,WED,False,,NCL,1033,1034,DAR,1104,1103,-1,1105,1106,1,50,BHM,1328,1329,1,True
202605066775088,XC,2026-05-06,MAY,WED,False,,EDB,1005,1004,DAR,1210,1208,-2,1213,1213,0,190,BHM,1506,1505,-1,False
202605066775202,XC,2026-05-06,MAY,WED,True,574,NCL,1233,,DAR,1303,,,1305,,,50,BHM,1528,,,
202605066775091,XC,2026-05-06,MAY,WED,False,,EDB,1205,1204,DAR,1410,1408,-2,1412,1411,-1,190,BHM,1706,1707,1,True
202605066775204,XC,2026-05-06,MAY,WED,False,895,NCL,1434,1436,DAR,1504,1503,-1,1506,1505,-1,50,BHM,1727,1738,11,True
202605066775096,XC,2026-05-06,MAY,WED,False,,EDB,1404,1403,DAR,1610,1609,-1,1611,1612,1,190,BHM,1907,1906,-1,False
202605066775190,XC,2026-05-06,MAY,WED,False,,NCL,1634,1634,DAR,1704,1701,-3,1705,1705,0,50,BHM,1931,1929,-2,False
202605066775102,XC,2026-05-06,MAY,WED,False,,EDB,1605,1605,DAR,1810,1808,-2,1812,1812,0,190,BHM,2107,2105,-2,False
202605066775187,XC,2026-05-06,MAY,WED,False,,NCL,1833,1835,DAR,1904,1903,-1,1906,1906,0,50,BHM,2126,2126,0,False
202605066775079,XC,2026-05-06,MAY,WED,False,,EDB,1804,1803,DAR,2010,2007,-3,2011,2011,0,190,BHM,2328,2328,0,False
202605076775461,XC,2026-05-07,MAY,THU,False,,NCL,0518,0518,DAR,0550,0548,-2,0552,0553,1,50,BHM,0828,0830,2,True
202605076775196,XC,2026-05-07,MAY,THU,False,,NCL,0623,0623,DAR,0652,0650,-2,0654,0654,0,50,BHM,0928,0929,1,True
202605076775192,XC,2026-05-07,MAY,THU,False,832,NCL,0640,0640,DAR,0709,0707,-2,0710,0710,0,50,BHM,1004,1004,0,False
202605076775082,XC,2026-05-07,MAY,THU,False,,EDB,0602,0602,DAR,0810,0808,-2,0811,0811,0,190,BHM,1106,1111,5,True
202605076775198,XC,2026-05-07,MAY,THU,True,915,NCL,0835,,DAR,0904,,,0906,,,50,BHM,1127,,,
202605076775118,XC,2026-05-07,MAY,THU,False,581,GLC,0648,0647,DAR,1010,1011,1,1011,1014,3,228,BHM,1306,1315,9,True
202605076775200,XC,2026-05-07,MAY,THU,False,,NCL,1033,1034,DAR,1104,1103,-1,1105,1106,1,50,BHM,1328,1334,6,True
202605076775088,XC,2026-05-07,MAY,THU,False,895,EDB,1005,1004,DAR,1210,1210,0,1213,1214,1,190,BHM,1506,1526,20,True
202605076775202,XC,2026-05-07,MAY,THU,False,,NCL,1233,1233,DAR,1303,1302,-1,1305,1305,0,50,BHM,1528,1534,6,True
202605076775091,XC,2026-05-07,MAY,THU,False,,EDB,1205,1204,DAR,1410,1408,-2,1412,1411,-1,190,BHM,1706,1708,2,True
202605076775204,XC,2026-05-07,MAY,THU,False,576,NCL,1434,1436,DAR,1504,1504,0,1506,1506,0,50,BHM,1727,1802,35,True
202605076775096,XC,2026-05-07,MAY,THU,False,,EDB,1404,1403,DAR,1610,1608,-2,1611,1612,1,190,BHM,1907,1909,2,True
202605076775190,XC,2026-05-07,MAY,THU,False,,NCL,1634,1636,DAR,1704,1703,-1,1705,1706,1,50,BHM,1931,1932,1,True
202605076775102,XC,2026-05-07,MAY,THU,False,,EDB,1605,1605,DAR,1810,1812,2,1812,1815,3,190,BHM,2107,2108,1,True
202605076775187,XC,2026-05-07,MAY,THU,False,576,NCL,1833,1851,DAR,1904,1922,18,1906,1926,20,50,BHM,2126,2203,37,True
202605076775079,XC,2026-05-07,MAY,THU,False,,EDB,1804,1804,DAR,2010,2006,-4,2011,2010,-1,190,BHM,2328,2330,2,True
202605086775461,XC,2026-05-08,MAY,FRI,False,832,NCL,0518,0518,DAR,0550,0547,-3,0552,0551,-1,50,BHM,0828,0835,7,True
202605086775196,XC,2026-05-08,MAY,FRI,False,563,NCL,0623,0623,DAR,0652,0651,-1,0654,0654,0,50,BHM,0928,0927,-1,False
202605086775192,XC,2026-05-08,MAY,FRI,False,,NCL,0640,0640,DAR,0709,0708,-1,0710,0712,2,50,BHM,1004,1005,1,True
202605086775082,XC,2026-05-08,MAY,FRI,False,,EDB,0602,0601,DAR,0810,0808,-2,0811,0811,0,190,BHM,1106,1109,3,True
202605086775198,XC,2026-05-08,MAY,FRI,False,,NCL,0835,0836,DAR,0904,0906,2,0906,0909,3,50,BHM,1127,1125,-2,False
202605086775118,XC,2026-05-08,MAY,FRI,False,,GLC,0648,0647,DAR,1010,1007,-3,1011,1011,0,228,BHM,1306,1308,2,True
202605086775200,XC,2026-05-08,MAY,FRI,False,,NCL,1033,1033,DAR,1104,1102,-2,1105,1105,0,50,BHM,1328,1331,3,True
202605086775088,XC,2026-05-08,MAY,FRI,False,705,EDB,1005,1004,DAR,1210,1208,-2,1213,1213,0,190,BHM,1506,1512,6,True
202605086775202,XC,2026-05-08,MAY,FRI,False,,NCL,1233,1233,DAR,1303,1301,-2,1305,1305,0,50,BHM,1528,1528,0,False
202605086775091,XC,2026-05-08,MAY,FRI,False,,EDB,1205,1204,DAR,1410,1408,-2,1412,1412,0,190,BHM,1706,1708,2,True
202605086775204,XC,2026-05-08,MAY,FRI,False,,NCL,1434,1434,DAR,1504,1507,3,1506,1511,5,50,BHM,1727,1737,10,True
202605086775096,XC,2026-05-08,MAY,FRI,False,895,EDB,1404,1403,DAR,1610,1609,-1,1611,1612,1,190,BHM,1907,1920,13,True
202605086775190,XC,2026-05-08,MAY,FRI,False,,NCL,1634,1634,DAR,1704,1701,-3,1705,1704,-1,50,BHM,1931,1934,3,True
202605086775102,XC,2026-05-08,MAY,FRI,False,,EDB,1605,1605,DAR,1810,1811,1,1812,1814,2,190,BHM,2107,2106,-1,False
202605086775187,XC,2026-05-08,MAY,FRI,False,576,NCL,1833,1834,DAR,1904,1917,13,1906,1920,14,50,BHM,2126,2146,20,True
202605086775079,XC,2026-05-08,MAY,FRI,False,911,EDB,1804,1804,DAR,2010,2019,9,2011,2022,11,190,BHM,2328,2342,14,True
202605096775193,XC,2026-05-09,MAY,SAT,False,895,NCL,0640,0640,DAR,0709,0708,-1,0710,0711,1,50,BHM,1006,1023,17,True
202605096775083,XC,2026-05-09,MAY,SAT,False,,EDB,0602,0601,DAR,0810,0807,-3,0811,0811,0,190,BHM,1106,1107,1,True
202605096775085,XC,2026-05-09,MAY,SAT,False,,EDB,0703,0703,DAR,0910,0909,-1,0912,0912,0,190,BHM,1207,1209,2,True
202605096775119,XC,2026-05-09,MAY,SAT,False,904,EDB,0808,0807,DAR,1010,1016,6,1011,1019,8,190,BHM,1306,1329,23,True
202605096775120,XC,2026-05-09,MAY,SAT,False,,EDB,0905,0904,DAR,1110,1107,-3,1111,1111,0,190,BHM,1404,1411,7,True
202605096775089,XC,2026-05-09,MAY,SAT,False,574,EDB,1005,1005,DAR,1210,1217,7,1211,1222,11,190,BHM,1505,1536,31,True
202605096775063,XC,2026-05-09,MAY,SAT,True,501,DEE,0933,,DAR,1310,,,1311,,,,BHM,1604,,,
202605096775092,XC,2026-05-09,MAY,SAT,False,501,EDB,1205,1205,DAR,1410,1409,-1,1412,1412,0,190,BHM,1706,1720,14,True
202605096775095,XC,2026-05-09,MAY,SAT,False,,EDB,1305,1304,DAR,1510,1509,-1,1512,1512,0,190,BHM,1804,1807,3,True
202605096775097,XC,2026-05-09,MAY,SAT,False,895,EDB,1404,1405,DAR,1610,1609,-1,1612,1612,0,190,BHM,1905,1916,11,True
202605096775100,XC,2026-05-09,MAY,SAT,False,704,EDB,1504,1503,DAR,1708,1726,18,1711,1729,18,190,BHM,2007,2026,19,True
202605096775103,XC,2026-05-09,MAY,SAT,False,,EDB,1605,1605,DAR,1809,1808,-1,1811,1811,0,190,BHM,2106,2105,-1,False
202605096775081,XC,2026-05-09,MAY,SAT,False,705,EDB,1705,1704,DAR,1910,1906,-4,1911,1910,-1,190,BHM,2232,2234,2,True
202605096775080,XC,2026-05-09,MAY,SAT,False,,EDB,1804,1803,DAR,2010,2007,-3,2011,2011,0,190,BHM,2307,2333,26,True
202605106775195,XC,2026-05-10,MAY,SUN,False,,NCL,0936,0937,DAR,1005,1006,1,1006,1008,2,50,BHM,1305,1314,9,True
202605106775086,XC,2026-05-10,MAY,SUN,False,832,EDB,0908,0908,DAR,1109,1112,3,1111,1115,4,190,BHM,1404,1417,13,True
202605106775087,XC,2026-05-10,MAY,SUN,False,,EDB,1008,1009,DAR,1209,1208,-1,1210,1212,2,190,BHM,1506,1515,9,True
202605106775090,XC,2026-05-10,MAY,SUN,False,,EDB,1107,1106,DAR,1309,1311,2,1310,1313,3,190,BHM,1604,1606,2,True
202605106775122,XC,2026-05-10,MAY,SUN,False,904,EDB,1205,1205,DAR,1410,1417,7,1411,1419,8,190,BHM,1706,1728,22,True
202605106775093,XC,2026-05-10,MAY,SUN,False,,EDB,1305,1305,DAR,1509,1508,-1,1511,1511,0,190,BHM,1804,1804,0,False
202605106775064,XC,2026-05-10,MAY,SUN,False,,DEE,1222,1222,DAR,1609,1607,-2,1610,1610,0,,BHM,1904,1909,5,True
202605106775099,XC,2026-05-10,MAY,SUN,False,895,EDB,1505,1504,DAR,1710,1725,15,1712,1727,15,190,BHM,2004,2026,22,True
202605106775101,XC,2026-05-10,MAY,SUN,False,,EDB,1607,1607,DAR,1811,1808,-3,1812,1812,0,190,BHM,2106,2106,0,False
202605106775104,XC,2026-05-10,MAY,SUN,False,,EDB,1705,1705,DAR,1909,1908,-1,1911,1911,0,190,BHM,2208,2210,2,True
202605106775078,XC,2026-05-10,MAY,SUN,False,654,EDB,1805,1807,DAR,2007,2006,-1,2009,2008,-1,190,BHM,2309,2334,25,True
202605116775461,XC,2026-05-11,MAY,MON,False,,NCL,0518,0518,DAR,0550,0547,-3,0552,0552,0,50,BHM,0828,0834,6,True
202605116775196,XC,2026-05-11,MAY,MON,False,,NCL,0623,0623,DAR,0652,0651,-1,0654,0654,0,50,BHM,0928,0928,0,False
202605116775192,XC,2026-05-11,MAY,MON,False,,NCL,0640,0640,DAR,0709,0708,-1,0710,0712,2,50,BHM,1004,1006,2,True
202605116775082,XC,2026-05-11,MAY,MON,False,,EDB,0602,0602,DAR,0810,0807,-3,0811,0811,0,190,BHM,1106,1111,5,True
202605116775198,XC,2026-05-11,MAY,MON,False,,NCL,0835,0835,DAR,0904,0902,-2,0906,0906,0,50,BHM,1127,1128,1,True
202605116775118,XC,2026-05-11,MAY,MON,False,,GLC,0648,,DAR,1010,1007,-3,1011,1011,0,228,BHM,1306,1310,4,True
202605116775200,XC,2026-05-11,MAY,MON,True,507,NCL,1033,,DAR,1104,,,1105,,,50,BHM,1328,,,
202605116775088,XC,2026-05-11,MAY,MON,False,,EDB,1005,1004,DAR,1210,1208,-2,1213,1213,0,190,BHM,1506,1508,2,True
202605116775202,XC,2026-05-11,MAY,MON,False,,NCL,1233,1235,DAR,1303,1303,0,1305,1306,1,50,BHM,1528,1530,2,True
202605116775091,XC,2026-05-11,MAY,MON,False,,EDB,1205,1204,DAR,1410,1408,-2,1412,1412,0,190,BHM,1706,1710,4,True
202605116775204,XC,2026-05-11,MAY,MON,False,,NCL,1434,1434,DAR,1504,1501,-3,1506,1506,0,50,BHM,1727,1727,0,False
202605116775096,XC,2026-05-11,MAY,MON,False,,EDB,1404,1403,DAR,1610,1607,-3,1611,1611,0,190,BHM,1907,1913,6,True
202605116775190,XC,2026-05-11,MAY,MON,False,,NCL,1634,1634,DAR,1704,1701,-3,1705,1704,-1,50,BHM,1931,1932,1,True
202605116775102,XC,2026-05-11,MAY,MON,False,,EDB,1605,1605,DAR,1810,1807,-3,1812,1811,-1,190,BHM,2107,2107,0,False
202605116775187,XC,2026-05-11,MAY,MON,False,,NCL,1833,1832,DAR,1904,1905,1,1906,1907,1,50,BHM,2126,2125,-1,False
202605116775079,XC,2026-05-11,MAY,MON,False,,EDB,1804,1804,DAR,2010,2006,-4,2011,2011,0,190,BHM,2328,2336,8,True
202605126775461,XC,2026-05-12,MAY,TUE,False,,NCL,0518,0518,DAR,0550,0547,-3,0552,0552,0,50,BHM,0828,0838,10,True
202605126775196,XC,2026-05-12,MAY,TUE,False,,NCL,0623,0623,DAR,0652,0651,-1,0654,0654,0,50,BHM,0928,0925,-3,False
202605126775192,XC,2026-05-12,MAY,TUE,False,,NCL,0640,0640,DAR,0709,0708,-1,0710,0711,1,50,BHM,1004,1004,0,False
202605126775082,XC,2026-05-12,MAY,TUE,False,,EDB,0602,0602,DAR,0810,0808,-2,0811,0811,0,190,BHM,1106,1110,4,True
202605126775198,XC,2026-05-12,MAY,TUE,False,,NCL,0835,0835,DAR,0904,0903,-1,0906,0906,0,50,BHM,1127,1125,-2,False
202605126775118,XC,2026-05-12,MAY,TUE,False,895,GLC,0648,0647,DAR,1010,1007,-3,1011,1011,0,228,BHM,1306,1325,19,True
202605126775200,XC,2026-05-12,MAY,TUE,False,,NCL,1033,1033,DAR,1104,1101,-3,1105,1105,0,50,BHM,1328,1332,4,True
202605126775088,XC,2026-05-12,MAY,TUE,False,,EDB,1005,1005,DAR,1210,1208,-2,1213,1212,-1,190,BHM,1506,1509,3,True
202605126775202,XC,2026-05-12,MAY,TUE,True,574,NCL,1233,,DAR,1303,,,1305,,,50,BHM,1528,,,
202605126775091,XC,2026-05-12,MAY,TUE,False,911,EDB,1205,1204,DAR,1410,1408,-2,1412,1412,0,190,BHM,1706,1705,-1,False
202605126775204,XC,2026-05-12,MAY,TUE,False,,NCL,1434,1435,DAR,1504,1505,1,1506,1506,0,50,BHM,1727,1727,0,False
202605126775096,XC,2026-05-12,MAY,TUE,False,,EDB,1404,1403,DAR,1610,1607,-3,1611,1611,0,190,BHM,1907,1907,0,False
202605126775190,XC,2026-05-12,MAY,TUE,False,,NCL,1634,1634,DAR,1704,1703,-1,1705,1706,1,50,BHM,1931,1931,0,False
202605126775102,XC,2026-05-12,MAY,TUE,False,,EDB,1605,1604,DAR,1810,1816,6,1812,1819,7,190,BHM,2107,2105,-2,False
202605126775187,XC,2026-05-12,MAY,TUE,False,,NCL,1833,1838,DAR,1904,1910,6,1906,1912,6,50,BHM,2126,2134,8,True
202605126775079,XC,2026-05-12,MAY,TUE,False,,EDB,1804,1804,DAR,2010,2008,-2,2011,2012,1,190,BHM,2328,2329,1,True
202605136775461,XC,2026-05-13,MAY,WED,False,,NCL,0518,0518,DAR,0550,0548,-2,0552,0552,0,50,BHM,0828,0832,4,True
202605136775196,XC,2026-05-13,MAY,WED,False,,NCL,0623,0623,DAR,0652,0650,-2,0654,0654,0,50,BHM,0928,0930,2,True
202605136775192,XC,2026-05-13,MAY,WED,False,,NCL,0640,0640,DAR,0709,0707,-2,0710,0711,1,50,BHM,1004,1004,0,False
202605136775082,XC,2026-05-13,MAY,WED,False,,EDB,0602,0601,DAR,0810,0807,-3,0811,0811,0,190,BHM,1106,1106,0,False
202605136775198,XC,2026-05-13,MAY,WED,False,895,NCL,0835,0835,DAR,0904,0904,0,0906,0906,0,50,BHM,1127,1145,18,True
202605136775118,XC,2026-05-13,MAY,WED,False,,GLC,0648,0647,DAR,1010,1008,-2,1011,1011,0,228,BHM,1306,1308,2,True
202605136775200,XC,2026-05-13,MAY,WED,False,,NCL,1033,1034,DAR,1104,1103,-1,1105,1106,1,50,BHM,1328,1332,4,True
202605136775088,XC,2026-05-13,MAY,WED,False,,EDB,1005,1005,DAR,1210,1208,-2,1213,1213,0,190,BHM,1506,1506,0,False
202605136775202,XC,2026-05-13,MAY,WED,False,,NCL,1233,1233,DAR,1303,1305,2,1305,1309,4,50,BHM,1528,1531,3,True
202605136775091,XC,2026-05-13,MAY,WED,False,,EDB,1205,1204,DAR,1410,1408,-2,1412,1412,0,190,BHM,1706,1709,3,True
202605136775204,XC,2026-05-13,MAY,WED,False,,NCL,1434,1434,DAR,1504,1503,-1,1506,1506,0,50,BHM,1727,1730,3,True
202605136775096,XC,2026-05-13,MAY,WED,False,536,EDB,1404,1403,DAR,1610,1610,0,1611,1613,2,190,BHM,1907,1920,13,True
202605136775190,XC,2026-05-13,MAY,WED,False,,NCL,1634,1634,DAR,1704,1702,-2,1705,1707,2,50,BHM,1931,1932,1,True
202605136775102,XC,2026-05-13,MAY,WED,False,,EDB,1605,1605,DAR,1810,1813,3,1812,1816,4,190,BHM,2107,2125,18,True
202605136775187,XC,2026-05-13,MAY,WED,False,895,NCL,1833,1833,DAR,1904,1902,-2,1906,1907,1,50,BHM,2126,2145,19,True
202605136775079,XC,2026-05-13,MAY,WED,False,832,EDB,1804,1804,DAR,2010,2023,13,2011,2026,15,190,BHM,2328,2328,0,False
202605146775461,XC,2026-05-14,MAY,THU,False,,NCL,0518,0518,DAR,0550,0547,-3,0552,0552,0,50,BHM,0828,0834,6,True
202605146775196,XC,2026-05-14,MAY,THU,False,,NCL,0623,0623,DAR,0652,0650,-2,0654,0653,-1,50,BHM,0928,0926,-2,False
202605146775192,XC,2026-05-14,MAY,THU,False,,NCL,0640,0640,DAR,0709,0707,-2,0710,0710,0,50,BHM,1004,1005,1,True
202605146775082,XC,2026-05-14,MAY,THU,False,,EDB,0602,0602,DAR,0810,0808,-2,0811,0811,0,190,BHM,1106,1106,0,False
202605146775198,XC,2026-05-14,MAY,THU,False,,NCL,0835,0839,DAR,0904,0906,2,0906,0909,3,50,BHM,1127,1127,0,False
202605146775118,XC,2026-05-14,MAY,THU,False,,GLC,0648,0647,DAR,1010,1012,2,1011,1015,4,228,BHM,1306,1306,0,False
202605146775200,XC,2026-05-14,MAY,THU,False,,NCL,1033,1037,DAR,1104,1105,1,1105,1109,4,50,BHM,1328,1329,1,True
202605146775088,XC,2026-05-14,MAY,THU,False,832,EDB,1005,1004,DAR,1210,1223,13,1213,1226,13,190,BHM,1506,1510,4,True
202605146775202,XC,2026-05-14,MAY,THU,False,,NCL,1233,1239,DAR,1303,1308,5,1305,1312,7,50,BHM,1528,1531,3,True
202605146775091,XC,2026-05-14,MAY,THU,False,832,EDB,1205,1204,DAR,1410,1422,12,1412,1426,14,190,BHM,1706,1717,11,True
202605146775204,XC,2026-05-14,MAY,THU,False,,NCL,1434,1437,DAR,1504,1505,1,1506,1507,1,50,BHM,1727,1733,6,True
202605146775096,XC,2026-05-14,MAY,THU,False,,EDB,1404,1403,DAR,1610,1612,2,1611,1615,4,190,BHM,1907,1907,0,False
202605146775190,XC,2026-05-14,MAY,THU,False,,NCL,1634,1637,DAR,1704,1704,0,1705,1707,2,50,BHM,1931,1928,-3,False
202605146775102,XC,2026-05-14,MAY,THU,False,528,EDB,1605,1605,DAR,1810,1823,13,1812,1825,13,190,BHM,2107,2106,-1,False
202605146775187,XC,2026-05-14,MAY,THU,False,,NCL,1833,1833,DAR,1904,1901,-3,1906,1906,0,50,BHM,2126,2132,6,True
202605146775079,XC,2026-05-14,MAY,THU,False,832,EDB,1804,1804,DAR,2010,2023,13,2011,2026,15,190,BHM,2328,2329,1,True
202605156775461,XC,2026-05-15,MAY,FRI,False,,NCL,0518,0518,DAR,0550,0548,-2,0552,0552,0,50,BHM,0828,0830,2,True
202605156775196,XC,2026-05-15,MAY,FRI,False,,NCL,0623,0623,DAR,0652,0653,1,0654,0657,3,50,BHM,0928,0926,-2,False
202605156775192,XC,2026-05-15,MAY,FRI,False,,NCL,0640,0639,DAR,0709,0708,-1,0710,0710,0,50,BHM,1004,1004,0,False
202605156775082,XC,2026-05-15,MAY,FRI,False,895,EDB,0602,0601,DAR,0810,0808,-2,0811,0811,0,190,BHM,1106,1200,54,True
202605156775198,XC,2026-05-15,MAY,FRI,False,535,NCL,0835,0835,DAR,0904,0904,0,0906,0906,0,50,BHM,1127,1206,39,True
202605156775118,XC,2026-05-15,MAY,FRI,False,832,GLC,0648,0647,DAR,1010,1026,16,1011,1029,18,228,BHM,1306,1329,23,True
202605156775200,XC,2026-05-15,MAY,FRI,False,,NCL,1033,1037,DAR,1104,1106,2,1105,1108,3,50,BHM,1328,1333,5,True
202605156775088,XC,2026-05-15,MAY,FRI,False,904,EDB,1005,1004,DAR,1210,1209,-1,1213,1212,-1,190,BHM,1506,1516,10,True
202605156775202,XC,2026-05-15,MAY,FRI,False,536,NCL,1233,1233,DAR,1303,1302,-1,1305,1305,0,50,BHM,1528,1532,4,True
202605156775091,XC,2026-05-15,MAY,FRI,False,,EDB,1205,1204,DAR,1410,1408,-2,1412,1412,0,190,BHM,1706,1707,1,True
202605156775204,XC,2026-05-15,MAY,FRI,False,,NCL,1434,1434,DAR,1504,1501,-3,1506,1506,0,50,BHM,1727,1727,0,False
202605156775096,XC,2026-05-15,MAY,FRI,False,824,EDB,1404,1403,DAR,1610,1607,-3,1611,1611,0,190,BHM,1907,1907,0,False
202605156775190,XC,2026-05-15,MAY,FRI,False,,NCL,1634,1634,DAR,1704,1701,-3,1705,1704,-1,50,BHM,1931,1930,-1,False
202605156775102,XC,2026-05-15,MAY,FRI,False,908,EDB,1605,1605,DAR,1810,1807,-3,1812,1812,0,190,BHM,2107,2114,7,True
202605156775187,XC,2026-05-15,MAY,FRI,False,,NCL,1833,1833,DAR,1904,1900,-4,1906,1905,-1,50,BHM,2126,2137,11,True
202605156775079,XC,2026-05-15,MAY,FRI,False,824,EDB,1804,1803,DAR,2010,2007,-3,2011,2011,0,190,BHM,2328,2357,29,True
202605166775193,XC,2026-05-16,MAY,SAT,False,,NCL,0640,0640,DAR,0709,0708,-1,0710,0711,1,50,BHM,1006,1011,5,True
202605166775083,XC,2026-05-16,MAY,SAT,False,,EDB,0602,0601,DAR,0810,0807,-3,0811,0811,0,190,BHM,1106,1105,-1,False
202605166775085,XC,2026-05-16,MAY,SAT,False,,EDB,0703,0703,DAR,0910,0909,-1,0912,0912,0,190,BHM,1207,1206,-1,False
202605166775119,XC,2026-05-16,MAY,SAT,False,,EDB,0808,0807,DAR,1010,1008,-2,1011,1013,2,190,BHM,1306,1310,4,True
202605166775120,XC,2026-05-16,MAY,SAT,False,,EDB,0905,0904,DAR,1110,1108,-2,1111,1111,0,190,BHM,1404,1404,0,False
202605166775089,XC,2026-05-16,MAY,SAT,False,,EDB,1005,1004,DAR,1210,1207,-3,1211,1211,0,190,BHM,1505,1510,5,True
202605166775063,XC,2026-05-16,MAY,SAT,False,895,DEE,0933,0933,DAR,1310,1323,13,1311,1327,16,,BHM,1604,1625,21,True
202605166775092,XC,2026-05-16,MAY,SAT,False,,EDB,1205,1205,DAR,1410,1409,-1,1412,1412,0,190,BHM,1706,1716,10,True
202605166775095,XC,2026-05-16,MAY,SAT,False,,EDB,1305,1304,DAR,1510,1508,-2,1512,1512,0,190,BHM,1804,1818,14,True
202605166775097,XC,2026-05-16,MAY,SAT,False,,EDB,1404,1403,DAR,1610,1607,-3,1612,1611,-1,190,BHM,1905,1913,8,True
202605166775100,XC,2026-05-16,MAY,SAT,False,,EDB,1504,1503,DAR,1708,1706,-2,1711,1710,-1,190,BHM,2005,2004,-1,False
202605166775103,XC,2026-05-16,MAY,SAT,False,526,EDB,1605,1605,DAR,1809,1808,-1,1811,1812,1,190,BHM,2106,2127,21,True
202605166775081,XC,2026-05-16,MAY,SAT,False,,EDB,1705,1704,DAR,1910,1907,-3,1911,1911,0,190,BHM,2232,2232,0,False
202605166775080,XC,2026-05-16,MAY,SAT,False,910,EDB,1804,1804,DAR,2010,2017,7,2011,2021,10,190,BHM,2307,2337,30,True
202605178729869,XC,2026-05-17,MAY,SUN,False,,NCL,0830,0831,DAR,0901,0859,-2,0904,0904,0,50,BHM,1207,1206,-1,False
202605178729874,XC,2026-05-17,MAY,SUN,False,,NCL,0936,0936,DAR,1005,1003,-2,1006,1006,0,50,BHM,1305,1307,2,True
202605177101147,XC,2026-05-17,MAY,SUN,False,,EDB,0908,0907,DAR,1109,1108,-1,1111,1112,1,190,BHM,1404,1407,3,True
202605178729886,XC,2026-05-17,MAY,SUN,False,,EDB,1008,1008,DAR,1209,1205,-4,1210,1210,0,190,BHM,1506,1510,4,True
202605177101152,XC,2026-05-17,MAY,SUN,False,,EDB,1107,1106,DAR,1309,1311,2,1310,1315,5,190,BHM,1604,1605,1,True
202605177101155,XC,2026-05-17,MAY,SUN,False,832,EDB,1205,1204,DAR,1410,1410,0,1411,1413,2,190,BHM,1706,1748,42,True
202605177101163,XC,2026-05-17,MAY,SUN,False,,EDB,1305,1305,DAR,1509,1506,-3,1511,1511,0,190,BHM,1804,1840,36,True
202605177101165,XC,2026-05-17,MAY,SUN,True,526,DEE,1222,,DAR,1609,,,1610,,,,BHM,1903,,,
202605178729913,XC,2026-05-17,MAY,SUN,False,896,EDB,1505,1504,DAR,1710,1708,-2,1712,1756,44,190,BHM,2004,2140,96,True
202605178729915,XC,2026-05-17,MAY,SUN,False,887,EDB,1607,1607,DAR,1811,1807,-4,1812,1812,0,190,BHM,2106,2213,67,True
202605178729918,XC,2026-05-17,MAY,SUN,False,526,EDB,1705,,DAR,1909,1909,0,1911,1911,0,190,BHM,2208,2343,95,True
202605177100843,XC,2026-05-17,MAY,SUN,False,908,EDB,1805,1805,DAR,2007,2018,11,2009,2021,12,190,BHM,2309,0059,-1330,False
202605187101176,XC,2026-05-18,MAY,MON,False,832,NCL,0518,0518,DAR,0550,0549,-1,0552,0552,0,50,BHM,0828,0844,16,True
202605188729925,XC,2026-05-18,MAY,MON,False,832,NCL,0623,0623,DAR,0652,0651,-1,0654,0654,0,50,BHM,0928,0950,22,True
202605187101140,XC,2026-05-18,MAY,MON,False,,NCL,0640,0640,DAR,0709,0707,-2,0710,0710,0,50,BHM,1004,1016,12,True
202605188729862,XC,2026-05-18,MAY,MON,False,,EDB,0602,0604,DAR,0810,0808,-2,0811,0811,0,190,BHM,1106,1106,0,False
202605187101180,XC,2026-05-18,MAY,MON,False,,NCL,0835,0835,DAR,0904,0903,-1,0906,0906,0,50,BHM,1127,1126,-1,False
202605188729873,XC,2026-05-18,MAY,MON,False,,GLC,0648,0648,DAR,1010,1007,-3,1011,1012,1,228,BHM,1306,1312,6,True
202605187101184,XC,2026-05-18,MAY,MON,False,,NCL,1034,1034,DAR,1104,1104,0,1105,1107,2,50,BHM,1328,1335,7,True
202605188729884,XC,2026-05-18,MAY,MON,False,,EDB,1005,1004,DAR,1210,1208,-2,1213,1213,0,190,BHM,1506,1513,7,True
202605188729935,XC,2026-05-18,MAY,MON,True,911,NCL,1233,,DAR,1303,,,1305,,,50,BHM,,,,
202605187101154,XC,2026-05-18,MAY,MON,False,,EDB,1205,1204,DAR,1410,1408,-2,1411,1413,2,190,BHM,1706,1710,4,True
202605187101161,XC,2026-05-18,MAY,MON,True,557,EDB,1305,,DAR,1510,,,1512,,,190,BHM,1807,,,
202605188729909,XC,2026-05-18,MAY,MON,True,777,EDB,1404,,DAR,1610,,,1611,,,190,BHM,1907,,,
202605187166824,XC,2026-05-18,MAY,MON,False,557,NCL,1634,1643,DAR,1703,1712,9,1705,1716,11,50,BHM,1931,1956,25,True
202605187101169,XC,2026-05-18,MAY,MON,False,887,EDB,1605,1605,DAR,1810,1809,-1,1812,1813,1,190,BHM,2107,2135,28,True
202605187100914,XC,2026-05-18,MAY,MON,True,777,NCL,1833,,DAR,1904,,,1906,,,50,BHM,2126,,,
202605187100842,XC,2026-05-18,MAY,MON,False,637,EDB,1804,1804,DAR,2009,2015,6,2011,2018,7,190,BHM,2328,2338,10,True
202605197101176,XC,2026-05-19,MAY,TUE,False,904,NCL,0518,0518,DAR,0550,0547,-3,0552,0552,0,50,BHM,0828,0831,3,True
202605198729925,XC,2026-05-19,MAY,TUE,False,,NCL,0623,0623,DAR,0652,0650,-2,0654,0654,0,50,BHM,0928,0931,3,True
202605197101140,XC,2026-05-19,MAY,TUE,False,,NCL,0640,0640,DAR,0709,0708,-1,0710,0712,2,50,BHM,1004,1003,-1,False
202605198729862,XC,2026-05-19,MAY,TUE,False,,EDB,0602,0602,DAR,0810,0809,-1,0811,0813,2,190,BHM,1106,1108,2,True
202605197101180,XC,2026-05-19,MAY,TUE,False,,NCL,0835,0835,DAR,0904,0902,-2,0906,0906,0,50,BHM,1127,1127,0,False
202605198729873,XC,2026-05-19,MAY,TUE,False,,GLC,0648,0648,DAR,1010,1010,0,1011,1014,3,228,BHM,1306,1320,14,True
202605197101184,XC,2026-05-19,MAY,TUE,False,831,NCL,1034,1034,DAR,1104,1103,-1,1105,1107,2,50,BHM,1328,1347,19,True
202605198729884,XC,2026-05-19,MAY,TUE,False,831,EDB,1005,1006,DAR,1210,1209,-1,1213,1212,-1,190,BHM,1506,1517,11,True
202605198729935,XC,2026-05-19,MAY,TUE,False,831,NCL,1233,1246,DAR,1303,1317,14,1305,1319,14,50,BHM,1528,1544,16,True
202605197101154,XC,2026-05-19,MAY,TUE,False,,EDB,1205,1204,DAR,1410,1411,1,1411,1415,4,190,BHM,1706,1723,17,True
202605198729937,XC,2026-05-19,MAY,TUE,False,,NCL,1434,1434,DAR,1504,1504,0,1506,1507,1,50,BHM,1727,1737,10,True
202605198729909,XC,2026-05-19,MAY,TUE,False,573,EDB,1404,1403,DAR,1610,1610,0,1611,1614,3,190,BHM,1907,1909,2,True
202605197166824,XC,2026-05-19,MAY,TUE,False,,NCL,1634,1635,DAR,1703,1702,-1,1705,1705,0,50,BHM,1931,1933,2,True
202605197101169,XC,2026-05-19,MAY,TUE,False,,EDB,1605,1606,DAR,1810,1807,-3,1812,1811,-1,190,BHM,2107,2106,-1,False
202605197100914,XC,2026-05-19,MAY,TUE,False,,NCL,1833,,DAR,,,,1906,1906,0,50,BHM,2126,2135,9,True
202605197100842,XC,2026-05-19,MAY,TUE,False,887,EDB,1804,1804,DAR,2009,2006,-3,2011,2010,-1,190,BHM,2328,2335,7,True
202605207101176,XC,2026-05-20,MAY,WED,False,,NCL,0518,0518,DAR,0550,0548,-2,0552,0552,0,50,BHM,0828,0836,8,True
202605208729925,XC,2026-05-20,MAY,WED,False,,NCL,0623,0623,DAR,0652,0650,-2,0654,0654,0,50,BHM,0928,0926,-2,False
202605207101140,XC,2026-05-20,MAY,WED,False,,NCL,0640,0640,DAR,0709,0707,-2,0710,0710,0,50,BHM,1004,1005,1,True
202605208729862,XC,2026-05-20,MAY,WED,False,,EDB,0602,0601,DAR,0810,0808,-2,0811,0812,1,190,BHM,1106,1115,9,True
202605207101180,XC,2026-05-20,MAY,WED,False,832,NCL,0835,0835,DAR,0904,0902,-2,0906,0906,0,50,BHM,1127,1146,19,True
202605208729873,XC,2026-05-20,MAY,WED,False,832,GLC,0648,0647,DAR,1010,1008,-2,1011,1012,1,228,BHM,1306,1332,26,True
202605207101184,XC,2026-05-20,MAY,WED,False,904,NCL,1034,1039,DAR,1104,1106,2,1105,1109,4,50,BHM,1328,1357,29,True
202605208729884,XC,2026-05-20,MAY,WED,False,557,EDB,1005,1004,DAR,1210,1208,-2,1213,1213,0,190,BHM,1506,1509,3,True
202605208729935,XC,2026-05-20,MAY,WED,False,526,NCL,1233,1234,DAR,1303,1302,-1,1305,1305,0,50,BHM,1528,1527,-1,False
202605207101154,XC,2026-05-20,MAY,WED,False,,EDB,1205,1205,DAR,1410,1408,-2,1411,1412,1,190,BHM,1706,1707,1,True
202605208729937,XC,2026-05-20,MAY,WED,False,,NCL,1434,1433,DAR,1504,1502,-2,1506,1506,0,50,BHM,1727,1730,3,True
202605208729909,XC,2026-05-20,MAY,WED,False,,EDB,1404,1403,DAR,1610,1608,-2,1611,1611,0,190,BHM,1907,1907,0,False
202605207166824,XC,2026-05-20,MAY,WED,False,,NCL,1634,1636,DAR,1703,1705,2,1705,1708,3,50,BHM,1931,1932,1,True
202605207101169,XC,2026-05-20,MAY,WED,False,,EDB,1605,1605,DAR,1810,1807,-3,1812,1812,0,190,BHM,2107,2105,-2,False
202605207100914,XC,2026-05-20,MAY,WED,False,,NCL,1833,1833,DAR,1904,1902,-2,1906,1906,0,50,BHM,2126,2129,3,True
202605207100842,XC,2026-05-20,MAY,WED,False,576,EDB,1804,1804,DAR,2009,2055,46,2011,2058,47,190,BHM,2328,2347,19,True
202605217101176,XC,2026-05-21,MAY,THU,False,576,NCL,0518,0518,DAR,0550,0548,-2,0552,0552,0,50,BHM,0828,0835,7,True
202605218729925,XC,2026-05-21,MAY,THU,False,,NCL,0623,0623,DAR,0652,0650,-2,0654,0654,0,50,BHM,0928,0929,1,True
202605217101140,XC,2026-05-21,MAY,THU,False,,NCL,0640,0640,DAR,0709,0708,-1,0710,0712,2,50,BHM,1004,1007,3,True
202605218729862,XC,2026-05-21,MAY,THU,False,,EDB,0602,0602,DAR,0810,0809,-1,0811,0813,2,190,BHM,1106,1108,2,True
202605217101180,XC,2026-05-21,MAY,THU,False,573,NCL,0835,0835,DAR,0904,0902,-2,0906,0907,1,50,BHM,1127,1202,35,True
202605218729873,XC,2026-05-21,MAY,THU,False,,GLC,0648,0647,DAR,1010,1008,-2,1011,1012,1,228,BHM,1306,1312,6,True
202605217101184,XC,2026-05-21,MAY,THU,False,,NCL,1034,1036,DAR,1104,1103,-1,1105,1107,2,50,BHM,1328,1330,2,True
202605218729884,XC,2026-05-21,MAY,THU,False,904,EDB,1005,1004,DAR,1210,1209,-1,1213,1213,0,190,BHM,1506,1514,8,True
202605218729935,XC,2026-05-21,MAY,THU,False,,NCL,1233,1234,DAR,1303,1302,-1,1305,1305,0,50,BHM,1528,1532,4,True
202605217101154,XC,2026-05-21,MAY,THU,False,,EDB,1205,1205,DAR,1410,1407,-3,1411,1411,0,190,BHM,1706,1711,5,True
202605218729937,XC,2026-05-21,MAY,THU,False,,NCL,1434,1438,DAR,1504,1507,3,1506,1510,4,50,BHM,1727,1736,9,True
202605218729909,XC,2026-05-21,MAY,THU,False,,EDB,1404,1403,DAR,1610,1609,-1,1611,1613,2,190,BHM,1907,1912,5,True
202605217166824,XC,2026-05-21,MAY,THU,False,,NCL,1634,1634,DAR,1703,1703,0,1705,1707,2,50,BHM,1931,1933,2,True
202605217101169,XC,2026-05-21,MAY,THU,False,,EDB,1605,1605,DAR,1810,1807,-3,1812,1812,0,190,BHM,2107,2116,9,True
202605217100914,XC,2026-05-21,MAY,THU,False,895,NCL,1833,1836,DAR,1904,1908,4,1906,1912,6,50,BHM,2126,2138,12,True
202605217100842,XC,2026-05-21,MAY,THU,False,913,EDB,1804,1803,DAR,2009,2025,16,2011,2029,18,190,BHM,2328,2348,20,True
202605227101176,XC,2026-05-22,MAY,FRI,False,,NCL,0518,0518,DAR,0550,0547,-3,0552,0552,0,50,BHM,0828,0834,6,True
202605228729925,XC,2026-05-22,MAY,FRI,False,832,NCL,0623,0623,DAR,0652,0651,-1,0654,0654,0,50,BHM,0928,0941,13,True
202605227101140,XC,2026-05-22,MAY,FRI,False,,NCL,0640,0639,DAR,0709,0706,-3,0710,0710,0,50,BHM,1004,1006,2,True
202605228729862,XC,2026-05-22,MAY,FRI,False,,EDB,0602,0602,DAR,0810,0808,-2,0811,0812,1,190,BHM,1106,1118,12,True
202605227101180,XC,2026-05-22,MAY,FRI,False,526,NCL,0835,0834,DAR,0904,0902,-2,0906,0906,0,50,BHM,1127,1141,14,True
202605228729873,XC,2026-05-22,MAY,FRI,False,895,GLC,0648,0647,DAR,1010,1008,-2,1011,1012,1,228,BHM,1306,1326,20,True
202605227101184,XC,2026-05-22,MAY,FRI,False,908,NCL,1034,1034,DAR,1104,1103,-1,1105,1108,3,50,BHM,1328,1336,8,True
202605228729884,XC,2026-05-22,MAY,FRI,False,685,EDB,1005,1004,DAR,1210,1216,6,1213,1226,13,190,BHM,1506,1613,67,True
202605228729935,XC,2026-05-22,MAY,FRI,True,911,NCL,1233,,DAR,1303,,,1305,,,50,BHM,1528,,,
202605227101154,XC,2026-05-22,MAY,FRI,False,811,EDB,1205,1204,DAR,1410,1431,21,1411,1434,23,190,BHM,1706,1735,29,True
202605228729937,XC,2026-05-22,MAY,FRI,False,811,NCL,1434,1433,DAR,1504,1516,12,1506,1519,13,50,BHM,1727,1806,39,True
202605228729909,XC,2026-05-22,MAY,FRI,False,,EDB,1404,1403,DAR,1610,1616,6,1611,1620,9,190,BHM,1907,1926,19,True
202605227166824,XC,2026-05-22,MAY,FRI,True,887,NCL,1634,,DAR,1703,,,1705,,,50,BHM,1931,,,
202605227101169,XC,2026-05-22,MAY,FRI,False,811,EDB,1605,1605,DAR,1810,1904,54,1812,1908,56,190,BHM,2107,2209,62,True
202605227100914,XC,2026-05-22,MAY,FRI,False,811,NCL,1833,1914,DAR,1904,1953,49,1906,1956,50,50,BHM,2126,2243,77,True
202605227100842,XC,2026-05-22,MAY,FRI,False,727,EDB,1804,1822,DAR,2009,2033,24,2011,2034,23,190,BHM,2328,2351,23,True
202605267101176,XC,2026-05-26,MAY,TUE,False,895,NCL,0518,0518,DAR,0550,0548,-2,0552,0552,0,50,BHM,0828,0840,12,True
202605268729925,XC,2026-05-26,MAY,TUE,False,,NCL,0623,0623,DAR,0652,0652,0,0654,0654,0,50,BHM,0928,0934,6,True
202605267101140,XC,2026-05-26,MAY,TUE,False,776,NCL,0640,0640,DAR,0709,0709,0,0710,0711,1,50,BHM,1004,1017,13,True
202605268729862,XC,2026-05-26,MAY,TUE,False,,EDB,0602,0602,DAR,0810,0809,-1,0811,0811,0,190,BHM,1106,1114,8,True
202605267101180,XC,2026-05-26,MAY,TUE,False,,NCL,0835,0835,DAR,0904,0904,0,0906,0907,1,50,BHM,1127,1133,6,True
202605268729873,XC,2026-05-26,MAY,TUE,False,574,GLC,0648,0648,DAR,1010,1009,-1,1011,1011,0,228,BHM,1306,1340,34,True
202605267101184,XC,2026-05-26,MAY,TUE,False,832,NCL,1034,1040,DAR,1104,1113,9,1105,1115,10,50,BHM,1328,1344,16,True
202605268729884,XC,2026-05-26,MAY,TUE,False,,EDB,1005,1004,DAR,1210,1211,1,1213,1213,0,190,BHM,1506,1554,48,True
202605268729935,XC,2026-05-26,MAY,TUE,False,574,NCL,1233,1235,DAR,1303,1315,12,1305,1317,12,50,BHM,1528,1557,29,True
202605267101154,XC,2026-05-26,MAY,TUE,False,,EDB,1205,1204,DAR,1410,1409,-1,1411,1412,1,190,BHM,1706,1725,19,True
202605268729937,XC,2026-05-26,MAY,TUE,False,895,NCL,1434,1434,DAR,1504,1504,0,1506,1506,0,50,BHM,1727,1819,52,True
202605268729909,XC,2026-05-26,MAY,TUE,False,,EDB,1404,1404,DAR,1610,1609,-1,1611,1612,1,190,BHM,1907,1937,30,True
202605267166824,XC,2026-05-26,MAY,TUE,False,,NCL,1634,1640,DAR,1703,1712,9,1705,1714,9,50,BHM,1931,2017,46,True
202605267101169,XC,2026-05-26,MAY,TUE,False,886,EDB,1605,1605,DAR,1810,1812,2,1812,1814,2,190,BHM,2107,2201,54,True
202605267100914,XC,2026-05-26,MAY,TUE,True,574,NCL,1833,,DAR,1904,,,1906,,,50,BHM,2126,,,
202605267100842,XC,2026-05-26,MAY,TUE,False,574,EDB,1804,1803,DAR,2009,2034,25,2011,2036,25,190,BHM,2328,0040,-1368,False
202605277101176,XC,2026-05-27,MAY,WED,False,,NCL,0518,0518,DAR,0550,0548,-2,0552,0552,0,50,BHM,0828,0839,11,True
202605278729925,XC,2026-05-27,MAY,WED,False,,NCL,0623,0623,DAR,0652,0652,0,0654,0654,0,50,BHM,0928,0929,1,True
202605277101140,XC,2026-05-27,MAY,WED,False,,NCL,0640,0640,DAR,0709,0710,1,0710,0712,2,50,BHM,1004,1016,12,True
202605278729862,XC,2026-05-27,MAY,WED,False,,EDB,0602,0602,DAR,0810,0808,-2,0811,0811,0,190,BHM,1106,1111,5,True
202605277101180,XC,2026-05-27,MAY,WED,True,574,NCL,0835,,DAR,0904,,,0906,,,50,BHM,1127,,,
202605278729873,XC,2026-05-27,MAY,WED,False,895,GLC,0648,0648,DAR,1010,1010,0,1011,1013,2,228,BHM,1306,1323,17,True
202605277101184,XC,2026-05-27,MAY,WED,False,,NCL,1034,1034,DAR,1104,1105,1,1105,1107,2,50,BHM,1328,1335,7,True
202605278729884,XC,2026-05-27,MAY,WED,False,,EDB,1005,1004,DAR,1210,1211,1,1213,1213,0,190,BHM,1506,1512,6,True
202605278729935,XC,2026-05-27,MAY,WED,False,,NCL,1233,1234,DAR,1303,1302,-1,1305,1305,0,50,BHM,1528,1532,4,True
202605277101154,XC,2026-05-27,MAY,WED,False,574,EDB,1205,1204,DAR,1410,1412,2,1411,1416,5,190,BHM,1706,1804,58,True
202605278729937,XC,2026-05-27,MAY,WED,False,,NCL,1434,1433,DAR,1504,1504,0,1506,1507,1,50,BHM,1727,1731,4,True
202605278729909,XC,2026-05-27,MAY,WED,False,895,EDB,1404,1403,DAR,1610,1608,-2,1611,1611,0,190,BHM,1907,1924,17,True
202605277166824,XC,2026-05-27,MAY,WED,False,547,NCL,1634,1634,DAR,1703,1704,1,1705,1706,1,50,BHM,1931,2006,35,True
202605277101169,XC,2026-05-27,MAY,WED,False,579,EDB,1605,1651,DAR,1810,1902,52,1812,1904,52,190,BHM,2107,2203,56,True
202605277100914,XC,2026-05-27,MAY,WED,False,650,NCL,1833,1852,DAR,1904,1923,19,1906,1925,19,50,BHM,2126,2153,27,True
202605277100842,XC,2026-05-27,MAY,WED,False,579,EDB,1804,1819,DAR,2009,2028,19,2011,2031,20,190,BHM,2328,2340,12,True
202605287101176,XC,2026-05-28,MAY,THU,True,911,NCL,0518,,DAR,0550,,,0552,,,50,BHM,0828,,,
202605288729925,XC,2026-05-28,MAY,THU,True,501,NCL,0623,,DAR,0652,,,0654,,,50,BHM,0928,,,
202605287101140,XC,2026-05-28,MAY,THU,False,501,NCL,0640,0640,DAR,0709,0710,1,0710,0712,2,50,BHM,1004,1102,58,True
202605288729862,XC,2026-05-28,MAY,THU,False,895,EDB,0602,0602,DAR,0810,0809,-1,0811,0811,0,190,BHM,1106,1130,24,True
202605287101180,XC,2026-05-28,MAY,THU,False,574,NCL,0835,0835,DAR,0904,0906,2,0906,0908,2,50,BHM,1127,1155,28,True
202605288729873,XC,2026-05-28,MAY,THU,False,570,GLC,0648,0648,DAR,1010,1027,17,1011,1029,18,228,BHM,1306,1349,43,True
202605287101184,XC,2026-05-28,MAY,THU,False,895,NCL,1034,1042,DAR,1104,1114,10,1105,1116,11,50,BHM,1328,1404,36,True
202605288729884,XC,2026-05-28,MAY,THU,False,904,EDB,1005,1004,DAR,1210,1210,0,1213,1213,0,190,BHM,1506,1531,25,True
202605288729935,XC,2026-05-28,MAY,THU,False,,NCL,1233,1233,DAR,1303,1306,3,1305,1308,3,50,BHM,1528,1533,5,True
202605287101154,XC,2026-05-28,MAY,THU,False,576,EDB,1205,1204,DAR,1410,1409,-1,1411,1412,1,190,BHM,1706,1733,27,True
202605288729937,XC,2026-05-28,MAY,THU,True,586,NCL,1434,,DAR,1504,,,1506,,,50,BHM,1727,,,
202605288729909,XC,2026-05-28,MAY,THU,False,,EDB,1404,1403,DAR,1610,1612,2,1611,1614,3,190,BHM,1907,1924,17,True
202605287166824,XC,2026-05-28,MAY,THU,False,,NCL,1634,1634,DAR,1703,1703,0,1705,1705,0,50,BHM,1931,1949,18,True
202605287101169,XC,2026-05-28,MAY,THU,False,,EDB,1605,1611,DAR,1810,1845,35,1812,1847,35,190,BHM,2107,2141,34,True
202605287100914,XC,2026-05-28,MAY,THU,False,536,NCL,1833,1839,DAR,1904,1908,4,1906,1910,4,50,BHM,2126,2148,22,True
202605287100842,XC,2026-05-28,MAY,THU,False,895,EDB,1804,1803,DAR,2009,2008,-1,2011,2010,-1,190,BHM,2328,2341,13,True
202605297101176,XC,2026-05-29,MAY,FRI,False,,NCL,0518,0517,DAR,0550,0548,-2,0552,0551,-1,50,BHM,0828,0830,2,True
202605298729925,XC,2026-05-29,MAY,FRI,False,895,NCL,0623,0623,DAR,0652,0652,0,0654,0654,0,50,BHM,0928,0930,2,True
202605297101140,XC,2026-05-29,MAY,FRI,False,,NCL,0640,0640,DAR,0709,0709,0,0710,0711,1,50,BHM,1004,1004,0,False
202605298729862,XC,2026-05-29,MAY,FRI,False,,EDB,0602,0602,DAR,0810,0808,-2,0811,0811,0,190,BHM,1106,1109,3,True
202605297101180,XC,2026-05-29,MAY,FRI,False,576,NCL,0835,0835,DAR,0904,0903,-1,0906,0906,0,50,BHM,1127,1135,8,True
202605298729873,XC,2026-05-29,MAY,FRI,False,,GLC,0648,0648,DAR,1010,1011,1,1011,1014,3,228,BHM,1306,1321,15,True
202605297101184,XC,2026-05-29,MAY,FRI,False,,NCL,1034,1035,DAR,1104,1106,2,1105,1108,3,50,BHM,1328,1332,4,True
202605298729884,XC,2026-05-29,MAY,FRI,False,,EDB,1005,1004,DAR,1210,1210,0,1213,1213,0,190,BHM,1506,1514,8,True
202605298729935,XC,2026-05-29,MAY,FRI,False,,NCL,1233,1236,DAR,1303,1306,3,1305,1309,4,50,BHM,1528,1532,4,True
202605297101154,XC,2026-05-29,MAY,FRI,False,,EDB,1205,1205,DAR,1410,1411,1,1411,1414,3,190,BHM,1706,1714,8,True
202605298729937,XC,2026-05-29,MAY,FRI,False,895,NCL,1434,1443,DAR,1504,1512,8,1506,1516,10,50,BHM,1727,1738,11,True
202605298729909,XC,2026-05-29,MAY,FRI,False,,EDB,1404,1403,DAR,1610,1616,6,1611,1618,7,190,BHM,1907,1934,27,True
202605297166824,XC,2026-05-29,MAY,FRI,False,,NCL,1634,1635,DAR,1703,1704,1,1705,1706,1,50,BHM,1931,1939,8,True
202605297101169,XC,2026-05-29,MAY,FRI,False,,EDB,1605,1605,DAR,1810,1810,0,1812,1814,2,190,BHM,2107,2109,2,True
202605297100914,XC,2026-05-29,MAY,FRI,False,,NCL,1833,1833,DAR,1904,1904,0,1906,1907,1,50,BHM,2126,2137,11,True
202605297100842,XC,2026-05-29,MAY,FRI,False,,EDB,1804,1805,DAR,2009,2009,0,2011,2011,0,190,BHM,2328,2327,-1,False
202605308729924,XC,2026-05-30,MAY,SAT,False,,NCL,0622,0622,DAR,0651,0651,0,0653,0656,3,50,BHM,0927,0926,-1,False
202605307101141,XC,2026-05-30,MAY,SAT,False,,NCL,0640,0640,DAR,0709,0708,-1,0710,0710,0,50,BHM,1004,1010,6,True
202605307101146,XC,2026-05-30,MAY,SAT,False,,EDB,0602,0601,DAR,0810,0809,-1,0811,0811,0,190,BHM,1106,1105,-1,False
202605307101179,XC,2026-05-30,MAY,SAT,True,526,NCL,0835,,DAR,0904,,,0906,,,50,BHM,1127,,,
202605308729872,XC,2026-05-30,MAY,SAT,False,,GLC,0648,,DAR,1010,1009,-1,1011,1013,2,228,BHM,1306,1310,4,True
202605307101183,XC,2026-05-30,MAY,SAT,False,,NCL,1035,1035,DAR,1104,1105,1,1106,1107,1,50,BHM,1328,1334,6,True
202605308729885,XC,2026-05-30,MAY,SAT,False,,EDB,1005,1004,DAR,1210,1211,1,1211,1213,2,190,BHM,1505,1519,14,True
202605308729934,XC,2026-05-30,MAY,SAT,False,574,NCL,1234,1237,DAR,1304,1307,3,1306,1309,3,50,BHM,1527,1600,33,True
202605307101156,XC,2026-05-30,MAY,SAT,False,559,EDB,1205,1204,DAR,1410,1410,0,1411,1412,1,190,BHM,1706,1736,30,True
202605308729938,XC,2026-05-30,MAY,SAT,True,574,NCL,1434,,DAR,1504,,,1505,,,50,BHM,,,,
202605307101164,XC,2026-05-30,MAY,SAT,False,,EDB,1404,1403,DAR,1611,1616,5,1612,1619,7,190,BHM,1905,1919,14,True
202605307166825,XC,2026-05-30,MAY,SAT,False,,NCL,1633,1633,DAR,1703,1709,6,1704,1712,8,50,BHM,1925,1950,25,True
202605307101168,XC,2026-05-30,MAY,SAT,False,,EDB,1605,1605,DAR,1809,1808,-1,1811,1813,2,190,BHM,2106,2116,10,True
202605307100916,XC,2026-05-30,MAY,SAT,False,,NCL,1833,1839,DAR,1903,1911,8,1905,1913,8,50,BHM,2126,2146,20,True
202605307100846,XC,2026-05-30,MAY,SAT,False,,EDB,1804,1804,DAR,2009,2010,1,2011,2012,1,190,BHM,2307,2328,21,True
202605318729874,XC,2026-05-31,MAY,SUN,False,,NCL,0830,0830,DAR,0901,0901,0,0904,0904,0,50,BHM,1306,1307,1,True
202605317101147,XC,2026-05-31,MAY,SUN,False,908,NCL,0936,0936,DAR,1005,1007,2,1006,1009,3,50,BHM,1404,1410,6,True
202605318729886,XC,2026-05-31,MAY,SUN,False,895,EDB,0908,0908,DAR,1109,1112,3,1111,1114,3,190,BHM,1506,1510,4,True
202605317101152,XC,2026-05-31,MAY,SUN,False,648,EDB,1008,1008,DAR,1209,1214,5,1210,1216,6,190,BHM,1604,1605,1,True
202605317101155,XC,2026-05-31,MAY,SUN,False,,EDB,1107,1106,DAR,1309,1309,0,1310,1311,1,190,BHM,1706,1709,3,True
202605317101163,XC,2026-05-31,MAY,SUN,False,,EDB,1205,1204,DAR,1410,1409,-1,1411,1411,0,190,BHM,1804,1803,-1,False
202605317101165,XC,2026-05-31,MAY,SUN,False,,EDB,1305,1305,DAR,1509,1509,0,1511,1511,0,190,BHM,1904,1904,0,False
202605318729913,XC,2026-05-31,MAY,SUN,False,,DEE,1222,1222,DAR,1609,1610,1,1610,1612,2,,BHM,2004,2012,8,True
202605318729915,XC,2026-05-31,MAY,SUN,False,648,EDB,1505,1505,DAR,1710,1724,14,1712,1727,15,190,BHM,2106,2106,0,False
202605318729918,XC,2026-05-31,MAY,SUN,False,,EDB,1607,1608,DAR,1811,1807,-4,1812,1812,0,190,BHM,2208,2208,0,False
202605317561961,XC,2026-05-31,MAY,SUN,False,,EDB,1705,1705,DAR,1909,1910,1,1911,1912,1,190,BHM,2243,2242,-1,False
202605317100843,XC,2026-05-31,MAY,SUN,False,777,EDB,1805,1806,DAR,2007,2011,4,2009,2014,5,190,BHM,2325,0105,-1340,False
202606017101176,XC,2026-06-01,JUN,MON,False,,NCL,0518,0518,DAR,0550,0549,-1,0552,0552,0,50,BHM,0828,0843,15,True
202606018729925,XC,2026-06-01,JUN,MON,False,,NCL,0623,0625,DAR,0652,0654,2,0654,0655,1,50,BHM,0928,0931,3,True
202606017101140,XC,2026-06-01,JUN,MON,False,,NCL,0640,0640,DAR,0709,0710,1,0710,0713,3,50,BHM,1004,1009,5,True
202606018729862,XC,2026-06-01,JUN,MON,False,,EDB,0602,0602,DAR,0810,0809,-1,0811,0811,0,190,BHM,1106,1114,8,True
202606017101180,XC,2026-06-01,JUN,MON,False,,NCL,0835,0835,DAR,0904,0903,-1,0906,0906,0,50,BHM,1127,1126,-1,False
202606018729873,XC,2026-06-01,JUN,MON,False,,GLC,0648,0648,DAR,1010,1010,0,1011,1012,1,228,BHM,1306,1310,4,True
202606017101184,XC,2026-06-01,JUN,MON,False,573,NCL,1034,1034,DAR,1104,1106,2,1105,1109,4,50,BHM,1328,1359,31,True
202606018729884,XC,2026-06-01,JUN,MON,False,,EDB,1005,1004,DAR,1210,1209,-1,1213,1213,0,190,BHM,1506,1508,2,True
202606018729935,XC,2026-06-01,JUN,MON,False,,NCL,1233,1233,DAR,1303,1303,0,1305,1305,0,50,BHM,1528,1537,9,True
202606017101154,XC,2026-06-01,JUN,MON,False,,EDB,1205,1205,DAR,1410,1409,-1,1411,1411,0,190,BHM,1706,1739,33,True
202606018729937,XC,2026-06-01,JUN,MON,False,,NCL,1434,1435,DAR,1504,1504,0,1506,1506,0,50,BHM,1727,1752,25,True
202606018729909,XC,2026-06-01,JUN,MON,False,,EDB,1404,1403,DAR,1610,1609,-1,1611,1611,0,190,BHM,1907,1909,2,True
202606017166824,XC,2026-06-01,JUN,MON,False,895,NCL,1634,1642,DAR,1703,1713,10,1705,1715,10,50,BHM,1931,1939,8,True
202606017101169,XC,2026-06-01,JUN,MON,False,,EDB,1605,1605,DAR,1810,1809,-1,1812,1812,0,190,BHM,2107,2106,-1,False
202606017100914,XC,2026-06-01,JUN,MON,False,904,NCL,1833,1836,DAR,1904,1908,4,1906,1909,3,50,BHM,2126,2141,15,True
202606017100842,XC,2026-06-01,JUN,MON,False,895,EDB,1804,1817,DAR,2009,2023,14,2011,2025,14,190,BHM,2328,2327,-1,False
202606027101176,XC,2026-06-02,JUN,TUE,False,,NCL,0518,0518,DAR,0550,0549,-1,0552,0552,0,50,BHM,0828,0831,3,True
202606028729925,XC,2026-06-02,JUN,TUE,False,574,NCL,0623,0623,DAR,0652,0654,2,0654,0706,12,50,BHM,0928,0938,10,True
202606027101140,XC,2026-06-02,JUN,TUE,False,,NCL,0640,0640,DAR,0709,0709,0,0710,0714,4,50,BHM,1004,1006,2,True
202606028729862,XC,2026-06-02,JUN,TUE,False,904,EDB,0602,0602,DAR,0810,0809,-1,0811,0811,0,190,BHM,1106,1110,4,True
202606027101180,XC,2026-06-02,JUN,TUE,False,,NCL,0835,0834,DAR,0904,0903,-1,0906,0906,0,50,BHM,1127,1127,0,False
202606028729873,XC,2026-06-02,JUN,TUE,False,904,GLC,0648,0647,DAR,1010,1012,2,1011,1014,3,228,BHM,1306,1317,11,True
202606027101184,XC,2026-06-02,JUN,TUE,False,,NCL,1034,1039,DAR,1104,1109,5,1105,1111,6,50,BHM,1328,1332,4,True
202606028729884,XC,2026-06-02,JUN,TUE,False,,EDB,1005,1007,DAR,1210,1209,-1,1213,1213,0,190,BHM,1506,1505,-1,False
202606028729935,XC,2026-06-02,JUN,TUE,True,913,NCL,1233,,DAR,1303,,,1305,,,50,BHM,1528,,,
202606027101154,XC,2026-06-02,JUN,TUE,False,,EDB,1205,1204,DAR,1410,1411,1,1411,1413,2,190,BHM,1706,1708,2,True
202606028729937,XC,2026-06-02,JUN,TUE,False,,NCL,1434,1433,DAR,1504,1503,-1,1506,1506,0,50,BHM,1727,1726,-1,False
202606028729909,XC,2026-06-02,JUN,TUE,False,887,EDB,1404,1403,DAR,1610,1609,-1,1611,1611,0,190,BHM,1907,1911,4,True
202606027166824,XC,2026-06-02,JUN,TUE,False,656,NCL,1634,1633,DAR,1703,1703,0,1705,1705,0,50,BHM,1931,1953,22,True
202606027101169,XC,2026-06-02,JUN,TUE,False,,EDB,1605,1605,DAR,1810,1817,7,1812,1819,7,190,BHM,2107,2105,-2,False
202606027100914,XC,2026-06-02,JUN,TUE,False,576,NCL,1833,1842,DAR,1904,1920,16,1906,1924,18,50,BHM,2126,2204,38,True
202606037101176,XC,2026-06-03,JUN,WED,False,812,NCL,0518,0518,DAR,0550,0549,-1,0552,0552,0,50,BHM,0828,0831,3,True
202606038729925,XC,2026-06-03,JUN,WED,False,812,NCL,0623,0623,DAR,0652,0652,0,0654,0654,0,50,BHM,0928,0933,5,True
202606037101140,XC,2026-06-03,JUN,WED,False,576,NCL,0640,0640,DAR,0709,0710,1,0710,0712,2,50,BHM,1004,1012,8,True
202606038729862,XC,2026-06-03,JUN,WED,False,,EDB,0602,0601,DAR,0810,0811,1,0811,0814,3,190,BHM,1106,1117,11,True
202606037101180,XC,2026-06-03,JUN,WED,False,,NCL,0835,0840,DAR,0904,0908,4,0906,0909,3,50,BHM,1127,1131,4,True
202606038729873,XC,2026-06-03,JUN,WED,False,576,GLC,0648,0648,DAR,1010,1011,1,1011,1013,2,228,BHM,1306,1309,3,True
202606037101184,XC,2026-06-03,JUN,WED,True,507,NCL,1034,,DAR,1104,,,1105,,,50,BHM,1328,,,
202606038729884,XC,2026-06-03,JUN,WED,False,,EDB,1005,1004,DAR,1210,1209,-1,1213,1213,0,190,BHM,1506,1507,1,True
202606038729935,XC,2026-06-03,JUN,WED,False,832,NCL,1233,1233,DAR,1303,1303,0,1305,1305,0,50,BHM,1528,1541,13,True
202606037101154,XC,2026-06-03,JUN,WED,False,,EDB,1205,1204,DAR,1410,1410,0,1411,1413,2,190,BHM,1706,1706,0,False
202606038729937,XC,2026-06-03,JUN,WED,False,832,NCL,1434,1433,DAR,1504,1504,0,1506,1506,0,50,BHM,1727,1749,22,True
202606038729909,XC,2026-06-03,JUN,WED,False,,EDB,1404,1403,DAR,1610,1615,5,1611,1617,6,190,BHM,1907,1908,1,True
202606037166824,XC,2026-06-03,JUN,WED,False,,NCL,1634,1633,DAR,1703,1703,0,1705,1705,0,50,BHM,1931,1932,1,True
202606037101169,XC,2026-06-03,JUN,WED,False,535,EDB,1605,1614,DAR,1810,1822,12,1812,1824,12,190,BHM,2107,2120,13,True
202606037100914,XC,2026-06-03,JUN,WED,True,507,NCL,1833,,DAR,1904,,,1906,,,50,BHM,2126,,,
202606037100842,XC,2026-06-03,JUN,WED,False,,EDB,1804,1803,DAR,2009,2010,1,2011,2012,1,190,BHM,2328,2328,0,False
202606047101176,XC,2026-06-04,JUN,THU,False,,NCL,0518,0517,DAR,0550,0548,-2,0552,0552,0,50,BHM,0828,0832,4,True
202606048729925,XC,2026-06-04,JUN,THU,False,,NCL,0623,0623,DAR,0652,0653,1,0654,0655,1,50,BHM,0928,0926,-2,False
202606047101140,XC,2026-06-04,JUN,THU,False,,NCL,0640,0640,DAR,0709,0709,0,0710,0711,1,50,BHM,1004,1005,1,True
202606048729862,XC,2026-06-04,JUN,THU,False,904,EDB,0602,0601,DAR,0810,0808,-2,0811,0810,-1,190,BHM,1106,1108,2,True
202606047101180,XC,2026-06-04,JUN,THU,False,,NCL,0835,0835,DAR,0904,0904,0,0906,0906,0,50,BHM,1127,1138,11,True
202606048729873,XC,2026-06-04,JUN,THU,False,895,GLC,0648,0648,DAR,1010,1008,-2,1011,1012,1,228,BHM,1306,1314,8,True
202606047101184,XC,2026-06-04,JUN,THU,False,,NCL,1034,1034,DAR,1104,1105,1,1105,1109,4,50,BHM,1328,1331,3,True
202606048729884,XC,2026-06-04,JUN,THU,False,,EDB,1005,1004,DAR,1210,1209,-1,1213,1213,0,190,BHM,1506,1505,-1,False
202606048729935,XC,2026-06-04,JUN,THU,False,,NCL,1233,1232,DAR,1303,1303,0,1305,1305,0,50,BHM,1528,1527,-1,False
202606047101154,XC,2026-06-04,JUN,THU,False,,EDB,1205,1205,DAR,1410,1409,-1,1411,1411,0,190,BHM,1706,1708,2,True
202606048729937,XC,2026-06-04,JUN,THU,False,,NCL,1434,1435,DAR,1504,1513,9,1506,1515,9,50,BHM,1727,1736,9,True
202606048729909,XC,2026-06-04,JUN,THU,False,,EDB,1404,1403,DAR,1610,1610,0,1611,1612,1,190,BHM,1907,1909,2,True
202606047166824,XC,2026-06-04,JUN,THU,True,654,NCL,1634,,DAR,1703,,,1705,,,50,BHM,1931,,,
202606047101169,XC,2026-06-04,JUN,THU,False,,EDB,1605,1605,DAR,1810,1817,7,1812,1820,8,190,BHM,2107,2104,-3,False
202606047100914,XC,2026-06-04,JUN,THU,False,,NCL,1833,1832,DAR,1904,1901,-3,1906,1905,-1,50,BHM,2126,2128,2,True
202606047100842,XC,2026-06-04,JUN,THU,False,,EDB,1804,1803,DAR,2009,2011,2,2011,2013,2,190,BHM,2328,2327,-1,False
202606057101176,XC,2026-06-05,JUN,FRI,False,,NCL,0518,0518,DAR,0550,0548,-2,0552,0552,0,50,BHM,0828,0828,0,False
202606058729925,XC,2026-06-05,JUN,FRI,False,,NCL,0623,0623,DAR,0652,0652,0,0654,0654,0,50,BHM,0928,0926,-2,False
202606057101140,XC,2026-06-05,JUN,FRI,False,,NCL,0640,0640,DAR,0709,0708,-1,0710,0712,2,50,BHM,1004,1004,0,False
202606058729862,XC,2026-06-05,JUN,FRI,False,,EDB,0602,0601,DAR,0810,0809,-1,0811,0811,0,190,BHM,1106,1107,1,True
202606057101180,XC,2026-06-05,JUN,FRI,False,,NCL,0835,0834,DAR,0904,0903,-1,0906,0906,0,50,BHM,1127,1126,-1,False
202606058729873,XC,2026-06-05,JUN,FRI,False,,GLC,0648,0648,DAR,1010,1011,1,1011,1013,2,228,BHM,1306,1308,2,True
202606057101184,XC,2026-06-05,JUN,FRI,False,,NCL,1034,1036,DAR,1104,1107,3,1105,1109,4,50,BHM,1328,1342,14,True
202606058729884,XC,2026-06-05,JUN,FRI,False,895,EDB,1005,1004,DAR,1210,1225,15,1213,1227,14,190,BHM,1506,1526,20,True
202606058729935,XC,2026-06-05,JUN,FRI,False,,NCL,1233,1233,DAR,1303,1302,-1,1305,1306,1,50,BHM,1528,1537,9,True
202606057101154,XC,2026-06-05,JUN,FRI,False,,EDB,1205,1204,DAR,1410,1410,0,1411,1412,1,190,BHM,1706,1709,3,True
202606058729937,XC,2026-06-05,JUN,FRI,False,573,NCL,1434,1434,DAR,1504,1504,0,1506,1506,0,50,BHM,1727,1735,8,True
202606058729909,XC,2026-06-05,JUN,FRI,False,,EDB,1404,1403,DAR,1610,1610,0,1611,1613,2,190,BHM,1907,1906,-1,False
202606057166824,XC,2026-06-05,JUN,FRI,False,,NCL,1634,1634,DAR,1703,1704,1,1705,1706,1,50,BHM,1931,1932,1,True
202606057101169,XC,2026-06-05,JUN,FRI,False,,EDB,1605,1605,DAR,1810,1809,-1,1812,1812,0,190,BHM,2107,2104,-3,False
202606057100914,XC,2026-06-05,JUN,FRI,False,,NCL,1833,1836,DAR,1904,1907,3,1906,1909,3,50,BHM,2126,2126,0,False
202606057100842,XC,2026-06-05,JUN,FRI,False,,EDB,1804,1804,DAR,2009,2011,2,2011,2014,3,190,BHM,2328,2330,2,True
202606067101141,XC,2026-06-06,JUN,SAT,False,,NCL,0640,0640,DAR,0709,0709,0,0710,0712,2,50,BHM,0957,1004,7,True
202606067101146,XC,2026-06-06,JUN,SAT,False,,EDB,0602,0601,DAR,0810,0809,-1,0811,0811,0,190,BHM,1057,1059,2,True
202606068729867,XC,2026-06-06,JUN,SAT,False,,EDB,0703,0703,DAR,0910,0913,3,0912,0915,3,190,BHM,1159,1207,8,True
202606068729872,XC,2026-06-06,JUN,SAT,False,904,GLC,0648,,DAR,1010,1009,-1,1011,1012,1,228,BHM,1257,1304,7,True
202606068729878,XC,2026-06-06,JUN,SAT,False,,GLC,0748,0748,DAR,1110,1109,-1,1111,1111,0,228,BHM,1357,1359,2,True
202606068729885,XC,2026-06-06,JUN,SAT,False,,EDB,1005,1004,DAR,1210,1210,0,1211,1212,1,190,BHM,1459,1520,21,True
202606067101151,XC,2026-06-06,JUN,SAT,False,,ABD,0820,0820,DAR,1310,1308,-2,1311,1311,0,293,BHM,1557,1602,5,True
202606067101156,XC,2026-06-06,JUN,SAT,False,,EDB,1205,1204,DAR,1410,1409,-1,1411,1411,0,190,BHM,1657,1721,24,True
202606067101162,XC,2026-06-06,JUN,SAT,False,887,EDB,1305,1305,DAR,1510,1511,1,1512,1513,1,190,BHM,1757,1828,31,True
202606067101164,XC,2026-06-06,JUN,SAT,False,,EDB,1404,1403,DAR,1611,1608,-3,1612,1611,-1,190,BHM,1857,1858,1,True
202606067101167,XC,2026-06-06,JUN,SAT,False,904,EDB,1504,1504,DAR,1708,1724,16,1711,1728,17,190,BHM,1957,2021,24,True
202606067101168,XC,2026-06-06,JUN,SAT,False,,EDB,1605,1605,DAR,1809,1808,-1,1811,1811,0,190,BHM,2057,2057,0,False
202606067100913,XC,2026-06-06,JUN,SAT,False,576,EDB,1705,1704,DAR,1910,1925,15,1911,1927,16,190,BHM,2252,2254,2,True
202606067100846,XC,2026-06-06,JUN,SAT,False,,EDB,1804,1804,DAR,2009,2006,-3,2011,2011,0,190,BHM,2322,2337,15,True
202606078729869,XC,2026-06-07,JUN,SUN,False,,NCL,0830,0830,DAR,0901,0901,0,0904,0904,0,50,BHM,1151,1156,5,True
202606078729874,XC,2026-06-07,JUN,SUN,True,526,NCL,0936,,DAR,1005,,,1006,,,50,BHM,1251,,,
202606077101147,XC,2026-06-07,JUN,SUN,False,,EDB,0908,0908,DAR,1109,1110,1,1111,1113,2,190,BHM,1351,1356,5,True
202606078729886,XC,2026-06-07,JUN,SUN,False,,EDB,1008,1008,DAR,1209,1209,0,1210,1212,2,190,BHM,1451,1457,6,True
202606077101152,XC,2026-06-07,JUN,SUN,False,,EDB,1107,1107,DAR,1309,1308,-1,1310,1311,1,190,BHM,1551,1556,5,True
202606077101155,XC,2026-06-07,JUN,SUN,False,526,GLC,1055,,DAR,1410,1423,13,1411,1426,15,228,BHM,1651,1713,22,True
202606077101163,XC,2026-06-07,JUN,SUN,False,,EDB,1305,1305,DAR,1509,1508,-1,1511,1510,-1,190,BHM,1751,1751,0,False
202606077101165,XC,2026-06-07,JUN,SUN,False,,DEE,1222,1222,DAR,1609,1610,1,1610,1613,3,,BHM,1851,1853,2,True
202606078729913,XC,2026-06-07,JUN,SUN,False,,EDB,1505,1504,DAR,1710,1709,-1,1712,1712,0,190,BHM,1951,1951,0,False
202606078729915,XC,2026-06-07,JUN,SUN,False,,EDB,1607,1607,DAR,1811,1810,-1,1812,1812,0,190,BHM,2053,2053,0,False
202606078729918,XC,2026-06-07,JUN,SUN,False,,EDB,1705,,DAR,1909,1912,3,1911,1913,2,190,BHM,2151,2157,6,True
202606077100843,XC,2026-06-07,JUN,SUN,False,907,EDB,1805,1804,DAR,2007,2006,-1,2009,2008,-1,190,BHM,2319,2320,1,True
202606087101176,XC,2026-06-08,JUN,MON,False,904,NCL,0518,0517,DAR,0550,0548,-2,0552,0552,0,50,BHM,0828,0833,5,True
202606088729925,XC,2026-06-08,JUN,MON,False,,NCL,0623,0623,DAR,0652,0651,-1,0654,0654,0,50,BHM,0928,0930,2,True
202606087101140,XC,2026-06-08,JUN,MON,False,,NCL,0640,0640,DAR,0709,0709,0,0710,0711,1,50,BHM,1004,1006,2,True
202606088729862,XC,2026-06-08,JUN,MON,False,,EDB,0602,0601,DAR,0810,0809,-1,0811,0812,1,190,BHM,1106,1110,4,True
202606087101180,XC,2026-06-08,JUN,MON,False,,NCL,0835,0835,DAR,0904,0905,1,0906,0907,1,50,BHM,1127,1135,8,True
202606088729873,XC,2026-06-08,JUN,MON,False,871,GLC,0648,0648,DAR,1010,1010,0,1011,1012,1,228,BHM,1306,1309,3,True
202606087101184,XC,2026-06-08,JUN,MON,False,,NCL,1034,1034,DAR,1104,1104,0,1105,1106,1,50,BHM,1328,1329,1,True
202606088729884,XC,2026-06-08,JUN,MON,False,,EDB,1005,1004,DAR,1210,1211,1,1213,1213,0,190,BHM,1506,1533,27,True
202606088729935,XC,2026-06-08,JUN,MON,True,895,NCL,1233,,DAR,1303,,,1305,,,50,BHM,1528,,,
202606087101154,XC,2026-06-08,JUN,MON,False,824,EDB,1205,1204,DAR,1410,1409,-1,1411,1411,0,190,BHM,1706,1708,2,True
202606088729937,XC,2026-06-08,JUN,MON,False,,NCL,1434,1439,DAR,1504,1509,5,1506,1511,5,50,BHM,1727,1728,1,True
202606088729909,XC,2026-06-08,JUN,MON,False,,EDB,1404,1403,DAR,1610,1611,1,1611,1614,3,190,BHM,1907,1907,0,False
202606087166824,XC,2026-06-08,JUN,MON,False,,NCL,1634,1634,DAR,1703,1703,0,1705,1705,0,50,BHM,1931,1930,-1,False
202606087101169,XC,2026-06-08,JUN,MON,False,,EDB,1605,1605,DAR,1810,1809,-1,1812,1812,0,190,BHM,2107,2104,-3,False
202606087100914,XC,2026-06-08,JUN,MON,True,700,NCL,1833,,DAR,1904,,,1906,,,50,BHM,2126,,,
202606087100842,XC,2026-06-08,JUN,MON,False,,EDB,1804,1804,DAR,2009,2008,-1,2011,2011,0,190,BHM,2328,2328,0,False
202606097101176,XC,2026-06-09,JUN,TUE,False,,NCL,0518,0518,DAR,0550,0549,-1,0552,0551,-1,50,BHM,0828,0829,1,True
202606098729925,XC,2026-06-09,JUN,TUE,False,,NCL,0623,0623,DAR,0652,0652,0,0654,0654,0,50,BHM,0928,0931,3,True
202606097101140,XC,2026-06-09,JUN,TUE,False,,NCL,0640,0640,DAR,0709,0710,1,0710,0712,2,50,BHM,1004,1005,1,True
202606098729862,XC,2026-06-09,JUN,TUE,False,,EDB,0602,0601,DAR,0810,0808,-2,0811,0810,-1,190,BHM,1106,1109,3,True
202606097101180,XC,2026-06-09,JUN,TUE,False,,NCL,0835,0835,DAR,0904,0904,0,0906,0906,0,50,BHM,1127,1127,0,False
202606098729873,XC,2026-06-09,JUN,TUE,False,,GLC,0648,0648,DAR,1010,1008,-2,1011,1011,0,228,BHM,1306,1306,0,False
202606097101184,XC,2026-06-09,JUN,TUE,False,,NCL,1034,1035,DAR,1104,1104,0,1105,1106,1,50,BHM,1328,1327,-1,False
202606098729884,XC,2026-06-09,JUN,TUE,False,,EDB,1005,1004,DAR,1210,1212,2,1213,1213,0,190,BHM,1506,1509,3,True
202606098729935,XC,2026-06-09,JUN,TUE,False,,NCL,1233,1232,DAR,1303,1303,0,1305,1306,1,50,BHM,1528,1527,-1,False
202606097101154,XC,2026-06-09,JUN,TUE,False,,EDB,1205,1204,DAR,1410,1409,-1,1411,1415,4,190,BHM,1706,1708,2,True
202606098729937,XC,2026-06-09,JUN,TUE,False,,NCL,1434,1434,DAR,1504,1503,-1,1506,1506,0,50,BHM,1727,1725,-2,False
202606098729909,XC,2026-06-09,JUN,TUE,False,,EDB,1404,1403,DAR,1610,1608,-2,1611,1611,0,190,BHM,1907,1911,4,True
202606097166824,XC,2026-06-09,JUN,TUE,False,,NCL,1634,1634,DAR,1703,1704,1,1705,1706,1,50,BHM,1931,1932,1,True
202606097101169,XC,2026-06-09,JUN,TUE,False,,EDB,1605,1605,DAR,1810,1809,-1,1812,1812,0,190,BHM,2107,2107,0,False
202606097100914,XC,2026-06-09,JUN,TUE,False,,NCL,1833,1833,DAR,1904,1903,-1,1906,1906,0,50,BHM,2126,2129,3,True
202606097100842,XC,2026-06-09,JUN,TUE,False,,EDB,1804,1803,DAR,2009,2007,-2,2011,2011,0,190,BHM,2328,2328,0,False
202606107101176,XC,2026-06-10,JUN,WED,False,,NCL,0518,0518,DAR,0550,0549,-1,0552,0552,0,50,BHM,0828,0833,5,True
202606108729925,XC,2026-06-10,JUN,WED,False,,NCL,0623,0623,DAR,0652,0652,0,0654,0654,0,50,BHM,0928,0929,1,True
202606107101140,XC,2026-06-10,JUN,WED,False,545,NCL,0640,0640,DAR,0709,0708,-1,0710,0710,0,50,BHM,1004,1008,4,True
202606108729862,XC,2026-06-10,JUN,WED,False,,EDB,0602,0602,DAR,0810,0809,-1,0811,0811,0,190,BHM,1106,1106,0,False
202606107101180,XC,2026-06-10,JUN,WED,False,,NCL,0835,0834,DAR,0904,0903,-1,0906,0907,1,50,BHM,1127,1133,6,True
202606108729873,XC,2026-06-10,JUN,WED,False,,GLC,0648,0648,DAR,1010,1007,-3,1011,1011,0,228,BHM,1306,1308,2,True
202606107101184,XC,2026-06-10,JUN,WED,False,894,NCL,1034,1034,DAR,1104,1103,-1,1105,1108,3,50,BHM,1328,1336,8,True
202606108729884,XC,2026-06-10,JUN,WED,False,,EDB,1005,1005,DAR,1210,1209,-1,1213,1214,1,190,BHM,1506,1511,5,True
202606108729935,XC,2026-06-10,JUN,WED,False,579,NCL,1233,1243,DAR,1303,1311,8,1305,1314,9,50,BHM,1528,1559,31,True
202606107101154,XC,2026-06-10,JUN,WED,False,,EDB,1205,1204,DAR,1410,1408,-2,1411,1412,1,190,BHM,1706,1724,18,True
202606108729937,XC,2026-06-10,JUN,WED,False,,NCL,1434,1434,DAR,1504,1503,-1,1506,1506,0,50,BHM,1727,1735,8,True
202606108729909,XC,2026-06-10,JUN,WED,False,,EDB,1404,1403,DAR,1610,1606,-4,1611,1611,0,190,BHM,1907,1907,0,False
202606107166824,XC,2026-06-10,JUN,WED,False,,NCL,1634,1636,DAR,1703,1705,2,1705,1708,3,50,BHM,1931,1932,1,True
202606107101169,XC,2026-06-10,JUN,WED,False,,EDB,1605,,DAR,1810,1808,-2,1812,1812,0,190,BHM,2107,2113,6,True
202606107100914,XC,2026-06-10,JUN,WED,False,,NCL,1833,1833,DAR,1904,1901,-3,1906,1906,0,50,BHM,2126,2129,3,True
202606107100842,XC,2026-06-10,JUN,WED,False,,EDB,1804,1803,DAR,2009,2006,-3,2011,2011,0,190,BHM,2328,2331,3,True
202606117101176,XC,2026-06-11,JUN,THU,False,,NCL,0518,0518,DAR,0550,0547,-3,0552,0552,0,50,BHM,0828,0830,2,True
202606118729925,XC,2026-06-11,JUN,THU,False,,NCL,0623,0623,DAR,0652,0650,-2,0654,0654,0,50,BHM,0928,0928,0,False
202606117101140,XC,2026-06-11,JUN,THU,False,,NCL,0640,0640,DAR,0709,0707,-2,0710,0711,1,50,BHM,1004,1009,5,True
202606118729862,XC,2026-06-11,JUN,THU,False,,EDB,0602,0601,DAR,0810,0808,-2,0811,0811,0,190,BHM,1106,1105,-1,False
202606117101180,XC,2026-06-11,JUN,THU,False,,NCL,0835,0835,DAR,0904,0903,-1,0906,0908,2,50,BHM,1127,1130,3,True
202606118729873,XC,2026-06-11,JUN,THU,False,904,GLC,0648,0648,DAR,1010,1009,-1,1011,1012,1,228,BHM,1306,1321,15,True
202606117101184,XC,2026-06-11,JUN,THU,False,894,NCL,1034,1034,DAR,1104,1104,0,1105,1107,2,50,BHM,1328,1335,7,True
202606118729884,XC,2026-06-11,JUN,THU,False,895,EDB,1005,1004,DAR,1210,1209,-1,1213,1213,0,190,BHM,1506,1533,27,True
202606118729935,XC,2026-06-11,JUN,THU,False,896,NCL,1233,1233,DAR,1303,1302,-1,1305,1305,0,50,BHM,1528,1538,10,True
202606117101154,XC,2026-06-11,JUN,THU,False,895,EDB,1205,1205,DAR,1410,1410,0,1411,1413,2,190,BHM,1706,1736,30,True
202606118729937,XC,2026-06-11,JUN,THU,False,896,NCL,1434,1433,DAR,1504,1501,-3,1506,1507,1,50,BHM,1727,1740,13,True
202606118729909,XC,2026-06-11,JUN,THU,False,,EDB,1404,1403,DAR,1610,1609,-1,1611,1611,0,190,BHM,1907,1910,3,True
202606117166824,XC,2026-06-11,JUN,THU,False,,NCL,1634,1633,DAR,1703,1703,0,1705,1705,0,50,BHM,1931,1932,1,True
202606117101169,XC,2026-06-11,JUN,THU,False,,EDB,1605,1605,DAR,1810,1809,-1,1812,1812,0,190,BHM,2107,2106,-1,False
202606117100914,XC,2026-06-11,JUN,THU,False,,NCL,1833,1835,DAR,1904,1906,2,1906,1908,2,50,BHM,2126,2132,6,True
202606117100842,XC,2026-06-11,JUN,THU,False,,EDB,1804,1804,DAR,2009,2009,0,2011,2011,0,190,BHM,2328,2326,-2,False
202606127101176,XC,2026-06-12,JUN,FRI,False,,NCL,0518,0518,DAR,0550,0548,-2,0552,0552,0,50,BHM,0828,0834,6,True
202606128729925,XC,2026-06-12,JUN,FRI,False,,NCL,0623,0623,DAR,0652,0652,0,0654,0654,0,50,BHM,0928,0927,-1,False
202606127101140,XC,2026-06-12,JUN,FRI,False,,NCL,0640,0640,DAR,0709,0708,-1,0710,0710,0,50,BHM,1004,1002,-2,False
202606128729862,XC,2026-06-12,JUN,FRI,False,,EDB,0602,0602,DAR,0810,0809,-1,0811,0811,0,190,BHM,1106,1117,11,True
202606127101180,XC,2026-06-12,JUN,FRI,False,,NCL,0835,0835,DAR,0904,0903,-1,0906,0906,0,50,BHM,1127,1133,6,True
202606128729873,XC,2026-06-12,JUN,FRI,False,,GLC,0648,0648,DAR,1010,1011,1,1011,1014,3,228,BHM,1306,1305,-1,False
202606127101184,XC,2026-06-12,JUN,FRI,False,,NCL,1034,1034,DAR,1104,1102,-2,1105,1105,0,50,BHM,1328,1330,2,True
202606128729884,XC,2026-06-12,JUN,FRI,False,,EDB,1005,1004,DAR,1210,1210,0,1213,1213,0,190,BHM,1506,1513,7,True
202606128729935,XC,2026-06-12,JUN,FRI,False,,NCL,1233,1235,DAR,1303,1303,0,1305,1306,1,50,BHM,1528,1527,-1,False
202606127101154,XC,2026-06-12,JUN,FRI,False,,EDB,1205,1204,DAR,1410,1410,0,1411,1413,2,190,BHM,1706,1710,4,True
202606128729937,XC,2026-06-12,JUN,FRI,False,,NCL,1434,1443,DAR,1504,1511,7,1506,1513,7,50,BHM,1727,1728,1,True
202606128729909,XC,2026-06-12,JUN,FRI,False,895,EDB,1404,1403,DAR,1610,1609,-1,1611,1612,1,190,BHM,1907,1923,16,True
202606127166824,XC,2026-06-12,JUN,FRI,False,,NCL,1634,1634,DAR,1703,1705,2,1705,1706,1,50,BHM,1931,1937,6,True
202606127101169,XC,2026-06-12,JUN,FRI,False,895,EDB,1605,1605,DAR,1810,1811,1,1812,1813,1,190,BHM,2107,2127,20,True
202606127100914,XC,2026-06-12,JUN,FRI,False,895,NCL,1833,1838,DAR,1904,1909,5,1906,1911,5,50,BHM,2126,2135,9,True
202606127100842,XC,2026-06-12,JUN,FRI,False,887,EDB,1804,1803,DAR,2009,2007,-2,2011,2011,0,190,BHM,2328,2332,4,True
202606137101141,XC,2026-06-13,JUN,SAT,False,,NCL,0640,0640,DAR,0709,0709,0,0710,0711,1,50,BHM,0957,1011,14,True
202606137101146,XC,2026-06-13,JUN,SAT,False,,EDB,0602,0601,DAR,0810,0808,-2,0811,0811,0,190,BHM,1057,1100,3,True
202606138729867,XC,2026-06-13,JUN,SAT,False,536,EDB,0703,0703,DAR,0910,0909,-1,0912,0912,0,190,BHM,1157,1221,24,True
202606138729872,XC,2026-06-13,JUN,SAT,False,,GLC,0648,0648,DAR,1010,1009,-1,1011,1014,3,228,BHM,1257,1302,5,True
202606138729878,XC,2026-06-13,JUN,SAT,False,908,GLC,0748,0748,DAR,1110,1108,-2,1111,1113,2,228,BHM,1357,1402,5,True
202606138729885,XC,2026-06-13,JUN,SAT,False,,EDB,1005,1004,DAR,1210,1210,0,1211,1213,2,190,BHM,1457,1502,5,True
202606137101151,XC,2026-06-13,JUN,SAT,False,832,ABD,0820,0820,DAR,1310,1310,0,1311,1313,2,293,BHM,1557,1613,16,True
202606137101156,XC,2026-06-13,JUN,SAT,False,895,EDB,1205,1204,DAR,1410,1410,0,1411,1412,1,190,BHM,1657,1721,24,True
202606137101162,XC,2026-06-13,JUN,SAT,False,574,EDB,1305,1305,DAR,1510,1529,19,1512,1531,19,190,BHM,1757,1820,23,True
202606137101164,XC,2026-06-13,JUN,SAT,False,896,EDB,1404,1403,DAR,1611,1609,-2,1612,1612,0,190,BHM,1857,2018,81,True
202606137101167,XC,2026-06-13,JUN,SAT,False,,EDB,1504,1503,DAR,1708,1710,2,1711,1712,1,190,BHM,1957,2025,28,True
202606137101168,XC,2026-06-13,JUN,SAT,False,896,EDB,1605,1605,DAR,1809,1819,10,1811,1820,9,190,BHM,2057,2141,44,True
202606137100913,XC,2026-06-13,JUN,SAT,False,,EDB,1705,1704,DAR,1910,1908,-2,1911,1911,0,190,BHM,2252,2255,3,True
202606137100846,XC,2026-06-13,JUN,SAT,False,,EDB,1804,1803,DAR,2009,2009,0,2011,2012,1,190,BHM,2322,2324,2,True
202606148729869,XC,2026-06-14,JUN,SUN,False,,NCL,0830,0830,DAR,0901,0902,1,0904,0905,1,50,BHM,1151,1156,5,True
202606148729874,XC,2026-06-14,JUN,SUN,False,,NCL,0936,0936,DAR,1005,1005,0,1006,1007,1,50,BHM,1251,1254,3,True
202606148729886,XC,2026-06-14,JUN,SUN,False,685,EDB,1008,1008,DAR,1209,1209,0,1210,1211,1,190,BHM,1451,1517,26,True
202606147101152,XC,2026-06-14,JUN,SUN,False,,EDB,1107,1106,DAR,1309,1311,2,1310,1314,4,190,BHM,1551,1554,3,True
202606147101155,XC,2026-06-14,JUN,SUN,True,526,GLC,1055,,DAR,1410,,,1411,,,228,BHM,1651,,,
202606147101163,XC,2026-06-14,JUN,SUN,False,,EDB,1305,1305,DAR,1509,1507,-2,1511,1511,0,190,BHM,1751,1755,4,True
202606147101165,XC,2026-06-14,JUN,SUN,True,526,DEE,1222,,DAR,1609,,,1610,,,,BHM,1851,,,
202606148729913,XC,2026-06-14,JUN,SUN,False,,EDB,1505,1504,DAR,1710,1710,0,1712,1712,0,190,BHM,1951,1957,6,True
202606148729915,XC,2026-06-14,JUN,SUN,False,,EDB,1607,1607,DAR,1811,1808,-3,1812,1812,0,190,BHM,2053,2055,2,True
202606148729918,XC,2026-06-14,JUN,SUN,False,,EDB,1705,,DAR,1909,1908,-1,1911,1910,-1,190,BHM,2151,2153,2,True
202606147100843,XC,2026-06-14,JUN,SUN,False,,EDB,1805,1805,DAR,2007,2008,1,2009,2011,2,190,BHM,2319,2324,5,True
202606157101176,XC,2026-06-15,JUN,MON,False,696,NCL,0518,0517,DAR,0550,0607,17,0552,0619,27,50,BHM,0828,0855,27,True
202606158729925,XC,2026-06-15,JUN,MON,False,,NCL,0623,0623,DAR,0652,0651,-1,0654,0654,0,50,BHM,0928,0926,-2,False
202606157101140,XC,2026-06-15,JUN,MON,False,,NCL,0640,0641,DAR,0709,0711,2,0710,0713,3,50,BHM,1004,1006,2,True
202606158729862,XC,2026-06-15,JUN,MON,False,904,EDB,0602,0602,DAR,0810,0808,-2,0811,0811,0,190,BHM,1106,1119,13,True
202606157101180,XC,2026-06-15,JUN,MON,False,,NCL,0835,0834,DAR,0904,0903,-1,0906,0906,0,50,BHM,1127,1134,7,True
202606158729873,XC,2026-06-15,JUN,MON,False,,GLC,0648,0648,DAR,1010,1010,0,1011,1015,4,228,BHM,1306,1312,6,True
202606157101184,XC,2026-06-15,JUN,MON,False,,NCL,1034,1035,DAR,1104,1105,1,1105,1108,3,50,BHM,1328,1328,0,False
202606158729884,XC,2026-06-15,JUN,MON,False,,EDB,1005,1004,DAR,1210,1209,-1,1213,1213,0,190,BHM,1506,1509,3,True
202606158729935,XC,2026-06-15,JUN,MON,False,,NCL,1233,1234,DAR,1303,1303,0,1305,1305,0,50,BHM,1528,1536,8,True
202606157101154,XC,2026-06-15,JUN,MON,False,,EDB,1205,1204,DAR,1410,1410,0,1411,1412,1,190,BHM,1706,1707,1,True
202606158729937,XC,2026-06-15,JUN,MON,False,,NCL,1434,1433,DAR,1504,1504,0,1506,1506,0,50,BHM,1727,1728,1,True
202606158729909,XC,2026-06-15,JUN,MON,False,,EDB,1404,1403,DAR,1610,1611,1,1611,1613,2,190,BHM,1907,1919,12,True
202606157166824,XC,2026-06-15,JUN,MON,False,,NCL,1634,1635,DAR,1703,1704,1,1705,1706,1,50,BHM,1931,1939,8,True
202606157101169,XC,2026-06-15,JUN,MON,False,,EDB,1605,1604,DAR,1810,1809,-1,1812,1812,0,190,BHM,2107,2108,1,True
202606157100914,XC,2026-06-15,JUN,MON,False,895,NCL,1833,1832,DAR,1904,1904,0,1906,1907,1,50,BHM,2126,2155,29,True
202606157100842,XC,2026-06-15,JUN,MON,False,,EDB,1804,1804,DAR,2009,2007,-2,2011,2011,0,190,BHM,2328,2328,0,False
202606167101176,XC,2026-06-16,JUN,TUE,False,,NCL,0518,0517,DAR,0550,0548,-2,0552,0552,0,50,BHM,0828,0829,1,True
202606168729925,XC,2026-06-16,JUN,TUE,False,,NCL,0623,0623,DAR,0652,0652,0,0654,0654,0,50,BHM,0928,0928,0,False
202606167101140,XC,2026-06-16,JUN,TUE,False,895,NCL,0640,0640,DAR,0709,0709,0,0710,0710,0,50,BHM,1004,1011,7,True
202606168729862,XC,2026-06-16,JUN,TUE,False,,EDB,0602,0602,DAR,0810,0809,-1,0811,0812,1,190,BHM,1106,1115,9,True
202606167101180,XC,2026-06-16,JUN,TUE,False,,NCL,0835,0834,DAR,0904,0904,0,0906,0906,0,50,BHM,1127,1128,1,True
202606168729873,XC,2026-06-16,JUN,TUE,False,,GLC,0648,0648,DAR,1010,1009,-1,1011,1012,1,228,BHM,1306,1308,2,True
202606167101184,XC,2026-06-16,JUN,TUE,False,,NCL,1034,1034,DAR,1104,1104,0,1105,1107,2,50,BHM,1328,1332,4,True
202606168729884,XC,2026-06-16,JUN,TUE,False,574,EDB,1005,1004,DAR,1210,1211,1,1213,1214,1,190,BHM,1506,1522,16,True
202606168729935,XC,2026-06-16,JUN,TUE,False,,NCL,1233,1234,DAR,1303,1303,0,1305,1307,2,50,BHM,1528,1529,1,True
202606167101154,XC,2026-06-16,JUN,TUE,False,,EDB,1205,1204,DAR,1410,1409,-1,1411,1412,1,190,BHM,1706,1709,3,True
202606167101161,XC,2026-06-16,JUN,TUE,False,895,EDB,1305,1304,DAR,1510,1510,0,1512,1512,0,190,BHM,1807,1807,0,False
202606168729909,XC,2026-06-16,JUN,TUE,False,,EDB,1404,1403,DAR,1610,1608,-2,1611,1611,0,190,BHM,1907,1914,7,True
202606167166824,XC,2026-06-16,JUN,TUE,False,,NCL,1634,1636,DAR,1703,1706,3,1705,1707,2,50,BHM,1931,1933,2,True
202606167101169,XC,2026-06-16,JUN,TUE,False,,EDB,1605,1604,DAR,1810,1809,-1,1812,1812,0,190,BHM,2107,2107,0,False
202606167100914,XC,2026-06-16,JUN,TUE,False,767,NCL,1833,1833,DAR,1904,1905,1,1906,1907,1,50,BHM,2126,2213,47,True
202606167100842,XC,2026-06-16,JUN,TUE,False,,EDB,1804,1804,DAR,2009,2007,-2,2011,2011,0,190,BHM,2328,2327,-1,False
202606177101176,XC,2026-06-17,JUN,WED,False,,NCL,0518,0517,DAR,0550,0549,-1,0552,0552,0,50,BHM,0828,0832,4,True
202606178729925,XC,2026-06-17,JUN,WED,False,,NCL,0623,0623,DAR,0652,0652,0,0654,0654,0,50,BHM,0928,0927,-1,False
202606177101140,XC,2026-06-17,JUN,WED,False,,NCL,0640,0640,DAR,0709,0709,0,0710,0711,1,50,BHM,1004,1005,1,True
202606178729862,XC,2026-06-17,JUN,WED,False,,EDB,0602,0602,DAR,0810,0809,-1,0811,0812,1,190,BHM,1106,1107,1,True
202606177101180,XC,2026-06-17,JUN,WED,False,,NCL,0835,0835,DAR,0904,0904,0,0906,0906,0,50,BHM,1127,1128,1,True
202606178729873,XC,2026-06-17,JUN,WED,False,904,GLC,0648,0648,DAR,1010,1010,0,1011,1014,3,228,BHM,1306,1310,4,True
202606177101184,XC,2026-06-17,JUN,WED,False,685,NCL,1034,1034,DAR,1104,1103,-1,1105,1106,1,50,BHM,1328,1332,4,True
202606178729884,XC,2026-06-17,JUN,WED,False,,EDB,1005,1004,DAR,1210,1211,1,1213,1214,1,190,BHM,1506,1509,3,True
202606178729935,XC,2026-06-17,JUN,WED,False,,NCL,1233,1234,DAR,1303,1305,2,1305,1308,3,50,BHM,1528,1529,1,True
202606177101154,XC,2026-06-17,JUN,WED,False,,EDB,1205,1204,DAR,1410,1409,-1,1411,1412,1,190,BHM,1706,1706,0,False
202606178729937,XC,2026-06-17,JUN,WED,False,,NCL,1434,1434,DAR,1504,1503,-1,1506,1506,0,50,BHM,1727,1732,5,True
202606178729909,XC,2026-06-17,JUN,WED,False,,EDB,1404,1403,DAR,1610,1609,-1,1611,1611,0,190,BHM,1907,1909,2,True
202606177166824,XC,2026-06-17,JUN,WED,False,,NCL,1634,1634,DAR,1703,1704,1,1705,1705,0,50,BHM,1931,1932,1,True
202606177101169,XC,2026-06-17,JUN,WED,False,,EDB,1605,1613,DAR,1810,1823,13,1812,1825,13,190,BHM,2107,2105,-2,False
202606177100914,XC,2026-06-17,JUN,WED,False,,NCL,1833,1834,DAR,1904,1908,4,1906,1910,4,50,BHM,2126,2141,15,True
202606177100842,XC,2026-06-17,JUN,WED,False,,EDB,1804,1805,DAR,2009,2007,-2,2011,2010,-1,190,BHM,2328,2341,13,True
202606187101176,XC,2026-06-18,JUN,THU,True,533,NCL,0518,,DAR,0550,,,0552,,,50,BHM,0828,,,
202606188729925,XC,2026-06-18,JUN,THU,False,547,NCL,0623,0630,DAR,0652,0701,9,0654,0703,9,50,BHM,0928,0926,-2,False
202606187101140,XC,2026-06-18,JUN,THU,False,,NCL,0640,0640,DAR,0709,0709,0,0710,0711,1,50,BHM,1004,1008,4,True
202606188729862,XC,2026-06-18,JUN,THU,False,832,EDB,0602,0602,DAR,0810,0809,-1,0811,0811,0,190,BHM,1106,1105,-1,False
202606187101180,XC,2026-06-18,JUN,THU,False,832,NCL,0835,0834,DAR,0904,0903,-1,0906,0906,0,50,BHM,1127,1201,34,True
202606188729873,XC,2026-06-18,JUN,THU,False,908,GLC,0648,0648,DAR,1010,1013,3,1011,1016,5,228,BHM,1306,1325,19,True
202606187101184,XC,2026-06-18,JUN,THU,False,,NCL,1034,1035,DAR,1104,1104,0,1105,1106,1,50,BHM,1328,1335,7,True
202606188729884,XC,2026-06-18,JUN,THU,False,,EDB,1005,1004,DAR,1210,1212,2,1213,1214,1,190,BHM,1506,1511,5,True
202606188729935,XC,2026-06-18,JUN,THU,False,,NCL,1233,1234,DAR,1303,1304,1,1305,1306,1,50,BHM,1528,1530,2,True
202606187101154,XC,2026-06-18,JUN,THU,False,,EDB,1205,1204,DAR,1410,1409,-1,1411,1411,0,190,BHM,1706,1714,8,True
202606188729937,XC,2026-06-18,JUN,THU,False,,NCL,1434,1437,DAR,1504,1505,1,1506,1507,1,50,BHM,1727,1736,9,True
202606188729909,XC,2026-06-18,JUN,THU,False,,EDB,1404,1403,DAR,1610,1609,-1,1611,1612,1,190,BHM,1907,1915,8,True
202606187166824,XC,2026-06-18,JUN,THU,False,,NCL,1634,1634,DAR,1703,1703,0,1705,1705,0,50,BHM,1931,1929,-2,False
202606187101169,XC,2026-06-18,JUN,THU,False,,EDB,1605,1604,DAR,1810,1810,0,1812,1812,0,190,BHM,2107,2109,2,True
202606187100914,XC,2026-06-18,JUN,THU,False,,NCL,1833,1835,DAR,1904,1909,5,1906,1911,5,50,BHM,2126,2135,9,True
202606187100842,XC,2026-06-18,JUN,THU,False,,EDB,1804,1803,DAR,2009,2012,3,2011,2014,3,190,BHM,2328,2339,11,True
202606197101176,XC,2026-06-19,JUN,FRI,False,,NCL,0518,0522,DAR,0550,0557,7,0552,0559,7,50,BHM,0828,0829,1,True
202606198729925,XC,2026-06-19,JUN,FRI,False,886,NCL,0623,0631,DAR,0652,0701,9,0654,0703,9,50,BHM,0928,0929,1,True
202606197101140,XC,2026-06-19,JUN,FRI,False,,NCL,0640,0640,DAR,0709,0708,-1,0710,0710,0,50,BHM,1004,1017,13,True
202606198729862,XC,2026-06-19,JUN,FRI,False,,EDB,0602,0602,DAR,0810,0810,0,0811,0812,1,190,BHM,1106,1107,1,True
202606197101180,XC,2026-06-19,JUN,FRI,False,832,NCL,0835,0834,DAR,0904,0904,0,0906,0906,0,50,BHM,1127,1158,31,True
202606198729873,XC,2026-06-19,JUN,FRI,False,,GLC,0648,0648,DAR,1010,1011,1,1011,1013,2,228,BHM,1306,1315,9,True
202606197101184,XC,2026-06-19,JUN,FRI,False,,NCL,1034,1035,DAR,1104,1105,1,1105,1107,2,50,BHM,1328,1330,2,True
202606198729884,XC,2026-06-19,JUN,FRI,False,886,EDB,1005,1004,DAR,1210,1209,-1,1213,1213,0,190,BHM,1506,1536,30,True
202606198729935,XC,2026-06-19,JUN,FRI,False,896,NCL,1233,1232,DAR,1303,1303,0,1305,1305,0,50,BHM,1528,1540,12,True
202606197101154,XC,2026-06-19,JUN,FRI,False,,EDB,1205,1204,DAR,1410,1409,-1,1411,1411,0,190,BHM,1706,1713,7,True
202606198729937,XC,2026-06-19,JUN,FRI,False,,NCL,1434,1437,DAR,1504,1506,2,1506,1508,2,50,BHM,1727,1735,8,True
202606198729909,XC,2026-06-19,JUN,FRI,False,,EDB,1404,1404,DAR,1610,1609,-1,1611,1611,0,190,BHM,1907,1913,6,True
202606197166824,XC,2026-06-19,JUN,FRI,False,,NCL,1634,1633,DAR,1703,1703,0,1705,1705,0,50,BHM,1931,1932,1,True
202606197101169,XC,2026-06-19,JUN,FRI,False,573,EDB,1605,1604,DAR,1810,1810,0,1812,1812,0,190,BHM,2107,2113,6,True
202606197100914,XC,2026-06-19,JUN,FRI,False,,NCL,1833,1840,DAR,1904,1908,4,1906,1910,4,50,BHM,2126,2126,0,False
202606197100842,XC,2026-06-19,JUN,FRI,False,895,EDB,1804,1803,DAR,2009,2008,-1,2011,2011,0,190,BHM,2328,2330,2,True
202606208729924,XC,2026-06-20,JUN,SAT,False,777,NCL,0622,0621,DAR,0651,0650,-1,0653,0653,0,50,BHM,0927,0940,13,True
202606207101141,XC,2026-06-20,JUN,SAT,False,,NCL,0640,0640,DAR,0709,0709,0,0710,0710,0,50,BHM,1004,1003,-1,False
202606207101146,XC,2026-06-20,JUN,SAT,False,,EDB,0602,0602,DAR,0810,0809,-1,0811,0811,0,190,BHM,1106,1107,1,True
202606208729867,XC,2026-06-20,JUN,SAT,False,,EDB,0703,0703,DAR,0910,0910,0,0912,0913,1,190,BHM,1207,1217,10,True
202606208729872,XC,2026-06-20,JUN,SAT,False,832,GLC,0648,0649,DAR,1010,1010,0,1011,1013,2,228,BHM,1306,1310,4,True
202606208729878,XC,2026-06-20,JUN,SAT,False,,GLC,0748,0748,DAR,1110,1108,-2,1111,1111,0,228,BHM,1404,1410,6,True
202606208729885,XC,2026-06-20,JUN,SAT,False,,EDB,1005,1004,DAR,1210,1208,-2,1211,1210,-1,190,BHM,1505,1513,8,True
202606207101151,XC,2026-06-20,JUN,SAT,False,,ABD,0820,0820,DAR,1310,1308,-2,1311,1311,0,293,BHM,1604,1610,6,True
202606207101156,XC,2026-06-20,JUN,SAT,False,,EDB,1205,1204,DAR,1410,1411,1,1411,1413,2,190,BHM,1706,1710,4,True
202606207101162,XC,2026-06-20,JUN,SAT,False,,EDB,1305,1304,DAR,1510,1509,-1,1512,1512,0,190,BHM,1804,1804,0,False
202606207101164,XC,2026-06-20,JUN,SAT,False,,EDB,1404,1403,DAR,1611,1609,-2,1612,1611,-1,190,BHM,1905,1906,1,True
202606207101167,XC,2026-06-20,JUN,SAT,False,895,EDB,1504,1503,DAR,1708,1722,14,1711,1724,13,190,BHM,2005,2003,-2,False
202606207101168,XC,2026-06-20,JUN,SAT,False,,EDB,1605,1605,DAR,1809,1809,0,1811,1811,0,190,BHM,2106,2109,3,True
202606207100913,XC,2026-06-20,JUN,SAT,False,,EDB,1705,1704,DAR,1910,1909,-1,1911,1911,0,190,BHM,2232,2238,6,True
202606207100846,XC,2026-06-20,JUN,SAT,False,,EDB,1804,1803,DAR,2009,2007,-2,2011,2010,-1,190,BHM,2307,2308,1,True
202606218729874,XC,2026-06-21,JUN,SUN,True,526,NCL,0936,,DAR,1005,,,1006,,,50,BHM,1305,,,
202606217101147,XC,2026-06-21,JUN,SUN,True,526,EDB,0908,,DAR,1109,,,1111,,,190,BHM,1404,,,
202606218729886,XC,2026-06-21,JUN,SUN,False,,EDB,1008,1007,DAR,1209,1226,17,1210,1229,19,190,BHM,1506,1521,15,True
202606217101152,XC,2026-06-21,JUN,SUN,True,526,EDB,1107,,DAR,1309,,,1310,,,190,BHM,1604,,,
202606217101155,XC,2026-06-21,JUN,SUN,False,,GLC,1055,1055,DAR,1410,1410,0,1411,1412,1,228,BHM,1706,1716,10,True
202606217101163,XC,2026-06-21,JUN,SUN,False,,EDB,1305,1305,DAR,1509,1508,-1,1511,1510,-1,190,BHM,1804,1805,1,True
202606217101165,XC,2026-06-21,JUN,SUN,False,,DEE,1222,,DAR,1609,1623,14,1610,1625,15,,BHM,1903,1910,7,True
202606218729913,XC,2026-06-21,JUN,SUN,True,526,EDB,1505,,DAR,1710,,,1712,,,190,BHM,2004,,,
202606218729915,XC,2026-06-21,JUN,SUN,False,,EDB,1607,1606,DAR,1811,1809,-2,1812,1812,0,190,BHM,2106,2105,-1,False
202606218729918,XC,2026-06-21,JUN,SUN,False,,EDB,1705,1705,DAR,1909,1910,1,1911,1912,1,190,BHM,2208,2208,0,False
202606217100843,XC,2026-06-21,JUN,SUN,False,,EDB,1805,,DAR,2007,2008,1,2009,2010,1,190,BHM,2309,2309,0,False
202606227101176,XC,2026-06-22,JUN,MON,False,909,NCL,0518,0517,DAR,0550,0548,-2,0552,0552,0,50,BHM,0828,0846,18,True
202606228729925,XC,2026-06-22,JUN,MON,False,,NCL,0623,0626,DAR,0652,0655,3,0654,0656,2,50,BHM,0928,0931,3,True
202606227101140,XC,2026-06-22,JUN,MON,False,685,NCL,0640,0640,DAR,0709,0708,-1,0710,0710,0,50,BHM,1004,1009,5,True
202606228729862,XC,2026-06-22,JUN,MON,False,,EDB,0602,0601,DAR,0810,0808,-2,0811,0811,0,190,BHM,1106,1107,1,True
202606227101180,XC,2026-06-22,JUN,MON,False,,NCL,0835,0834,DAR,0904,0904,0,0906,0906,0,50,BHM,1127,1145,18,True
202606228729873,XC,2026-06-22,JUN,MON,False,,GLC,0648,0648,DAR,1010,1012,2,1011,1014,3,228,BHM,1306,1310,4,True
202606227101184,XC,2026-06-22,JUN,MON,False,588,NCL,1034,1034,DAR,1104,1107,3,1105,1110,5,50,BHM,1328,1408,40,True
202606228729884,XC,2026-06-22,JUN,MON,False,547,EDB,1005,1004,DAR,1210,1212,2,1213,1214,1,190,BHM,1506,1557,51,True
202606228729935,XC,2026-06-22,JUN,MON,True,911,NCL,1233,,DAR,1303,,,1305,,,50,BHM,1528,,,
202606227101154,XC,2026-06-22,JUN,MON,False,574,EDB,1205,1204,DAR,1410,1427,17,1411,1429,18,190,BHM,1706,1745,39,True
202606228729937,XC,2026-06-22,JUN,MON,False,895,NCL,1434,1439,DAR,1504,1509,5,1506,1511,5,50,BHM,1727,1807,40,True
202606228729909,XC,2026-06-22,JUN,MON,False,777,EDB,1404,1416,DAR,1610,1641,31,1611,1643,32,190,BHM,1907,1957,50,True
202606227166824,XC,2026-06-22,JUN,MON,False,909,NCL,1634,1634,DAR,1703,1706,3,1705,1708,3,50,BHM,1931,1951,20,True
202606227101169,XC,2026-06-22,JUN,MON,False,547,EDB,1605,1615,DAR,1810,1836,26,1812,1838,26,190,BHM,2107,2133,26,True
202606227100914,XC,2026-06-22,JUN,MON,False,,NCL,1833,1835,DAR,1904,1907,3,1906,1909,3,50,BHM,2126,2136,10,True
202606227100842,XC,2026-06-22,JUN,MON,False,895,EDB,1804,1804,DAR,2009,2019,10,2011,2021,10,190,BHM,2328,2331,3,True
202606237101176,XC,2026-06-23,JUN,TUE,False,,NCL,0518,0518,DAR,0550,0548,-2,0552,0552,0,50,BHM,0828,0829,1,True
202606238729925,XC,2026-06-23,JUN,TUE,False,,NCL,0623,0623,DAR,0652,0651,-1,0654,0653,-1,50,BHM,0928,0934,6,True
202606237101140,XC,2026-06-23,JUN,TUE,False,,NCL,0640,0640,DAR,0709,0709,0,0710,0710,0,50,BHM,1004,1009,5,True
202606238729862,XC,2026-06-23,JUN,TUE,False,,EDB,0602,0602,DAR,0810,0809,-1,0811,0811,0,190,BHM,1106,1109,3,True
202606237101180,XC,2026-06-23,JUN,TUE,False,,NCL,0835,0835,DAR,0904,0905,1,0906,0907,1,50,BHM,1127,1130,3,True
202606238729873,XC,2026-06-23,JUN,TUE,False,896,GLC,0648,0647,DAR,1010,1022,12,1011,1024,13,228,BHM,1306,1344,38,True
202606237101184,XC,2026-06-23,JUN,TUE,False,895,NCL,1034,1034,DAR,1104,1103,-1,1105,1105,0,50,BHM,1328,1346,18,True
202606238729884,XC,2026-06-23,JUN,TUE,False,,EDB,1005,1004,DAR,1210,1209,-1,1213,1213,0,190,BHM,1506,1508,2,True
202606238729935,XC,2026-06-23,JUN,TUE,False,,NCL,1233,1233,DAR,1303,1302,-1,1305,1306,1,50,BHM,1528,1531,3,True
202606237101154,XC,2026-06-23,JUN,TUE,False,896,EDB,1205,1204,DAR,1410,1409,-1,1411,1411,0,190,BHM,1706,1727,21,True
202606238729937,XC,2026-06-23,JUN,TUE,False,,NCL,1434,1434,DAR,1504,1505,1,1506,1507,1,50,BHM,1727,1738,11,True
202606238729909,XC,2026-06-23,JUN,TUE,False,,EDB,1404,1403,DAR,1610,1609,-1,1611,1611,0,190,BHM,1907,1905,-2,False
202606237166824,XC,2026-06-23,JUN,TUE,True,574,NCL,1634,,DAR,1703,,,1705,,,50,BHM,1931,,,
202606237101169,XC,2026-06-23,JUN,TUE,False,,EDB,1605,1605,DAR,1810,1811,1,1812,1812,0,190,BHM,2107,2109,2,True
202606237100914,XC,2026-06-23,JUN,TUE,False,,NCL,1833,1840,DAR,1904,1910,6,1906,1912,6,50,BHM,2126,2137,11,True
202606237100842,XC,2026-06-23,JUN,TUE,False,887,EDB,1804,1803,DAR,2009,2007,-2,2011,2011,0,190,BHM,2328,2329,1,True
202606247101176,XC,2026-06-24,JUN,WED,False,543,NCL,0518,0518,DAR,0550,0548,-2,0552,0552,0,50,BHM,0828,0835,7,True
202606248729925,XC,2026-06-24,JUN,WED,True,819,NCL,0623,,DAR,0652,,,0654,,,50,BHM,0928,,,
202606247101140,XC,2026-06-24,JUN,WED,False,,NCL,0640,0640,DAR,0709,0710,1,0710,0712,2,50,BHM,1004,1014,10,True
202606248729862,XC,2026-06-24,JUN,WED,True,696,EDB,0602,,DAR,0810,,,0811,,,190,BHM,1106,,,
202606247101180,XC,2026-06-24,JUN,WED,True,819,NCL,0835,,DAR,0904,,,0906,,,50,BHM,1127,,,
202606248729873,XC,2026-06-24,JUN,WED,False,700,GLC,0648,0648,DAR,1010,1028,18,1011,1030,19,228,BHM,1306,1335,29,True
202606247101184,XC,2026-06-24,JUN,WED,True,819,NCL,1034,,DAR,1104,,,1105,,,50,BHM,1328,,,
202606248729884,XC,2026-06-24,JUN,WED,False,574,EDB,1005,1022,DAR,1210,1229,19,1213,1231,18,190,BHM,1506,1545,39,True
202606248729935,XC,2026-06-24,JUN,WED,True,819,NCL,1233,,DAR,1303,,,1305,,,50,BHM,1528,,,
202606247101154,XC,2026-06-24,JUN,WED,False,574,EDB,1205,1204,DAR,1410,1409,-1,1411,1411,0,190,BHM,1706,1739,33,True
202606248729937,XC,2026-06-24,JUN,WED,True,819,NCL,1434,,DAR,1504,,,1506,,,50,BHM,1727,,,
202606248729909,XC,2026-06-24,JUN,WED,False,904,EDB,1404,1403,DAR,1610,1615,5,1611,1618,7,190,BHM,1907,1929,22,True
202606247166824,XC,2026-06-24,JUN,WED,True,887,NCL,1634,,DAR,1703,,,1705,,,50,BHM,1931,,,
202606247101169,XC,2026-06-24,JUN,WED,False,,EDB,1605,1605,DAR,1810,1809,-1,1812,1812,0,190,BHM,2107,2108,1,True
202606247100914,XC,2026-06-24,JUN,WED,True,819,NCL,1833,,DAR,1904,,,1906,,,50,BHM,2126,,,
202606247100842,XC,2026-06-24,JUN,WED,False,,EDB,1804,1805,DAR,2009,2021,12,2011,2023,12,190,BHM,2328,2332,4,True
202606257101176,XC,2026-06-25,JUN,THU,True,819,NCL,0518,,DAR,0550,,,0552,,,50,BHM,0828,,,
202606258729925,XC,2026-06-25,JUN,THU,False,,NCL,0623,0620,DAR,0652,0651,-1,0654,0653,-1,50,BHM,0928,0933,5,True
202606257101140,XC,2026-06-25,JUN,THU,False,,NCL,0640,0640,DAR,0709,0709,0,0710,0711,1,50,BHM,1004,1014,10,True
202606258729862,XC,2026-06-25,JUN,THU,False,895,EDB,0602,0602,DAR,0810,0809,-1,0811,0812,1,190,BHM,1106,1121,15,True
202606257101180,XC,2026-06-25,JUN,THU,True,819,NCL,0835,,DAR,0904,,,0906,,,50,BHM,1127,,,
202606258729873,XC,2026-06-25,JUN,THU,False,895,GLC,0648,0647,DAR,1010,1010,0,1011,1013,2,228,BHM,1306,1307,1,True
202606257101184,XC,2026-06-25,JUN,THU,True,819,NCL,1034,,DAR,1104,,,1105,,,50,BHM,1328,,,
202606258729884,XC,2026-06-25,JUN,THU,False,,EDB,1005,1005,DAR,1210,1209,-1,1213,1213,0,190,BHM,1506,1514,8,True
202606258729935,XC,2026-06-25,JUN,THU,True,819,NCL,1233,,DAR,1303,,,1305,,,50,BHM,1528,,,
202606257101154,XC,2026-06-25,JUN,THU,False,904,EDB,1205,1204,DAR,1410,1410,0,1411,1412,1,190,BHM,1706,1714,8,True
202606258729937,XC,2026-06-25,JUN,THU,True,819,NCL,1434,,DAR,1504,,,1506,,,50,BHM,1727,,,
202606258729909,XC,2026-06-25,JUN,THU,False,,EDB,1404,1403,DAR,1610,1611,1,1611,1613,2,190,BHM,1907,1912,5,True
202606257101166,XC,2026-06-25,JUN,THU,False,,EDB,1504,1506,DAR,1708,1722,14,1711,1724,13,190,BHM,2007,2020,13,True
202606257101169,XC,2026-06-25,JUN,THU,False,,EDB,1605,1606,DAR,1810,1809,-1,1812,1812,0,190,BHM,2107,2109,2,True
202606257100914,XC,2026-06-25,JUN,THU,True,819,NCL,1833,,DAR,1904,,,1906,,,50,BHM,2126,,,
202606257100842,XC,2026-06-25,JUN,THU,False,895,EDB,1804,1804,DAR,2009,2011,2,2011,2013,2,190,BHM,2328,2331,3,True
202606267101176,XC,2026-06-26,JUN,FRI,True,819,NCL,0518,,DAR,0550,,,0552,,,50,BHM,0828,,,
202606268729925,XC,2026-06-26,JUN,FRI,False,,NCL,0623,0623,DAR,0652,0652,0,0654,0654,0,50,BHM,0928,0937,9,True
202606267101140,XC,2026-06-26,JUN,FRI,False,,NCL,0640,0640,DAR,0709,0709,0,0710,0711,1,50,BHM,1004,1008,4,True
202606268729862,XC,2026-06-26,JUN,FRI,False,808,EDB,0602,0602,DAR,0810,0820,10,0811,0822,11,190,BHM,1106,1113,7,True
202606267101180,XC,2026-06-26,JUN,FRI,True,819,NCL,0835,,DAR,0904,,,0906,,,50,BHM,1127,,,
202606268729873,XC,2026-06-26,JUN,FRI,False,808,GLC,0648,0648,DAR,1010,1117,67,1011,1120,69,228,BHM,1306,1402,56,True
202606267101184,XC,2026-06-26,JUN,FRI,True,819,NCL,1034,,DAR,1104,,,1105,,,50,BHM,1328,,,
202606268729884,XC,2026-06-26,JUN,FRI,False,808,EDB,1005,1033,DAR,1210,1248,38,1213,1250,37,190,BHM,1506,1630,84,True
202606268729935,XC,2026-06-26,JUN,FRI,True,819,NCL,1233,,DAR,1303,,,1305,,,50,BHM,1528,,,
202606267101154,XC,2026-06-26,JUN,FRI,False,896,EDB,1205,,DAR,1410,1414,4,1411,1417,6,190,BHM,1706,1717,11,True
202606268729937,XC,2026-06-26,JUN,FRI,True,819,NCL,1434,,DAR,1504,,,1506,,,50,BHM,1727,,,
202606268729909,XC,2026-06-26,JUN,FRI,False,911,EDB,1404,1406,DAR,1610,1610,0,1611,1613,2,190,BHM,1907,2027,80,True
202606267166824,XC,2026-06-26,JUN,FRI,True,819,NCL,1634,,DAR,1703,,,1705,,,50,BHM,1931,,,
202606267101169,XC,2026-06-26,JUN,FRI,True,887,EDB,1605,,DAR,1810,,,1812,,,190,BHM,2107,,,
202606267100914,XC,2026-06-26,JUN,FRI,True,819,NCL,1833,,DAR,1904,,,1906,,,50,BHM,2126,,,
202606267100842,XC,2026-06-26,JUN,FRI,True,887,EDB,1804,,DAR,2009,,,2011,,,190,BHM,2328,,,
202606278729924,XC,2026-06-27,JUN,SAT,False,,NCL,0622,0622,DAR,0651,0651,0,0653,0653,0,50,BHM,0927,0928,1,True
202606277101141,XC,2026-06-27,JUN,SAT,False,,NCL,0640,0640,DAR,0709,0708,-1,0710,0710,0,50,BHM,1004,1008,4,True
202606277101146,XC,2026-06-27,JUN,SAT,False,,EDB,0602,0601,DAR,0810,0809,-1,0811,0811,0,190,BHM,1106,1113,7,True
202606277101179,XC,2026-06-27,JUN,SAT,False,,NCL,0835,0835,DAR,0904,0904,0,0906,0906,0,50,BHM,1127,1130,3,True
202606278729872,XC,2026-06-27,JUN,SAT,False,832,GLC,0648,0647,DAR,1010,1009,-1,1011,1011,0,228,BHM,1306,1308,2,True
202606277101183,XC,2026-06-27,JUN,SAT,False,,NCL,1035,1037,DAR,1104,1107,3,1106,1109,3,50,BHM,1328,1336,8,True
202606278729885,XC,2026-06-27,JUN,SAT,False,911,EDB,1005,1004,DAR,1210,1211,1,1211,1213,2,190,BHM,1505,1512,7,True
202606278729934,XC,2026-06-27,JUN,SAT,False,904,NCL,1234,1235,DAR,1304,1304,0,1306,1307,1,50,BHM,1527,1601,34,True
202606277101156,XC,2026-06-27,JUN,SAT,False,,EDB,1205,1204,DAR,1410,1412,2,1411,1414,3,190,BHM,1706,1721,15,True
202606278729938,XC,2026-06-27,JUN,SAT,False,,NCL,1434,1434,DAR,1504,1505,1,1505,1507,2,50,BHM,1727,1731,4,True
202606277101164,XC,2026-06-27,JUN,SAT,False,,EDB,1404,1404,DAR,1611,1609,-2,1612,1611,-1,190,BHM,1905,1908,3,True
202606277166825,XC,2026-06-27,JUN,SAT,True,526,NCL,1633,,DAR,1703,,,1704,,,50,BHM,1925,,,
202606277101168,XC,2026-06-27,JUN,SAT,False,,EDB,1605,1605,DAR,1809,1813,4,1811,1815,4,190,BHM,2106,2124,18,True
202606277100916,XC,2026-06-27,JUN,SAT,False,,NCL,1833,1836,DAR,1903,1906,3,1905,1907,2,50,BHM,2126,2132,6,True
202606277100846,XC,2026-06-27,JUN,SAT,False,,EDB,1804,1804,DAR,2009,2015,6,2011,2019,8,190,BHM,2307,2340,33,True
202606288729869,XC,2026-06-28,JUN,SUN,True,526,NCL,0830,,DAR,0901,,,0904,,,50,BHM,1204,,,
202606288729874,XC,2026-06-28,JUN,SUN,True,886,NCL,0936,,DAR,1005,,,1006,,,50,BHM,1305,,,
202606287101147,XC,2026-06-28,JUN,SUN,False,,EDB,0908,0909,DAR,1109,1109,0,1111,1111,0,190,BHM,1404,1404,0,False
202606288729886,XC,2026-06-28,JUN,SUN,False,,EDB,1008,1007,DAR,1209,1211,2,1210,1212,2,190,BHM,1506,1507,1,True
202606287101152,XC,2026-06-28,JUN,SUN,False,,EDB,1107,1107,DAR,1309,1315,6,1310,1317,7,190,BHM,1604,1608,4,True
202606287101155,XC,2026-06-28,JUN,SUN,False,,GLC,1055,1055,DAR,1410,1409,-1,1411,1411,0,228,BHM,1706,1708,2,True
202606287101163,XC,2026-06-28,JUN,SUN,False,,EDB,1305,1304,DAR,1509,1511,2,1511,1514,3,190,BHM,1804,1805,1,True
202606287101165,XC,2026-06-28,JUN,SUN,False,,DEE,1222,1222,DAR,1609,1609,0,1610,1611,1,,BHM,1903,1910,7,True
202606288729913,XC,2026-06-28,JUN,SUN,False,685,EDB,1505,1505,DAR,1710,1708,-2,1712,1712,0,190,BHM,2004,2010,6,True
202606288729915,XC,2026-06-28,JUN,SUN,False,576,EDB,1607,1607,DAR,1811,1808,-3,1812,1815,3,190,BHM,2106,2108,2,True
202606288729918,XC,2026-06-28,JUN,SUN,False,,EDB,1705,1705,DAR,1909,1909,0,1911,1911,0,190,BHM,2208,2210,2,True
202606287100843,XC,2026-06-28,JUN,SUN,False,,EDB,1805,1805,DAR,2007,2007,0,2009,2009,0,190,BHM,2309,2314,5,True
202606297101176,XC,2026-06-29,JUN,MON,False,,NCL,0518,0518,DAR,0550,0549,-1,0552,0552,0,50,BHM,0828,0836,8,True
202606298729925,XC,2026-06-29,JUN,MON,False,,NCL,0623,0623,DAR,0652,0652,0,0654,0654,0,50,BHM,0928,0926,-2,False
202606297101140,XC,2026-06-29,JUN,MON,False,,NCL,0640,0640,DAR,0709,0708,-1,0710,0710,0,50,BHM,1004,1004,0,False
202606298729862,XC,2026-06-29,JUN,MON,False,,EDB,0602,0601,DAR,0810,0809,-1,0811,0812,1,190,BHM,1106,1111,5,True
202606297101180,XC,2026-06-29,JUN,MON,False,547,NCL,0835,0835,DAR,0904,0905,1,0906,0907,1,50,BHM,1127,1202,35,True
202606298729873,XC,2026-06-29,JUN,MON,False,,GLC,0648,,DAR,1010,1012,2,1011,1015,4,228,BHM,1306,1309,3,True
202606297101184,XC,2026-06-29,JUN,MON,False,,NCL,1034,1034,DAR,1104,1104,0,1105,1107,2,50,BHM,1328,1331,3,True
202606298729884,XC,2026-06-29,JUN,MON,False,,EDB,1005,1004,DAR,1210,1210,0,1213,1213,0,190,BHM,1506,1515,9,True
202606298729935,XC,2026-06-29,JUN,MON,False,,NCL,1233,1232,DAR,1303,1302,-1,1305,1305,0,50,BHM,1528,1533,5,True
202606297101154,XC,2026-06-29,JUN,MON,False,904,EDB,1205,1204,DAR,1410,1411,1,1411,1413,2,190,BHM,1706,1714,8,True
202606298729937,XC,2026-06-29,JUN,MON,False,895,NCL,1434,1436,DAR,1504,1511,7,1506,1513,7,50,BHM,1727,1744,17,True
202606298729909,XC,2026-06-29,JUN,MON,False,904,EDB,1404,1403,DAR,1610,1620,10,1611,1624,13,190,BHM,1907,1956,49,True
202606297166824,XC,2026-06-29,JUN,MON,False,,NCL,1634,1635,DAR,1703,1706,3,1705,1708,3,50,BHM,1931,1934,3,True
202606297101169,XC,2026-06-29,JUN,MON,False,,EDB,1605,1604,DAR,1810,1810,0,1812,1812,0,190,BHM,2107,2109,2,True
202606297100914,XC,2026-06-29,JUN,MON,False,,NCL,1833,1834,DAR,1904,1902,-2,1906,1906,0,50,BHM,2126,2128,2,True
202606297100842,XC,2026-06-29,JUN,MON,False,,EDB,1804,1804,DAR,2009,2020,11,2011,2022,11,190,BHM,2328,2327,-1,False
202606307101176,XC,2026-06-30,JUN,TUE,False,,NCL,0518,0518,DAR,0550,0549,-1,0552,0552,0,50,BHM,0828,0835,7,True
202606308729925,XC,2026-06-30,JUN,TUE,False,,NCL,0623,0623,DAR,0652,0651,-1,0654,0654,0,50,BHM,0928,0932,4,True
202606307101140,XC,2026-06-30,JUN,TUE,False,,NCL,0640,0640,DAR,0709,0709,0,0710,0711,1,50,BHM,1004,1005,1,True
202606308729862,XC,2026-06-30,JUN,TUE,False,,EDB,0602,0602,DAR,0810,0809,-1,0811,0811,0,190,BHM,1106,1108,2,True
202606307101180,XC,2026-06-30,JUN,TUE,False,,NCL,0835,0839,DAR,0904,0908,4,0906,0909,3,50,BHM,1127,1130,3,True
202606308729873,XC,2026-06-30,JUN,TUE,False,,GLC,0648,0648,DAR,1010,1008,-2,1011,1010,-1,228,BHM,1306,1313,7,True
202606307101184,XC,2026-06-30,JUN,TUE,False,,NCL,1034,1035,DAR,1104,1103,-1,1105,1105,0,50,BHM,1328,1334,6,True
202606308729884,XC,2026-06-30,JUN,TUE,False,,EDB,1005,1004,DAR,1210,1210,0,1213,1213,0,190,BHM,1506,1507,1,True
202606308729935,XC,2026-06-30,JUN,TUE,False,,NCL,1233,1234,DAR,1303,1303,0,1305,1305,0,50,BHM,1528,1531,3,True
202606307101154,XC,2026-06-30,JUN,TUE,False,,EDB,1205,1205,DAR,1410,1409,-1,1411,1412,1,190,BHM,1706,1705,-1,False
202606308729937,XC,2026-06-30,JUN,TUE,False,,NCL,1434,1433,DAR,1504,1504,0,1506,1506,0,50,BHM,1727,1727,0,False
202606308729909,XC,2026-06-30,JUN,TUE,False,904,EDB,1404,1404,DAR,1610,1610,0,1611,1613,2,190,BHM,1907,1915,8,True
202606307166824,XC,2026-06-30,JUN,TUE,False,,NCL,1634,1635,DAR,1703,1705,2,1705,1707,2,50,BHM,1931,1936,5,True
202606307101169,XC,2026-06-30,JUN,TUE,False,,EDB,1605,1604,DAR,1810,1810,0,1812,1812,0,190,BHM,2107,2119,12,True
202606307100914,XC,2026-06-30,JUN,TUE,False,895,NCL,1833,1835,DAR,1904,1910,6,1906,1912,6,50,BHM,2126,2140,14,True
202606307100842,XC,2026-06-30,JUN,TUE,False,,EDB,1804,1804,DAR,2009,2007,-2,2011,2011,0,190,BHM,2328,2326,-2,False
202607017101176,XC,2026-07-01,JUL,WED,False,,NCL,0518,0518,DAR,0550,0548,-2,0552,0551,-1,50,BHM,0828,0832,4,True
202607018729925,XC,2026-07-01,JUL,WED,False,,NCL,0623,0623,DAR,0652,0652,0,0654,0655,1,50,BHM,0928,0924,-4,False
202607017101140,XC,2026-07-01,JUL,WED,False,,NCL,0640,0640,DAR,0709,0708,-1,0710,0711,1,50,BHM,1004,1004,0,False
202607018729862,XC,2026-07-01,JUL,WED,False,,EDB,0602,0601,DAR,0810,0809,-1,0811,0811,0,190,BHM,1106,1114,8,True
202607017101180,XC,2026-07-01,JUL,WED,False,,NCL,0835,0834,DAR,0904,0904,0,0906,0906,0,50,BHM,1127,1130,3,True
202607018729873,XC,2026-07-01,JUL,WED,False,,GLC,0648,0648,DAR,1010,1009,-1,1011,1012,1,228,BHM,1306,1315,9,True
202607017101184,XC,2026-07-01,JUL,WED,False,911,NCL,1034,,DAR,,,,1105,1119,14,50,BHM,1328,1336,8,True
202607018729884,XC,2026-07-01,JUL,WED,False,,EDB,1005,1004,DAR,1210,1209,-1,1213,1213,0,190,BHM,1506,1505,-1,False
202607018729935,XC,2026-07-01,JUL,WED,False,,NCL,1233,1232,DAR,1303,1305,2,1305,1307,2,50,BHM,1528,1532,4,True
202607017101154,XC,2026-07-01,JUL,WED,False,,EDB,1205,1204,DAR,1410,1409,-1,1411,1411,0,190,BHM,1706,1707,1,True
202607018729937,XC,2026-07-01,JUL,WED,False,895,NCL,1434,1438,DAR,1504,1509,5,1506,1511,5,50,BHM,1727,1734,7,True
202607018729909,XC,2026-07-01,JUL,WED,False,,EDB,1404,1403,DAR,1610,1609,-1,1611,1612,1,190,BHM,1907,1911,4,True
202607017166824,XC,2026-07-01,JUL,WED,False,,NCL,1634,1634,DAR,1703,1703,0,1705,1705,0,50,BHM,1931,1934,3,True
202607017101169,XC,2026-07-01,JUL,WED,False,904,EDB,1605,1604,DAR,1810,1809,-1,1812,1812,0,190,BHM,2107,2126,19,True
202607017100914,XC,2026-07-01,JUL,WED,False,,NCL,1833,1834,DAR,1904,1904,0,1906,1906,0,50,BHM,2126,2129,3,True
202607017100842,XC,2026-07-01,JUL,WED,False,896,EDB,1804,1803,DAR,2009,2028,19,2011,2030,19,190,BHM,2328,2330,2,True
202607027101176,XC,2026-07-02,JUL,THU,False,,NCL,0518,0517,DAR,0550,0549,-1,0552,0552,0,50,BHM,0828,0830,2,True
202607028729925,XC,2026-07-02,JUL,THU,False,,NCL,0623,0623,DAR,0652,0652,0,0654,0654,0,50,BHM,0928,0933,5,True
202607027101140,XC,2026-07-02,JUL,THU,False,,NCL,0640,0640,DAR,0709,0709,0,0710,0710,0,50,BHM,1004,1008,4,True
202607028729862,XC,2026-07-02,JUL,THU,False,,EDB,0602,0601,DAR,0810,0809,-1,0811,0812,1,190,BHM,1106,1109,3,True
202607027101180,XC,2026-07-02,JUL,THU,False,,NCL,0835,0836,DAR,0904,0905,1,0906,0907,1,50,BHM,1127,1127,0,False
202607028729873,XC,2026-07-02,JUL,THU,False,,GLC,0648,0648,DAR,1010,1010,0,1011,1012,1,228,BHM,1306,1305,-1,False
202607027101184,XC,2026-07-02,JUL,THU,False,,NCL,1034,1034,DAR,1104,1104,0,1105,1107,2,50,BHM,1328,1334,6,True
202607028729884,XC,2026-07-02,JUL,THU,False,,EDB,1005,1004,DAR,1210,1210,0,1213,1213,0,190,BHM,1506,1509,3,True
202607028729935,XC,2026-07-02,JUL,THU,False,,NCL,1233,1232,DAR,1303,1301,-2,1305,1305,0,50,BHM,1528,1527,-1,False
202607027101154,XC,2026-07-02,JUL,THU,False,,EDB,1205,1205,DAR,1410,1411,1,1411,1413,2,190,BHM,1706,1711,5,True
202607028729937,XC,2026-07-02,JUL,THU,False,,NCL,1434,1434,DAR,1504,1503,-1,1506,1506,0,50,BHM,1727,1728,1,True
202607028729909,XC,2026-07-02,JUL,THU,False,887,EDB,1404,1403,DAR,1610,1608,-2,1611,1611,0,190,BHM,1907,1907,0,False
202607027166824,XC,2026-07-02,JUL,THU,False,,NCL,1634,1633,DAR,1703,1704,1,1705,1706,1,50,BHM,1931,1935,4,True
202607027101169,XC,2026-07-02,JUL,THU,False,,EDB,1605,1604,DAR,1810,1809,-1,1812,1815,3,190,BHM,2107,2105,-2,False
202607027100914,XC,2026-07-02,JUL,THU,False,,NCL,1833,1832,DAR,1904,1903,-1,1906,1906,0,50,BHM,2126,2134,8,True
202607027100842,XC,2026-07-02,JUL,THU,False,,EDB,1804,1804,DAR,2009,2012,3,2011,2014,3,190,BHM,2328,2335,7,True
202607037101176,XC,2026-07-03,JUL,FRI,False,,NCL,0518,0518,DAR,0550,0548,-2,0552,0552,0,50,BHM,0828,0829,1,True
202607038729925,XC,2026-07-03,JUL,FRI,False,,NCL,0623,0623,DAR,0652,0651,-1,0654,0654,0,50,BHM,0928,0927,-1,False
202607037101140,XC,2026-07-03,JUL,FRI,False,,NCL,0640,0640,DAR,0709,0708,-1,0710,0711,1,50,BHM,1004,1002,-2,False
202607038729862,XC,2026-07-03,JUL,FRI,False,895,EDB,0602,0601,DAR,0810,0809,-1,0811,0815,4,190,BHM,1106,1114,8,True
202607037101180,XC,2026-07-03,JUL,FRI,False,,NCL,0835,0835,DAR,0904,0904,0,0906,0906,0,50,BHM,1127,1131,4,True
202607038729873,XC,2026-07-03,JUL,FRI,False,574,GLC,0648,0648,DAR,1010,1025,15,1011,1027,16,228,BHM,1306,1327,21,True
202607037101184,XC,2026-07-03,JUL,FRI,False,,NCL,1034,1035,DAR,1104,1104,0,1105,1106,1,50,BHM,1328,1333,5,True
202607038729884,XC,2026-07-03,JUL,FRI,False,,EDB,1005,1004,DAR,1210,1211,1,1213,1213,0,190,BHM,1506,1510,4,True
202607038729935,XC,2026-07-03,JUL,FRI,False,,NCL,1233,1232,DAR,1303,1302,-1,1305,1304,-1,50,BHM,1528,1528,0,False
202607037101154,XC,2026-07-03,JUL,FRI,False,,EDB,1205,1204,DAR,1410,1410,0,1411,1413,2,190,BHM,1706,1710,4,True
202607038729937,XC,2026-07-03,JUL,FRI,False,,NCL,1434,1433,DAR,1504,1504,0,1506,1506,0,50,BHM,1727,1733,6,True
202607038729909,XC,2026-07-03,JUL,FRI,False,574,EDB,1404,1411,DAR,1610,1617,7,1611,1619,8,190,BHM,1907,1915,8,True
202607037166824,XC,2026-07-03,JUL,FRI,False,,NCL,1634,1635,DAR,1703,1703,0,1705,1705,0,50,BHM,1931,1935,4,True
202607037101169,XC,2026-07-03,JUL,FRI,False,,EDB,1605,1606,DAR,1810,1810,0,1812,1812,0,190,BHM,2107,2115,8,True
202607037100914,XC,2026-07-03,JUL,FRI,False,,NCL,1833,1839,DAR,1904,1913,9,1906,1915,9,50,BHM,2126,2146,20,True
202607037100842,XC,2026-07-03,JUL,FRI,False,,EDB,1804,1803,DAR,2009,2012,3,2011,2015,4,190,BHM,2328,2326,-2,False
202607048729924,XC,2026-07-04,JUL,SAT,False,,NCL,0622,0622,DAR,0651,0650,-1,0653,0653,0,50,BHM,0927,0929,2,True
202607047101141,XC,2026-07-04,JUL,SAT,False,,NCL,0640,0640,DAR,0709,0709,0,0710,0711,1,50,BHM,1004,1006,2,True
202607047101146,XC,2026-07-04,JUL,SAT,False,,EDB,0602,0602,DAR,0810,0818,8,0811,0820,9,190,BHM,1106,1110,4,True
202607047101179,XC,2026-07-04,JUL,SAT,False,,NCL,0835,0841,DAR,0904,0911,7,0906,0912,6,50,BHM,1127,1132,5,True
202607048729872,XC,2026-07-04,JUL,SAT,False,,GLC,0648,0647,DAR,1010,1015,5,1011,1017,6,228,BHM,1306,1306,0,False
202607047101183,XC,2026-07-04,JUL,SAT,False,,NCL,1035,1034,DAR,1104,1105,1,1106,1108,2,50,BHM,1328,1328,0,False
202607048729885,XC,2026-07-04,JUL,SAT,False,,EDB,1005,1004,DAR,1210,1212,2,1211,1215,4,190,BHM,1505,1505,0,False
202607048729934,XC,2026-07-04,JUL,SAT,False,,NCL,1234,1234,DAR,1304,1303,-1,1306,1306,0,50,BHM,1527,1527,0,False
202607047101156,XC,2026-07-04,JUL,SAT,False,,EDB,1205,1204,DAR,1410,1410,0,1411,1411,0,190,BHM,1706,1705,-1,False
202607048729938,XC,2026-07-04,JUL,SAT,False,,NCL,1434,1435,DAR,1504,1503,-1,1505,1505,0,50,BHM,1727,1730,3,True
202607047101164,XC,2026-07-04,JUL,SAT,False,,EDB,1404,1404,DAR,1611,1609,-2,1612,1612,0,190,BHM,1905,1923,18,True
202607047166825,XC,2026-07-04,JUL,SAT,False,,NCL,1633,1635,DAR,1703,1706,3,1704,1708,4,50,BHM,1925,1932,7,True
202607047101168,XC,2026-07-04,JUL,SAT,False,,EDB,1605,1607,DAR,1809,1810,1,1811,1813,2,190,BHM,2106,2109,3,True
202607047100916,XC,2026-07-04,JUL,SAT,False,,NCL,1833,1841,DAR,1903,1911,8,1905,1913,8,50,BHM,2126,2143,17,True
202607047100846,XC,2026-07-04,JUL,SAT,False,576,EDB,1804,1804,DAR,2009,2006,-3,2011,2012,1,190,BHM,2307,2331,24,True
202607058729869,XC,2026-07-05,JUL,SUN,True,526,NCL,0830,,DAR,0901,,,0904,,,50,BHM,1204,,,
202607058729874,XC,2026-07-05,JUL,SUN,False,,NCL,0936,0936,DAR,1005,1006,1,1006,1009,3,50,BHM,1305,1309,4,True
202607057101147,XC,2026-07-05,JUL,SUN,False,547,EDB,0908,0908,DAR,1109,1113,4,1111,1115,4,190,BHM,1404,1433,29,True
202607058729886,XC,2026-07-05,JUL,SUN,False,,EDB,1008,1008,DAR,1209,1209,0,1210,1211,1,190,BHM,1506,1514,8,True
202607057101152,XC,2026-07-05,JUL,SUN,True,526,EDB,1107,,DAR,1309,,,1310,,,190,BHM,1604,,,
202607057101155,XC,2026-07-05,JUL,SUN,False,,GLC,1055,1055,DAR,1410,1413,3,1411,1416,5,228,BHM,1706,1710,4,True
202607057101163,XC,2026-07-05,JUL,SUN,True,526,EDB,1305,,DAR,1509,,,1511,,,190,BHM,1804,,,
202607057101165,XC,2026-07-05,JUL,SUN,False,,DEE,1222,,DAR,1609,1612,3,1610,1615,5,,BHM,1903,1915,12,True
202607057166826,XC,2026-07-05,JUL,SUN,True,526,NCL,1635,,DAR,1704,,,1706,,,50,BHM,1925,,,
202607058729915,XC,2026-07-05,JUL,SUN,False,,EDB,1607,1607,DAR,1811,1810,-1,1812,1814,2,190,BHM,2106,2106,0,False
202607057100915,XC,2026-07-05,JUL,SUN,True,526,NCL,1833,,DAR,1902,,,1904,,,50,BHM,2124,,,
202607057100843,XC,2026-07-05,JUL,SUN,False,,EDB,1805,1805,DAR,2007,2006,-1,2009,2008,-1,190,BHM,2309,2308,-1,False
202607067101176,XC,2026-07-06,JUL,MON,False,,NCL,0518,0517,DAR,0550,0549,-1,0552,0552,0,50,BHM,0828,0829,1,True
202607068729925,XC,2026-07-06,JUL,MON,False,,NCL,0623,0623,DAR,0652,0652,0,0654,0654,0,50,BHM,0928,0926,-2,False
202607067101140,XC,2026-07-06,JUL,MON,False,,NCL,0640,0640,DAR,0709,0709,0,0710,0711,1,50,BHM,1004,1015,11,True
202607068729862,XC,2026-07-06,JUL,MON,False,,EDB,0602,0602,DAR,0810,0811,1,0811,0813,2,190,BHM,1106,1111,5,True
202607067101180,XC,2026-07-06,JUL,MON,False,,NCL,0835,0835,DAR,0904,0905,1,0906,0907,1,50,BHM,1127,1127,0,False
202607068729873,XC,2026-07-06,JUL,MON,False,,GLC,0648,0648,DAR,1010,1011,1,1011,1015,4,228,BHM,1306,1311,5,True
202607067101184,XC,2026-07-06,JUL,MON,False,,NCL,1034,1034,DAR,1104,1104,0,1105,1106,1,50,BHM,1328,1329,1,True
202607068729884,XC,2026-07-06,JUL,MON,False,,EDB,1005,1004,DAR,1210,1209,-1,1213,1212,-1,190,BHM,1506,1506,0,False
202607068729935,XC,2026-07-06,JUL,MON,False,,NCL,1233,1232,DAR,1303,1301,-2,1305,1305,0,50,BHM,1528,1526,-2,False
202607067101154,XC,2026-07-06,JUL,MON,False,,EDB,1205,1204,DAR,1410,1412,2,1411,1414,3,190,BHM,1706,1715,9,True
202607068729937,XC,2026-07-06,JUL,MON,False,,NCL,1434,1433,DAR,1504,1503,-1,1506,1505,-1,50,BHM,1727,1732,5,True
202607068729909,XC,2026-07-06,JUL,MON,False,,EDB,1404,1403,DAR,1610,1609,-1,1611,1611,0,190,BHM,1907,1913,6,True
202607067166824,XC,2026-07-06,JUL,MON,False,,NCL,1634,1634,DAR,1703,1706,3,1705,1708,3,50,BHM,1931,2005,34,True
202607067101169,XC,2026-07-06,JUL,MON,False,,EDB,1605,1604,DAR,1810,1809,-1,1812,1811,-1,190,BHM,2107,2104,-3,False
202607067100914,XC,2026-07-06,JUL,MON,False,,NCL,1833,1835,DAR,1904,1906,2,1906,1907,1,50,BHM,2126,2126,0,False
202607067100842,XC,2026-07-06,JUL,MON,False,,EDB,1804,1803,DAR,2009,2007,-2,2011,2010,-1,190,BHM,2328,2330,2,True
202607077101176,XC,2026-07-07,JUL,TUE,True,777,NCL,0518,,DAR,0550,,,0552,,,50,BHM,0828,,,
202607078729925,XC,2026-07-07,JUL,TUE,False,,NCL,0623,0623,DAR,0652,0653,1,0654,0654,0,50,BHM,0928,0935,7,True
202607077101140,XC,2026-07-07,JUL,TUE,False,,NCL,0640,0640,DAR,0709,0708,-1,0710,0712,2,50,BHM,1004,1003,-1,False
202607078729862,XC,2026-07-07,JUL,TUE,False,,EDB,0602,0602,DAR,0810,0809,-1,0811,0811,0,190,BHM,1106,1108,2,True
202607077101180,XC,2026-07-07,JUL,TUE,False,,NCL,0835,0835,DAR,0904,0906,2,0906,0908,2,50,BHM,1127,1130,3,True
202607078729873,XC,2026-07-07,JUL,TUE,False,,GLC,0648,0647,DAR,1010,1008,-2,1011,1012,1,228,BHM,1306,1306,0,False
202607077101184,XC,2026-07-07,JUL,TUE,False,,NCL,1034,1037,DAR,1104,1106,2,1105,1108,3,50,BHM,1328,1330,2,True
202607078729884,XC,2026-07-07,JUL,TUE,False,576,EDB,1005,1004,DAR,1210,1228,18,1213,1231,18,190,BHM,1506,1605,59,True
202607078729935,XC,2026-07-07,JUL,TUE,False,,NCL,1233,1233,DAR,1303,1303,0,1305,1305,0,50,BHM,1528,1538,10,True
202607077101154,XC,2026-07-07,JUL,TUE,False,576,EDB,1205,1204,DAR,1410,1435,25,1411,1437,26,190,BHM,1706,1736,30,True
202607078729937,XC,2026-07-07,JUL,TUE,False,,NCL,1434,1435,DAR,1504,1507,3,1506,1509,3,50,BHM,1727,1744,17,True
202607078729909,XC,2026-07-07,JUL,TUE,False,,EDB,1404,1403,DAR,1610,1609,-1,1611,1612,1,190,BHM,1907,1916,9,True
202607077166824,XC,2026-07-07,JUL,TUE,False,895,NCL,1634,1634,DAR,1703,1704,1,1705,1706,1,50,BHM,1931,1936,5,True
202607077101169,XC,2026-07-07,JUL,TUE,False,,EDB,1605,1609,DAR,1810,1808,-2,1812,1812,0,190,BHM,2107,2104,-3,False
202607077100914,XC,2026-07-07,JUL,TUE,False,,NCL,1833,1834,DAR,1904,1902,-2,1906,1906,0,50,BHM,2126,2123,-3,False
202607077100842,XC,2026-07-07,JUL,TUE,False,,EDB,1804,1804,DAR,2009,2016,7,2011,2017,6,190,BHM,2328,2329,1,True
202607087101176,XC,2026-07-08,JUL,WED,False,,NCL,0518,0517,DAR,0550,0548,-2,0552,0551,-1,50,BHM,0828,0830,2,True
202607088729925,XC,2026-07-08,JUL,WED,False,,NCL,0623,0622,DAR,0652,0651,-1,0654,0653,-1,50,BHM,0928,0928,0,False
202607087101140,XC,2026-07-08,JUL,WED,False,,NCL,0640,0640,DAR,0709,0708,-1,0710,0711,1,50,BHM,1004,1012,8,True
202607088729862,XC,2026-07-08,JUL,WED,False,835,EDB,0602,0602,DAR,0810,0809,-1,0811,0811,0,190,BHM,1106,1122,16,True
202607087101180,XC,2026-07-08,JUL,WED,False,,NCL,0835,0834,DAR,0904,0904,0,0906,0906,0,50,BHM,1127,1137,10,True
202607088729873,XC,2026-07-08,JUL,WED,False,,GLC,0648,0647,DAR,1010,1012,2,1011,1015,4,228,BHM,1306,1314,8,True
202607087101184,XC,2026-07-08,JUL,WED,False,,NCL,1034,1034,DAR,1104,1103,-1,1105,1105,0,50,BHM,1328,1333,5,True
202607088729884,XC,2026-07-08,JUL,WED,False,,EDB,1005,1004,DAR,1210,1209,-1,1213,1213,0,190,BHM,1506,1519,13,True
202607088729935,XC,2026-07-08,JUL,WED,False,,NCL,1233,1232,DAR,1303,1302,-1,1305,1305,0,50,BHM,1528,1537,9,True
202607087101154,XC,2026-07-08,JUL,WED,False,,EDB,1205,1204,DAR,1410,1411,1,1411,1413,2,190,BHM,1706,1718,12,True
202607088729937,XC,2026-07-08,JUL,WED,False,886,NCL,1434,1434,DAR,1504,1504,0,1506,1506,0,50,BHM,1727,1738,11,True
202607088729909,XC,2026-07-08,JUL,WED,False,,EDB,1404,1404,DAR,1610,1613,3,1611,1616,5,190,BHM,1907,1917,10,True
202607087166824,XC,2026-07-08,JUL,WED,False,,NCL,1634,1634,DAR,1703,1705,2,1705,1706,1,50,BHM,1931,1948,17,True
202607087101169,XC,2026-07-08,JUL,WED,False,696,EDB,1605,1605,DAR,1810,1809,-1,1812,1812,0,190,BHM,2107,2234,87,True
202607087100914,XC,2026-07-08,JUL,WED,False,696,NCL,1833,1834,DAR,1904,1904,0,1906,1906,0,50,BHM,2126,2211,45,True
202607087100842,XC,2026-07-08,JUL,WED,False,,EDB,1804,1804,DAR,2009,2006,-3,2011,2010,-1,190,BHM,2328,2329,1,True
202607097101176,XC,2026-07-09,JUL,THU,False,824,NCL,0518,0517,DAR,0550,0549,-1,0552,0552,0,50,BHM,0828,0832,4,True
202607098729925,XC,2026-07-09,JUL,THU,False,824,NCL,0623,0623,DAR,0652,0652,0,0654,0654,0,50,BHM,0928,0934,6,True
202607097101140,XC,2026-07-09,JUL,THU,False,,NCL,0640,0640,DAR,0709,0710,1,0710,0712,2,50,BHM,1004,1006,2,True
202607098729862,XC,2026-07-09,JUL,THU,False,,EDB,0602,0604,DAR,0810,0809,-1,0811,0811,0,190,BHM,1106,1109,3,True
202607097101180,XC,2026-07-09,JUL,THU,False,824,NCL,0835,0834,DAR,0904,0904,0,0906,0906,0,50,BHM,1127,1132,5,True
202607098729873,XC,2026-07-09,JUL,THU,False,576,GLC,0648,0648,DAR,1010,1009,-1,1011,1011,0,228,BHM,1306,1308,2,True
202607097101184,XC,2026-07-09,JUL,THU,False,,NCL,1034,1034,DAR,1104,1103,-1,1105,1105,0,50,BHM,1328,1332,4,True
202607098729884,XC,2026-07-09,JUL,THU,False,,EDB,1005,1004,DAR,1210,1209,-1,1213,1213,0,190,BHM,1506,1517,11,True
202607098729935,XC,2026-07-09,JUL,THU,False,,NCL,1233,1232,DAR,1303,1302,-1,1305,1305,0,50,BHM,1528,1535,7,True
202607097101154,XC,2026-07-09,JUL,THU,False,895,EDB,1205,1205,DAR,1410,1412,2,1411,1415,4,190,BHM,1706,1736,30,True
202607098729937,XC,2026-07-09,JUL,THU,False,886,NCL,1434,1433,DAR,1504,1503,-1,1506,1506,0,50,BHM,1727,1738,11,True
202607098729909,XC,2026-07-09,JUL,THU,False,,EDB,1404,1403,DAR,1610,1610,0,1611,1614,3,190,BHM,1907,1918,11,True
202607097166824,XC,2026-07-09,JUL,THU,False,904,NCL,1634,1635,DAR,1703,1705,2,1705,1708,3,50,BHM,1931,1936,5,True
202607097101169,XC,2026-07-09,JUL,THU,False,904,EDB,1605,1610,DAR,1810,1816,6,1812,1818,6,190,BHM,2107,2108,1,True
202607097100914,XC,2026-07-09,JUL,THU,True,913,NCL,1833,,DAR,1904,,,1906,,,50,BHM,2126,,,
202607097100842,XC,2026-07-09,JUL,THU,False,904,EDB,1804,1804,DAR,2009,2014,5,2011,2016,5,190,BHM,2328,2331,3,True
202607107101176,XC,2026-07-10,JUL,FRI,False,778,NCL,0518,0518,DAR,0550,0548,-2,0552,0552,0,50,BHM,0828,0846,18,True
202607108729925,XC,2026-07-10,JUL,FRI,False,,NCL,0623,0623,DAR,0652,0652,0,0654,0654,0,50,BHM,0928,0931,3,True
202607107101140,XC,2026-07-10,JUL,FRI,False,,NCL,0640,0640,DAR,0709,0714,5,0710,0716,6,50,BHM,1004,1006,2,True
202607108729862,XC,2026-07-10,JUL,FRI,False,,EDB,0602,0602,DAR,0810,0809,-1,0811,0811,0,190,BHM,1106,1107,1,True
202607107101180,XC,2026-07-10,JUL,FRI,False,,NCL,0835,0834,DAR,0904,0903,-1,0906,0906,0,50,BHM,1127,1133,6,True
202607108729873,XC,2026-07-10,JUL,FRI,False,832,GLC,0648,0648,DAR,1010,1018,8,1011,1022,11,228,BHM,1306,1310,4,True
202607107101184,XC,2026-07-10,JUL,FRI,False,573,NCL,1034,1039,DAR,1104,1110,6,1105,1116,11,50,BHM,1328,1430,62,True
202607108729884,XC,2026-07-10,JUL,FRI,False,,EDB,1005,1004,DAR,1210,1209,-1,1213,1213,0,190,BHM,1506,1510,4,True
202607108729935,XC,2026-07-10,JUL,FRI,False,,NCL,1233,1236,DAR,1303,1305,2,1305,1308,3,50,BHM,1528,1535,7,True
202607107101154,XC,2026-07-10,JUL,FRI,False,,EDB,1205,1204,DAR,1410,1410,0,1411,1412,1,190,BHM,1706,1731,25,True
202607108729937,XC,2026-07-10,JUL,FRI,False,,NCL,1434,1438,DAR,1504,1508,4,1506,1511,5,50,BHM,1727,1737,10,True
202607108729909,XC,2026-07-10,JUL,FRI,False,,EDB,1404,1403,DAR,1610,1613,3,1611,1615,4,190,BHM,1907,1937,30,True
202607107166824,XC,2026-07-10,JUL,FRI,False,,NCL,1634,1634,DAR,1703,1706,3,1705,1708,3,50,BHM,1931,2018,47,True
202607107101169,XC,2026-07-10,JUL,FRI,False,574,EDB,1605,1607,DAR,1810,1811,1,1812,1813,1,190,BHM,2107,2129,22,True
202607107100914,XC,2026-07-10,JUL,FRI,False,,NCL,1833,1834,DAR,1904,1908,4,1906,1910,4,50,BHM,2126,2138,12,True
202607107100842,XC,2026-07-10,JUL,FRI,False,650,EDB,1804,1820,DAR,2009,2026,17,2011,2028,17,190,BHM,2328,2333,5,True
202607117101146,XC,2026-07-11,JUL,SAT,False,,NCL,0640,0640,DAR,0709,0708,-1,0710,0713,3,50,BHM,1051,1059,8,True
202607118729867,XC,2026-07-11,JUL,SAT,False,,EDB,0602,0602,DAR,0810,0809,-1,0811,0812,1,190,BHM,1151,1155,4,True
202607118729872,XC,2026-07-11,JUL,SAT,False,,EDB,0703,0703,DAR,0910,0909,-1,0912,0911,-1,190,BHM,1251,1258,7,True
202607118729878,XC,2026-07-11,JUL,SAT,False,570,GLC,0648,0648,DAR,1010,1044,34,1011,1048,37,228,BHM,1351,1420,29,True
202607118729885,XC,2026-07-11,JUL,SAT,False,895,GLC,0748,0747,DAR,1110,1109,-1,1111,1111,0,228,BHM,1451,1452,1,True
202607117101151,XC,2026-07-11,JUL,SAT,False,,EDB,1005,1005,DAR,1210,1216,6,1211,1219,8,190,BHM,1551,1553,2,True
202607117101156,XC,2026-07-11,JUL,SAT,False,,ABD,0820,0820,DAR,1310,1309,-1,1311,1312,1,293,BHM,1651,1707,16,True
202607117101162,XC,2026-07-11,JUL,SAT,False,696,EDB,1205,1204,DAR,1410,1425,15,1411,1427,16,190,BHM,1751,1757,6,True
202607117101164,XC,2026-07-11,JUL,SAT,False,,EDB,1305,1305,DAR,1510,1513,3,1512,1515,3,190,BHM,1851,1854,3,True
202607117101167,XC,2026-07-11,JUL,SAT,False,,EDB,1404,1403,DAR,1611,1610,-1,1612,1612,0,190,BHM,1951,1951,0,False
202607117101168,XC,2026-07-11,JUL,SAT,True,832,EDB,1504,,DAR,1708,,,1711,,,190,BHM,2051,,,
202607117564258,XC,2026-07-11,JUL,SAT,False,832,EDB,1605,1605,DAR,1809,1808,-1,1811,1811,0,190,BHM,2152,2343,111,True
202607117100913,XC,2026-07-11,JUL,SAT,False,832,EDB,1705,1704,DAR,1910,1909,-1,1911,1911,0,190,BHM,2244,2248,4,True
202607117100846,XC,2026-07-11,JUL,SAT,False,,EDB,1804,1803,DAR,2009,2008,-1,2011,2011,0,190,BHM,2333,0019,-1394,False
202607128729874,XC,2026-07-12,JUL,SUN,False,,NCL,0830,0830,DAR,0901,0908,7,0904,0910,6,50,BHM,1247,1250,3,True
202607127101147,XC,2026-07-12,JUL,SUN,False,,NCL,0936,0936,DAR,1005,1012,7,1006,1014,8,50,BHM,1351,1357,6,True
202607128729886,XC,2026-07-12,JUL,SUN,False,886,EDB,0908,0908,DAR,1109,1129,20,1111,1132,21,190,BHM,1449,1505,16,True
202607127101152,XC,2026-07-12,JUL,SUN,False,,EDB,1008,1008,DAR,1209,1211,2,1210,1213,3,190,BHM,1549,1553,4,True
202607127101155,XC,2026-07-12,JUL,SUN,False,886,EDB,1107,1107,DAR,1309,1311,2,1310,1314,4,190,BHM,1650,1648,-2,False
202607127101163,XC,2026-07-12,JUL,SUN,False,,GLC,1055,,DAR,1410,1409,-1,1411,1412,1,228,BHM,1750,1749,-1,False
202607127101165,XC,2026-07-12,JUL,SUN,False,904,EDB,1305,1311,DAR,1509,1524,15,1511,1526,15,190,BHM,1850,1850,0,False
202607128729913,XC,2026-07-12,JUL,SUN,False,,DEE,1222,1222,DAR,1609,1612,3,1610,1615,5,,BHM,1950,1951,1,True
202607128729915,XC,2026-07-12,JUL,SUN,False,,EDB,1505,1505,DAR,1710,1709,-1,1712,1712,0,190,BHM,2047,2050,3,True
202607128729918,XC,2026-07-12,JUL,SUN,False,,EDB,1607,1606,DAR,1811,1808,-3,1812,1812,0,190,BHM,2147,2153,6,True
202607127564289,XC,2026-07-12,JUL,SUN,False,,EDB,1705,1705,DAR,1909,1908,-1,1911,1911,0,190,BHM,2241,2241,0,False
202607127100843,XC,2026-07-12,JUL,SUN,False,,EDB,1805,1805,DAR,2007,2007,0,2009,2008,-1,190,BHM,2335,2339,4,True
202607137101176,XC,2026-07-13,JUL,MON,False,,NCL,0518,0518,DAR,0550,0548,-2,0552,0552,0,50,BHM,0828,0839,11,True
202607138729925,XC,2026-07-13,JUL,MON,False,,NCL,0623,0623,DAR,0652,0651,-1,0654,0654,0,50,BHM,0928,0926,-2,False
202607137101140,XC,2026-07-13,JUL,MON,False,,NCL,0640,0640,DAR,0709,0708,-1,0710,0710,0,50,BHM,1004,1010,6,True
202607138729862,XC,2026-07-13,JUL,MON,False,,EDB,0602,0601,DAR,0810,0809,-1,0811,0811,0,190,BHM,1106,1107,1,True
202607137101180,XC,2026-07-13,JUL,MON,False,,NCL,0835,0835,DAR,0904,0904,0,0906,0906,0,50,BHM,1127,1134,7,True
202607138729873,XC,2026-07-13,JUL,MON,False,547,GLC,0648,0648,DAR,1010,1011,1,1011,1014,3,228,BHM,1306,1312,6,True
202607137101184,XC,2026-07-13,JUL,MON,False,895,NCL,1034,1034,DAR,1104,1103,-1,1105,1106,1,50,BHM,1328,1343,15,True
202607138729884,XC,2026-07-13,JUL,MON,False,,EDB,1005,1004,DAR,1210,1212,2,1213,1214,1,190,BHM,1506,1508,2,True
202607138729935,XC,2026-07-13,JUL,MON,False,895,NCL,1233,1232,DAR,1303,1301,-2,1305,1305,0,50,BHM,1528,1609,41,True
202607137101154,XC,2026-07-13,JUL,MON,False,910,EDB,1205,1214,DAR,1410,1417,7,1411,1419,8,190,BHM,1706,1706,0,False
202607138729937,XC,2026-07-13,JUL,MON,False,,NCL,1434,,DAR,1504,1505,1,1506,1507,1,50,BHM,1727,1736,9,True
202607138729909,XC,2026-07-13,JUL,MON,False,,EDB,1404,1403,DAR,1610,1609,-1,1611,1611,0,190,BHM,1907,1909,2,True
202607137166824,XC,2026-07-13,JUL,MON,False,,NCL,1634,1633,DAR,1703,1703,0,1705,1705,0,50,BHM,1931,1934,3,True
202607137101169,XC,2026-07-13,JUL,MON,False,,EDB,1605,1605,DAR,1810,1810,0,1812,1812,0,190,BHM,2107,2113,6,True
202607137100914,XC,2026-07-13,JUL,MON,False,,NCL,1833,1839,DAR,1904,1910,6,1906,1912,6,50,BHM,2126,2128,2,True
202607137100842,XC,2026-07-13,JUL,MON,False,,EDB,1804,1803,DAR,2009,2007,-2,2011,2011,0,190,BHM,2328,2328,0,False
202607147101176,XC,2026-07-14,JUL,TUE,False,,NCL,0518,0517,DAR,0550,0548,-2,0552,0552,0,50,BHM,0828,0832,4,True
202607148729925,XC,2026-07-14,JUL,TUE,False,,NCL,0623,0623,DAR,0652,0651,-1,0654,0654,0,50,BHM,0928,0930,2,True
202607147101140,XC,2026-07-14,JUL,TUE,False,,NCL,0640,0640,DAR,0709,0709,0,0710,0711,1,50,BHM,1004,1005,1,True
202607148729862,XC,2026-07-14,JUL,TUE,False,,EDB,0602,0602,DAR,0810,0810,0,0811,0812,1,190,BHM,1106,1105,-1,False
202607147101180,XC,2026-07-14,JUL,TUE,False,,NCL,0835,0834,DAR,0904,0903,-1,0906,0906,0,50,BHM,1127,1128,1,True
202607148729873,XC,2026-07-14,JUL,TUE,False,911,GLC,0648,0653,DAR,1010,1009,-1,1011,1014,3,228,BHM,1306,1314,8,True
202607147101184,XC,2026-07-14,JUL,TUE,False,,NCL,1034,1037,DAR,1104,1106,2,1105,1108,3,50,BHM,1328,1332,4,True
202607148729884,XC,2026-07-14,JUL,TUE,False,911,EDB,1005,1004,DAR,1210,1210,0,1213,1213,0,190,BHM,1506,1509,3,True
202607148729935,XC,2026-07-14,JUL,TUE,False,,NCL,1233,1234,DAR,1303,1305,2,1305,1307,2,50,BHM,1528,1530,2,True
202607147101154,XC,2026-07-14,JUL,TUE,False,,EDB,1205,1204,DAR,1410,1408,-2,1411,1411,0,190,BHM,1706,1709,3,True
202607148729937,XC,2026-07-14,JUL,TUE,False,,NCL,1434,1433,DAR,1504,1503,-1,1506,1506,0,50,BHM,1727,1732,5,True
202607148729909,XC,2026-07-14,JUL,TUE,False,576,EDB,1404,1403,DAR,1610,1608,-2,1611,1611,0,190,BHM,1907,1910,3,True
202607147166824,XC,2026-07-14,JUL,TUE,False,,NCL,1634,1633,DAR,1703,1702,-1,1705,1705,0,50,BHM,1931,1947,16,True
202607147101169,XC,2026-07-14,JUL,TUE,False,,EDB,1605,1604,DAR,1810,1809,-1,1812,1812,0,190,BHM,2107,2124,17,True
202607147100914,XC,2026-07-14,JUL,TUE,False,,NCL,1833,1834,DAR,1904,1903,-1,1906,1906,0,50,BHM,2126,2138,12,True
202607147100842,XC,2026-07-14,JUL,TUE,False,896,EDB,1804,1803,DAR,2009,2007,-2,2011,2010,-1,190,BHM,2328,2341,13,True
202607157101176,XC,2026-07-15,JUL,WED,False,,NCL,0518,0517,DAR,0550,0556,6,0552,0557,5,50,BHM,0828,0832,4,True
202607158729925,XC,2026-07-15,JUL,WED,False,,NCL,0623,0623,DAR,0652,0651,-1,0654,0654,0,50,BHM,0928,0927,-1,False
202607157101140,XC,2026-07-15,JUL,WED,False,,NCL,0640,0640,DAR,0709,0708,-1,0710,0710,0,50,BHM,1004,1002,-2,False
202607158729862,XC,2026-07-15,JUL,WED,False,,EDB,0602,0602,DAR,0810,0809,-1,0811,0811,0,190,BHM,1106,1109,3,True
202607157101180,XC,2026-07-15,JUL,WED,False,,NCL,0835,0835,DAR,0904,0905,1,0906,0907,1,50,BHM,1127,1133,6,True
202607158729873,XC,2026-07-15,JUL,WED,False,,GLC,0648,0648,DAR,1010,1012,2,1011,1014,3,228,BHM,1306,1308,2,True
202607157101184,XC,2026-07-15,JUL,WED,False,,NCL,1034,1034,DAR,1104,1105,1,1105,1108,3,50,BHM,1328,1328,0,False
202607158729884,XC,2026-07-15,JUL,WED,False,,EDB,1005,1005,DAR,1210,1209,-1,1213,1213,0,190,BHM,1506,1510,4,True
202607158729935,XC,2026-07-15,JUL,WED,False,,NCL,1233,1235,DAR,1303,1303,0,1305,1305,0,50,BHM,1528,1531,3,True
202607157101154,XC,2026-07-15,JUL,WED,False,,EDB,1205,1205,DAR,1410,1407,-3,1411,1411,0,190,BHM,1706,1709,3,True
202607158729937,XC,2026-07-15,JUL,WED,False,576,NCL,1434,1439,DAR,1504,1522,18,1506,1524,18,50,BHM,1727,1749,22,True
202607158729909,XC,2026-07-15,JUL,WED,False,,EDB,1404,1403,DAR,1610,1610,0,1611,1612,1,190,BHM,1907,1909,2,True
202607157166824,XC,2026-07-15,JUL,WED,False,904,NCL,1634,1633,DAR,1703,1705,2,1705,1707,2,50,BHM,1931,1937,6,True
202607157101169,XC,2026-07-15,JUL,WED,False,,EDB,1605,1605,DAR,1810,1811,1,1812,1813,1,190,BHM,2107,2105,-2,False
202607157100914,XC,2026-07-15,JUL,WED,True,574,NCL,1833,,DAR,1904,,,1906,,,50,BHM,2126,,,
202607157100842,XC,2026-07-15,JUL,WED,False,,EDB,1804,1804,DAR,2009,2008,-1,2011,2011,0,190,BHM,2328,2347,19,True
202607167101176,XC,2026-07-16,JUL,THU,False,,NCL,0518,0518,DAR,0550,0552,2,0552,0554,2,50,BHM,0828,0831,3,True
202607168729925,XC,2026-07-16,JUL,THU,False,832,NCL,0623,0623,DAR,0652,0652,0,0654,0654,0,50,BHM,0928,0928,0,False
202607167101140,XC,2026-07-16,JUL,THU,False,,NCL,0640,0642,DAR,0709,0710,1,0710,0711,1,50,BHM,1004,1004,0,False
202607168729862,XC,2026-07-16,JUL,THU,False,,EDB,0602,0602,DAR,0810,0809,-1,0811,0812,1,190,BHM,1106,1110,4,True
202607167101180,XC,2026-07-16,JUL,THU,False,,NCL,0835,0835,DAR,0904,0906,2,0906,0908,2,50,BHM,1127,1134,7,True
202607168729873,XC,2026-07-16,JUL,THU,False,895,GLC,0648,0648,DAR,1010,1010,0,1011,1012,1,228,BHM,1306,1328,22,True
202607167101184,XC,2026-07-16,JUL,THU,False,895,NCL,1034,1034,DAR,1104,1105,1,1105,1107,2,50,BHM,1328,1336,8,True
202607168729884,XC,2026-07-16,JUL,THU,False,,EDB,1005,1004,DAR,1210,1210,0,1213,1213,0,190,BHM,1506,1520,14,True
202607168729935,XC,2026-07-16,JUL,THU,False,574,NCL,1233,1240,DAR,1303,1311,8,1305,1314,9,50,BHM,1528,1615,47,True
202607167101154,XC,2026-07-16,JUL,THU,False,,EDB,1205,1204,DAR,1410,1409,-1,1411,1411,0,190,BHM,1706,1716,10,True
202607168729937,XC,2026-07-16,JUL,THU,False,,NCL,1434,1433,DAR,1504,1503,-1,1506,1506,0,50,BHM,1727,1737,10,True
202607168729909,XC,2026-07-16,JUL,THU,False,,EDB,1404,1403,DAR,1610,1610,0,1611,1613,2,190,BHM,1907,1910,3,True
202607167166824,XC,2026-07-16,JUL,THU,False,,NCL,1634,1633,DAR,1703,1703,0,1705,1705,0,50,BHM,1931,1927,-4,False
202607167101169,XC,2026-07-16,JUL,THU,False,,EDB,1605,1604,DAR,1810,1810,0,1812,1813,1,190,BHM,2107,2113,6,True
202607167100914,XC,2026-07-16,JUL,THU,False,,NCL,1833,1832,DAR,1904,1903,-1,1906,1906,0,50,BHM,2126,2131,5,True
202607167100842,XC,2026-07-16,JUL,THU,False,,EDB,1804,1803,DAR,2009,2011,2,2011,2013,2,190,BHM,2328,2327,-1,False
202607177101176,XC,2026-07-17,JUL,FRI,False,,NCL,0518,0518,DAR,0550,0549,-1,0552,0552,0,50,BHM,0828,0840,12,True
202607178729925,XC,2026-07-17,JUL,FRI,False,,NCL,0623,0623,DAR,0652,0652,0,0654,0654,0,50,BHM,0928,0928,0,False
202607177101140,XC,2026-07-17,JUL,FRI,False,,NCL,0640,0640,DAR,0709,0708,-1,0710,0709,-1,50,BHM,1004,1003,-1,False
202607178729862,XC,2026-07-17,JUL,FRI,False,,EDB,0602,0601,DAR,0810,0809,-1,0811,0811,0,190,BHM,1106,1107,1,True
202607177101180,XC,2026-07-17,JUL,FRI,False,,NCL,0835,0835,DAR,0904,0904,0,0906,0906,0,50,BHM,1127,1136,9,True
202607178729873,XC,2026-07-17,JUL,FRI,False,,GLC,0648,0647,DAR,1010,1010,0,1011,1012,1,228,BHM,1306,1306,0,False
202607177101184,XC,2026-07-17,JUL,FRI,False,,NCL,1034,1034,DAR,1104,1104,0,1105,1106,1,50,BHM,1328,1338,10,True
202607178729884,XC,2026-07-17,JUL,FRI,False,895,EDB,1005,1004,DAR,1210,1210,0,1213,1213,0,190,BHM,1506,1531,25,True
202607178729935,XC,2026-07-17,JUL,FRI,False,,NCL,1233,1235,DAR,1303,1304,1,1305,1305,0,50,BHM,1528,1550,22,True
202607177101154,XC,2026-07-17,JUL,FRI,False,,EDB,1205,1204,DAR,1410,1419,9,1411,1421,10,190,BHM,1706,1724,18,True
202607178729937,XC,2026-07-17,JUL,FRI,False,,NCL,1434,1436,DAR,1504,1508,4,1506,1510,4,50,BHM,1727,1742,15,True
202607178729909,XC,2026-07-17,JUL,FRI,False,895,EDB,1404,1403,DAR,1610,1609,-1,1611,1612,1,190,BHM,1907,1928,21,True
202607177166824,XC,2026-07-17,JUL,FRI,False,,NCL,1634,1635,DAR,1703,1704,1,1705,1707,2,50,BHM,1931,1955,24,True
202607177101169,XC,2026-07-17,JUL,FRI,False,,EDB,1605,1604,DAR,1810,1809,-1,1812,1812,0,190,BHM,2107,2106,-1,False
202607177100914,XC,2026-07-17,JUL,FRI,False,,NCL,1833,1834,DAR,1904,1907,3,1906,1909,3,50,BHM,2126,2133,7,True
202607177100842,XC,2026-07-17,JUL,FRI,False,526,EDB,1804,1804,DAR,2009,2011,2,2011,2013,2,190,BHM,2328,2327,-1,False
202607187101146,XC,2026-07-18,JUL,SAT,False,,NCL,0640,0640,DAR,0709,0708,-1,0710,0710,0,50,BHM,1051,1054,3,True
202607188729867,XC,2026-07-18,JUL,SAT,False,,EDB,0602,0601,DAR,0810,0808,-2,0811,0811,0,190,BHM,1151,1211,20,True
202607188729872,XC,2026-07-18,JUL,SAT,False,,EDB,0703,0703,DAR,0910,0913,3,0912,0915,3,190,BHM,1251,1300,9,True
202607188729878,XC,2026-07-18,JUL,SAT,False,,GLC,0648,0648,DAR,1010,1016,6,1011,1019,8,228,BHM,1351,1352,1,True
202607188729885,XC,2026-07-18,JUL,SAT,False,,GLC,0748,0747,DAR,1110,1109,-1,1111,1112,1,228,BHM,1451,1458,7,True
202607187101151,XC,2026-07-18,JUL,SAT,False,,EDB,1005,1004,DAR,1210,1208,-2,1211,1211,0,190,BHM,1552,1554,2,True
202607187101156,XC,2026-07-18,JUL,SAT,False,,ABD,0820,0820,DAR,1310,1307,-3,1311,1311,0,293,BHM,1651,1657,6,True
202607187101162,XC,2026-07-18,JUL,SAT,False,,EDB,1205,1206,DAR,1410,1409,-1,1411,1412,1,190,BHM,1751,1754,3,True
202607187101164,XC,2026-07-18,JUL,SAT,False,,EDB,1305,1308,DAR,1510,1516,6,1512,1517,5,190,BHM,1851,1855,4,True
202607187101167,XC,2026-07-18,JUL,SAT,False,,EDB,1404,1404,DAR,1611,1609,-2,1612,1612,0,190,BHM,1951,1956,5,True
202607187101168,XC,2026-07-18,JUL,SAT,False,,EDB,1504,1503,DAR,1708,1726,18,1711,1728,17,190,BHM,2051,2053,2,True
202607187564463,XC,2026-07-18,JUL,SAT,False,576,EDB,1605,1605,DAR,1809,1823,14,1811,1825,14,190,BHM,2152,2152,0,False
202607187100913,XC,2026-07-18,JUL,SAT,False,,EDB,1705,1704,DAR,1910,1908,-2,1911,1911,0,190,BHM,2244,2252,8,True
202607187100846,XC,2026-07-18,JUL,SAT,False,,EDB,1804,1804,DAR,2009,2007,-2,2011,2010,-1,190,BHM,2333,2348,15,True
202607198729874,XC,2026-07-19,JUL,SUN,False,,NCL,0830,0830,DAR,0901,0900,-1,0904,0904,0,50,BHM,1247,1244,-3,False
202607198729886,XC,2026-07-19,JUL,SUN,False,,EDB,0908,0908,DAR,1109,1112,3,1111,1115,4,190,BHM,1449,1448,-1,False
202607197101152,XC,2026-07-19,JUL,SUN,False,,EDB,1008,1008,DAR,1209,1208,-1,1210,1210,0,190,BHM,1549,1552,3,True
202607197101155,XC,2026-07-19,JUL,SUN,False,,EDB,1107,1107,DAR,1309,1313,4,1310,1315,5,190,BHM,1650,1650,0,False
202607197101165,XC,2026-07-19,JUL,SUN,False,,EDB,1305,1306,DAR,1509,1508,-1,1511,1511,0,190,BHM,1850,1851,1,True
202607198729913,XC,2026-07-19,JUL,SUN,False,526,DEE,1222,1222,DAR,1609,1646,37,1610,1648,38,,BHM,1950,2018,28,True
202607198729915,XC,2026-07-19,JUL,SUN,False,,EDB,1505,1505,DAR,1710,1710,0,1712,1712,0,190,BHM,2047,2056,9,True
202607198729918,XC,2026-07-19,JUL,SUN,True,887,EDB,1607,,DAR,1811,,,1812,,,190,BHM,2147,,,
202607197564509,XC,2026-07-19,JUL,SUN,True,728,EDB,1705,,DAR,1909,,,1911,,,190,BHM,2242,,,
202607197100843,XC,2026-07-19,JUL,SUN,False,895,EDB,1805,1805,DAR,2007,2024,17,2009,2026,17,190,BHM,2335,2348,13,True
202607207101176,XC,2026-07-20,JUL,MON,False,,NCL,0518,0518,DAR,0550,0548,-2,0552,0552,0,50,BHM,0828,0831,3,True
202607208729925,XC,2026-07-20,JUL,MON,False,,NCL,0623,0624,DAR,0652,0653,1,0654,0654,0,50,BHM,0928,0928,0,False
202607207101140,XC,2026-07-20,JUL,MON,False,,NCL,0640,0640,DAR,0709,0710,1,0710,0711,1,50,BHM,1004,1005,1,True
202607207101180,XC,2026-07-20,JUL,MON,False,579,NCL,0835,0835,DAR,0904,0904,0,0906,0907,1,50,BHM,1127,1201,34,True
202607208729873,XC,2026-07-20,JUL,MON,False,894,GLC,0648,0648,DAR,1010,1009,-1,1011,1012,1,228,BHM,1306,1320,14,True
202607207101184,XC,2026-07-20,JUL,MON,True,,NCL,1034,,DAR,1104,,,1105,,,50,BHM,1328,,,
202607208729884,XC,2026-07-20,JUL,MON,False,,EDB,1005,1004,DAR,1210,1211,1,1213,1213,0,190,BHM,1506,1514,8,True
202607208729935,XC,2026-07-20,JUL,MON,False,,NCL,1233,1237,DAR,1303,1310,7,1305,1312,7,50,BHM,1528,1532,4,True
202607207101154,XC,2026-07-20,JUL,MON,False,895,EDB,1205,1205,DAR,1410,1410,0,1411,1412,1,190,BHM,1706,1730,24,True
202607208729937,XC,2026-07-20,JUL,MON,False,,NCL,1434,1437,DAR,1504,1506,2,1506,1507,1,50,BHM,1727,1738,11,True
202607208729909,XC,2026-07-20,JUL,MON,False,,EDB,1404,1403,DAR,1610,1609,-1,1611,1612,1,190,BHM,1907,1907,0,False
202607207166824,XC,2026-07-20,JUL,MON,False,,NCL,1634,1634,DAR,1703,1704,1,1705,1706,1,50,BHM,1931,1933,2,True
202607207101169,XC,2026-07-20,JUL,MON,False,,EDB,1605,1605,DAR,1810,1809,-1,1812,1812,0,190,BHM,2107,2104,-3,False
202607207100914,XC,2026-07-20,JUL,MON,False,,NCL,1833,1834,DAR,1904,1903,-1,1906,1906,0,50,BHM,2126,2125,-1,False
202607207100842,XC,2026-07-20,JUL,MON,False,,EDB,1804,1803,DAR,2009,2007,-2,2011,2011,0,190,BHM,2328,2327,-1,False
202607217101176,XC,2026-07-21,JUL,TUE,False,,NCL,0518,0518,DAR,0550,0549,-1,0552,0552,0,50,BHM,0828,0831,3,True
202607218729925,XC,2026-07-21,JUL,TUE,False,,NCL,0623,0622,DAR,0652,0651,-1,0654,0654,0,50,BHM,0928,0933,5,True
202607217101140,XC,2026-07-21,JUL,TUE,False,,NCL,0640,0640,DAR,0709,0711,2,0710,0713,3,50,BHM,1004,1005,1,True
202607218729862,XC,2026-07-21,JUL,TUE,False,,EDB,0602,0601,DAR,0810,0812,2,0811,0815,4,190,BHM,1106,1108,2,True
202607217101180,XC,2026-07-21,JUL,TUE,False,,NCL,0835,0834,DAR,0904,0903,-1,0906,0906,0,50,BHM,1127,1127,0,False
202607218729873,XC,2026-07-21,JUL,TUE,False,,GLC,0648,0648,DAR,1010,1008,-2,1011,1011,0,228,BHM,1306,1313,7,True
202607217101184,XC,2026-07-21,JUL,TUE,False,520,NCL,1034,1033,DAR,1104,1102,-2,1105,1105,0,50,BHM,1328,1431,63,True
202607218729884,XC,2026-07-21,JUL,TUE,False,,EDB,1005,1004,DAR,1210,1209,-1,1213,1213,0,190,BHM,1506,1521,15,True
202607218729935,XC,2026-07-21,JUL,TUE,False,,NCL,1233,1234,DAR,1303,1304,1,1305,1306,1,50,BHM,1528,1533,5,True
202607217101154,XC,2026-07-21,JUL,TUE,False,,EDB,1205,1204,DAR,1410,1409,-1,1411,1411,0,190,BHM,1706,1706,0,False
202607218729937,XC,2026-07-21,JUL,TUE,False,,NCL,1434,1435,DAR,1504,1503,-1,1506,1506,0,50,BHM,1727,1735,8,True
202607218729909,XC,2026-07-21,JUL,TUE,False,,EDB,1404,1404,DAR,1610,1609,-1,1611,1611,0,190,BHM,1907,1906,-1,False
202607217166824,XC,2026-07-21,JUL,TUE,False,,NCL,1634,1635,DAR,1703,1704,1,1705,1706,1,50,BHM,1931,1935,4,True
202607217101169,XC,2026-07-21,JUL,TUE,False,,EDB,1605,1605,DAR,1810,1812,2,1812,1814,2,190,BHM,2107,2109,2,True
202607217100914,XC,2026-07-21,JUL,TUE,False,,NCL,1833,1836,DAR,1904,1909,5,1906,1910,4,50,BHM,2126,2132,6,True
202607217100842,XC,2026-07-21,JUL,TUE,False,,EDB,1804,1804,DAR,2009,2007,-2,2011,2010,-1,190,BHM,2328,2326,-2,False
202607227101176,XC,2026-07-22,JUL,WED,False,536,NCL,0518,0518,DAR,0550,0547,-3,0552,0551,-1,50,BHM,0828,0853,25,True
202607228729925,XC,2026-07-22,JUL,WED,False,,NCL,0623,0623,DAR,0652,0651,-1,0654,0654,0,50,BHM,0928,0928,0,False
202607227101140,XC,2026-07-22,JUL,WED,False,,NCL,0640,0640,DAR,0709,0708,-1,0710,0711,1,50,BHM,1004,1006,2,True
202607228729862,XC,2026-07-22,JUL,WED,False,,EDB,0602,0602,DAR,0810,0810,0,0811,0812,1,190,BHM,1106,1107,1,True
202607227101180,XC,2026-07-22,JUL,WED,False,832,NCL,0835,0835,DAR,0904,0902,-2,0906,0906,0,50,BHM,1127,1140,13,True
202607228729873,XC,2026-07-22,JUL,WED,False,,GLC,0648,0648,DAR,1010,1009,-1,1011,1011,0,228,BHM,1306,1309,3,True
202607227101184,XC,2026-07-22,JUL,WED,False,,NCL,1034,1034,DAR,1104,1105,1,1105,1107,2,50,BHM,1328,1332,4,True
202607228729884,XC,2026-07-22,JUL,WED,False,,EDB,1005,1004,DAR,1210,1212,2,1213,1215,2,190,BHM,1506,1514,8,True
202607228729935,XC,2026-07-22,JUL,WED,False,,NCL,1233,1232,DAR,1303,1301,-2,1305,1304,-1,50,BHM,1528,1529,1,True
202607227101154,XC,2026-07-22,JUL,WED,False,,EDB,1205,1204,DAR,1410,1413,3,1411,1415,4,190,BHM,1706,1721,15,True
202607228729937,XC,2026-07-22,JUL,WED,False,,NCL,1434,1433,DAR,1504,1503,-1,1506,1506,0,50,BHM,1727,1734,7,True
202607228729909,XC,2026-07-22,JUL,WED,False,895,EDB,1404,1403,DAR,1610,1608,-2,1611,1610,-1,190,BHM,1907,1915,8,True
202607227166824,XC,2026-07-22,JUL,WED,False,,NCL,1634,1633,DAR,1703,1702,-1,1705,1705,0,50,BHM,1931,1931,0,False
202607227101169,XC,2026-07-22,JUL,WED,False,,EDB,1605,1604,DAR,1810,1809,-1,1812,1811,-1,190,BHM,2107,2107,0,False
202607227100914,XC,2026-07-22,JUL,WED,False,,NCL,1833,1839,DAR,1904,1908,4,1906,1910,4,50,BHM,2126,2128,2,True
202607227100842,XC,2026-07-22,JUL,WED,False,,EDB,1804,1803,DAR,2009,2014,5,2011,2016,5,190,BHM,2328,2330,2,True
202607237101176,XC,2026-07-23,JUL,THU,False,895,NCL,0518,0518,DAR,0550,0548,-2,0552,0552,0,50,BHM,0828,0839,11,True
202607238729925,XC,2026-07-23,JUL,THU,False,,NCL,0623,0622,DAR,0652,0651,-1,0654,0654,0,50,BHM,0928,0927,-1,False
202607237101140,XC,2026-07-23,JUL,THU,False,,NCL,0640,0640,DAR,0709,0708,-1,0710,0710,0,50,BHM,1004,1009,5,True
202607238729862,XC,2026-07-23,JUL,THU,False,,EDB,0602,0602,DAR,0810,0808,-2,0811,0811,0,190,BHM,1106,1108,2,True
202607237101180,XC,2026-07-23,JUL,THU,False,,NCL,0835,0835,DAR,0904,0903,-1,0906,0906,0,50,BHM,1127,1127,0,False
202607238729873,XC,2026-07-23,JUL,THU,False,,GLC,0648,0648,DAR,1010,1009,-1,1011,1011,0,228,BHM,1306,1306,0,False
202607237101184,XC,2026-07-23,JUL,THU,False,,NCL,1034,1034,DAR,1104,1103,-1,1105,1106,1,50,BHM,1328,1327,-1,False
202607238729884,XC,2026-07-23,JUL,THU,False,,EDB,1005,1005,DAR,1210,1209,-1,1213,1213,0,190,BHM,1506,1506,0,False
202607238729935,XC,2026-07-23,JUL,THU,False,574,NCL,1233,1242,DAR,1303,1313,10,1305,1315,10,50,BHM,1528,1530,2,True
202607237101154,XC,2026-07-23,JUL,THU,False,,EDB,1205,1204,DAR,1410,1409,-1,1411,1412,1,190,BHM,1706,1706,0,False
202607238729937,XC,2026-07-23,JUL,THU,False,,NCL,1434,1433,DAR,1504,1504,0,1506,1507,1,50,BHM,1727,1729,2,True
202607238729909,XC,2026-07-23,JUL,THU,False,,EDB,1404,1403,DAR,1610,1611,1,1611,1613,2,190,BHM,1907,1910,3,True
202607237166824,XC,2026-07-23,JUL,THU,False,,NCL,1634,1636,DAR,1703,1706,3,1705,1708,3,50,BHM,1931,1933,2,True
202607237101169,XC,2026-07-23,JUL,THU,False,,EDB,1605,1605,DAR,1810,1809,-1,1812,1812,0,190,BHM,2107,2106,-1,False
202607237100914,XC,2026-07-23,JUL,THU,False,,NCL,1833,1836,DAR,1904,1906,2,1906,1908,2,50,BHM,2126,2126,0,False
202607237100842,XC,2026-07-23,JUL,THU,False,,EDB,1804,1803,DAR,2009,2009,0,2011,2010,-1,190,BHM,2328,2326,-2,False
202607247101176,XC,2026-07-24,JUL,FRI,True,528,NCL,0518,,DAR,0550,,,0552,,,50,BHM,0828,,,
202607248729925,XC,2026-07-24,JUL,FRI,False,,NCL,0623,0623,DAR,0652,0652,0,0654,0654,0,50,BHM,0928,0926,-2,False
202607247101140,XC,2026-07-24,JUL,FRI,False,,NCL,0640,0640,DAR,0709,0708,-1,0710,0710,0,50,BHM,1004,1010,6,True
202607248729862,XC,2026-07-24,JUL,FRI,False,,EDB,0602,0602,DAR,0810,0809,-1,0811,0811,0,190,BHM,1106,1116,10,True
202607247101180,XC,2026-07-24,JUL,FRI,False,,NCL,0835,0834,DAR,0904,0903,-1,0906,0905,-1,50,BHM,1127,1135,8,True
202607248729873,XC,2026-07-24,JUL,FRI,False,,GLC,0648,0648,DAR,1010,1009,-1,1011,1012,1,228,BHM,1306,1319,13,True
202607247101184,XC,2026-07-24,JUL,FRI,False,,NCL,1034,1033,DAR,1104,1104,0,1105,1107,2,50,BHM,1328,1345,17,True
202607248729884,XC,2026-07-24,JUL,FRI,False,,EDB,1005,1004,DAR,1210,1209,-1,1213,1213,0,190,BHM,1506,1537,31,True
202607248729935,XC,2026-07-24,JUL,FRI,False,,NCL,1233,1232,DAR,1303,1304,1,1305,1309,4,50,BHM,1528,1540,12,True
202607247101154,XC,2026-07-24,JUL,FRI,False,,EDB,1205,1204,DAR,1410,1408,-2,1411,1411,0,190,BHM,1706,1721,15,True
202607248729937,XC,2026-07-24,JUL,FRI,True,501,NCL,1434,,DAR,1504,,,1506,,,50,BHM,1727,,,
202607248729909,XC,2026-07-24,JUL,FRI,False,,EDB,1404,1404,DAR,1610,1610,0,1611,1612,1,190,BHM,1907,1917,10,True
202607247166824,XC,2026-07-24,JUL,FRI,False,,NCL,1634,1634,DAR,1703,1704,1,1705,1706,1,50,BHM,1931,1933,2,True
202607247101169,XC,2026-07-24,JUL,FRI,False,887,EDB,1605,1618,DAR,1810,1826,16,1812,1828,16,190,BHM,2107,2209,62,True
202607247100914,XC,2026-07-24,JUL,FRI,False,,NCL,1833,,DAR,,,,1906,1907,1,50,BHM,2126,2131,5,True
202607247100842,XC,2026-07-24,JUL,FRI,True,887,EDB,1804,,DAR,2009,,,2011,,,190,BHM,2328,,,
202607258729924,XC,2026-07-25,JUL,SAT,False,,NCL,0622,0621,DAR,0651,0650,-1,0653,0653,0,50,BHM,0927,0927,0,False
202607257101141,XC,2026-07-25,JUL,SAT,False,,NCL,0640,0640,DAR,0709,0708,-1,0710,0710,0,50,BHM,1004,1004,0,False
202607257101146,XC,2026-07-25,JUL,SAT,False,895,EDB,0602,0602,DAR,0810,0809,-1,0811,0811,0,190,BHM,1106,1122,16,True
202607257101179,XC,2026-07-25,JUL,SAT,False,,NCL,0835,0834,DAR,0904,0905,1,0906,0908,2,50,BHM,1127,1134,7,True
202607258729872,XC,2026-07-25,JUL,SAT,False,895,GLC,0648,0647,DAR,1010,1008,-2,1011,1011,0,228,BHM,1306,1329,23,True
202607257101183,XC,2026-07-25,JUL,SAT,True,574,NCL,1035,,DAR,1104,,,1106,,,50,BHM,1328,,,
202607258729885,XC,2026-07-25,JUL,SAT,False,573,EDB,1005,1004,DAR,1210,1213,3,1211,1215,4,190,BHM,1505,1530,25,True
202607258729934,XC,2026-07-25,JUL,SAT,False,,NCL,1234,1236,DAR,1304,1306,2,1306,1307,1,50,BHM,1527,1532,5,True
202607257101156,XC,2026-07-25,JUL,SAT,False,,EDB,1205,1204,DAR,1410,1409,-1,1411,1413,2,190,BHM,1706,1705,-1,False
202607258729938,XC,2026-07-25,JUL,SAT,False,,NCL,1434,1433,DAR,1504,1503,-1,1505,1505,0,50,BHM,1727,1725,-2,False
202607257101164,XC,2026-07-25,JUL,SAT,False,,EDB,1404,1404,DAR,1611,1610,-1,1612,1613,1,190,BHM,1905,1905,0,False
202607257166825,XC,2026-07-25,JUL,SAT,False,895,NCL,1633,1642,DAR,1703,1716,13,1704,1718,14,50,BHM,1925,1959,34,True
202607257101168,XC,2026-07-25,JUL,SAT,False,,EDB,1605,1605,DAR,1809,1807,-2,1811,1811,0,190,BHM,2106,2111,5,True
202607257100916,XC,2026-07-25,JUL,SAT,False,,NCL,1833,1836,DAR,1903,1907,4,1905,1909,4,50,BHM,2126,2134,8,True
202607257100846,XC,2026-07-25,JUL,SAT,False,705,EDB,1804,1810,DAR,2009,2030,21,2011,2032,21,190,BHM,2307,0008,-1379,False
202607268729869,XC,2026-07-26,JUL,SUN,False,,NCL,0830,0830,DAR,0901,0900,-1,0904,0903,-1,50,BHM,1204,1205,1,True
202607268729874,XC,2026-07-26,JUL,SUN,False,,NCL,0936,0936,DAR,1005,1006,1,1006,1007,1,50,BHM,1305,1308,3,True
202607267101147,XC,2026-07-26,JUL,SUN,False,696,EDB,0908,0908,DAR,1109,1133,24,1111,1136,25,190,BHM,1404,1448,44,True
202607268729886,XC,2026-07-26,JUL,SUN,False,,EDB,1008,1008,DAR,1209,1209,0,1210,1211,1,190,BHM,1506,1511,5,True
202607267101152,XC,2026-07-26,JUL,SUN,False,,EDB,1107,1106,DAR,1309,1309,0,1310,1311,1,190,BHM,1604,1604,0,False
202607267101155,XC,2026-07-26,JUL,SUN,False,,GLC,1055,1055,DAR,1410,1410,0,1411,1416,5,228,BHM,1706,1718,12,True
202607267101163,XC,2026-07-26,JUL,SUN,False,,EDB,1305,1305,DAR,1509,1510,1,1511,1513,2,190,BHM,1804,1843,39,True
202607267101165,XC,2026-07-26,JUL,SUN,False,576,DEE,1222,,DAR,1609,1634,25,1610,1636,26,,BHM,1903,1937,34,True
202607268729913,XC,2026-07-26,JUL,SUN,False,,EDB,1505,1505,DAR,1710,1710,0,1712,1712,0,190,BHM,2004,2011,7,True
202607268729915,XC,2026-07-26,JUL,SUN,False,,EDB,1607,1607,DAR,1811,1809,-2,1812,1812,0,190,BHM,2106,2110,4,True
202607268729918,XC,2026-07-26,JUL,SUN,False,,EDB,1705,1705,DAR,1909,1908,-1,1911,1912,1,190,BHM,2208,2248,40,True
202607267100843,XC,2026-07-26,JUL,SUN,False,,EDB,1805,1808,DAR,2007,2019,12,2009,2021,12,190,BHM,2309,2312,3,True
202607277101176,XC,2026-07-27,JUL,MON,True,526,NCL,0518,,DAR,0550,,,0552,,,50,BHM,0828,,,
202607278729925,XC,2026-07-27,JUL,MON,False,533,NCL,0623,0632,DAR,0652,0702,10,0654,0704,10,50,BHM,0928,0945,17,True
202607277101140,XC,2026-07-27,JUL,MON,False,,NCL,0640,0640,DAR,0709,0708,-1,0710,0710,0,50,BHM,1004,1007,3,True
202607278729862,XC,2026-07-27,JUL,MON,False,,EDB,0602,0601,DAR,0810,0809,-1,0811,0811,0,190,BHM,1106,1107,1,True
202607277101180,XC,2026-07-27,JUL,MON,False,,NCL,0835,0834,DAR,0904,0903,-1,0906,0906,0,50,BHM,1127,1132,5,True
202607278729873,XC,2026-07-27,JUL,MON,False,,GLC,0648,0648,DAR,1010,1009,-1,1011,1010,-1,228,BHM,1306,1307,1,True
202607277101184,XC,2026-07-27,JUL,MON,False,,NCL,1034,1034,DAR,1104,1104,0,1105,1109,4,50,BHM,1328,1329,1,True
202607278729884,XC,2026-07-27,JUL,MON,False,,EDB,1005,1004,DAR,1210,1216,6,1213,1218,5,190,BHM,1506,1510,4,True
202607278729935,XC,2026-07-27,JUL,MON,False,,NCL,1233,1241,DAR,1303,1310,7,1305,1312,7,50,BHM,1528,1532,4,True
202607277101154,XC,2026-07-27,JUL,MON,False,,EDB,1205,1205,DAR,1410,1409,-1,1411,1411,0,190,BHM,1706,1714,8,True
202607278729937,XC,2026-07-27,JUL,MON,True,574,NCL,1434,,DAR,1504,,,1506,,,50,BHM,1727,,,
202607278729909,XC,2026-07-27,JUL,MON,False,,EDB,1404,1403,DAR,1610,1609,-1,1611,1611,0,190,BHM,1907,1919,12,True
202607277166824,XC,2026-07-27,JUL,MON,False,,NCL,1634,1634,DAR,1703,1704,1,1705,1706,1,50,BHM,1931,1932,1,True
202607277101169,XC,2026-07-27,JUL,MON,False,,EDB,1605,1605,DAR,1810,1810,0,1812,1812,0,190,BHM,2107,2106,-1,False
202607277100914,XC,2026-07-27,JUL,MON,False,,NCL,1833,1833,DAR,1904,1905,1,1906,1907,1,50,BHM,2126,2129,3,True
202607277100842,XC,2026-07-27,JUL,MON,False,520,EDB,1804,1803,DAR,2009,2008,-1,2011,2011,0,190,BHM,2328,2330,2,True
202607287101176,XC,2026-07-28,JUL,TUE,False,,NCL,0518,0517,DAR,0550,0548,-2,0552,0552,0,50,BHM,0828,0832,4,True
202607288729925,XC,2026-07-28,JUL,TUE,False,,NCL,0623,0622,DAR,0652,0652,0,0654,0654,0,50,BHM,0928,0925,-3,False
202607287101140,XC,2026-07-28,JUL,TUE,False,,NCL,0640,0640,DAR,0709,0709,0,0710,0711,1,50,BHM,1004,1003,-1,False
202607288729862,XC,2026-07-28,JUL,TUE,False,,EDB,0602,0601,DAR,0810,0808,-2,0811,0811,0,190,BHM,1106,1110,4,True
202607287101180,XC,2026-07-28,JUL,TUE,False,,NCL,0835,0834,DAR,0904,0904,0,0906,0906,0,50,BHM,1127,1131,4,True
202607288729873,XC,2026-07-28,JUL,TUE,False,,GLC,0648,0647,DAR,1010,1011,1,1011,1015,4,228,BHM,1306,1309,3,True
202607287101184,XC,2026-07-28,JUL,TUE,False,,NCL,1034,1033,DAR,1104,1103,-1,1105,1105,0,50,BHM,1328,1325,-3,False
202607288729884,XC,2026-07-28,JUL,TUE,False,,EDB,1005,1004,DAR,1210,1210,0,1213,1213,0,190,BHM,1506,1508,2,True
202607288729935,XC,2026-07-28,JUL,TUE,False,,NCL,1233,1232,DAR,1303,1302,-1,1305,1305,0,50,BHM,1528,1529,1,True
202607287101154,XC,2026-07-28,JUL,TUE,False,,EDB,1205,1204,DAR,1410,1411,1,1411,1413,2,190,BHM,1706,1706,0,False
202607288729937,XC,2026-07-28,JUL,TUE,False,,NCL,1434,1433,DAR,1504,1503,-1,1506,1506,0,50,BHM,1727,1728,1,True
202607288729909,XC,2026-07-28,JUL,TUE,False,,EDB,1404,1403,DAR,1610,1610,0,1611,1611,0,190,BHM,1907,1910,3,True
202607287166824,XC,2026-07-28,JUL,TUE,False,,NCL,1634,1633,DAR,1703,1704,1,1705,1705,0,50,BHM,1931,1936,5,True
202607287101169,XC,2026-07-28,JUL,TUE,False,,EDB,1605,1605,DAR,1810,1810,0,1812,1812,0,190,BHM,2107,2111,4,True
202607287100914,XC,2026-07-28,JUL,TUE,False,895,NCL,1833,1834,DAR,1904,1905,1,1906,1907,1,50,BHM,2126,2137,11,True
202607287100842,XC,2026-07-28,JUL,TUE,False,,EDB,1804,1805,DAR,2009,2020,11,2011,2022,11,190,BHM,2328,2327,-1,False
202607297101176,XC,2026-07-29,JUL,WED,False,,NCL,0518,0518,DAR,0550,0548,-2,0552,0552,0,50,BHM,0828,0830,2,True
202607298729925,XC,2026-07-29,JUL,WED,False,,NCL,0623,0623,DAR,0652,0652,0,0654,0654,0,50,BHM,0928,0927,-1,False
202607297101140,XC,2026-07-29,JUL,WED,False,,NCL,0640,0640,DAR,0709,0709,0,0710,0713,3,50,BHM,1004,1004,0,False
202607298729862,XC,2026-07-29,JUL,WED,False,,EDB,0602,0601,DAR,0810,0808,-2,0811,0811,0,190,BHM,1106,1105,-1,False
202607297101180,XC,2026-07-29,JUL,WED,False,,NCL,0835,0835,DAR,0904,0904,0,0906,0906,0,50,BHM,1127,1129,2,True
202607298729873,XC,2026-07-29,JUL,WED,False,,GLC,0648,0647,DAR,1010,1011,1,1011,1013,2,228,BHM,1306,1311,5,True
202607297101184,XC,2026-07-29,JUL,WED,False,,NCL,1034,1034,DAR,1104,1103,-1,1105,1105,0,50,BHM,1328,1331,3,True
202607298729884,XC,2026-07-29,JUL,WED,False,,EDB,1005,1004,DAR,1210,1213,3,1213,1215,2,190,BHM,1506,1517,11,True
202607298729935,XC,2026-07-29,JUL,WED,False,832,NCL,1233,1234,DAR,1303,1304,1,1305,1306,1,50,BHM,1528,1532,4,True
202607297101154,XC,2026-07-29,JUL,WED,False,,EDB,1205,1204,DAR,1410,1408,-2,1411,1410,-1,190,BHM,1706,1709,3,True
202607298729937,XC,2026-07-29,JUL,WED,False,,NCL,1434,1434,DAR,1504,1503,-1,1506,1506,0,50,BHM,1727,1734,7,True
202607298729909,XC,2026-07-29,JUL,WED,False,904,EDB,1404,1403,DAR,1610,1608,-2,1611,1611,0,190,BHM,1907,1924,17,True
202607297166824,XC,2026-07-29,JUL,WED,False,,NCL,1634,1634,DAR,1703,1703,0,1705,1705,0,50,BHM,1931,1937,6,True
202607297101169,XC,2026-07-29,JUL,WED,False,894,EDB,1605,1605,DAR,1810,1809,-1,1812,1812,0,190,BHM,2107,2118,11,True
202607297100914,XC,2026-07-29,JUL,WED,False,,NCL,1833,1835,DAR,1904,1904,0,1906,1906,0,50,BHM,2126,2134,8,True
202607297100842,XC,2026-07-29,JUL,WED,False,501,EDB,1804,1803,DAR,2009,2027,18,2011,2029,18,190,BHM,2328,2344,16,True
202607307101176,XC,2026-07-30,JUL,THU,False,,NCL,0518,0517,DAR,0550,0548,-2,0552,0552,0,50,BHM,0828,0832,4,True
202607308729925,XC,2026-07-30,JUL,THU,False,,NCL,0623,0623,DAR,0652,0651,-1,0654,0654,0,50,BHM,0928,0928,0,False
202607307101140,XC,2026-07-30,JUL,THU,False,,NCL,0640,0640,DAR,0709,0708,-1,0710,0710,0,50,BHM,1004,1006,2,True
202607308729862,XC,2026-07-30,JUL,THU,False,,EDB,0602,0602,DAR,0810,0808,-2,0811,0812,1,190,BHM,1106,1106,0,False
202607307101180,XC,2026-07-30,JUL,THU,False,,NCL,0835,0836,DAR,0904,0905,1,0906,0906,0,50,BHM,1127,1127,0,False
202607308729873,XC,2026-07-30,JUL,THU,False,,GLC,0648,0647,DAR,1010,1009,-1,1011,1012,1,228,BHM,1306,1306,0,False
202607307101184,XC,2026-07-30,JUL,THU,False,,NCL,1034,1039,DAR,1104,1109,5,1105,1111,6,50,BHM,1328,1334,6,True
202607308729884,XC,2026-07-30,JUL,THU,False,,EDB,1005,1004,DAR,1210,1211,1,1213,1213,0,190,BHM,1506,1514,8,True
202607308729935,XC,2026-07-30,JUL,THU,False,576,NCL,1233,1233,DAR,1303,1304,1,1305,1307,2,50,BHM,1528,1552,24,True
202607307101154,XC,2026-07-30,JUL,THU,False,,EDB,1205,1204,DAR,1410,1410,0,1411,1412,1,190,BHM,1706,1710,4,True
202607308729937,XC,2026-07-30,JUL,THU,False,,NCL,1434,1436,DAR,1504,1505,1,1506,1507,1,50,BHM,1727,1729,2,True
202607308729909,XC,2026-07-30,JUL,THU,False,,EDB,1404,1403,DAR,1610,1611,1,1611,1613,2,190,BHM,1907,1913,6,True
202607307166824,XC,2026-07-30,JUL,THU,False,,NCL,1634,1633,DAR,1703,1702,-1,1705,1705,0,50,BHM,1931,1931,0,False
202607307101169,XC,2026-07-30,JUL,THU,False,,EDB,1605,1605,DAR,1810,1809,-1,1812,1812,0,190,BHM,2107,2109,2,True
202607307100914,XC,2026-07-30,JUL,THU,False,,NCL,1833,1834,DAR,1904,1905,1,1906,1909,3,50,BHM,2126,2127,1,True
202607307100842,XC,2026-07-30,JUL,THU,False,576,EDB,1804,1803,DAR,2009,2038,29,2011,2039,28,190,BHM,2328,2339,11,True
202607317101176,XC,2026-07-31,JUL,FRI,False,,NCL,0518,0517,DAR,0550,0548,-2,0552,0551,-1,50,BHM,0828,0828,0,False
202607318729925,XC,2026-07-31,JUL,FRI,False,895,NCL,0623,0623,DAR,0652,0651,-1,0654,0654,0,50,BHM,0928,0928,0,False
202607317101140,XC,2026-07-31,JUL,FRI,False,832,NCL,0640,0640,DAR,0709,0709,0,0710,0711,1,50,BHM,1004,1014,10,True
202607318729862,XC,2026-07-31,JUL,FRI,False,,EDB,0602,0601,DAR,0810,0808,-2,0811,0811,0,190,BHM,1106,1106,0,False
202607317101180,XC,2026-07-31,JUL,FRI,False,832,NCL,0835,0836,DAR,0904,0907,3,0906,0909,3,50,BHM,1127,1132,5,True
202607318729873,XC,2026-07-31,JUL,FRI,False,832,GLC,0648,0647,DAR,1010,1009,-1,1011,1011,0,228,BHM,1306,1321,15,True
202607317101184,XC,2026-07-31,JUL,FRI,False,,NCL,1034,1037,DAR,1104,1107,3,1105,1110,5,50,BHM,1328,1334,6,True
202607318729884,XC,2026-07-31,JUL,FRI,False,904,EDB,1005,1004,DAR,1210,1209,-1,1213,1213,0,190,BHM,1506,1534,28,True
202607318729935,XC,2026-07-31,JUL,FRI,False,,NCL,1233,1232,DAR,1303,1302,-1,1305,1305,0,50,BHM,1528,1536,8,True
202607317101154,XC,2026-07-31,JUL,FRI,False,,EDB,1205,1204,DAR,1410,1410,0,1411,1412,1,190,BHM,1706,1711,5,True
202607318729937,XC,2026-07-31,JUL,FRI,False,832,NCL,1434,1433,DAR,1504,1506,2,1506,1516,10,50,BHM,1727,1732,5,True
202607318729909,XC,2026-07-31,JUL,FRI,False,,EDB,1404,1403,DAR,1610,1609,-1,1611,1612,1,190,BHM,1907,1907,0,False
202607317166824,XC,2026-07-31,JUL,FRI,False,,NCL,1634,1633,DAR,1703,1702,-1,1705,1705,0,50,BHM,1931,1934,3,True
202607317101169,XC,2026-07-31,JUL,FRI,False,,EDB,1605,1605,DAR,1810,1809,-1,1812,1812,0,190,BHM,2107,2108,1,True
202607317100914,XC,2026-07-31,JUL,FRI,False,,NCL,1833,1836,DAR,1904,1906,2,1906,1907,1,50,BHM,2126,2127,1,True
202607317100842,XC,2026-07-31,JUL,FRI,False,832,EDB,1804,1803,DAR,2009,2006,-3,2011,2011,0,190,BHM,2328,2346,18,True
202608018729924,XC,2026-08-01,AUG,SAT,False,,NCL,0622,0623,DAR,0651,0651,0,0653,0653,0,50,BHM,0927,0928,1,True
202608017101141,XC,2026-08-01,AUG,SAT,False,,NCL,0640,0640,DAR,0709,0708,-1,0710,0711,1,50,BHM,1004,1007,3,True
202608017101146,XC,2026-08-01,AUG,SAT,False,547,EDB,0602,0601,DAR,0810,0808,-2,0811,0810,-1,190,BHM,1106,1119,13,True
202608017101179,XC,2026-08-01,AUG,SAT,False,,NCL,0835,0834,DAR,0904,0903,-1,0906,0906,0,50,BHM,1127,1140,13,True
202608018729872,XC,2026-08-01,AUG,SAT,False,,GLC,0648,0648,DAR,1010,1013,3,1011,1015,4,228,BHM,1306,1319,13,True
202608017101183,XC,2026-08-01,AUG,SAT,False,,NCL,1035,1035,DAR,1104,1105,1,1106,1107,1,50,BHM,1328,1334,6,True
202608018729885,XC,2026-08-01,AUG,SAT,False,,EDB,1005,1004,DAR,1210,1208,-2,1211,1210,-1,190,BHM,1505,1510,5,True
202608018729934,XC,2026-08-01,AUG,SAT,False,,NCL,1234,1234,DAR,1304,1303,-1,1306,1306,0,50,BHM,1527,1529,2,True
202608017101156,XC,2026-08-01,AUG,SAT,False,,EDB,1205,1204,DAR,1410,1412,2,1411,1414,3,190,BHM,1706,1708,2,True
202608018729938,XC,2026-08-01,AUG,SAT,False,,NCL,1434,1433,DAR,1504,1503,-1,1505,1505,0,50,BHM,1727,1728,1,True
202608017101164,XC,2026-08-01,AUG,SAT,False,,EDB,1404,1403,DAR,1611,1610,-1,1612,1612,0,190,BHM,1905,1908,3,True
202608017166825,XC,2026-08-01,AUG,SAT,False,,NCL,1633,1633,DAR,1703,1704,1,1704,1706,2,50,BHM,1925,1930,5,True
202608017101168,XC,2026-08-01,AUG,SAT,False,576,EDB,1605,1604,DAR,1809,1826,17,1811,1830,19,190,BHM,2106,2126,20,True
202608017100916,XC,2026-08-01,AUG,SAT,True,528,NCL,1833,,DAR,1903,,,1905,,,50,BHM,2126,,,
202608017100846,XC,2026-08-01,AUG,SAT,False,,EDB,1804,1807,DAR,2009,2007,-2,2011,2010,-1,190,BHM,2307,2308,1,True
202608028729874,XC,2026-08-02,AUG,SUN,False,,NCL,0936,0936,DAR,1005,1006,1,1006,1008,2,50,BHM,1305,1306,1,True
202608027101147,XC,2026-08-02,AUG,SUN,False,,EDB,0908,0908,DAR,1109,1110,1,1111,1113,2,190,BHM,1404,1404,0,False
202608028729886,XC,2026-08-02,AUG,SUN,False,,EDB,1008,1008,DAR,1209,1209,0,1210,1211,1,190,BHM,1506,1510,4,True
202608027101152,XC,2026-08-02,AUG,SUN,False,,EDB,1107,1107,DAR,1309,1308,-1,1310,1310,0,190,BHM,1604,1604,0,False
202608027101155,XC,2026-08-02,AUG,SUN,False,,GLC,1055,1055,DAR,1410,1410,0,1411,1412,1,228,BHM,1706,1708,2,True
202608027101163,XC,2026-08-02,AUG,SUN,False,,EDB,1305,1305,DAR,1509,1515,6,1511,1516,5,190,BHM,1804,1805,1,True
202608027101165,XC,2026-08-02,AUG,SUN,False,,DEE,1222,1222,DAR,1609,1609,0,1610,1611,1,,BHM,1903,1908,5,True
202608027166826,XC,2026-08-02,AUG,SUN,False,,NCL,1635,1634,DAR,1704,1704,0,1706,1706,0,50,BHM,1925,1940,15,True
202608028729915,XC,2026-08-02,AUG,SUN,False,,EDB,1607,1607,DAR,1811,1807,-4,1812,1812,0,190,BHM,2106,2110,4,True
202608027100915,XC,2026-08-02,AUG,SUN,True,762,NCL,1833,,DAR,1902,,,1904,,,50,BHM,2124,,,
202608027100843,XC,2026-08-02,AUG,SUN,False,,EDB,1805,1804,DAR,2007,2006,-1,2009,2009,0,190,BHM,2309,2307,-2,False
202608037101176,XC,2026-08-03,AUG,MON,False,,NCL,0518,0518,DAR,0550,0549,-1,0552,0552,0,50,BHM,0828,0830,2,True
202608038729925,XC,2026-08-03,AUG,MON,False,,NCL,0623,0623,DAR,0652,0652,0,0654,0655,1,50,BHM,0928,0926,-2,False
202608037101140,XC,2026-08-03,AUG,MON,False,887,NCL,0640,0640,DAR,0709,0709,0,0710,0711,1,50,BHM,1004,1008,4,True
202608038729862,XC,2026-08-03,AUG,MON,False,,EDB,0602,0602,DAR,0810,0809,-1,0811,0812,1,190,BHM,1106,1106,0,False
202608037101180,XC,2026-08-03,AUG,MON,False,,NCL,0835,0834,DAR,0904,0903,-1,0906,0906,0,50,BHM,1127,1130,3,True
202608038729873,XC,2026-08-03,AUG,MON,False,,GLC,0648,0647,DAR,1010,1011,1,1011,1013,2,228,BHM,1306,1311,5,True
202608037101184,XC,2026-08-03,AUG,MON,False,543,NCL,1034,1035,DAR,1104,1103,-1,1105,1105,0,50,BHM,1328,1339,11,True
202608038729884,XC,2026-08-03,AUG,MON,False,895,EDB,1005,1004,DAR,1210,1209,-1,1213,1213,0,190,BHM,1506,1524,18,True
202608038729935,XC,2026-08-03,AUG,MON,False,,NCL,1233,1233,DAR,1303,1305,2,1305,1307,2,50,BHM,1528,1537,9,True
202608037101154,XC,2026-08-03,AUG,MON,False,,EDB,1205,1204,DAR,1410,1409,-1,1411,1413,2,190,BHM,1706,1736,30,True
202608038729937,XC,2026-08-03,AUG,MON,False,,NCL,1434,1433,DAR,1504,1503,-1,1506,1506,0,50,BHM,1727,1747,20,True
202608038729909,XC,2026-08-03,AUG,MON,False,520,EDB,1404,1405,DAR,1610,1641,31,1611,1643,32,190,BHM,1907,1957,50,True
202608037166824,XC,2026-08-03,AUG,MON,False,,NCL,1634,1634,DAR,1703,1705,2,1705,1707,2,50,BHM,1931,1935,4,True
202608037101169,XC,2026-08-03,AUG,MON,False,520,EDB,1605,1605,DAR,1810,1809,-1,1812,1812,0,190,BHM,2107,2133,26,True
202608037100914,XC,2026-08-03,AUG,MON,False,,NCL,1833,1833,DAR,1904,1906,2,1906,1908,2,50,BHM,2126,2135,9,True
202608037100842,XC,2026-08-03,AUG,MON,False,520,EDB,1804,1811,DAR,2009,2012,3,2011,2014,3,190,BHM,2328,2328,0,False
202608047101176,XC,2026-08-04,AUG,TUE,False,,NCL,0518,0518,DAR,0550,0548,-2,0552,0552,0,50,BHM,0828,0831,3,True
202608048729925,XC,2026-08-04,AUG,TUE,False,,NCL,0623,0624,DAR,0652,0652,0,0654,0654,0,50,BHM,0928,0929,1,True
202608047101140,XC,2026-08-04,AUG,TUE,False,,NCL,0640,0640,DAR,0709,0709,0,0710,0711,1,50,BHM,1004,1005,1,True
202608048729862,XC,2026-08-04,AUG,TUE,False,,EDB,0602,0602,DAR,0810,0808,-2,0811,0811,0,190,BHM,1106,1110,4,True
202608047101180,XC,2026-08-04,AUG,TUE,False,,NCL,0835,0835,DAR,0904,0904,0,0906,0906,0,50,BHM,1127,1128,1,True
202608048729873,XC,2026-08-04,AUG,TUE,False,,GLC,0648,0647,DAR,1010,1010,0,1011,1012,1,228,BHM,1306,1304,-2,False
202608047101184,XC,2026-08-04,AUG,TUE,False,904,NCL,1034,1035,DAR,1104,1107,3,1105,1109,4,50,BHM,1328,1334,6,True
202608048729884,XC,2026-08-04,AUG,TUE,False,,EDB,1005,1004,DAR,1210,1209,-1,1213,1213,0,190,BHM,1506,1506,0,False
202608048729935,XC,2026-08-04,AUG,TUE,False,,NCL,1233,1234,DAR,1303,1306,3,1305,1308,3,50,BHM,1528,1532,4,True
202608047101154,XC,2026-08-04,AUG,TUE,False,574,EDB,1205,1205,DAR,1410,1409,-1,1411,1412,1,190,BHM,1706,1716,10,True
202608048729937,XC,2026-08-04,AUG,TUE,False,,NCL,1434,1433,DAR,1504,1503,-1,1506,1506,0,50,BHM,1727,1732,5,True
202608048729909,XC,2026-08-04,AUG,TUE,False,,EDB,1404,1403,DAR,1610,1608,-2,1611,1611,0,190,BHM,1907,1908,1,True
202608047166824,XC,2026-08-04,AUG,TUE,False,,NCL,1634,1634,DAR,1703,1704,1,1705,1706,1,50,BHM,1931,1935,4,True
202608047101169,XC,2026-08-04,AUG,TUE,False,,EDB,1605,1604,DAR,1810,1811,1,1812,1813,1,190,BHM,2107,2107,0,False
202608047100914,XC,2026-08-04,AUG,TUE,False,,NCL,1833,1835,DAR,1904,1906,2,1906,1907,1,50,BHM,2126,2128,2,True
202608047100842,XC,2026-08-04,AUG,TUE,False,911,EDB,1804,1858,DAR,2009,2102,53,2011,2103,52,190,BHM,2328,2329,1,True
202608057101176,XC,2026-08-05,AUG,WED,False,,NCL,0518,0518,DAR,0550,0548,-2,0552,0552,0,50,BHM,0828,0836,8,True
202608058729925,XC,2026-08-05,AUG,WED,False,,NCL,0623,0623,DAR,0652,0652,0,0654,0654,0,50,BHM,0928,0927,-1,False
202608057101140,XC,2026-08-05,AUG,WED,False,,NCL,0640,0640,DAR,0709,0708,-1,0710,0710,0,50,BHM,1004,1004,0,False
202608058729862,XC,2026-08-05,AUG,WED,False,,EDB,0602,0602,DAR,0810,0809,-1,0811,0812,1,190,BHM,1106,1118,12,True
202608057101180,XC,2026-08-05,AUG,WED,True,507,NCL,0835,,DAR,0904,,,0906,,,50,BHM,1127,,,
202608058729873,XC,2026-08-05,AUG,WED,False,832,GLC,0648,0648,DAR,1010,1010,0,1011,1012,1,228,BHM,1306,1336,30,True
202608057101184,XC,2026-08-05,AUG,WED,False,832,NCL,1034,1034,DAR,1104,1104,0,1105,1107,2,50,BHM,1328,1349,21,True
202608058729884,XC,2026-08-05,AUG,WED,False,,EDB,1005,1004,DAR,1210,1209,-1,1213,1213,0,190,BHM,1506,1512,6,True
202608058729935,XC,2026-08-05,AUG,WED,False,,NCL,1233,1232,DAR,1303,1301,-2,1305,1305,0,50,BHM,1528,1528,0,False
202608057101154,XC,2026-08-05,AUG,WED,False,,EDB,1205,1206,DAR,1410,1409,-1,1411,1411,0,190,BHM,1706,1705,-1,False
202608058729937,XC,2026-08-05,AUG,WED,False,,NCL,1434,1433,DAR,1504,1504,0,1506,1506,0,50,BHM,1727,1732,5,True
202608058729909,XC,2026-08-05,AUG,WED,False,,EDB,1404,1403,DAR,1610,1610,0,1611,1612,1,190,BHM,1907,1909,2,True
202608057166824,XC,2026-08-05,AUG,WED,False,,NCL,1634,1633,DAR,1703,1703,0,1705,1707,2,50,BHM,1931,1933,2,True
202608057101169,XC,2026-08-05,AUG,WED,False,705,EDB,1605,1605,DAR,1810,1812,2,1812,1814,2,190,BHM,2107,2128,21,True
202608057100914,XC,2026-08-05,AUG,WED,False,,NCL,1833,1836,DAR,1904,1908,4,1906,1910,4,50,BHM,2126,2138,12,True
202608057100842,XC,2026-08-05,AUG,WED,False,,EDB,1804,1803,DAR,2009,2011,2,2011,2015,4,190,BHM,2328,2327,-1,False
202608067101176,XC,2026-08-06,AUG,THU,False,,NCL,0518,0518,DAR,0550,0548,-2,0552,0552,0,50,BHM,0828,0832,4,True
202608068729925,XC,2026-08-06,AUG,THU,False,895,NCL,0623,0623,DAR,0652,0652,0,0654,0654,0,50,BHM,0928,0927,-1,False
202608067101140,XC,2026-08-06,AUG,THU,False,,NCL,0640,0640,DAR,0709,0708,-1,0710,0710,0,50,BHM,1004,1009,5,True
202608068729862,XC,2026-08-06,AUG,THU,False,,EDB,0602,0603,DAR,0810,0808,-2,0811,0810,-1,190,BHM,1106,1109,3,True
202608067101180,XC,2026-08-06,AUG,THU,False,,NCL,0835,0835,DAR,0904,0904,0,0906,0906,0,50,BHM,1127,1132,5,True
202608068729873,XC,2026-08-06,AUG,THU,False,,GLC,0648,0648,DAR,1010,1011,1,1011,1013,2,228,BHM,1306,1312,6,True
202608067101184,XC,2026-08-06,AUG,THU,False,,NCL,1034,1034,DAR,1104,1106,2,1105,1109,4,50,BHM,1328,1329,1,True
202608068729884,XC,2026-08-06,AUG,THU,False,,EDB,1005,1004,DAR,1210,1209,-1,1213,1213,0,190,BHM,1506,1508,2,True
202608068729935,XC,2026-08-06,AUG,THU,False,,NCL,1233,1235,DAR,1303,1304,1,1305,1307,2,50,BHM,1528,1528,0,False
202608067101154,XC,2026-08-06,AUG,THU,False,,EDB,1205,1204,DAR,1410,1409,-1,1411,1411,0,190,BHM,1706,1728,22,True
202608068729937,XC,2026-08-06,AUG,THU,False,,NCL,1434,1436,DAR,1504,1504,0,1506,1506,0,50,BHM,1727,1736,9,True
202608068729909,XC,2026-08-06,AUG,THU,False,555,EDB,1404,1404,DAR,1610,1609,-1,1611,1611,0,190,BHM,1907,2012,65,True
202608067166824,XC,2026-08-06,AUG,THU,True,555,NCL,1634,,DAR,1703,,,1705,,,50,BHM,1931,,,
202608067101169,XC,2026-08-06,AUG,THU,False,895,EDB,1605,1604,DAR,1810,1809,-1,1812,1812,0,190,BHM,2107,2126,19,True
202608067100914,XC,2026-08-06,AUG,THU,False,,NCL,1833,1835,DAR,1904,1906,2,1906,1907,1,50,BHM,2126,2134,8,True
202608067100842,XC,2026-08-06,AUG,THU,False,895,EDB,1804,1804,DAR,2009,2031,22,2011,2033,22,190,BHM,2328,2347,19,True
202608077101176,XC,2026-08-07,AUG,FRI,False,,NCL,0518,0518,DAR,0550,0553,3,0552,0556,4,50,BHM,0828,0833,5,True
202608078729925,XC,2026-08-07,AUG,FRI,False,,NCL,0623,0623,DAR,0652,0652,0,0654,0654,0,50,BHM,0928,0925,-3,False
202608077101140,XC,2026-08-07,AUG,FRI,False,,NCL,0640,0640,DAR,0709,0709,0,0710,0713,3,50,BHM,1004,1011,7,True
202608078729862,XC,2026-08-07,AUG,FRI,False,,EDB,0602,0602,DAR,0810,0809,-1,0811,0812,1,190,BHM,1106,1109,3,True
202608077101180,XC,2026-08-07,AUG,FRI,False,832,NCL,0835,0834,DAR,0904,0913,9,0906,0916,10,50,BHM,1127,1200,33,True
202608078729873,XC,2026-08-07,AUG,FRI,False,895,GLC,0648,0648,DAR,1010,1027,17,1011,1033,22,228,BHM,1306,1331,25,True
202608077101184,XC,2026-08-07,AUG,FRI,True,832,NCL,1034,,DAR,1104,,,1105,,,50,BHM,1328,,,
202608078729884,XC,2026-08-07,AUG,FRI,False,,EDB,1005,1005,DAR,1210,1210,0,1213,1213,0,190,BHM,1506,1517,11,True
202608078729935,XC,2026-08-07,AUG,FRI,True,526,NCL,1233,,DAR,1303,,,1305,,,50,BHM,1528,,,
202608077101154,XC,2026-08-07,AUG,FRI,False,,EDB,1205,1207,DAR,1410,1411,1,1411,1415,4,190,BHM,1706,1713,7,True
202608078729937,XC,2026-08-07,AUG,FRI,False,895,NCL,1434,1435,DAR,1504,1508,4,1506,1511,5,50,BHM,1727,1746,19,True
202608078729909,XC,2026-08-07,AUG,FRI,False,832,EDB,1404,1404,DAR,1610,1619,9,1611,1621,10,190,BHM,1907,1917,10,True
202608077166824,XC,2026-08-07,AUG,FRI,False,,NCL,1634,1635,DAR,1703,1705,2,1705,1706,1,50,BHM,1931,1933,2,True
202608077101169,XC,2026-08-07,AUG,FRI,False,,EDB,1605,1606,DAR,1810,1809,-1,1812,1812,0,190,BHM,2107,2110,3,True
202608077100914,XC,2026-08-07,AUG,FRI,False,,NCL,1833,1836,DAR,1904,1907,3,1906,1909,3,50,BHM,2126,2130,4,True
202608077100842,XC,2026-08-07,AUG,FRI,False,,EDB,1804,1804,DAR,2009,2017,8,2011,2021,10,190,BHM,2328,2329,1,True
202608088729924,XC,2026-08-08,AUG,SAT,False,,NCL,0622,0622,DAR,0651,0652,1,0653,0654,1,50,BHM,0927,0928,1,True
202608087101141,XC,2026-08-08,AUG,SAT,False,,NCL,0640,0640,DAR,0709,0709,0,0710,0710,0,50,BHM,1004,1005,1,True
202608087101146,XC,2026-08-08,AUG,SAT,False,,EDB,0602,0602,DAR,0810,0809,-1,0811,0811,0,190,BHM,1106,1107,1,True
202608088729867,XC,2026-08-08,AUG,SAT,False,,EDB,0703,0703,DAR,0910,0911,1,0912,0913,1,190,BHM,1207,1206,-1,False
202608088729872,XC,2026-08-08,AUG,SAT,False,,GLC,0648,0647,DAR,1010,1010,0,1011,1012,1,228,BHM,1306,1310,4,True
202608088729878,XC,2026-08-08,AUG,SAT,False,,GLC,0748,0747,DAR,1110,1108,-2,1111,1111,0,228,BHM,1404,1403,-1,False
202608088729885,XC,2026-08-08,AUG,SAT,False,574,EDB,1005,1004,DAR,1210,1219,9,1211,1221,10,190,BHM,1505,1505,0,False
202608087101151,XC,2026-08-08,AUG,SAT,False,,ABD,0820,0820,DAR,1310,1310,0,1311,1312,1,293,BHM,1604,1605,1,True
202608087101156,XC,2026-08-08,AUG,SAT,False,,EDB,1205,1204,DAR,1410,1409,-1,1411,1411,0,190,BHM,1706,1705,-1,False
202608087101162,XC,2026-08-08,AUG,SAT,True,574,EDB,1305,,DAR,1510,,,1512,,,190,BHM,1804,,,
202608087101164,XC,2026-08-08,AUG,SAT,False,,EDB,1404,1403,DAR,1611,1609,-2,1612,1613,1,190,BHM,1905,1921,16,True
202608087101167,XC,2026-08-08,AUG,SAT,False,,EDB,1504,1503,DAR,1708,1713,5,1711,1715,4,190,BHM,2005,2009,4,True
202608087101168,XC,2026-08-08,AUG,SAT,False,574,EDB,1605,1605,DAR,1809,1809,0,1811,1811,0,190,BHM,2106,2145,39,True
202608087100913,XC,2026-08-08,AUG,SAT,False,,EDB,1705,1704,DAR,1910,1912,2,1911,1914,3,190,BHM,2232,2234,2,True
202608087100846,XC,2026-08-08,AUG,SAT,False,,EDB,1804,1804,DAR,2009,2008,-1,2011,2011,0,190,BHM,2307,2323,16,True
202608098729869,XC,2026-08-09,AUG,SUN,False,547,NCL,0830,0830,DAR,0901,0901,0,0904,0904,0,50,BHM,1204,1214,10,True
202608098729874,XC,2026-08-09,AUG,SUN,False,,NCL,0936,0937,DAR,1005,1007,2,1006,1009,3,50,BHM,1305,1309,4,True
202608097101147,XC,2026-08-09,AUG,SUN,False,,EDB,0908,0907,DAR,1109,1110,1,1111,1116,5,190,BHM,1404,1404,0,False
202608098729886,XC,2026-08-09,AUG,SUN,True,526,EDB,1008,,DAR,1209,,,1210,,,190,BHM,1506,,,
202608097101152,XC,2026-08-09,AUG,SUN,False,,EDB,1107,1107,DAR,1309,1310,1,1310,1312,2,190,BHM,1604,1605,1,True
202608097101155,XC,2026-08-09,AUG,SUN,True,574,GLC,1055,,DAR,1410,,,1411,,,228,BHM,1706,,,
202608097101163,XC,2026-08-09,AUG,SUN,False,547,EDB,1305,1304,DAR,1509,1510,1,1511,1512,1,190,BHM,1804,1819,15,True
202608097101165,XC,2026-08-09,AUG,SUN,True,526,DEE,1222,,DAR,1609,,,1610,,,,BHM,1903,,,
202608098729913,XC,2026-08-09,AUG,SUN,False,,EDB,1505,1504,DAR,1710,1710,0,1712,1712,0,190,BHM,2004,2007,3,True
202608098729915,XC,2026-08-09,AUG,SUN,False,,EDB,1607,1607,DAR,1811,1814,3,1812,1816,4,190,BHM,2106,2112,6,True
202608098729918,XC,2026-08-09,AUG,SUN,False,,EDB,1705,1705,DAR,1909,1913,4,1911,1915,4,190,BHM,2208,2208,0,False
202608097100843,XC,2026-08-09,AUG,SUN,False,,EDB,1805,1804,DAR,2007,2006,-1,2009,2009,0,190,BHM,2309,2312,3,True
202608107101176,XC,2026-08-10,AUG,MON,False,,NCL,0518,0518,DAR,0550,0548,-2,0552,0552,0,50,BHM,0828,0831,3,True
202608108729925,XC,2026-08-10,AUG,MON,False,,NCL,0623,0624,DAR,0652,0651,-1,0654,0654,0,50,BHM,0928,0929,1,True
202608107101140,XC,2026-08-10,AUG,MON,False,,NCL,0640,0640,DAR,0709,0709,0,0710,0711,1,50,BHM,1004,1006,2,True
202608108729862,XC,2026-08-10,AUG,MON,False,,EDB,0602,0601,DAR,0810,0809,-1,0811,0811,0,190,BHM,1106,1107,1,True
202608107101180,XC,2026-08-10,AUG,MON,False,,NCL,0835,0834,DAR,0904,0903,-1,0906,0906,0,50,BHM,1127,1126,-1,False
202608108729873,XC,2026-08-10,AUG,MON,False,574,GLC,0648,0648,DAR,1010,1010,0,1011,1013,2,228,BHM,1306,1318,12,True
202608107101184,XC,2026-08-10,AUG,MON,False,,NCL,1034,1034,DAR,1104,1106,2,1105,1108,3,50,BHM,1328,1336,8,True
202608108729884,XC,2026-08-10,AUG,MON,False,,EDB,1005,1004,DAR,1210,1213,3,1213,1215,2,190,BHM,1506,1512,6,True
202608108729935,XC,2026-08-10,AUG,MON,False,,NCL,1233,1238,DAR,1303,1305,2,1305,1306,1,50,BHM,1528,1528,0,False
202608107101154,XC,2026-08-10,AUG,MON,False,,EDB,1205,1204,DAR,1410,1409,-1,1411,1412,1,190,BHM,1706,1706,0,False
202608108729937,XC,2026-08-10,AUG,MON,False,,NCL,1434,1433,DAR,1504,1503,-1,1506,1506,0,50,BHM,1727,1728,1,True
202608108729909,XC,2026-08-10,AUG,MON,False,,EDB,1404,1403,DAR,1610,1609,-1,1611,1612,1,190,BHM,1907,1919,12,True
202608107166824,XC,2026-08-10,AUG,MON,False,,NCL,1634,1634,DAR,1703,1704,1,1705,1706,1,50,BHM,1931,1947,16,True
202608107101169,XC,2026-08-10,AUG,MON,False,,EDB,1605,1605,DAR,1810,1809,-1,1812,1812,0,190,BHM,2107,2109,2,True
202608107100914,XC,2026-08-10,AUG,MON,False,,NCL,1833,1835,DAR,1904,1910,6,1906,1912,6,50,BHM,2126,2203,37,True
202608107100842,XC,2026-08-10,AUG,MON,False,,EDB,1804,1804,DAR,2009,2007,-2,2011,2010,-1,190,BHM,2345,2344,-1,False
202608117101176,XC,2026-08-11,AUG,TUE,False,,NCL,0518,0518,DAR,0550,0548,-2,0552,0552,0,50,BHM,0828,0830,2,True
202608118729925,XC,2026-08-11,AUG,TUE,False,,NCL,0623,0623,DAR,0652,0651,-1,0654,0654,0,50,BHM,0928,0931,3,True
202608117101140,XC,2026-08-11,AUG,TUE,False,,NCL,0640,0640,DAR,0709,0708,-1,0710,0710,0,50,BHM,1004,1008,4,True
202608118729862,XC,2026-08-11,AUG,TUE,False,574,EDB,0602,0602,DAR,0810,0809,-1,0811,0812,1,190,BHM,1106,1110,4,True
202608117101180,XC,2026-08-11,AUG,TUE,False,,NCL,0835,0835,DAR,0904,0905,1,0906,0907,1,50,BHM,1127,1126,-1,False
202608118729873,XC,2026-08-11,AUG,TUE,False,,GLC,0648,0648,DAR,1010,1008,-2,1011,1010,-1,228,BHM,1306,1308,2,True
202608117101184,XC,2026-08-11,AUG,TUE,False,,NCL,1034,1037,DAR,1104,1108,4,1105,1110,5,50,BHM,1328,1331,3,True
202608118729884,XC,2026-08-11,AUG,TUE,False,,EDB,1005,1004,DAR,1210,1209,-1,1213,1213,0,190,BHM,1506,1506,0,False
202608118729935,XC,2026-08-11,AUG,TUE,False,,NCL,1233,1232,DAR,1303,1302,-1,1305,1304,-1,50,BHM,1528,1527,-1,False
202608117101154,XC,2026-08-11,AUG,TUE,False,,EDB,1205,1205,DAR,1410,1409,-1,1411,1411,0,190,BHM,1706,1708,2,True
202608118729937,XC,2026-08-11,AUG,TUE,False,,NCL,1434,1434,DAR,1504,1504,0,1506,1506,0,50,BHM,1727,1731,4,True
202608118729909,XC,2026-08-11,AUG,TUE,False,,EDB,1404,1403,DAR,1610,1608,-2,1611,1611,0,190,BHM,1907,1909,2,True
202608117166824,XC,2026-08-11,AUG,TUE,False,,NCL,1634,1634,DAR,1703,1703,0,1705,1706,1,50,BHM,1931,1929,-2,False
202608117101169,XC,2026-08-11,AUG,TUE,False,,EDB,1605,1604,DAR,1810,1809,-1,1812,1812,0,190,BHM,2107,2120,13,True
202608117100914,XC,2026-08-11,AUG,TUE,False,,NCL,1833,1833,DAR,1904,1906,2,1906,1907,1,50,BHM,2126,2203,37,True
202608117100842,XC,2026-08-11,AUG,TUE,False,,EDB,1804,1804,DAR,2009,2011,2,2011,2012,1,190,BHM,2348,2349,1,True
202608127101176,XC,2026-08-12,AUG,WED,False,705,NCL,0518,0518,DAR,0550,0548,-2,0552,0552,0,50,BHM,0828,0900,32,True
202608128729925,XC,2026-08-12,AUG,WED,False,,NCL,0623,0623,DAR,0652,0652,0,0654,0654,0,50,BHM,0928,0927,-1,False
202608127101140,XC,2026-08-12,AUG,WED,False,,NCL,0640,0640,DAR,0709,0709,0,0710,0711,1,50,BHM,1004,1004,0,False
202608128729862,XC,2026-08-12,AUG,WED,False,,EDB,0602,0602,DAR,0810,0809,-1,0811,0811,0,190,BHM,1106,1106,0,False
202608127101180,XC,2026-08-12,AUG,WED,False,,NCL,0835,0834,DAR,0904,0903,-1,0906,0905,-1,50,BHM,1127,1127,0,False
202608128729873,XC,2026-08-12,AUG,WED,True,,GLC,0648,,DAR,1010,,,1011,,,228,BHM,1306,,,
202608127101184,XC,2026-08-12,AUG,WED,True,574,NCL,1034,,DAR,1104,,,1105,,,50,BHM,1328,,,
202608128729884,XC,2026-08-12,AUG,WED,False,,EDB,1005,1004,DAR,1210,1211,1,1213,1213,0,190,BHM,1506,1506,0,False
202608128729935,XC,2026-08-12,AUG,WED,False,,NCL,1233,1233,DAR,1303,1303,0,1305,1306,1,50,BHM,1528,1532,4,True
202608127101154,XC,2026-08-12,AUG,WED,False,,EDB,1205,1204,DAR,1410,1409,-1,1411,1411,0,190,BHM,1706,1706,0,False
202608128729937,XC,2026-08-12,AUG,WED,True,,NCL,1434,,DAR,,,,1506,,,50,BHM,1727,,,
202608128729909,XC,2026-08-12,AUG,WED,False,,EDB,1404,1403,DAR,1610,1611,1,1611,1614,3,190,BHM,1907,1907,0,False
202608127166824,XC,2026-08-12,AUG,WED,False,,NCL,1634,1635,DAR,1703,1704,1,1705,1706,1,50,BHM,1931,1939,8,True
202608127101169,XC,2026-08-12,AUG,WED,False,,EDB,1605,1607,DAR,1810,1810,0,1812,1812,0,190,BHM,2107,2110,3,True
202608127100914,XC,2026-08-12,AUG,WED,False,,NCL,1833,1833,DAR,1904,1903,-1,1906,1907,1,50,BHM,2126,2133,7,True
202608127100842,XC,2026-08-12,AUG,WED,False,,EDB,1804,1803,DAR,2009,2019,10,2011,2021,10,190,BHM,2348,2345,-3,False
202608137101176,XC,2026-08-13,AUG,THU,False,,NCL,0518,0517,DAR,0550,0549,-1,0552,0552,0,50,BHM,0828,0838,10,True
202608138729925,XC,2026-08-13,AUG,THU,False,,NCL,0623,0623,DAR,0652,0653,1,0654,0655,1,50,BHM,0928,0928,0,False
202608137101140,XC,2026-08-13,AUG,THU,False,,NCL,0640,0640,DAR,0709,0709,0,0710,0711,1,50,BHM,1004,1008,4,True
202608138729862,XC,2026-08-13,AUG,THU,False,,EDB,0602,0601,DAR,0810,0809,-1,0811,0811,0,190,BHM,1106,1106,0,False
202608137101180,XC,2026-08-13,AUG,THU,False,,NCL,0835,0845,DAR,0904,0914,10,0906,0916,10,50,BHM,1127,1132,5,True
202608138729873,XC,2026-08-13,AUG,THU,False,,GLC,0648,0648,DAR,1010,1013,3,1011,1015,4,228,BHM,1306,1309,3,True
202608137101184,XC,2026-08-13,AUG,THU,False,832,NCL,1034,1034,DAR,1104,1102,-2,1105,1105,0,50,BHM,1328,1333,5,True
202608138729884,XC,2026-08-13,AUG,THU,True,574,EDB,1005,,DAR,1210,,,1213,,,190,BHM,1506,,,
202608138729935,XC,2026-08-13,AUG,THU,False,,NCL,1233,1236,DAR,1303,1305,2,1305,1308,3,50,BHM,1528,1536,8,True
202608137101154,XC,2026-08-13,AUG,THU,False,520,EDB,1205,1204,DAR,1410,1409,-1,1411,1415,4,190,BHM,1706,1710,4,True
202608138729937,XC,2026-08-13,AUG,THU,False,,NCL,1434,1433,DAR,1504,1504,0,1506,1506,0,50,BHM,1727,1734,7,True
202608138729909,XC,2026-08-13,AUG,THU,False,832,EDB,1404,1403,DAR,1610,1608,-2,1611,1611,0,190,BHM,1907,1935,28,True
202608137166824,XC,2026-08-13,AUG,THU,False,,NCL,1634,1634,DAR,1703,1703,0,1705,1705,0,50,BHM,1931,1947,16,True
202608137101169,XC,2026-08-13,AUG,THU,False,,EDB,1605,1607,DAR,1810,1809,-1,1812,1812,0,190,BHM,2107,2119,12,True
202608137100914,XC,2026-08-13,AUG,THU,False,,NCL,1833,1835,DAR,1904,1905,1,1906,1908,2,50,BHM,2126,2150,24,True
202608147101176,XC,2026-08-14,AUG,FRI,False,,NCL,0518,0518,DAR,0550,0548,-2,0552,0552,0,50,BHM,0828,0834,6,True
202608148729925,XC,2026-08-14,AUG,FRI,False,,NCL,0623,0622,DAR,0652,0651,-1,0654,0654,0,50,BHM,0928,0928,0,False
202608147101140,XC,2026-08-14,AUG,FRI,False,,NCL,0640,0640,DAR,0709,0710,1,0710,0712,2,50,BHM,1004,1014,10,True
202608148729862,XC,2026-08-14,AUG,FRI,False,904,EDB,0602,0601,DAR,0810,0809,-1,0811,0811,0,190,BHM,1106,1134,28,True
202608147101180,XC,2026-08-14,AUG,FRI,False,895,NCL,0835,0839,DAR,0904,0909,5,0906,0910,4,50,BHM,1127,1146,19,True
202608148729873,XC,2026-08-14,AUG,FRI,False,,GLC,0648,0648,DAR,1010,1009,-1,1011,1011,0,228,BHM,1306,1316,10,True
202608147101184,XC,2026-08-14,AUG,FRI,False,,NCL,1034,1037,DAR,1104,1106,2,1105,1108,3,50,BHM,1328,1334,6,True
202608148729884,XC,2026-08-14,AUG,FRI,False,887,EDB,1005,1004,DAR,1210,1212,2,1213,1214,1,190,BHM,1506,1546,40,True
202608148729935,XC,2026-08-14,AUG,FRI,False,,NCL,1233,1235,DAR,1303,1305,2,1305,1306,1,50,BHM,1528,1532,4,True
202608147101154,XC,2026-08-14,AUG,FRI,False,648,EDB,1205,1216,DAR,1410,1422,12,1411,1424,13,190,BHM,1706,1718,12,True
202608148729937,XC,2026-08-14,AUG,FRI,False,,NCL,1434,1433,DAR,1504,1503,-1,1506,1505,-1,50,BHM,1727,1738,11,True
202608148729909,XC,2026-08-14,AUG,FRI,False,,EDB,1404,1403,DAR,1610,1609,-1,1611,1611,0,190,BHM,1907,1914,7,True
202608147166824,XC,2026-08-14,AUG,FRI,False,,NCL,1634,1633,DAR,1703,1702,-1,1705,1705,0,50,BHM,1931,1936,5,True
202608147101169,XC,2026-08-14,AUG,FRI,False,,EDB,1605,1604,DAR,1810,1809,-1,1812,1811,-1,190,BHM,2107,2105,-2,False
202608147100914,XC,2026-08-14,AUG,FRI,False,895,NCL,1833,,DAR,,,,1906,1907,1,50,BHM,2126,2139,13,True
202608147100842,XC,2026-08-14,AUG,FRI,False,,EDB,1804,1804,DAR,2009,2011,2,2011,2012,1,190,BHM,2348,2349,1,True
202608158729924,XC,2026-08-15,AUG,SAT,False,,NCL,0622,0622,DAR,0651,0652,1,0653,0654,1,50,BHM,0927,0928,1,True
202608157101141,XC,2026-08-15,AUG,SAT,False,,NCL,0640,0640,DAR,0709,0709,0,0710,0711,1,50,BHM,1004,1003,-1,False
202608157101146,XC,2026-08-15,AUG,SAT,False,,EDB,0602,0601,DAR,0810,0809,-1,0811,0811,0,190,BHM,1106,1106,0,False
202608158729867,XC,2026-08-15,AUG,SAT,False,,EDB,0703,0703,DAR,0910,0910,0,0912,0912,0,190,BHM,1207,1207,0,False
202608158729872,XC,2026-08-15,AUG,SAT,False,,GLC,0648,0648,DAR,1010,1009,-1,1011,1011,0,228,BHM,1306,1305,-1,False
202608158729878,XC,2026-08-15,AUG,SAT,False,547,GLC,0748,0748,DAR,1110,1110,0,1111,1115,4,228,BHM,1404,1405,1,True
202608158729885,XC,2026-08-15,AUG,SAT,False,,EDB,1005,1005,DAR,1210,1209,-1,1211,1211,0,190,BHM,1505,1508,3,True
202608157101151,XC,2026-08-15,AUG,SAT,False,,ABD,0820,0820,DAR,1310,1308,-2,1311,1311,0,293,BHM,1604,1605,1,True
202608157101156,XC,2026-08-15,AUG,SAT,False,576,EDB,1205,1204,DAR,1410,1410,0,1411,1412,1,190,BHM,1706,1735,29,True
202608157101162,XC,2026-08-15,AUG,SAT,False,,EDB,1305,1304,DAR,1510,1511,1,1512,1513,1,190,BHM,1804,1815,11,True
202608157101164,XC,2026-08-15,AUG,SAT,False,,EDB,1404,1406,DAR,1611,1610,-1,1612,1612,0,190,BHM,1905,1910,5,True
202608157101167,XC,2026-08-15,AUG,SAT,False,,EDB,1504,1504,DAR,1708,1712,4,1711,1714,3,190,BHM,2005,2006,1,True
202608157101168,XC,2026-08-15,AUG,SAT,False,,EDB,1605,1605,DAR,1809,1809,0,1811,1811,0,190,BHM,2106,2128,22,True
202608157100913,XC,2026-08-15,AUG,SAT,False,,EDB,1705,1705,DAR,1910,1923,13,1911,1926,15,190,BHM,2232,2235,3,True
202608157100846,XC,2026-08-15,AUG,SAT,False,,EDB,1804,1804,DAR,2009,2025,16,2011,2027,16,190,BHM,2307,2317,10,True
202608168729869,XC,2026-08-16,AUG,SUN,False,812,NCL,0830,0911,DAR,0901,0948,47,0904,0951,47,50,BHM,1204,1226,22,True
202608168729874,XC,2026-08-16,AUG,SUN,False,812,NCL,0936,0946,DAR,1005,1015,10,1006,1020,14,50,BHM,1305,1307,2,True
202608167101147,XC,2026-08-16,AUG,SUN,False,904,EDB,0908,0908,DAR,1109,1110,1,1111,1112,1,190,BHM,1404,1415,11,True
202608168729886,XC,2026-08-16,AUG,SUN,False,904,EDB,1008,1008,DAR,1209,1220,11,1210,1222,12,190,BHM,1506,1545,39,True
202608167101152,XC,2026-08-16,AUG,SUN,False,904,EDB,1107,1106,DAR,1309,1315,6,1310,1318,8,190,BHM,1604,1610,6,True
202608167101155,XC,2026-08-16,AUG,SUN,False,,GLC,1055,1054,DAR,1410,1415,5,1411,1416,5,228,BHM,1706,1731,25,True
202608167101163,XC,2026-08-16,AUG,SUN,False,,EDB,1305,1304,DAR,1509,1508,-1,1511,1511,0,190,BHM,1804,1807,3,True
202608167101165,XC,2026-08-16,AUG,SUN,False,,DEE,1222,1222,DAR,1609,1623,14,1610,1625,15,,BHM,1903,1911,8,True
202608168729913,XC,2026-08-16,AUG,SUN,False,,EDB,1505,1504,DAR,1710,1710,0,1712,1713,1,190,BHM,2004,2004,0,False
202608168729915,XC,2026-08-16,AUG,SUN,False,,EDB,1607,1607,DAR,1811,1812,1,1812,1815,3,190,BHM,2106,2107,1,True
202608168729918,XC,2026-08-16,AUG,SUN,False,,EDB,1705,1705,DAR,1909,1911,2,1911,1914,3,190,BHM,2208,2207,-1,False
202608167100843,XC,2026-08-16,AUG,SUN,False,,EDB,1805,1804,DAR,2007,2009,2,2009,2011,2,190,BHM,2309,2312,3,True
202608177101176,XC,2026-08-17,AUG,MON,False,,NCL,0518,0518,DAR,0550,0549,-1,0552,0551,-1,50,BHM,0828,0828,0,False
202608178729925,XC,2026-08-17,AUG,MON,False,,NCL,0623,0625,DAR,0652,0654,2,0654,0656,2,50,BHM,0928,0926,-2,False
202608177101140,XC,2026-08-17,AUG,MON,False,,NCL,0640,0639,DAR,0709,0708,-1,0710,0710,0,50,BHM,1004,1007,3,True
202608178729862,XC,2026-08-17,AUG,MON,False,,EDB,0602,0602,DAR,0810,0808,-2,0811,0811,0,190,BHM,1106,1113,7,True
202608177101180,XC,2026-08-17,AUG,MON,False,,NCL,0835,0834,DAR,0904,0903,-1,0906,0905,-1,50,BHM,1127,1135,8,True
202608178729873,XC,2026-08-17,AUG,MON,False,,GLC,0648,0648,DAR,1010,1009,-1,1011,1012,1,228,BHM,1306,1308,2,True
202608177101184,XC,2026-08-17,AUG,MON,False,,NCL,1034,1037,DAR,1104,1106,2,1105,1109,4,50,BHM,1328,1332,4,True
202608178729884,XC,2026-08-17,AUG,MON,False,,EDB,1005,1004,DAR,1210,1209,-1,1213,1212,-1,190,BHM,1506,1514,8,True
202608178729935,XC,2026-08-17,AUG,MON,False,,NCL,1233,1234,DAR,1303,1302,-1,1305,1305,0,50,BHM,1528,1532,4,True
202608177101154,XC,2026-08-17,AUG,MON,False,,EDB,1205,1205,DAR,1410,1410,0,1411,1412,1,190,BHM,1706,1708,2,True
202608178729937,XC,2026-08-17,AUG,MON,False,895,NCL,1434,1433,DAR,1504,1503,-1,1506,1506,0,50,BHM,1727,1738,11,True
202608178729909,XC,2026-08-17,AUG,MON,False,,EDB,1404,1403,DAR,1610,1609,-1,1611,1611,0,190,BHM,1907,1905,-2,False
202608177166824,XC,2026-08-17,AUG,MON,False,,NCL,1634,1634,DAR,1703,1702,-1,1705,1705,0,50,BHM,1931,1935,4,True
202608177101169,XC,2026-08-17,AUG,MON,False,895,EDB,1605,1605,DAR,1810,1809,-1,1812,1812,0,190,BHM,2107,2115,8,True
202608177100914,XC,2026-08-17,AUG,MON,False,895,NCL,1833,1838,DAR,1904,1906,2,1906,1908,2,50,BHM,2126,2134,8,True
202608177100842,XC,2026-08-17,AUG,MON,False,,EDB,1804,1804,DAR,2009,2008,-1,2011,2012,1,190,BHM,2345,2352,7,True
202608187101176,XC,2026-08-18,AUG,TUE,False,,NCL,0518,0517,DAR,0550,0548,-2,0552,0551,-1,50,BHM,0828,0829,1,True
202608188729925,XC,2026-08-18,AUG,TUE,False,,NCL,0623,0623,DAR,0652,0651,-1,0654,0654,0,50,BHM,0928,0932,4,True
202608187101140,XC,2026-08-18,AUG,TUE,False,,NCL,0640,0640,DAR,0709,0708,-1,0710,0710,0,50,BHM,1004,1006,2,True
202608188729862,XC,2026-08-18,AUG,TUE,False,,EDB,0602,0601,DAR,0810,0808,-2,0811,0811,0,190,BHM,1106,1107,1,True
202608187101180,XC,2026-08-18,AUG,TUE,False,,NCL,0835,0835,DAR,0904,0904,0,0906,0906,0,50,BHM,1127,1134,7,True
202608188729873,XC,2026-08-18,AUG,TUE,False,895,GLC,0648,0648,DAR,1010,1009,-1,1011,1012,1,228,BHM,1306,1342,36,True
202608187101184,XC,2026-08-18,AUG,TUE,False,,NCL,1034,1036,DAR,1104,1106,2,1105,1108,3,50,BHM,1328,1333,5,True
202608188729884,XC,2026-08-18,AUG,TUE,False,,EDB,1005,1004,DAR,1210,1210,0,1213,1213,0,190,BHM,1506,1514,8,True
202608188729935,XC,2026-08-18,AUG,TUE,False,656,NCL,1233,1234,DAR,1303,1304,1,1305,1307,2,50,BHM,1528,1549,21,True
202608187101154,XC,2026-08-18,AUG,TUE,False,,EDB,1205,1204,DAR,1410,1411,1,1411,1413,2,190,BHM,1706,1708,2,True
202608188729937,XC,2026-08-18,AUG,TUE,False,,NCL,1434,1434,DAR,1504,1503,-1,1506,1506,0,50,BHM,1727,1739,12,True
202608188729909,XC,2026-08-18,AUG,TUE,False,,EDB,1404,1403,DAR,1610,1608,-2,1611,1611,0,190,BHM,1907,1904,-3,False
202608187166824,XC,2026-08-18,AUG,TUE,False,,NCL,1634,1634,DAR,1703,1703,0,1705,1705,0,50,BHM,1931,1928,-3,False
202608187101169,XC,2026-08-18,AUG,TUE,False,,EDB,1605,1604,DAR,1810,1809,-1,1812,1812,0,190,BHM,2107,2105,-2,False
202608187100914,XC,2026-08-18,AUG,TUE,False,,NCL,1833,1835,DAR,1904,1902,-2,1906,1905,-1,50,BHM,2126,2129,3,True
202608187100842,XC,2026-08-18,AUG,TUE,False,895,EDB,1804,1803,DAR,2009,2029,20,2011,2031,20,190,BHM,2348,2327,-21,False
202608197101176,XC,2026-08-19,AUG,WED,False,,NCL,0518,0519,DAR,0550,0552,2,0552,0553,1,50,BHM,0828,0829,1,True
202608198729925,XC,2026-08-19,AUG,WED,False,,NCL,0623,0623,DAR,0652,0652,0,0654,0654,0,50,BHM,0928,0927,-1,False
202608197101140,XC,2026-08-19,AUG,WED,False,,NCL,0640,0640,DAR,0709,0709,0,0710,0711,1,50,BHM,1004,1004,0,False
202608198729862,XC,2026-08-19,AUG,WED,False,,EDB,0602,0602,DAR,0810,0809,-1,0811,0811,0,190,BHM,1106,1107,1,True
202608197101180,XC,2026-08-19,AUG,WED,False,,NCL,0835,0835,DAR,0904,0904,0,0906,0906,0,50,BHM,1127,1128,1,True
202608198729873,XC,2026-08-19,AUG,WED,False,,GLC,0648,0649,DAR,1010,1008,-2,1011,1011,0,228,BHM,1306,1310,4,True
202608197101184,XC,2026-08-19,AUG,WED,False,,NCL,1034,1034,DAR,1104,1103,-1,1105,1106,1,50,BHM,1328,1329,1,True
202608198729884,XC,2026-08-19,AUG,WED,False,,EDB,1005,1004,DAR,1210,1210,0,1213,1213,0,190,BHM,1506,1507,1,True
202608198729935,XC,2026-08-19,AUG,WED,False,,NCL,1233,1233,DAR,1303,1304,1,1305,1306,1,50,BHM,1528,1530,2,True
202608197101154,XC,2026-08-19,AUG,WED,False,,EDB,1205,1204,DAR,1410,1409,-1,1411,1411,0,190,BHM,1706,1706,0,False
202608198729937,XC,2026-08-19,AUG,WED,False,,NCL,1434,1434,DAR,1504,1505,1,1506,1507,1,50,BHM,1727,1728,1,True
202608198729909,XC,2026-08-19,AUG,WED,False,,EDB,1404,1403,DAR,1610,1610,0,1611,1611,0,190,BHM,1907,1918,11,True
202608197166824,XC,2026-08-19,AUG,WED,False,,NCL,1634,1634,DAR,1703,1703,0,1705,1705,0,50,BHM,1931,1932,1,True
202608197101169,XC,2026-08-19,AUG,WED,False,,EDB,1605,1605,DAR,1810,1808,-2,1812,1812,0,190,BHM,2107,2105,-2,False
202608197100914,XC,2026-08-19,AUG,WED,False,911,NCL,1833,1833,DAR,1904,1905,1,1906,1907,1,50,BHM,2126,2201,35,True
202608197100842,XC,2026-08-19,AUG,WED,False,,EDB,1804,1807,DAR,2009,2012,3,2011,2015,4,190,BHM,2348,2349,1,True
202608207101176,XC,2026-08-20,AUG,THU,False,,NCL,0518,0518,DAR,0550,0548,-2,0552,0552,0,50,BHM,0828,0834,6,True
202608208729925,XC,2026-08-20,AUG,THU,False,,NCL,0623,0623,DAR,0652,0651,-1,0654,0654,0,50,BHM,0928,0929,1,True
202608207101140,XC,2026-08-20,AUG,THU,False,913,NCL,0640,0640,DAR,0709,0709,0,0710,0711,1,50,BHM,1004,1013,9,True
202608208729862,XC,2026-08-20,AUG,THU,False,,EDB,0602,0602,DAR,0810,0809,-1,0811,0812,1,190,BHM,1106,1109,3,True
202608207101180,XC,2026-08-20,AUG,THU,False,887,NCL,0835,0849,DAR,0904,0919,15,0906,0921,15,50,BHM,1127,1158,31,True
202608208729873,XC,2026-08-20,AUG,THU,False,,GLC,0648,0648,DAR,1010,1009,-1,1011,1012,1,228,BHM,1306,1307,1,True
202608207101184,XC,2026-08-20,AUG,THU,False,,NCL,1034,1034,DAR,1104,1104,0,1105,1106,1,50,BHM,1328,1339,11,True
202608208729884,XC,2026-08-20,AUG,THU,False,574,EDB,1005,1017,DAR,1210,1230,20,1213,1232,19,190,BHM,1506,1524,18,True
202608208729935,XC,2026-08-20,AUG,THU,False,895,NCL,1233,1233,DAR,1303,1306,3,1305,1308,3,50,BHM,1528,1539,11,True
202608207101154,XC,2026-08-20,AUG,THU,False,,EDB,1205,1205,DAR,1410,1409,-1,1411,1411,0,190,BHM,1706,1706,0,False
202608208729937,XC,2026-08-20,AUG,THU,False,,NCL,1434,1437,DAR,1504,1506,2,1506,1508,2,50,BHM,1727,1734,7,True
202608208729909,XC,2026-08-20,AUG,THU,False,,EDB,1404,1403,DAR,1610,1609,-1,1611,1611,0,190,BHM,1907,1908,1,True
202608207166824,XC,2026-08-20,AUG,THU,False,,NCL,1634,1634,DAR,1703,1702,-1,1705,1705,0,50,BHM,1931,1929,-2,False
202608207101169,XC,2026-08-20,AUG,THU,False,887,EDB,1605,1605,DAR,1810,1809,-1,1812,1812,0,190,BHM,2107,2104,-3,False
202608207100914,XC,2026-08-20,AUG,THU,False,574,NCL,1833,1833,DAR,1904,1905,1,1906,1914,8,50,BHM,2126,2137,11,True
202608207100842,XC,2026-08-20,AUG,THU,False,,EDB,1804,1804,DAR,2009,2007,-2,2011,2010,-1,190,BHM,2348,2350,2,True
202608217101176,XC,2026-08-21,AUG,FRI,False,,NCL,0518,0518,DAR,0550,0548,-2,0552,0551,-1,50,BHM,0828,0828,0,False
202608218729925,XC,2026-08-21,AUG,FRI,False,,NCL,0623,0623,DAR,0652,0651,-1,0654,0654,0,50,BHM,0928,0925,-3,False
202608217101140,XC,2026-08-21,AUG,FRI,False,,NCL,0640,0640,DAR,0709,0709,0,0710,0711,1,50,BHM,1004,1002,-2,False
202608218729862,XC,2026-08-21,AUG,FRI,False,,EDB,0602,0602,DAR,0810,0808,-2,0811,0811,0,190,BHM,1106,1117,11,True
202608217101180,XC,2026-08-21,AUG,FRI,False,,NCL,0835,0834,DAR,0904,0903,-1,0906,0906,0,50,BHM,1127,1130,3,True
202608218729873,XC,2026-08-21,AUG,FRI,False,,GLC,0648,0647,DAR,1010,1009,-1,1011,1011,0,228,BHM,1306,1307,1,True
202608217101184,XC,2026-08-21,AUG,FRI,False,,NCL,1034,1036,DAR,1104,1106,2,1105,1108,3,50,BHM,1328,1329,1,True
202608218729884,XC,2026-08-21,AUG,FRI,True,574,EDB,1005,,DAR,1210,,,1213,,,190,BHM,1506,,,
202608218729935,XC,2026-08-21,AUG,FRI,False,,NCL,1233,1233,DAR,1303,1303,0,1305,1307,2,50,BHM,1528,1531,3,True
202608217101154,XC,2026-08-21,AUG,FRI,False,,EDB,1205,1205,DAR,1410,1409,-1,1411,1411,0,190,BHM,1706,1706,0,False
202608218729937,XC,2026-08-21,AUG,FRI,False,,NCL,1434,1437,DAR,1504,1507,3,1506,1508,2,50,BHM,1727,1730,3,True
202608218729909,XC,2026-08-21,AUG,FRI,False,895,EDB,1404,1407,DAR,1610,1613,3,1611,1616,5,190,BHM,1907,1923,16,True
202608217166824,XC,2026-08-21,AUG,FRI,False,,NCL,1634,1634,DAR,1703,1702,-1,1705,1705,0,50,BHM,1931,1931,0,False
202608217101169,XC,2026-08-21,AUG,FRI,False,913,EDB,1605,1605,DAR,1810,1810,0,1812,1813,1,190,BHM,2107,2134,27,True
202608217100914,XC,2026-08-21,AUG,FRI,False,904,NCL,1833,1833,DAR,1904,1905,1,1906,1908,2,50,BHM,2126,2132,6,True
202608217100842,XC,2026-08-21,AUG,FRI,False,,EDB,1804,1804,DAR,2009,2014,5,2011,2016,5,190,BHM,2348,2348,0,False
202608228729924,XC,2026-08-22,AUG,SAT,False,,NCL,0622,0622,DAR,0651,0651,0,0653,0653,0,50,BHM,0927,0929,2,True
202608227101141,XC,2026-08-22,AUG,SAT,False,,NCL,0640,0640,DAR,0709,0708,-1,0710,0710,0,50,BHM,1004,1011,7,True
202608227101146,XC,2026-08-22,AUG,SAT,False,,EDB,0602,0601,DAR,0810,0808,-2,0811,0812,1,190,BHM,1106,1110,4,True
202608228729867,XC,2026-08-22,AUG,SAT,False,557,EDB,0703,0703,DAR,0910,0910,0,0912,0912,0,190,BHM,1207,1204,-3,False
202608228729872,XC,2026-08-22,AUG,SAT,False,557,GLC,0648,0648,DAR,1010,1017,7,1011,1020,9,228,BHM,1306,1315,9,True
202608228729878,XC,2026-08-22,AUG,SAT,False,,GLC,0748,0747,DAR,1110,1108,-2,1111,1112,1,228,BHM,1404,1412,8,True
202608228729885,XC,2026-08-22,AUG,SAT,False,,EDB,1005,1004,DAR,1210,1209,-1,1211,1211,0,190,BHM,1505,1508,3,True
202608227101151,XC,2026-08-22,AUG,SAT,False,,ABD,0820,0820,DAR,1310,1308,-2,1311,1311,0,293,BHM,1604,1603,-1,False
202608227101156,XC,2026-08-22,AUG,SAT,False,,EDB,1205,1204,DAR,1410,1410,0,1411,1412,1,190,BHM,1706,1708,2,True
202608227101162,XC,2026-08-22,AUG,SAT,False,,EDB,1305,1305,DAR,1510,1509,-1,1512,1513,1,190,BHM,1804,1805,1,True
202608227101164,XC,2026-08-22,AUG,SAT,False,,EDB,1404,1403,DAR,1611,1608,-3,1612,1612,0,190,BHM,1905,1909,4,True
202608227101167,XC,2026-08-22,AUG,SAT,False,,EDB,1504,1503,DAR,1708,1709,1,1711,1711,0,190,BHM,2005,2011,6,True
202608227101168,XC,2026-08-22,AUG,SAT,False,,EDB,1605,1605,DAR,1809,1808,-1,1811,1811,0,190,BHM,2106,2106,0,False
202608227100913,XC,2026-08-22,AUG,SAT,False,,EDB,1705,1704,DAR,1910,1909,-1,1911,1911,0,190,BHM,2232,2232,0,False
202608227100846,XC,2026-08-22,AUG,SAT,False,,EDB,1804,1804,DAR,2009,2009,0,2011,2011,0,190,BHM,2307,2324,17,True
202608238729869,XC,2026-08-23,AUG,SUN,True,,NCL,0830,,DAR,0901,,,0904,,,50,BHM,1204,,,
202608238729874,XC,2026-08-23,AUG,SUN,True,526,NCL,0936,,DAR,1005,,,1006,,,50,BHM,1305,,,
202608237101147,XC,2026-08-23,AUG,SUN,True,525,EDB,0908,,DAR,1109,,,1111,,,190,BHM,1404,,,
202608238729886,XC,2026-08-23,AUG,SUN,True,,EDB,1008,,DAR,1209,,,1210,,,190,BHM,1506,,,
202608237101152,XC,2026-08-23,AUG,SUN,True,,EDB,1107,,DAR,1309,,,1310,,,190,BHM,1604,,,
202608237101155,XC,2026-08-23,AUG,SUN,True,,GLC,1055,,DAR,1410,,,1411,,,228,BHM,1706,,,
202608237101163,XC,2026-08-23,AUG,SUN,True,,EDB,1305,,DAR,1509,,,1511,,,190,BHM,1804,,,
202608237101165,XC,2026-08-23,AUG,SUN,True,525,DEE,1222,,DAR,1609,,,1610,,,,BHM,1903,,,
202608238729913,XC,2026-08-23,AUG,SUN,True,,EDB,1505,,DAR,1710,,,1712,,,190,BHM,2004,,,
202608238729915,XC,2026-08-23,AUG,SUN,True,,EDB,1607,,DAR,1811,,,1812,,,190,BHM,2106,,,
202608238729918,XC,2026-08-23,AUG,SUN,True,,EDB,1705,,DAR,1909,,,1911,,,190,BHM,2208,,,
202608237100843,XC,2026-08-23,AUG,SUN,True,918,EDB,1805,,DAR,2007,,,2009,,,190,BHM,2309,,,
202608247101176,XC,2026-08-24,AUG,MON,False,,NCL,0518,0518,DAR,0550,0548,-2,0552,0552,0,50,BHM,0828,0830,2,True
202608248729925,XC,2026-08-24,AUG,MON,False,,NCL,0623,0623,DAR,0652,0652,0,0654,0655,1,50,BHM,0928,0931,3,True
202608247101140,XC,2026-08-24,AUG,MON,False,,NCL,0640,0640,DAR,0709,0709,0,0710,0711,1,50,BHM,1004,1003,-1,False
202608248729862,XC,2026-08-24,AUG,MON,False,,EDB,0602,0602,DAR,0810,0809,-1,0811,0811,0,190,BHM,1106,1107,1,True
202608247101180,XC,2026-08-24,AUG,MON,False,,NCL,0835,0835,DAR,0904,0904,0,0906,0906,0,50,BHM,1127,1134,7,True
202608248729873,XC,2026-08-24,AUG,MON,False,,GLC,0648,0648,DAR,1010,1025,15,1011,1026,15,228,BHM,1306,1337,31,True
202608247101184,XC,2026-08-24,AUG,MON,False,,NCL,1034,1035,DAR,1104,1104,0,1105,1106,1,50,BHM,1328,1341,13,True
202608248729884,XC,2026-08-24,AUG,MON,False,,EDB,1005,1004,DAR,1210,1211,1,1213,1213,0,190,BHM,1506,1509,3,True
202608248729935,XC,2026-08-24,AUG,MON,False,,NCL,1233,1233,DAR,1303,1301,-2,1305,1305,0,50,BHM,1528,1528,0,False
202608247101154,XC,2026-08-24,AUG,MON,False,886,EDB,1205,1204,DAR,1410,1426,16,1411,1429,18,190,BHM,1706,1735,29,True
202608248729937,XC,2026-08-24,AUG,MON,False,,NCL,1434,1433,DAR,1504,1503,-1,1506,1506,0,50,BHM,1727,1744,17,True
202608248729909,XC,2026-08-24,AUG,MON,False,,EDB,1404,1403,DAR,1610,1608,-2,1611,1611,0,190,BHM,1907,1908,1,True
202608247166824,XC,2026-08-24,AUG,MON,False,,NCL,1634,1638,DAR,1703,1707,4,1705,1709,4,50,BHM,1931,2001,30,True
202608247101169,XC,2026-08-24,AUG,MON,False,,EDB,1605,1608,DAR,1810,1809,-1,1812,1812,0,190,BHM,2107,2107,0,False
202608247100914,XC,2026-08-24,AUG,MON,False,,NCL,1833,1833,DAR,1904,1901,-3,1906,1905,-1,50,BHM,2126,2128,2,True
202608247100842,XC,2026-08-24,AUG,MON,False,,EDB,1804,1803,DAR,2009,2010,1,2011,2012,1,190,BHM,2345,2345,0,False
202608257101176,XC,2026-08-25,AUG,TUE,True,649,NCL,0518,,DAR,0550,,,0552,,,50,BHM,0828,,,
202608258729925,XC,2026-08-25,AUG,TUE,True,528,NCL,0623,,DAR,0652,,,0654,,,50,BHM,0928,,,
202608257101140,XC,2026-08-25,AUG,TUE,False,,NCL,0640,,DAR,0709,0709,0,0710,0712,2,50,BHM,1004,1009,5,True
202608258729862,XC,2026-08-25,AUG,TUE,False,,EDB,0602,,DAR,0810,0809,-1,0811,0814,3,190,BHM,1106,1107,1,True
202608257101180,XC,2026-08-25,AUG,TUE,False,,NCL,0835,0834,DAR,0904,0903,-1,0906,0906,0,50,BHM,1127,1131,4,True
202608258729873,XC,2026-08-25,AUG,TUE,False,911,GLC,0648,,DAR,1010,1009,-1,1011,1010,-1,228,BHM,1306,1311,5,True
202608257101184,XC,2026-08-25,AUG,TUE,False,,NCL,1034,1034,DAR,1104,1103,-1,1105,1105,0,50,BHM,1328,1329,1,True
202608258729884,XC,2026-08-25,AUG,TUE,False,,EDB,1005,1004,DAR,1210,1211,1,1213,1213,0,190,BHM,1506,1507,1,True
202608258729935,XC,2026-08-25,AUG,TUE,False,,NCL,1233,1233,DAR,1303,1304,1,1305,1307,2,50,BHM,1528,1527,-1,False
202608257101154,XC,2026-08-25,AUG,TUE,False,528,EDB,1205,1224,DAR,1410,1439,29,1411,1440,29,190,BHM,1706,1738,32,True
202608258729937,XC,2026-08-25,AUG,TUE,False,,NCL,1434,1434,DAR,1504,1503,-1,1506,1506,0,50,BHM,1727,1741,14,True
202608258729909,XC,2026-08-25,AUG,TUE,False,,EDB,1404,1403,DAR,1610,1609,-1,1611,1611,0,190,BHM,1907,1911,4,True
202608257166824,XC,2026-08-25,AUG,TUE,False,,NCL,1634,1634,DAR,1703,1706,3,1705,1707,2,50,BHM,1931,1926,-5,False
202608257101169,XC,2026-08-25,AUG,TUE,False,,EDB,1605,1605,DAR,1810,1809,-1,1812,1812,0,190,BHM,2107,2114,7,True
202608257100914,XC,2026-08-25,AUG,TUE,False,,NCL,1833,1833,DAR,1904,1903,-1,1906,1906,0,50,BHM,2126,2140,14,True
202608257100842,XC,2026-08-25,AUG,TUE,False,,EDB,1804,1803,DAR,2009,2008,-1,2011,2010,-1,190,BHM,2348,2349,1,True
202608267101176,XC,2026-08-26,AUG,WED,True,895,NCL,0518,,DAR,0550,,,0552,,,50,BHM,0828,,,
202608268729925,XC,2026-08-26,AUG,WED,False,704,NCL,0623,0624,DAR,0652,0652,0,0654,0654,0,50,BHM,0928,0939,11,True
202608267101140,XC,2026-08-26,AUG,WED,False,,NCL,0640,0640,DAR,0709,0708,-1,0710,0711,1,50,BHM,1004,1004,0,False
202608268729862,XC,2026-08-26,AUG,WED,False,,EDB,0602,0605,DAR,0810,0809,-1,0811,0811,0,190,BHM,1106,1114,8,True
202608267101180,XC,2026-08-26,AUG,WED,False,,NCL,0835,0834,DAR,0904,0903,-1,0906,0906,0,50,BHM,1127,1129,2,True
202608268729873,XC,2026-08-26,AUG,WED,False,,GLC,0648,0648,DAR,1010,1010,0,1011,1014,3,228,BHM,1306,1309,3,True
202608267101184,XC,2026-08-26,AUG,WED,False,,NCL,1034,1034,DAR,1104,1105,1,1105,1106,1,50,BHM,1328,1326,-2,False
202608268729884,XC,2026-08-26,AUG,WED,False,,EDB,1005,1004,DAR,1210,1210,0,1213,1213,0,190,BHM,1506,1510,4,True
202608268729935,XC,2026-08-26,AUG,WED,False,,NCL,1233,1234,DAR,1303,1305,2,1305,1307,2,50,BHM,1528,1528,0,False
202608267101154,XC,2026-08-26,AUG,WED,False,705,EDB,1205,1204,DAR,1410,1409,-1,1411,1413,2,190,BHM,1706,1716,10,True
202608268729937,XC,2026-08-26,AUG,WED,False,,NCL,1434,1434,DAR,1504,1503,-1,1506,1506,0,50,BHM,1727,1732,5,True
202608268729909,XC,2026-08-26,AUG,WED,False,579,EDB,1404,1403,DAR,1610,1610,0,1611,1611,0,190,BHM,1907,1909,2,True
202608267166824,XC,2026-08-26,AUG,WED,False,,NCL,1634,1634,DAR,1703,1703,0,1705,1705,0,50,BHM,1931,1935,4,True
202608267101169,XC,2026-08-26,AUG,WED,False,,EDB,1605,1604,DAR,1810,1810,0,1812,1812,0,190,BHM,2107,2110,3,True
202608267100914,XC,2026-08-26,AUG,WED,False,,NCL,1833,1833,DAR,1904,1906,2,1906,1908,2,50,BHM,2126,2129,3,True
202608267100842,XC,2026-08-26,AUG,WED,False,,EDB,1804,1804,DAR,2009,2012,3,2011,2015,4,190,BHM,2348,2347,-1,False
202608277101176,XC,2026-08-27,AUG,THU,False,,NCL,0518,0518,DAR,0550,0548,-2,0552,0552,0,50,BHM,0828,0833,5,True
202608278729925,XC,2026-08-27,AUG,THU,False,,NCL,0623,0623,DAR,0652,0652,0,0654,0654,0,50,BHM,0928,0928,0,False
202608277101140,XC,2026-08-27,AUG,THU,False,895,NCL,0640,0640,DAR,0709,0710,1,0710,0711,1,50,BHM,1004,1008,4,True
202608278729862,XC,2026-08-27,AUG,THU,False,,EDB,0602,0602,DAR,0810,0809,-1,0811,0812,1,190,BHM,1106,1112,6,True
202608277101180,XC,2026-08-27,AUG,THU,False,911,NCL,0835,0838,DAR,0904,0908,4,0906,0910,4,50,BHM,1127,1146,19,True
202608278729873,XC,2026-08-27,AUG,THU,False,547,GLC,0648,0648,DAR,1010,1013,3,1011,1017,6,228,BHM,1306,1328,22,True
202608277101184,XC,2026-08-27,AUG,THU,False,895,NCL,1034,1034,DAR,1104,1103,-1,1105,1105,0,50,BHM,1328,1337,9,True
202608278729884,XC,2026-08-27,AUG,THU,False,,EDB,1005,1004,DAR,1210,1209,-1,1213,1213,0,190,BHM,1506,1508,2,True
202608278729935,XC,2026-08-27,AUG,THU,False,,NCL,1233,1233,DAR,1303,1301,-2,1305,1305,0,50,BHM,1528,1529,1,True
202608277101154,XC,2026-08-27,AUG,THU,False,845,EDB,1205,1204,DAR,1410,1410,0,1411,1413,2,190,BHM,1706,1735,29,True
202608278729937,XC,2026-08-27,AUG,THU,False,895,NCL,1434,1439,DAR,1504,1509,5,1506,1513,7,50,BHM,1727,1742,15,True
202608278729909,XC,2026-08-27,AUG,THU,False,,EDB,1404,1403,DAR,1610,1609,-1,1611,1612,1,190,BHM,1907,1917,10,True
202608277166824,XC,2026-08-27,AUG,THU,False,,NCL,1634,1633,DAR,1703,1704,1,1705,1706,1,50,BHM,1931,1931,0,False
202608277101169,XC,2026-08-27,AUG,THU,False,,EDB,1605,1608,DAR,1810,1810,0,1812,1815,3,190,BHM,2107,2113,6,True
202608277100914,XC,2026-08-27,AUG,THU,False,,NCL,1833,1834,DAR,1904,1906,2,1906,1908,2,50,BHM,2126,2128,2,True
202608277100842,XC,2026-08-27,AUG,THU,False,,EDB,1804,1804,DAR,2009,2012,3,2011,2014,3,190,BHM,2348,2348,0,False
202608287101176,XC,2026-08-28,AUG,FRI,False,,NCL,0518,0518,DAR,0550,0548,-2,0552,0552,0,50,BHM,0828,0839,11,True
202608288729925,XC,2026-08-28,AUG,FRI,False,,NCL,0623,0623,DAR,0652,0650,-2,0654,0654,0,50,BHM,0928,0930,2,True
202608287101140,XC,2026-08-28,AUG,FRI,False,,NCL,0640,0640,DAR,0709,0708,-1,0710,0711,1,50,BHM,1004,1006,2,True
202608288729862,XC,2026-08-28,AUG,FRI,True,811,EDB,0602,,DAR,0810,,,0811,,,190,BHM,1106,,,
202608287101180,XC,2026-08-28,AUG,FRI,True,526,NCL,0835,,DAR,0904,,,0906,,,50,BHM,1127,,,
202608288729873,XC,2026-08-28,AUG,FRI,True,811,GLC,0648,,DAR,1010,,,1011,,,228,BHM,1306,,,
202608287101184,XC,2026-08-28,AUG,FRI,False,886,NCL,1034,1034,DAR,1104,1103,-1,1105,1107,2,50,BHM,1328,1330,2,True
202608288729884,XC,2026-08-28,AUG,FRI,False,531,EDB,1005,,DAR,1210,1212,2,1213,1214,1,190,BHM,1506,1522,16,True
202608288729935,XC,2026-08-28,AUG,FRI,False,,NCL,1233,1233,DAR,1303,1302,-1,1305,1305,0,50,BHM,1528,1535,7,True
202608287101154,XC,2026-08-28,AUG,FRI,False,,EDB,1205,1204,DAR,1410,1409,-1,1411,1411,0,190,BHM,1706,1705,-1,False
202608288729937,XC,2026-08-28,AUG,FRI,False,,NCL,1434,1437,DAR,1504,1506,2,1506,1508,2,50,BHM,1727,1736,9,True
202608288729909,XC,2026-08-28,AUG,FRI,False,811,EDB,1404,1403,DAR,1610,1623,13,1611,1626,15,190,BHM,1907,1913,6,True
202608287166824,XC,2026-08-28,AUG,FRI,False,576,NCL,1634,1655,DAR,1703,1725,22,1705,1727,22,50,BHM,1931,1944,13,True
202608287101169,XC,2026-08-28,AUG,FRI,False,878,EDB,1605,1605,DAR,1810,1837,27,1812,1839,27,190,BHM,2107,2125,18,True
202608287100914,XC,2026-08-28,AUG,FRI,False,,NCL,1833,,DAR,,,,1906,1906,0,50,BHM,2126,2133,7,True
202608287100842,XC,2026-08-28,AUG,FRI,False,832,EDB,1804,1804,DAR,2009,2057,48,2011,2059,48,190,BHM,2348,0003,-1425,False
202608297101146,XC,2026-08-29,AUG,SAT,False,,NCL,0640,0640,DAR,0709,0708,-1,0710,0710,0,50,BHM,1024,1023,-1,False
202608298729867,XC,2026-08-29,AUG,SAT,False,,EDB,0602,0601,DAR,0810,0809,-1,0811,0811,0,190,BHM,1123,1126,3,True
202608298729872,XC,2026-08-29,AUG,SAT,False,,EDB,0703,0703,DAR,0910,0910,0,0912,0912,0,190,BHM,1223,1227,4,True
202608298729878,XC,2026-08-29,AUG,SAT,False,,GLC,0648,,DAR,1010,1013,3,1011,1015,4,228,BHM,1323,1323,0,False
202608298729885,XC,2026-08-29,AUG,SAT,False,,GLC,0748,0748,DAR,1110,1110,0,1111,1112,1,228,BHM,1423,1432,9,True
202608297101151,XC,2026-08-29,AUG,SAT,False,,EDB,1005,1004,DAR,1210,1211,1,1211,1213,2,190,BHM,1523,1522,-1,False
202608297101156,XC,2026-08-29,AUG,SAT,False,,ABD,0820,0820,DAR,1310,1310,0,1311,1312,1,293,BHM,1623,1627,4,True
202608297101162,XC,2026-08-29,AUG,SAT,False,,EDB,1205,1204,DAR,1410,1409,-1,1411,1411,0,190,BHM,1723,1722,-1,False
202608297101164,XC,2026-08-29,AUG,SAT,False,,EDB,1305,1304,DAR,1510,1510,0,1512,1512,0,190,BHM,1823,1825,2,True
202608297101167,XC,2026-08-29,AUG,SAT,False,887,EDB,1404,1403,DAR,1611,1615,4,1612,1618,6,190,BHM,1923,1959,36,True
202608297101168,XC,2026-08-29,AUG,SAT,False,871,EDB,1504,1504,DAR,1708,1737,29,1711,1740,29,190,BHM,2023,2051,28,True
202608297565878,XC,2026-08-29,AUG,SAT,False,,EDB,1605,1605,DAR,1809,1808,-1,1811,1811,0,190,BHM,2123,2129,6,True
202608297100913,XC,2026-08-29,AUG,SAT,False,,EDB,1705,1705,DAR,1910,1910,0,1911,1912,1,190,BHM,2252,2253,1,True
202608297100846,XC,2026-08-29,AUG,SAT,False,,EDB,1804,1803,DAR,2009,2007,-2,2011,2010,-1,190,BHM,2322,2327,5,True
202608308729874,XC,2026-08-30,AUG,SUN,False,,NCL,0830,0830,DAR,0901,0900,-1,0904,0904,0,50,BHM,1222,1222,0,False
202608307101147,XC,2026-08-30,AUG,SUN,False,,NCL,0936,0938,DAR,1005,1009,4,1006,1010,4,50,BHM,1322,1322,0,False
202608308729886,XC,2026-08-30,AUG,SUN,False,,EDB,0908,0907,DAR,1109,1111,2,1111,1113,2,190,BHM,1423,1426,3,True
202608307101152,XC,2026-08-30,AUG,SUN,False,,EDB,1008,1008,DAR,1209,1207,-2,1210,1210,0,190,BHM,1522,1523,1,True
202608307101155,XC,2026-08-30,AUG,SUN,False,,EDB,1107,1106,DAR,1309,1310,1,1310,1311,1,190,BHM,1623,1625,2,True
202608307101163,XC,2026-08-30,AUG,SUN,False,526,GLC,1055,,DAR,1410,1409,-1,1411,1412,1,228,BHM,1722,1744,22,True
202608307101165,XC,2026-08-30,AUG,SUN,False,,EDB,1305,1309,DAR,1509,1510,1,1511,1512,1,190,BHM,1822,1829,7,True
202608308729913,XC,2026-08-30,AUG,SUN,True,526,DEE,1222,,DAR,1609,,,1610,,,,BHM,1922,,,
202608308729915,XC,2026-08-30,AUG,SUN,False,,EDB,1505,1505,DAR,1710,1710,0,1712,1713,1,190,BHM,2023,2024,1,True
202608308729918,XC,2026-08-30,AUG,SUN,False,,EDB,1607,1607,DAR,1811,1809,-2,1812,1812,0,190,BHM,2122,2135,13,True
202608307565981,XC,2026-08-30,AUG,SUN,False,704,EDB,1705,1705,DAR,1909,1910,1,1911,1914,3,190,BHM,2222,2228,6,True
202608307100843,XC,2026-08-30,AUG,SUN,False,,EDB,1805,1805,DAR,2007,2007,0,2009,2009,0,190,BHM,2319,2324,5,True
202608318729862,XC,2026-08-31,AUG,MON,False,876,NCL,0640,0641,DAR,0709,0728,19,0710,0730,20,50,BHM,1024,1051,27,True
202608318729868,XC,2026-08-31,AUG,MON,False,,EDB,0602,0602,DAR,0810,0808,-2,0811,0811,0,190,BHM,1123,1132,9,True
202608318729873,XC,2026-08-31,AUG,MON,False,,EDB,0703,0702,DAR,0910,0913,3,0912,0915,3,190,BHM,1224,1224,0,False
202608317101148,XC,2026-08-31,AUG,MON,False,,GLC,0648,0647,DAR,1010,1009,-1,1011,1011,0,228,BHM,1323,1325,2,True
202608318729884,XC,2026-08-31,AUG,MON,False,,GLC,0748,0747,DAR,1110,1110,0,1112,1112,0,228,BHM,1423,1424,1,True
202608317101153,XC,2026-08-31,AUG,MON,False,,EDB,1005,1004,DAR,1210,1209,-1,1213,1213,0,190,BHM,1523,1529,6,True
202608317101154,XC,2026-08-31,AUG,MON,False,,ABD,0820,0820,DAR,1310,1308,-2,1311,1311,0,293,BHM,1624,1627,3,True
202608317101161,XC,2026-08-31,AUG,MON,False,832,EDB,1205,1204,DAR,1410,1414,4,1411,1416,5,190,BHM,1724,1728,4,True
202608318729909,XC,2026-08-31,AUG,MON,False,832,EDB,1305,1304,DAR,1510,1512,2,1512,1516,4,190,BHM,1824,1832,8,True
202608317101166,XC,2026-08-31,AUG,MON,False,,EDB,1404,1404,DAR,1610,1609,-1,1611,1616,5,190,BHM,1923,1928,5,True
202608317101169,XC,2026-08-31,AUG,MON,False,904,EDB,1504,1511,DAR,1708,1711,3,1711,1713,2,190,BHM,2024,2030,6,True
202608317101170,XC,2026-08-31,AUG,MON,False,,EDB,1605,1604,DAR,1810,1809,-1,1812,1812,0,190,BHM,2124,2142,18,True
202608317566057,XC,2026-08-31,AUG,MON,False,,EDB,1704,1703,DAR,1910,1909,-1,1911,1911,0,190,BHM,2222,2225,3,True
202608317100842,XC,2026-08-31,AUG,MON,False,,EDB,1804,1804,DAR,2009,2010,1,2011,2013,2,190,BHM,2352,2351,-1,False
202609017101176,XC,2026-09-01,SEP,TUE,False,,NCL,0518,0518,DAR,0550,0549,-1,0552,0552,0,50,BHM,0828,0838,10,True
202609018729925,XC,2026-09-01,SEP,TUE,False,,NCL,0623,0623,DAR,0652,0651,-1,0654,0653,-1,50,BHM,0928,0929,1,True
202609017101140,XC,2026-09-01,SEP,TUE,False,,NCL,0640,0640,DAR,0709,0709,0,0710,0711,1,50,BHM,1004,1006,2,True
202609018729862,XC,2026-09-01,SEP,TUE,False,,EDB,0602,0602,DAR,0810,0809,-1,0811,0811,0,190,BHM,1106,1108,2,True
202609017101180,XC,2026-09-01,SEP,TUE,False,,NCL,0835,0835,DAR,0904,0905,1,0906,0906,0,50,BHM,1127,1130,3,True
202609018729873,XC,2026-09-01,SEP,TUE,False,832,GLC,0648,0648,DAR,1010,1009,-1,1011,1012,1,228,BHM,1306,1309,3,True
202609017101184,XC,2026-09-01,SEP,TUE,False,,NCL,1034,1034,DAR,1104,1105,1,1105,1107,2,50,BHM,1328,1330,2,True
202609018729884,XC,2026-09-01,SEP,TUE,False,574,EDB,1005,1005,DAR,1210,1214,4,1213,1216,3,190,BHM,1506,1517,11,True
202609018729935,XC,2026-09-01,SEP,TUE,False,,NCL,1233,1232,DAR,1303,1302,-1,1305,1305,0,50,BHM,1528,1532,4,True
202609017101154,XC,2026-09-01,SEP,TUE,False,832,EDB,1205,1204,DAR,1410,1409,-1,1411,1411,0,190,BHM,1706,1711,5,True
202609018729937,XC,2026-09-01,SEP,TUE,False,,NCL,1434,1435,DAR,1504,1504,0,1506,1506,0,50,BHM,1727,1737,10,True
202609018729909,XC,2026-09-01,SEP,TUE,False,579,EDB,1404,1403,DAR,1610,1613,3,1611,1615,4,190,BHM,1907,1941,34,True
202609017166824,XC,2026-09-01,SEP,TUE,False,,NCL,1634,1637,DAR,1703,1707,4,1705,1708,3,50,BHM,1931,1945,14,True
202609017101169,XC,2026-09-01,SEP,TUE,False,576,EDB,1605,1604,DAR,1810,1809,-1,1812,1811,-1,190,BHM,2107,2127,20,True
202609017100914,XC,2026-09-01,SEP,TUE,True,507,NCL,1833,,DAR,1904,,,1906,,,50,BHM,2126,,,
202609017100842,XC,2026-09-01,SEP,TUE,False,887,EDB,1804,1804,DAR,2009,2010,1,2011,2011,0,190,BHM,2348,2351,3,True
202609027101176,XC,2026-09-02,SEP,WED,False,,NCL,0518,0518,DAR,0550,0548,-2,0552,0552,0,50,BHM,0828,0836,8,True
202609028729925,XC,2026-09-02,SEP,WED,False,,NCL,0623,0623,DAR,0652,0656,4,0654,0657,3,50,BHM,0928,0926,-2,False
202609027101140,XC,2026-09-02,SEP,WED,False,,NCL,0640,0640,DAR,0709,0708,-1,0710,0710,0,50,BHM,1004,1003,-1,False
202609028729862,XC,2026-09-02,SEP,WED,False,,EDB,0602,0602,DAR,0810,0809,-1,0811,0811,0,190,BHM,1106,1110,4,True
202609027101180,XC,2026-09-02,SEP,WED,False,,NCL,0835,0834,DAR,0904,0906,2,0906,0907,1,50,BHM,1127,1132,5,True
202609028729873,XC,2026-09-02,SEP,WED,False,,GLC,0648,0647,DAR,1010,1009,-1,1011,1011,0,228,BHM,1306,1308,2,True
202609027101184,XC,2026-09-02,SEP,WED,False,,NCL,1034,1035,DAR,1104,1104,0,1105,1105,0,50,BHM,1328,1328,0,False
202609028729884,XC,2026-09-02,SEP,WED,False,705,EDB,1005,1004,DAR,1210,1210,0,1213,1213,0,190,BHM,1506,1531,25,True
202609028729935,XC,2026-09-02,SEP,WED,False,,NCL,1233,1232,DAR,1303,1302,-1,1305,1305,0,50,BHM,1528,1533,5,True
202609027101154,XC,2026-09-02,SEP,WED,False,,EDB,1205,1204,DAR,1410,1411,1,1411,1412,1,190,BHM,1706,1711,5,True
202609028729937,XC,2026-09-02,SEP,WED,False,,NCL,1434,1434,DAR,1504,1504,0,1506,1506,0,50,BHM,1727,1727,0,False
202609028729909,XC,2026-09-02,SEP,WED,False,,EDB,1404,1404,DAR,1610,1613,3,1611,1614,3,190,BHM,1907,1914,7,True
202609027166824,XC,2026-09-02,SEP,WED,False,,NCL,1634,1633,DAR,1703,1703,0,1705,1705,0,50,BHM,1931,1928,-3,False
202609027101169,XC,2026-09-02,SEP,WED,False,,EDB,1605,1604,DAR,1810,1809,-1,1812,1812,0,190,BHM,2107,2108,1,True
202609027100914,XC,2026-09-02,SEP,WED,False,,NCL,1833,1833,DAR,1904,1905,1,1906,1906,0,50,BHM,2126,2137,11,True
202609037101176,XC,2026-09-03,SEP,THU,False,,NCL,0518,0517,DAR,0550,0548,-2,0552,0551,-1,50,BHM,0828,0831,3,True
202609038729925,XC,2026-09-03,SEP,THU,True,526,NCL,0623,,DAR,0652,,,0654,,,50,BHM,0928,,,
202609037101140,XC,2026-09-03,SEP,THU,False,,NCL,0640,0640,DAR,0709,0709,0,0710,0711,1,50,BHM,1004,1005,1,True
202609038729862,XC,2026-09-03,SEP,THU,False,,EDB,0602,0602,DAR,0810,0814,4,0811,0815,4,190,BHM,1106,1109,3,True
202609037101180,XC,2026-09-03,SEP,THU,False,,NCL,0835,0835,DAR,0904,0904,0,0906,0908,2,50,BHM,1127,1135,8,True
202609038729873,XC,2026-09-03,SEP,THU,False,,GLC,0648,0648,DAR,1010,1009,-1,1011,1011,0,228,BHM,1306,1310,4,True
202609037101184,XC,2026-09-03,SEP,THU,False,,NCL,1034,1034,DAR,1104,1104,0,1105,1106,1,50,BHM,1328,1332,4,True
202609038729884,XC,2026-09-03,SEP,THU,False,,EDB,1005,1004,DAR,1210,1210,0,1213,1213,0,190,BHM,1506,1508,2,True
202609038729935,XC,2026-09-03,SEP,THU,False,,NCL,1233,1234,DAR,1303,1303,0,1305,1305,0,50,BHM,1528,1530,2,True
202609037101154,XC,2026-09-03,SEP,THU,False,,EDB,1205,1205,DAR,1410,1409,-1,1411,1411,0,190,BHM,1706,1713,7,True
202609038729937,XC,2026-09-03,SEP,THU,False,,NCL,1434,1434,DAR,1504,1504,0,1506,1506,0,50,BHM,1727,1732,5,True
202609038729909,XC,2026-09-03,SEP,THU,False,,EDB,1404,1403,DAR,1610,1613,3,1611,1614,3,190,BHM,1907,1906,-1,False
202609037166824,XC,2026-09-03,SEP,THU,False,705,NCL,1634,1635,DAR,1703,1705,2,1705,1725,20,50,BHM,1931,1957,26,True
202609037101169,XC,2026-09-03,SEP,THU,False,535,EDB,1605,1604,DAR,1810,1809,-1,1812,1812,0,190,BHM,2107,2105,-2,False
202609037100914,XC,2026-09-03,SEP,THU,False,,NCL,1833,1832,DAR,1904,1905,1,1906,1906,0,50,BHM,2126,2132,6,True
202609037100842,XC,2026-09-03,SEP,THU,False,,EDB,1804,1803,DAR,2009,2009,0,2011,2011,0,190,BHM,2348,2349,1,True
202609047101176,XC,2026-09-04,SEP,FRI,False,,NCL,0518,0518,DAR,0550,0549,-1,0552,0552,0,50,BHM,0828,0834,6,True
202609048729925,XC,2026-09-04,SEP,FRI,False,,NCL,0623,0623,DAR,0652,0652,0,0654,0654,0,50,BHM,0928,0931,3,True
202609047101140,XC,2026-09-04,SEP,FRI,False,,NCL,0640,0640,DAR,0709,0708,-1,0710,0710,0,50,BHM,1004,1007,3,True
202609048729862,XC,2026-09-04,SEP,FRI,False,910,EDB,0602,0602,DAR,0810,0808,-2,0811,0811,0,190,BHM,1106,1135,29,True
202609047101180,XC,2026-09-04,SEP,FRI,False,,NCL,0835,0834,DAR,0904,0904,0,0906,0906,0,50,BHM,1127,1142,15,True
202609048729873,XC,2026-09-04,SEP,FRI,False,,GLC,0648,0648,DAR,1010,1009,-1,1011,1010,-1,228,BHM,1306,1314,8,True
202609047101184,XC,2026-09-04,SEP,FRI,False,,NCL,1034,1035,DAR,1104,1106,2,1105,1108,3,50,BHM,1328,1328,0,False
202609048729884,XC,2026-09-04,SEP,FRI,False,,EDB,1005,1004,DAR,1210,1210,0,1213,1213,0,190,BHM,1506,1508,2,True
202609048729935,XC,2026-09-04,SEP,FRI,False,904,NCL,1233,1232,DAR,1303,1303,0,1305,1305,0,50,BHM,1528,1600,32,True
202609047101154,XC,2026-09-04,SEP,FRI,False,,EDB,1205,1204,DAR,1410,1412,2,1411,1414,3,190,BHM,1706,1706,0,False
202609048729937,XC,2026-09-04,SEP,FRI,False,579,NCL,1434,1434,DAR,1504,1505,1,1506,1509,3,50,BHM,1727,1737,10,True
202609048729909,XC,2026-09-04,SEP,FRI,False,,EDB,1404,1404,DAR,1610,1611,1,1611,1613,2,190,BHM,1907,1915,8,True
202609047166824,XC,2026-09-04,SEP,FRI,False,895,NCL,1634,1634,DAR,1703,1706,3,1705,1711,6,50,BHM,1931,1941,10,True
202609047101169,XC,2026-09-04,SEP,FRI,False,,EDB,1605,1605,DAR,1810,1810,0,1812,1812,0,190,BHM,2107,2118,11,True
202609047100914,XC,2026-09-04,SEP,FRI,False,832,NCL,1833,1836,DAR,1904,1908,4,1906,1909,3,50,BHM,2126,2222,56,True
202609047100842,XC,2026-09-04,SEP,FRI,False,,EDB,1804,1804,DAR,2009,2013,4,2011,2015,4,190,BHM,2348,2352,4,True
202609058729924,XC,2026-09-05,SEP,SAT,False,,NCL,0622,0622,DAR,0651,0651,0,0653,0653,0,50,BHM,0927,0930,3,True
202609057101141,XC,2026-09-05,SEP,SAT,False,,NCL,0640,0640,DAR,0709,0709,0,0710,0713,3,50,BHM,1004,1005,1,True
202609057101146,XC,2026-09-05,SEP,SAT,False,,EDB,0602,0601,DAR,0810,0809,-1,0811,0811,0,190,BHM,1106,1107,1,True
202609057101179,XC,2026-09-05,SEP,SAT,False,,NCL,0835,0835,DAR,0904,0903,-1,0906,0906,0,50,BHM,1127,1132,5,True
202609058729872,XC,2026-09-05,SEP,SAT,False,,GLC,0648,0648,DAR,1010,1009,-1,1011,1010,-1,228,BHM,1306,1309,3,True
202609057101183,XC,2026-09-05,SEP,SAT,False,,NCL,1035,1034,DAR,1104,1103,-1,1106,1105,-1,50,BHM,1328,1330,2,True
202609058729885,XC,2026-09-05,SEP,SAT,False,,EDB,1005,1004,DAR,1210,1208,-2,1211,1210,-1,190,BHM,1505,1507,2,True
202609058729934,XC,2026-09-05,SEP,SAT,False,,NCL,1234,1234,DAR,1304,1303,-1,1306,1305,-1,50,BHM,1527,1526,-1,False
202609057101156,XC,2026-09-05,SEP,SAT,False,,EDB,1205,1204,DAR,1410,1410,0,1411,1411,0,190,BHM,1706,1707,1,True
202609058729938,XC,2026-09-05,SEP,SAT,False,,NCL,1434,1434,DAR,1504,1503,-1,1505,1505,0,50,BHM,1727,1737,10,True
202609057101164,XC,2026-09-05,SEP,SAT,False,,EDB,1404,1403,DAR,1611,1611,0,1612,1613,1,190,BHM,1905,1926,21,True
202609057166825,XC,2026-09-05,SEP,SAT,False,,NCL,1633,1632,DAR,1703,1706,3,1704,1708,4,50,BHM,1925,1940,15,True
202609057101168,XC,2026-09-05,SEP,SAT,False,,EDB,1605,1605,DAR,1809,1811,2,1811,1813,2,190,BHM,2106,2119,13,True
202609057100916,XC,2026-09-05,SEP,SAT,False,,NCL,1833,1834,DAR,1903,1903,0,1905,1905,0,50,BHM,2126,2134,8,True
202609057100846,XC,2026-09-05,SEP,SAT,False,576,EDB,1804,1804,DAR,2009,2033,24,2011,2035,24,190,BHM,2307,2326,19,True
202609068729869,XC,2026-09-06,SEP,SUN,False,895,NCL,0830,0834,DAR,0901,0905,4,0904,0906,2,50,BHM,1204,1221,17,True
202609067101147,XC,2026-09-06,SEP,SUN,False,,EDB,0908,0908,DAR,1109,1108,-1,1111,1110,-1,190,BHM,1404,1403,-1,False
202609068729886,XC,2026-09-06,SEP,SUN,False,,EDB,1008,1008,DAR,1209,1215,6,1210,1216,6,190,BHM,1506,1515,9,True
202609067101152,XC,2026-09-06,SEP,SUN,False,,EDB,1107,1106,DAR,1309,1308,-1,1310,1310,0,190,BHM,1604,1605,1,True
202609067101155,XC,2026-09-06,SEP,SUN,False,526,GLC,1055,,DAR,1410,1421,11,1411,1423,12,228,BHM,1706,1734,28,True
202609067101163,XC,2026-09-06,SEP,SUN,False,,EDB,1305,1304,DAR,1509,1509,0,1511,1511,0,190,BHM,1804,1807,3,True
202609067101165,XC,2026-09-06,SEP,SUN,False,,DEE,1222,,DAR,1609,1609,0,1610,1610,0,,BHM,1903,1902,-1,False
202609067166826,XC,2026-09-06,SEP,SUN,False,904,NCL,1635,1634,DAR,1704,1704,0,1706,1706,0,50,BHM,1925,1940,15,True
202609068729915,XC,2026-09-06,SEP,SUN,False,,EDB,1607,1606,DAR,1811,1810,-1,1812,1812,0,190,BHM,2106,2105,-1,False
202609067100915,XC,2026-09-06,SEP,SUN,False,,NCL,1833,1833,DAR,1902,1902,0,1904,1904,0,50,BHM,2124,2137,13,True
202609067100843,XC,2026-09-06,SEP,SUN,False,,EDB,1805,1805,DAR,2007,2007,0,2009,2009,0,190,BHM,2309,2317,8,True
202609128729924,XC,2026-09-12,SEP,SAT,False,,NCL,0622,0622,DAR,0651,0651,0,0653,0653,0,50,BHM,0927,0930,3,True
202609127101141,XC,2026-09-12,SEP,SAT,False,,NCL,0640,0640,DAR,0709,0708,-1,0710,0710,0,50,BHM,1004,1014,10,True
202609127101146,XC,2026-09-12,SEP,SAT,False,911,EDB,0602,0603,DAR,0810,0812,2,0811,0814,3,190,BHM,1106,1134,28,True
202609127101179,XC,2026-09-12,SEP,SAT,False,,NCL,0835,0835,DAR,0904,0904,0,0906,0906,0,50,BHM,1127,1136,9,True
202609128729872,XC,2026-09-12,SEP,SAT,False,,GLC,0648,0648,DAR,1010,1010,0,1011,1013,2,228,BHM,1306,1311,5,True
202609127101183,XC,2026-09-12,SEP,SAT,False,,NCL,1035,1035,DAR,1104,1104,0,1106,1106,0,50,BHM,1328,1333,5,True
202609128729885,XC,2026-09-12,SEP,SAT,False,,EDB,1005,1004,DAR,1210,1208,-2,1211,1210,-1,190,BHM,1505,1507,2,True
202609128729934,XC,2026-09-12,SEP,SAT,False,,NCL,1234,1234,DAR,1304,1310,6,1306,1312,6,50,BHM,1527,1537,10,True
202609127101156,XC,2026-09-12,SEP,SAT,False,,EDB,1205,1204,DAR,1410,1410,0,1411,1412,1,190,BHM,1706,1706,0,False
202609128729938,XC,2026-09-12,SEP,SAT,False,,NCL,1434,1433,DAR,1504,1502,-2,1505,1505,0,50,BHM,1727,1725,-2,False
202609127101164,XC,2026-09-12,SEP,SAT,False,,EDB,1404,1403,DAR,1611,1609,-2,1612,1612,0,190,BHM,1905,1913,8,True
202609127166825,XC,2026-09-12,SEP,SAT,True,574,NCL,1633,,DAR,1703,,,1704,,,50,BHM,1925,,,
202609127101168,XC,2026-09-12,SEP,SAT,False,,EDB,1605,1605,DAR,1809,1809,0,1811,1811,0,190,BHM,2106,2109,3,True
202609127100916,XC,2026-09-12,SEP,SAT,False,,NCL,1833,1837,DAR,1903,1905,2,1905,1906,1,50,BHM,2126,2128,2,True
202609127100846,XC,2026-09-12,SEP,SAT,False,547,EDB,1804,1803,DAR,2009,2008,-1,2011,2010,-1,190,BHM,2307,2314,7,True
202609138729869,XC,2026-09-13,SEP,SUN,False,,NCL,0830,0834,DAR,0901,0907,6,0904,0909,5,50,BHM,1204,1221,17,True
202609138729874,XC,2026-09-13,SEP,SUN,False,,NCL,0936,0936,DAR,1005,1006,1,1006,1008,2,50,BHM,1305,1313,8,True
202609137101147,XC,2026-09-13,SEP,SUN,False,,EDB,0908,0908,DAR,1109,1109,0,1111,1111,0,190,BHM,1404,1403,-1,False
202609138729886,XC,2026-09-13,SEP,SUN,False,,EDB,1008,1008,DAR,1209,1207,-2,1210,1209,-1,190,BHM,1506,1510,4,True
202609137101152,XC,2026-09-13,SEP,SUN,False,,EDB,1107,1106,DAR,1309,1308,-1,1310,1310,0,190,BHM,1604,1611,7,True
202609137101155,XC,2026-09-13,SEP,SUN,False,689,GLC,1055,1055,DAR,1410,1411,1,1411,1413,2,228,BHM,1706,1720,14,True
202609137101163,XC,2026-09-13,SEP,SUN,False,,EDB,1305,1304,DAR,1509,1509,0,1511,1511,0,190,BHM,1804,1815,11,True
202609137101165,XC,2026-09-13,SEP,SUN,False,,DEE,1222,1222,DAR,1609,1609,0,1610,1611,1,,BHM,1903,1907,4,True
202609137166826,XC,2026-09-13,SEP,SUN,True,526,NCL,1635,,DAR,1704,,,1706,,,50,BHM,1925,,,
202609138729915,XC,2026-09-13,SEP,SUN,False,,EDB,1607,1607,DAR,1811,1809,-2,1812,1812,0,190,BHM,2106,2112,6,True
202609137100915,XC,2026-09-13,SEP,SUN,False,,NCL,1833,1834,DAR,1902,1903,1,1904,1905,1,50,BHM,2124,2126,2,True
202609137100843,XC,2026-09-13,SEP,SUN,False,574,EDB,1805,1808,DAR,2007,2029,22,2009,2031,22,190,BHM,2309,2326,17,True
